solid OpenSCAD_Model
  facet normal 0.195079 -0.980788 0
    outer loop
      vertex 82.661 0.0171099 0
      vertex 82.9176 0.0681477 14.6
      vertex 82.661 0.0171099 14.6
    endloop
  endfacet
  facet normal 0.195079 -0.980788 0
    outer loop
      vertex 82.9176 0.0681477 14.6
      vertex 82.661 0.0171099 0
      vertex 82.9176 0.0681477 0
    endloop
  endfacet
  facet normal 1 0 0
    outer loop
      vertex 84.4 30.7 14.6
      vertex 84.4 19.65 9.1
      vertex 84.4 30.7 3
    endloop
  endfacet
  facet normal 1 0 0
    outer loop
      vertex 84.4 30.7 14.6
      vertex 84.4 19.6218 9.53074
      vertex 84.4 19.65 9.1
    endloop
  endfacet
  facet normal 1 0 0
    outer loop
      vertex 84.4 30.7 14.6
      vertex 84.4 19.5376 9.9541
      vertex 84.4 19.6218 9.53074
    endloop
  endfacet
  facet normal 1 0 0
    outer loop
      vertex 84.4 30.7 14.6
      vertex 84.4 19.3988 10.3629
      vertex 84.4 19.5376 9.9541
    endloop
  endfacet
  facet normal 1 0 0
    outer loop
      vertex 84.4 30.7 14.6
      vertex 84.4 19.2079 10.75
      vertex 84.4 19.3988 10.3629
    endloop
  endfacet
  facet normal 1 0 0
    outer loop
      vertex 84.4 30.7 14.6
      vertex 84.4 18.9681 11.1089
      vertex 84.4 19.2079 10.75
    endloop
  endfacet
  facet normal 1 0 0
    outer loop
      vertex 84.4 30.7 14.6
      vertex 84.4 18.6835 11.4335
      vertex 84.4 18.9681 11.1089
    endloop
  endfacet
  facet normal 1 0 0
    outer loop
      vertex 84.4 30.7 14.6
      vertex 84.4 18.3589 11.7181
      vertex 84.4 18.6835 11.4335
    endloop
  endfacet
  facet normal 1 0 0
    outer loop
      vertex 84.4 30.7 14.6
      vertex 84.4 18 11.9579
      vertex 84.4 18.3589 11.7181
    endloop
  endfacet
  facet normal 1 0 0
    outer loop
      vertex 84.4 30.7 14.6
      vertex 84.4 17.6129 12.1488
      vertex 84.4 18 11.9579
    endloop
  endfacet
  facet normal 1 0 0
    outer loop
      vertex 84.4 30.7 14.6
      vertex 84.4 17.2041 12.2876
      vertex 84.4 17.6129 12.1488
    endloop
  endfacet
  facet normal 1 0 0
    outer loop
      vertex 84.4 30.7 14.6
      vertex 84.4 16.7807 12.3718
      vertex 84.4 17.2041 12.2876
    endloop
  endfacet
  facet normal 1 0 0
    outer loop
      vertex 84.4 30.7 14.6
      vertex 84.4 16.35 12.4
      vertex 84.4 16.7807 12.3718
    endloop
  endfacet
  facet normal 1 -0 0
    outer loop
      vertex 84.4 2 14.6
      vertex 84.4 16.35 12.4
      vertex 84.4 30.7 14.6
    endloop
  endfacet
  facet normal 1 0 0
    outer loop
      vertex 84.4 13.0782 9.53074
      vertex 84.4 2 14.6
      vertex 84.4 13.05 9.1
    endloop
  endfacet
  facet normal 1 0 0
    outer loop
      vertex 84.4 13.1624 9.9541
      vertex 84.4 2 14.6
      vertex 84.4 13.0782 9.53074
    endloop
  endfacet
  facet normal 1 0 0
    outer loop
      vertex 84.4 13.3012 10.3629
      vertex 84.4 2 14.6
      vertex 84.4 13.1624 9.9541
    endloop
  endfacet
  facet normal 1 0 0
    outer loop
      vertex 84.4 13.4921 10.75
      vertex 84.4 2 14.6
      vertex 84.4 13.3012 10.3629
    endloop
  endfacet
  facet normal 1 0 0
    outer loop
      vertex 84.4 13.7319 11.1089
      vertex 84.4 2 14.6
      vertex 84.4 13.4921 10.75
    endloop
  endfacet
  facet normal 1 0 0
    outer loop
      vertex 84.4 14.0165 11.4335
      vertex 84.4 2 14.6
      vertex 84.4 13.7319 11.1089
    endloop
  endfacet
  facet normal 1 0 0
    outer loop
      vertex 84.4 14.3411 11.7181
      vertex 84.4 2 14.6
      vertex 84.4 14.0165 11.4335
    endloop
  endfacet
  facet normal 1 0 0
    outer loop
      vertex 84.4 14.7 11.9579
      vertex 84.4 2 14.6
      vertex 84.4 14.3411 11.7181
    endloop
  endfacet
  facet normal 1 0 0
    outer loop
      vertex 84.4 15.0871 12.1488
      vertex 84.4 2 14.6
      vertex 84.4 14.7 11.9579
    endloop
  endfacet
  facet normal 1 0 0
    outer loop
      vertex 84.4 15.4959 12.2876
      vertex 84.4 2 14.6
      vertex 84.4 15.0871 12.1488
    endloop
  endfacet
  facet normal 1 0 0
    outer loop
      vertex 84.4 15.9193 12.3718
      vertex 84.4 2 14.6
      vertex 84.4 15.4959 12.2876
    endloop
  endfacet
  facet normal 1 0 0
    outer loop
      vertex 84.4 16.35 12.4
      vertex 84.4 2 14.6
      vertex 84.4 15.9193 12.3718
    endloop
  endfacet
  facet normal 1 -0 0
    outer loop
      vertex 84.4 19.6218 8.66926
      vertex 84.4 30.7 3
      vertex 84.4 19.65 9.1
    endloop
  endfacet
  facet normal 1 -0 0
    outer loop
      vertex 84.4 19.5376 8.2459
      vertex 84.4 30.7 3
      vertex 84.4 19.6218 8.66926
    endloop
  endfacet
  facet normal 1 -0 0
    outer loop
      vertex 84.4 19.3988 7.83714
      vertex 84.4 30.7 3
      vertex 84.4 19.5376 8.2459
    endloop
  endfacet
  facet normal 1 -0 0
    outer loop
      vertex 84.4 19.2079 7.45
      vertex 84.4 30.7 3
      vertex 84.4 19.3988 7.83714
    endloop
  endfacet
  facet normal 1 -0 0
    outer loop
      vertex 84.4 18.9681 7.09109
      vertex 84.4 30.7 3
      vertex 84.4 19.2079 7.45
    endloop
  endfacet
  facet normal 1 -0 0
    outer loop
      vertex 84.4 18.6835 6.76655
      vertex 84.4 30.7 3
      vertex 84.4 18.9681 7.09109
    endloop
  endfacet
  facet normal 1 -0 0
    outer loop
      vertex 84.4 18.3589 6.48193
      vertex 84.4 30.7 3
      vertex 84.4 18.6835 6.76655
    endloop
  endfacet
  facet normal 1 -0 0
    outer loop
      vertex 84.4 18 6.24212
      vertex 84.4 30.7 3
      vertex 84.4 18.3589 6.48193
    endloop
  endfacet
  facet normal 1 -0 0
    outer loop
      vertex 84.4 17.6129 6.0512
      vertex 84.4 30.7 3
      vertex 84.4 18 6.24212
    endloop
  endfacet
  facet normal 1 -0 0
    outer loop
      vertex 84.4 17.2041 5.91244
      vertex 84.4 30.7 3
      vertex 84.4 17.6129 6.0512
    endloop
  endfacet
  facet normal 1 -0 0
    outer loop
      vertex 84.4 16.7807 5.82823
      vertex 84.4 30.7 3
      vertex 84.4 17.2041 5.91244
    endloop
  endfacet
  facet normal 1 -0 0
    outer loop
      vertex 84.4 16.35 5.8
      vertex 84.4 30.7 3
      vertex 84.4 16.7807 5.82823
    endloop
  endfacet
  facet normal 1 0 0
    outer loop
      vertex 84.4 2 3
      vertex 84.4 16.35 5.8
      vertex 84.4 15.9193 5.82823
    endloop
  endfacet
  facet normal 1 0 0
    outer loop
      vertex 84.4 2 3
      vertex 84.4 13.05 9.1
      vertex 84.4 2 14.6
    endloop
  endfacet
  facet normal 1 0 0
    outer loop
      vertex 84.4 13.05 9.1
      vertex 84.4 2 3
      vertex 84.4 13.0782 8.66926
    endloop
  endfacet
  facet normal 1 0 0
    outer loop
      vertex 84.4 13.0782 8.66926
      vertex 84.4 2 3
      vertex 84.4 13.1624 8.2459
    endloop
  endfacet
  facet normal 1 0 0
    outer loop
      vertex 84.4 13.1624 8.2459
      vertex 84.4 2 3
      vertex 84.4 13.3012 7.83714
    endloop
  endfacet
  facet normal 1 0 0
    outer loop
      vertex 84.4 13.3012 7.83714
      vertex 84.4 2 3
      vertex 84.4 13.4921 7.45
    endloop
  endfacet
  facet normal 1 0 0
    outer loop
      vertex 84.4 13.4921 7.45
      vertex 84.4 2 3
      vertex 84.4 13.7319 7.09109
    endloop
  endfacet
  facet normal 1 0 0
    outer loop
      vertex 84.4 13.7319 7.09109
      vertex 84.4 2 3
      vertex 84.4 14.0165 6.76655
    endloop
  endfacet
  facet normal 1 0 0
    outer loop
      vertex 84.4 14.0165 6.76655
      vertex 84.4 2 3
      vertex 84.4 14.3411 6.48193
    endloop
  endfacet
  facet normal 1 0 0
    outer loop
      vertex 84.4 16.35 5.8
      vertex 84.4 2 3
      vertex 84.4 30.7 3
    endloop
  endfacet
  facet normal 1 0 0
    outer loop
      vertex 84.4 15.4959 5.91244
      vertex 84.4 2 3
      vertex 84.4 15.9193 5.82823
    endloop
  endfacet
  facet normal 1 0 0
    outer loop
      vertex 84.4 15.0871 6.0512
      vertex 84.4 2 3
      vertex 84.4 15.4959 5.91244
    endloop
  endfacet
  facet normal 1 0 0
    outer loop
      vertex 84.4 14.7 6.24212
      vertex 84.4 2 3
      vertex 84.4 15.0871 6.0512
    endloop
  endfacet
  facet normal 1 0 0
    outer loop
      vertex 84.4 14.3411 6.48193
      vertex 84.4 2 3
      vertex 84.4 14.7 6.24212
    endloop
  endfacet
  facet normal 0 0 1
    outer loop
      vertex 1.7 33 14.6
      vertex 3.7 33 14.6
      vertex 3.66578 33.5221 14.6
    endloop
  endfacet
  facet normal 0 0 1
    outer loop
      vertex 75.2045 3.96927 14.6
      vertex 77.0522 4.73463 14.6
      vertex 76.9681 4.98236 14.6
    endloop
  endfacet
  facet normal 0 0 1
    outer loop
      vertex 75.0363 4.46472 14.6
      vertex 76.9681 4.98236 14.6
      vertex 76.9171 5.23895 14.6
    endloop
  endfacet
  facet normal 0 0 1
    outer loop
      vertex 74.9342 4.97789 14.6
      vertex 76.9171 5.23895 14.6
      vertex 76.9 5.5 14.6
    endloop
  endfacet
  facet normal 0 0 1
    outer loop
      vertex 77.0522 4.73463 14.6
      vertex 76.9 2.0359 14.6
      vertex 76.9728 2 14.6
    endloop
  endfacet
  facet normal 0 0 1
    outer loop
      vertex 77.4858 28.6142 14.6
      vertex 76.0716 30.0284 14.6
      vertex 77.3133 28.4175 14.6
    endloop
  endfacet
  facet normal -0 0 1
    outer loop
      vertex 75.7266 29.635 14.6
      vertex 77.3133 28.4175 14.6
      vertex 76.0716 30.0284 14.6
    endloop
  endfacet
  facet normal 0 0 1
    outer loop
      vertex 77.3133 28.4175 14.6
      vertex 75.7266 29.635 14.6
      vertex 77.1679 28.2 14.6
    endloop
  endfacet
  facet normal -0 0 1
    outer loop
      vertex 75.4359 29.2 14.6
      vertex 77.1679 28.2 14.6
      vertex 75.7266 29.635 14.6
    endloop
  endfacet
  facet normal 0 0 1
    outer loop
      vertex 77.1679 28.2 14.6
      vertex 75.4359 29.2 14.6
      vertex 77.0522 27.9654 14.6
    endloop
  endfacet
  facet normal -0 0 1
    outer loop
      vertex 75.2045 28.7307 14.6
      vertex 77.0522 27.9654 14.6
      vertex 75.4359 29.2 14.6
    endloop
  endfacet
  facet normal 0 0 1
    outer loop
      vertex 76.9 27.2 14.6
      vertex 76.465 24.0266 14.6
      vertex 76.9 23.7359 14.6
    endloop
  endfacet
  facet normal 0 0 1
    outer loop
      vertex 77.0522 27.9654 14.6
      vertex 75.2045 28.7307 14.6
      vertex 76.9681 27.7176 14.6
    endloop
  endfacet
  facet normal 0 0 1
    outer loop
      vertex 76.9 27.2 14.6
      vertex 76.0716 24.3716 14.6
      vertex 76.465 24.0266 14.6
    endloop
  endfacet
  facet normal -0 0 1
    outer loop
      vertex 75.0363 28.2353 14.6
      vertex 76.9681 27.7176 14.6
      vertex 75.2045 28.7307 14.6
    endloop
  endfacet
  facet normal 0 0 1
    outer loop
      vertex 76.9 27.2 14.6
      vertex 75.7266 24.765 14.6
      vertex 76.0716 24.3716 14.6
    endloop
  endfacet
  facet normal 0 0 1
    outer loop
      vertex 76.9681 27.7176 14.6
      vertex 75.0363 28.2353 14.6
      vertex 76.9171 27.4611 14.6
    endloop
  endfacet
  facet normal 0 0 1
    outer loop
      vertex 76.9 27.2 14.6
      vertex 75.4359 25.2 14.6
      vertex 75.7266 24.765 14.6
    endloop
  endfacet
  facet normal -0 0 1
    outer loop
      vertex 74.9342 27.7221 14.6
      vertex 76.9171 27.4611 14.6
      vertex 75.0363 28.2353 14.6
    endloop
  endfacet
  facet normal 0 0 1
    outer loop
      vertex 76.9 27.2 14.6
      vertex 75.2045 25.6693 14.6
      vertex 75.4359 25.2 14.6
    endloop
  endfacet
  facet normal 0 0 1
    outer loop
      vertex 76.9171 27.4611 14.6
      vertex 74.9342 27.7221 14.6
      vertex 76.9 27.2 14.6
    endloop
  endfacet
  facet normal 0 0 1
    outer loop
      vertex 76.9 27.2 14.6
      vertex 75.0363 26.1647 14.6
      vertex 75.2045 25.6693 14.6
    endloop
  endfacet
  facet normal 0 0 1
    outer loop
      vertex 74.9 27.2 14.6
      vertex 76.9 27.2 14.6
      vertex 74.9342 27.7221 14.6
    endloop
  endfacet
  facet normal 0 0 1
    outer loop
      vertex 76.9 27.2 14.6
      vertex 74.9342 26.6779 14.6
      vertex 75.0363 26.1647 14.6
    endloop
  endfacet
  facet normal 0 0 1
    outer loop
      vertex 76.9 27.2 14.6
      vertex 74.9 27.2 14.6
      vertex 74.9342 26.6779 14.6
    endloop
  endfacet
  facet normal 0 0 1
    outer loop
      vertex 2.87341 30.565 14.6
      vertex 1.28671 31.7825 14.6
      vertex 2.52843 30.1716 14.6
    endloop
  endfacet
  facet normal 0 0 1
    outer loop
      vertex 2 2.96365 14.6
      vertex 1.68289 -0.0389471 14.6
      vertex 1.7 -0.299999 14.6
    endloop
  endfacet
  facet normal -0 0 1
    outer loop
      vertex 1.11421 31.5858 14.6
      vertex 2.52843 30.1716 14.6
      vertex 1.28671 31.7825 14.6
    endloop
  endfacet
  facet normal 0 0 1
    outer loop
      vertex 2 2.96365 14.6
      vertex 1.63185 0.217638 14.6
      vertex 1.68289 -0.0389471 14.6
    endloop
  endfacet
  facet normal 0 0 1
    outer loop
      vertex 2.52843 30.1716 14.6
      vertex 1.11421 31.5858 14.6
      vertex 2.13505 29.8266 14.6
    endloop
  endfacet
  facet normal 0 0 1
    outer loop
      vertex 2 2.96365 14.6
      vertex 1.54776 0.465366 14.6
      vertex 1.63185 0.217638 14.6
    endloop
  endfacet
  facet normal 0 0 1
    outer loop
      vertex 2 29.7364 14.6
      vertex 0 29.0197 14.6
      vertex 2 2.96365 14.6
    endloop
  endfacet
  facet normal 0 0 1
    outer loop
      vertex 2 2.96365 14.6
      vertex 1.43205 0.7 14.6
      vertex 1.54776 0.465366 14.6
    endloop
  endfacet
  facet normal -0 0 1
    outer loop
      vertex 0.917522 31.4133 14.6
      vertex 2.13505 29.8266 14.6
      vertex 1.11421 31.5858 14.6
    endloop
  endfacet
  facet normal -0 0 1
    outer loop
      vertex 0 3.68034 14.6
      vertex 2 2.96365 14.6
      vertex 0 29.0197 14.6
    endloop
  endfacet
  facet normal 0 0 1
    outer loop
      vertex 2.13505 29.8266 14.6
      vertex 0.917522 31.4133 14.6
      vertex 2 29.7364 14.6
    endloop
  endfacet
  facet normal 0 -0 1
    outer loop
      vertex 0.465366 1.54776 14.6
      vertex 2 2.96365 14.6
      vertex 0 3.68034 14.6
    endloop
  endfacet
  facet normal -0 0 1
    outer loop
      vertex 0.7 31.2679 14.6
      vertex 2 29.7364 14.6
      vertex 0.917522 31.4133 14.6
    endloop
  endfacet
  facet normal 0 0 1
    outer loop
      vertex 2 2.96365 14.6
      vertex 1.28671 0.917522 14.6
      vertex 1.43205 0.7 14.6
    endloop
  endfacet
  facet normal -0 0 1
    outer loop
      vertex 0.465366 31.1522 14.6
      vertex 2 29.7364 14.6
      vertex 0.7 31.2679 14.6
    endloop
  endfacet
  facet normal 0 0 1
    outer loop
      vertex 2 2.96365 14.6
      vertex 1.11421 1.11421 14.6
      vertex 1.28671 0.917522 14.6
    endloop
  endfacet
  facet normal 0 0 1
    outer loop
      vertex 2 29.7364 14.6
      vertex 0.465366 31.1522 14.6
      vertex 0 29.0197 14.6
    endloop
  endfacet
  facet normal 0 0 1
    outer loop
      vertex 2 2.96365 14.6
      vertex 0.917522 1.28671 14.6
      vertex 1.11421 1.11421 14.6
    endloop
  endfacet
  facet normal 0 0 1
    outer loop
      vertex 0 29.0197 14.6
      vertex 0.465366 31.1522 14.6
      vertex 0.217638 31.0681 14.6
    endloop
  endfacet
  facet normal 0 0 1
    outer loop
      vertex 2 2.96365 14.6
      vertex 0.7 1.43205 14.6
      vertex 0.917522 1.28671 14.6
    endloop
  endfacet
  facet normal 0 0 1
    outer loop
      vertex 2 2.96365 14.6
      vertex 0.465366 1.54776 14.6
      vertex 0.7 1.43205 14.6
    endloop
  endfacet
  facet normal -0 0 1
    outer loop
      vertex -0.0389471 31.0171 14.6
      vertex 0 29.0197 14.6
      vertex 0.217638 31.0681 14.6
    endloop
  endfacet
  facet normal -0 0 1
    outer loop
      vertex -0.299999 31 14.6
      vertex 0 29.0197 14.6
      vertex -0.0389471 31.0171 14.6
    endloop
  endfacet
  facet normal 0 0 1
    outer loop
      vertex -0.299999 31 14.6
      vertex -0.299999 29 14.6
      vertex 0 29.0197 14.6
    endloop
  endfacet
  facet normal 0 0 1
    outer loop
      vertex -0.561052 31.0171 14.6
      vertex -0.299999 29 14.6
      vertex -0.299999 31 14.6
    endloop
  endfacet
  facet normal 0 0 1
    outer loop
      vertex -0.822104 29.0342 14.6
      vertex -0.561052 31.0171 14.6
      vertex -0.817637 31.0681 14.6
    endloop
  endfacet
  facet normal 0 0 1
    outer loop
      vertex -0.561052 31.0171 14.6
      vertex -0.822104 29.0342 14.6
      vertex -0.299999 29 14.6
    endloop
  endfacet
  facet normal 0 0 1
    outer loop
      vertex -1.33528 29.1363 14.6
      vertex -0.817637 31.0681 14.6
      vertex -1.06537 31.1522 14.6
    endloop
  endfacet
  facet normal 0 0 1
    outer loop
      vertex -1.83073 29.3045 14.6
      vertex -1.06537 31.1522 14.6
      vertex -1.3 31.2679 14.6
    endloop
  endfacet
  facet normal 0 0 1
    outer loop
      vertex -0.817637 31.0681 14.6
      vertex -1.33528 29.1363 14.6
      vertex -0.822104 29.0342 14.6
    endloop
  endfacet
  facet normal 0 0 1
    outer loop
      vertex -2.3 29.5359 14.6
      vertex -1.3 31.2679 14.6
      vertex -1.51752 31.4133 14.6
    endloop
  endfacet
  facet normal 0 0 1
    outer loop
      vertex -2.73505 29.8266 14.6
      vertex -1.51752 31.4133 14.6
      vertex -1.71421 31.5858 14.6
    endloop
  endfacet
  facet normal 0 0 1
    outer loop
      vertex -1.06537 31.1522 14.6
      vertex -1.83073 29.3045 14.6
      vertex -1.33528 29.1363 14.6
    endloop
  endfacet
  facet normal 0 0 1
    outer loop
      vertex -3.12843 30.1716 14.6
      vertex -1.71421 31.5858 14.6
      vertex -1.88671 31.7825 14.6
    endloop
  endfacet
  facet normal 0 0 1
    outer loop
      vertex -3.47341 30.565 14.6
      vertex -1.88671 31.7825 14.6
      vertex -2.03205 32 14.6
    endloop
  endfacet
  facet normal 0 0 1
    outer loop
      vertex -3.7641 31 14.6
      vertex -2.03205 32 14.6
      vertex -2.14776 32.2346 14.6
    endloop
  endfacet
  facet normal 0 0 1
    outer loop
      vertex -3.99552 31.4693 14.6
      vertex -2.14776 32.2346 14.6
      vertex -2.23185 32.4824 14.6
    endloop
  endfacet
  facet normal 0 0 1
    outer loop
      vertex -4.1637 31.9647 14.6
      vertex -2.23185 32.4824 14.6
      vertex -2.28289 32.7389 14.6
    endloop
  endfacet
  facet normal 0 0 1
    outer loop
      vertex -1.3 31.2679 14.6
      vertex -2.3 29.5359 14.6
      vertex -1.83073 29.3045 14.6
    endloop
  endfacet
  facet normal 0 0 1
    outer loop
      vertex -4.26578 32.4779 14.6
      vertex -2.28289 32.7389 14.6
      vertex -2.3 33 14.6
    endloop
  endfacet
  facet normal 0 0 1
    outer loop
      vertex 3.66578 33.5221 14.6
      vertex 1.68289 33.2611 14.6
      vertex 1.7 33 14.6
    endloop
  endfacet
  facet normal 0 0 1
    outer loop
      vertex 2.13505 36.1734 14.6
      vertex 1.63185 33.5176 14.6
      vertex 1.68289 33.2611 14.6
    endloop
  endfacet
  facet normal 0 0 1
    outer loop
      vertex 2.13505 36.1734 14.6
      vertex 1.54776 33.7654 14.6
      vertex 1.63185 33.5176 14.6
    endloop
  endfacet
  facet normal 0 0 1
    outer loop
      vertex 2.13505 36.1734 14.6
      vertex 1.43205 34 14.6
      vertex 1.54776 33.7654 14.6
    endloop
  endfacet
  facet normal 0 0 1
    outer loop
      vertex 2.13505 36.1734 14.6
      vertex 1.28671 34.2175 14.6
      vertex 1.43205 34 14.6
    endloop
  endfacet
  facet normal 0 0 1
    outer loop
      vertex 0.7 34.732 14.6
      vertex 1.7 36.4641 14.6
      vertex 1.23073 36.6955 14.6
    endloop
  endfacet
  facet normal 0 0 1
    outer loop
      vertex 2.13505 36.1734 14.6
      vertex 1.11421 34.4142 14.6
      vertex 1.28671 34.2175 14.6
    endloop
  endfacet
  facet normal 0 0 1
    outer loop
      vertex 2.13505 36.1734 14.6
      vertex 0.917522 34.5867 14.6
      vertex 1.11421 34.4142 14.6
    endloop
  endfacet
  facet normal 0 0 1
    outer loop
      vertex 0.465366 34.8478 14.6
      vertex 1.23073 36.6955 14.6
      vertex 0.735275 36.8637 14.6
    endloop
  endfacet
  facet normal 0 0 1
    outer loop
      vertex 1.7 36.4641 14.6
      vertex 0.7 34.732 14.6
      vertex 0.917522 34.5867 14.6
    endloop
  endfacet
  facet normal 0 0 1
    outer loop
      vertex 1.23073 36.6955 14.6
      vertex 0.465366 34.8478 14.6
      vertex 0.7 34.732 14.6
    endloop
  endfacet
  facet normal 0 0 1
    outer loop
      vertex 0.217638 34.9319 14.6
      vertex 0.735275 36.8637 14.6
      vertex 0.222104 36.9658 14.6
    endloop
  endfacet
  facet normal 0 0 1
    outer loop
      vertex 0.735275 36.8637 14.6
      vertex 0.217638 34.9319 14.6
      vertex 0.465366 34.8478 14.6
    endloop
  endfacet
  facet normal 0 0 1
    outer loop
      vertex 0.222104 36.9658 14.6
      vertex -0.0389471 34.9829 14.6
      vertex 0.217638 34.9319 14.6
    endloop
  endfacet
  facet normal 0 0 1
    outer loop
      vertex -0.299999 37 14.6
      vertex -0.0389471 34.9829 14.6
      vertex 0.222104 36.9658 14.6
    endloop
  endfacet
  facet normal 0 0 1
    outer loop
      vertex -0.299999 37 14.6
      vertex -0.299999 35 14.6
      vertex -0.0389471 34.9829 14.6
    endloop
  endfacet
  facet normal 0 0 1
    outer loop
      vertex -0.299999 37 14.6
      vertex -0.561052 34.9829 14.6
      vertex -0.299999 35 14.6
    endloop
  endfacet
  facet normal -0 0 1
    outer loop
      vertex -0.822104 36.9658 14.6
      vertex -0.561052 34.9829 14.6
      vertex -0.299999 37 14.6
    endloop
  endfacet
  facet normal 0 0 1
    outer loop
      vertex -0.561052 34.9829 14.6
      vertex -0.822104 36.9658 14.6
      vertex -0.817637 34.9319 14.6
    endloop
  endfacet
  facet normal -0 0 1
    outer loop
      vertex -1.33528 36.8637 14.6
      vertex -0.817637 34.9319 14.6
      vertex -0.822104 36.9658 14.6
    endloop
  endfacet
  facet normal 0 0 1
    outer loop
      vertex -0.817637 34.9319 14.6
      vertex -1.33528 36.8637 14.6
      vertex -1.06537 34.8478 14.6
    endloop
  endfacet
  facet normal -0 0 1
    outer loop
      vertex -1.83073 36.6955 14.6
      vertex -1.06537 34.8478 14.6
      vertex -1.33528 36.8637 14.6
    endloop
  endfacet
  facet normal 0 0 1
    outer loop
      vertex -1.06537 34.8478 14.6
      vertex -1.83073 36.6955 14.6
      vertex -1.3 34.732 14.6
    endloop
  endfacet
  facet normal -0 0 1
    outer loop
      vertex -2.3 36.4641 14.6
      vertex -1.3 34.732 14.6
      vertex -1.83073 36.6955 14.6
    endloop
  endfacet
  facet normal 0 0 1
    outer loop
      vertex -1.3 34.732 14.6
      vertex -2.3 36.4641 14.6
      vertex -1.51752 34.5867 14.6
    endloop
  endfacet
  facet normal -0 0 1
    outer loop
      vertex -2.73505 36.1734 14.6
      vertex -1.51752 34.5867 14.6
      vertex -2.3 36.4641 14.6
    endloop
  endfacet
  facet normal 0 0 1
    outer loop
      vertex -1.51752 34.5867 14.6
      vertex -2.73505 36.1734 14.6
      vertex -1.71421 34.4142 14.6
    endloop
  endfacet
  facet normal -0 0 1
    outer loop
      vertex -3.12843 35.8284 14.6
      vertex -1.71421 34.4142 14.6
      vertex -2.73505 36.1734 14.6
    endloop
  endfacet
  facet normal 0 0 1
    outer loop
      vertex -1.71421 34.4142 14.6
      vertex -3.12843 35.8284 14.6
      vertex -1.88671 34.2175 14.6
    endloop
  endfacet
  facet normal -0 0 1
    outer loop
      vertex -3.47341 35.435 14.6
      vertex -1.88671 34.2175 14.6
      vertex -3.12843 35.8284 14.6
    endloop
  endfacet
  facet normal 0 0 1
    outer loop
      vertex -1.88671 34.2175 14.6
      vertex -3.47341 35.435 14.6
      vertex -2.03205 34 14.6
    endloop
  endfacet
  facet normal -0 0 1
    outer loop
      vertex -3.7641 35 14.6
      vertex -2.03205 34 14.6
      vertex -3.47341 35.435 14.6
    endloop
  endfacet
  facet normal 0 0 1
    outer loop
      vertex -2.03205 34 14.6
      vertex -3.7641 35 14.6
      vertex -2.14776 33.7654 14.6
    endloop
  endfacet
  facet normal -0 0 1
    outer loop
      vertex -3.99552 34.5307 14.6
      vertex -2.14776 33.7654 14.6
      vertex -3.7641 35 14.6
    endloop
  endfacet
  facet normal 0 0 1
    outer loop
      vertex -1.51752 31.4133 14.6
      vertex -2.73505 29.8266 14.6
      vertex -2.3 29.5359 14.6
    endloop
  endfacet
  facet normal 0 0 1
    outer loop
      vertex -2.14776 33.7654 14.6
      vertex -3.99552 34.5307 14.6
      vertex -2.23185 33.5176 14.6
    endloop
  endfacet
  facet normal 0 0 1
    outer loop
      vertex -1.71421 31.5858 14.6
      vertex -3.12843 30.1716 14.6
      vertex -2.73505 29.8266 14.6
    endloop
  endfacet
  facet normal -0 0 1
    outer loop
      vertex -4.1637 34.0353 14.6
      vertex -2.23185 33.5176 14.6
      vertex -3.99552 34.5307 14.6
    endloop
  endfacet
  facet normal 0 0 1
    outer loop
      vertex -1.88671 31.7825 14.6
      vertex -3.47341 30.565 14.6
      vertex -3.12843 30.1716 14.6
    endloop
  endfacet
  facet normal 0 0 1
    outer loop
      vertex -2.23185 33.5176 14.6
      vertex -4.1637 34.0353 14.6
      vertex -2.28289 33.2611 14.6
    endloop
  endfacet
  facet normal 0 0 1
    outer loop
      vertex -2.03205 32 14.6
      vertex -3.7641 31 14.6
      vertex -3.47341 30.565 14.6
    endloop
  endfacet
  facet normal -0 0 1
    outer loop
      vertex -4.26578 33.5221 14.6
      vertex -2.28289 33.2611 14.6
      vertex -4.1637 34.0353 14.6
    endloop
  endfacet
  facet normal 0 0 1
    outer loop
      vertex -2.14776 32.2346 14.6
      vertex -3.99552 31.4693 14.6
      vertex -3.7641 31 14.6
    endloop
  endfacet
  facet normal 0 0 1
    outer loop
      vertex -2.28289 33.2611 14.6
      vertex -4.26578 33.5221 14.6
      vertex -2.3 33 14.6
    endloop
  endfacet
  facet normal 0 0 1
    outer loop
      vertex -2.23185 32.4824 14.6
      vertex -4.1637 31.9647 14.6
      vertex -3.99552 31.4693 14.6
    endloop
  endfacet
  facet normal 0 0 1
    outer loop
      vertex -4.3 33 14.6
      vertex -2.3 33 14.6
      vertex -4.26578 33.5221 14.6
    endloop
  endfacet
  facet normal 0 0 1
    outer loop
      vertex -2.28289 32.7389 14.6
      vertex -4.26578 32.4779 14.6
      vertex -4.1637 31.9647 14.6
    endloop
  endfacet
  facet normal 0 0 1
    outer loop
      vertex -2.3 33 14.6
      vertex -4.3 33 14.6
      vertex -4.26578 32.4779 14.6
    endloop
  endfacet
  facet normal 0 0 1
    outer loop
      vertex 0.465366 1.54776 14.6
      vertex 0 3.68034 14.6
      vertex 0.217638 1.63185 14.6
    endloop
  endfacet
  facet normal 0 0 1
    outer loop
      vertex 0 3.68034 14.6
      vertex -0.0389471 1.68289 14.6
      vertex 0.217638 1.63185 14.6
    endloop
  endfacet
  facet normal 0 0 1
    outer loop
      vertex -0.299999 1.7 14.6
      vertex 0 3.68034 14.6
      vertex -0.299999 3.7 14.6
    endloop
  endfacet
  facet normal 0 0 1
    outer loop
      vertex 0 3.68034 14.6
      vertex -0.299999 1.7 14.6
      vertex -0.0389471 1.68289 14.6
    endloop
  endfacet
  facet normal 0 0 1
    outer loop
      vertex -0.299999 3.7 14.6
      vertex -0.561052 1.68289 14.6
      vertex -0.299999 1.7 14.6
    endloop
  endfacet
  facet normal -0 0 1
    outer loop
      vertex -0.822104 3.66578 14.6
      vertex -0.561052 1.68289 14.6
      vertex -0.299999 3.7 14.6
    endloop
  endfacet
  facet normal 0 0 1
    outer loop
      vertex -0.561052 1.68289 14.6
      vertex -0.822104 3.66578 14.6
      vertex -0.817637 1.63185 14.6
    endloop
  endfacet
  facet normal -0 0 1
    outer loop
      vertex -1.33528 3.5637 14.6
      vertex -0.817637 1.63185 14.6
      vertex -0.822104 3.66578 14.6
    endloop
  endfacet
  facet normal 0 0 1
    outer loop
      vertex -0.817637 1.63185 14.6
      vertex -1.33528 3.5637 14.6
      vertex -1.06537 1.54776 14.6
    endloop
  endfacet
  facet normal -0 0 1
    outer loop
      vertex -1.83073 3.39552 14.6
      vertex -1.06537 1.54776 14.6
      vertex -1.33528 3.5637 14.6
    endloop
  endfacet
  facet normal 0 0 1
    outer loop
      vertex -1.06537 1.54776 14.6
      vertex -1.83073 3.39552 14.6
      vertex -1.3 1.43205 14.6
    endloop
  endfacet
  facet normal -0 0 1
    outer loop
      vertex -2.3 3.1641 14.6
      vertex -1.3 1.43205 14.6
      vertex -1.83073 3.39552 14.6
    endloop
  endfacet
  facet normal 0 0 1
    outer loop
      vertex -1.3 1.43205 14.6
      vertex -2.3 3.1641 14.6
      vertex -1.51752 1.28671 14.6
    endloop
  endfacet
  facet normal -0 0 1
    outer loop
      vertex -2.73505 2.87341 14.6
      vertex -1.51752 1.28671 14.6
      vertex -2.3 3.1641 14.6
    endloop
  endfacet
  facet normal 0 0 1
    outer loop
      vertex -1.51752 1.28671 14.6
      vertex -2.73505 2.87341 14.6
      vertex -1.71421 1.11421 14.6
    endloop
  endfacet
  facet normal -0 0 1
    outer loop
      vertex -3.12843 2.52843 14.6
      vertex -1.71421 1.11421 14.6
      vertex -2.73505 2.87341 14.6
    endloop
  endfacet
  facet normal 0 0 1
    outer loop
      vertex -1.71421 1.11421 14.6
      vertex -3.12843 2.52843 14.6
      vertex -1.88671 0.917522 14.6
    endloop
  endfacet
  facet normal -0 0 1
    outer loop
      vertex -3.47341 2.13505 14.6
      vertex -1.88671 0.917522 14.6
      vertex -3.12843 2.52843 14.6
    endloop
  endfacet
  facet normal 0 0 1
    outer loop
      vertex -1.88671 0.917522 14.6
      vertex -3.47341 2.13505 14.6
      vertex -2.03205 0.7 14.6
    endloop
  endfacet
  facet normal -0 0 1
    outer loop
      vertex -3.7641 1.7 14.6
      vertex -2.03205 0.7 14.6
      vertex -3.47341 2.13505 14.6
    endloop
  endfacet
  facet normal 0 0 1
    outer loop
      vertex -2.03205 0.7 14.6
      vertex -3.7641 1.7 14.6
      vertex -2.14776 0.465366 14.6
    endloop
  endfacet
  facet normal -0 0 1
    outer loop
      vertex -3.99552 1.23073 14.6
      vertex -2.14776 0.465366 14.6
      vertex -3.7641 1.7 14.6
    endloop
  endfacet
  facet normal 0 0 1
    outer loop
      vertex -2.3 -0.299999 14.6
      vertex -2.73505 -3.47341 14.6
      vertex -2.3 -3.7641 14.6
    endloop
  endfacet
  facet normal 0 0 1
    outer loop
      vertex -2.14776 0.465366 14.6
      vertex -3.99552 1.23073 14.6
      vertex -2.23185 0.217638 14.6
    endloop
  endfacet
  facet normal 0 0 1
    outer loop
      vertex -2.3 -0.299999 14.6
      vertex -3.12843 -3.12843 14.6
      vertex -2.73505 -3.47341 14.6
    endloop
  endfacet
  facet normal -0 0 1
    outer loop
      vertex -4.1637 0.735275 14.6
      vertex -2.23185 0.217638 14.6
      vertex -3.99552 1.23073 14.6
    endloop
  endfacet
  facet normal 0 0 1
    outer loop
      vertex -2.3 -0.299999 14.6
      vertex -3.47341 -2.73505 14.6
      vertex -3.12843 -3.12843 14.6
    endloop
  endfacet
  facet normal 0 0 1
    outer loop
      vertex -2.23185 0.217638 14.6
      vertex -4.1637 0.735275 14.6
      vertex -2.28289 -0.0389471 14.6
    endloop
  endfacet
  facet normal 0 0 1
    outer loop
      vertex -2.3 -0.299999 14.6
      vertex -3.7641 -2.3 14.6
      vertex -3.47341 -2.73505 14.6
    endloop
  endfacet
  facet normal -0 0 1
    outer loop
      vertex -4.26578 0.222104 14.6
      vertex -2.28289 -0.0389471 14.6
      vertex -4.1637 0.735275 14.6
    endloop
  endfacet
  facet normal 0 0 1
    outer loop
      vertex -2.3 -0.299999 14.6
      vertex -3.99552 -1.83073 14.6
      vertex -3.7641 -2.3 14.6
    endloop
  endfacet
  facet normal 0 0 1
    outer loop
      vertex -2.28289 -0.0389471 14.6
      vertex -4.26578 0.222104 14.6
      vertex -2.3 -0.299999 14.6
    endloop
  endfacet
  facet normal 0 0 1
    outer loop
      vertex -2.3 -0.299999 14.6
      vertex -4.1637 -1.33528 14.6
      vertex -3.99552 -1.83073 14.6
    endloop
  endfacet
  facet normal 0 0 1
    outer loop
      vertex -4.3 -0.299999 14.6
      vertex -2.3 -0.299999 14.6
      vertex -4.26578 0.222104 14.6
    endloop
  endfacet
  facet normal 0 0 1
    outer loop
      vertex -2.3 -0.299999 14.6
      vertex -4.26578 -0.822104 14.6
      vertex -4.1637 -1.33528 14.6
    endloop
  endfacet
  facet normal 0 0 1
    outer loop
      vertex -2.3 -0.299999 14.6
      vertex -4.3 -0.299999 14.6
      vertex -4.26578 -0.822104 14.6
    endloop
  endfacet
  facet normal 0 0 1
    outer loop
      vertex 1.7 -0.299999 14.6
      vertex 3.7 -0.299999 14.6
      vertex 3.68034 0 14.6
    endloop
  endfacet
  facet normal 0 0 1
    outer loop
      vertex 82.4 7.42721 14.6
      vertex 80.8829 5.76105 14.6
      vertex 80.9 5.5 14.6
    endloop
  endfacet
  facet normal 0 0 1
    outer loop
      vertex 81.335 8.67341 14.6
      vertex 80.8318 6.01764 14.6
      vertex 80.8829 5.76105 14.6
    endloop
  endfacet
  facet normal 0 0 1
    outer loop
      vertex 81.335 8.67341 14.6
      vertex 80.7478 6.26537 14.6
      vertex 80.8318 6.01764 14.6
    endloop
  endfacet
  facet normal 0 0 1
    outer loop
      vertex 81.335 8.67341 14.6
      vertex 80.632 6.5 14.6
      vertex 80.7478 6.26537 14.6
    endloop
  endfacet
  facet normal 0 0 1
    outer loop
      vertex 81.335 8.67341 14.6
      vertex 80.4867 6.71752 14.6
      vertex 80.632 6.5 14.6
    endloop
  endfacet
  facet normal 0 0 1
    outer loop
      vertex 79.9 7.23205 14.6
      vertex 80.9 8.9641 14.6
      vertex 80.4307 9.19552 14.6
    endloop
  endfacet
  facet normal 0 0 1
    outer loop
      vertex 81.335 8.67341 14.6
      vertex 80.3142 6.91421 14.6
      vertex 80.4867 6.71752 14.6
    endloop
  endfacet
  facet normal 0 0 1
    outer loop
      vertex 81.335 8.67341 14.6
      vertex 80.1175 7.08671 14.6
      vertex 80.3142 6.91421 14.6
    endloop
  endfacet
  facet normal 0 0 1
    outer loop
      vertex 79.6654 7.34776 14.6
      vertex 80.4307 9.19552 14.6
      vertex 79.9353 9.3637 14.6
    endloop
  endfacet
  facet normal 0 0 1
    outer loop
      vertex 80.9 8.9641 14.6
      vertex 79.9 7.23205 14.6
      vertex 80.1175 7.08671 14.6
    endloop
  endfacet
  facet normal 0 0 1
    outer loop
      vertex 80.4307 9.19552 14.6
      vertex 79.6654 7.34776 14.6
      vertex 79.9 7.23205 14.6
    endloop
  endfacet
  facet normal 0 0 1
    outer loop
      vertex 79.4176 7.43185 14.6
      vertex 79.9353 9.3637 14.6
      vertex 79.4221 9.46578 14.6
    endloop
  endfacet
  facet normal 0 0 1
    outer loop
      vertex 79.9353 9.3637 14.6
      vertex 79.4176 7.43185 14.6
      vertex 79.6654 7.34776 14.6
    endloop
  endfacet
  facet normal 0 0 1
    outer loop
      vertex 79.4221 9.46578 14.6
      vertex 79.161 7.48289 14.6
      vertex 79.4176 7.43185 14.6
    endloop
  endfacet
  facet normal 0 0 1
    outer loop
      vertex 78.9 9.5 14.6
      vertex 79.161 7.48289 14.6
      vertex 79.4221 9.46578 14.6
    endloop
  endfacet
  facet normal 0 0 1
    outer loop
      vertex 78.9 9.5 14.6
      vertex 78.9 7.5 14.6
      vertex 79.161 7.48289 14.6
    endloop
  endfacet
  facet normal 0 0 1
    outer loop
      vertex 78.9 9.5 14.6
      vertex 78.6389 7.48289 14.6
      vertex 78.9 7.5 14.6
    endloop
  endfacet
  facet normal -0 0 1
    outer loop
      vertex 78.3779 9.46578 14.6
      vertex 78.6389 7.48289 14.6
      vertex 78.9 9.5 14.6
    endloop
  endfacet
  facet normal 0 0 1
    outer loop
      vertex 78.6389 7.48289 14.6
      vertex 78.3779 9.46578 14.6
      vertex 78.3824 7.43185 14.6
    endloop
  endfacet
  facet normal -0 0 1
    outer loop
      vertex 77.8647 9.3637 14.6
      vertex 78.3824 7.43185 14.6
      vertex 78.3779 9.46578 14.6
    endloop
  endfacet
  facet normal 0 0 1
    outer loop
      vertex 78.3824 7.43185 14.6
      vertex 77.8647 9.3637 14.6
      vertex 78.1346 7.34776 14.6
    endloop
  endfacet
  facet normal -0 0 1
    outer loop
      vertex 77.3693 9.19552 14.6
      vertex 78.1346 7.34776 14.6
      vertex 77.8647 9.3637 14.6
    endloop
  endfacet
  facet normal 0 0 1
    outer loop
      vertex 78.1346 7.34776 14.6
      vertex 77.3693 9.19552 14.6
      vertex 77.9 7.23205 14.6
    endloop
  endfacet
  facet normal -0 0 1
    outer loop
      vertex 76.9 8.9641 14.6
      vertex 77.9 7.23205 14.6
      vertex 77.3693 9.19552 14.6
    endloop
  endfacet
  facet normal 0 0 1
    outer loop
      vertex 77.9 7.23205 14.6
      vertex 76.9 8.9641 14.6
      vertex 77.6825 7.08671 14.6
    endloop
  endfacet
  facet normal -0 0 1
    outer loop
      vertex 76.465 8.67341 14.6
      vertex 77.6825 7.08671 14.6
      vertex 76.9 8.9641 14.6
    endloop
  endfacet
  facet normal 0 0 1
    outer loop
      vertex 77.6825 7.08671 14.6
      vertex 76.465 8.67341 14.6
      vertex 77.4858 6.91421 14.6
    endloop
  endfacet
  facet normal -0 0 1
    outer loop
      vertex 76.0716 8.32843 14.6
      vertex 77.4858 6.91421 14.6
      vertex 76.465 8.67341 14.6
    endloop
  endfacet
  facet normal 0 0 1
    outer loop
      vertex 77.4858 6.91421 14.6
      vertex 76.0716 8.32843 14.6
      vertex 77.3133 6.71752 14.6
    endloop
  endfacet
  facet normal -0 0 1
    outer loop
      vertex 75.7266 7.93505 14.6
      vertex 77.3133 6.71752 14.6
      vertex 76.0716 8.32843 14.6
    endloop
  endfacet
  facet normal 0 0 1
    outer loop
      vertex 77.3133 6.71752 14.6
      vertex 75.7266 7.93505 14.6
      vertex 77.1679 6.5 14.6
    endloop
  endfacet
  facet normal -0 0 1
    outer loop
      vertex 75.4359 7.5 14.6
      vertex 77.1679 6.5 14.6
      vertex 75.7266 7.93505 14.6
    endloop
  endfacet
  facet normal 0 0 1
    outer loop
      vertex 77.1679 6.5 14.6
      vertex 75.4359 7.5 14.6
      vertex 77.0522 6.26537 14.6
    endloop
  endfacet
  facet normal -0 0 1
    outer loop
      vertex 75.2045 7.03073 14.6
      vertex 77.0522 6.26537 14.6
      vertex 75.4359 7.5 14.6
    endloop
  endfacet
  facet normal 0 0 1
    outer loop
      vertex 77.0522 4.73463 14.6
      vertex 76.465 2.32659 14.6
      vertex 76.9 2.0359 14.6
    endloop
  endfacet
  facet normal 0 0 1
    outer loop
      vertex 77.0522 6.26537 14.6
      vertex 75.2045 7.03073 14.6
      vertex 76.9681 6.01764 14.6
    endloop
  endfacet
  facet normal 0 0 1
    outer loop
      vertex 77.0522 4.73463 14.6
      vertex 76.0716 2.67157 14.6
      vertex 76.465 2.32659 14.6
    endloop
  endfacet
  facet normal -0 0 1
    outer loop
      vertex 75.0363 6.53528 14.6
      vertex 76.9681 6.01764 14.6
      vertex 75.2045 7.03073 14.6
    endloop
  endfacet
  facet normal 0 0 1
    outer loop
      vertex 77.0522 4.73463 14.6
      vertex 75.7266 3.06495 14.6
      vertex 76.0716 2.67157 14.6
    endloop
  endfacet
  facet normal 0 0 1
    outer loop
      vertex 76.9681 6.01764 14.6
      vertex 75.0363 6.53528 14.6
      vertex 76.9171 5.76105 14.6
    endloop
  endfacet
  facet normal 0 0 1
    outer loop
      vertex 77.0522 4.73463 14.6
      vertex 75.4359 3.5 14.6
      vertex 75.7266 3.06495 14.6
    endloop
  endfacet
  facet normal -0 0 1
    outer loop
      vertex 74.9342 6.0221 14.6
      vertex 76.9171 5.76105 14.6
      vertex 75.0363 6.53528 14.6
    endloop
  endfacet
  facet normal 0 0 1
    outer loop
      vertex 77.0522 4.73463 14.6
      vertex 75.2045 3.96927 14.6
      vertex 75.4359 3.5 14.6
    endloop
  endfacet
  facet normal 0 0 1
    outer loop
      vertex 76.9171 5.76105 14.6
      vertex 74.9342 6.0221 14.6
      vertex 76.9 5.5 14.6
    endloop
  endfacet
  facet normal 0 0 1
    outer loop
      vertex 76.9681 4.98236 14.6
      vertex 75.0363 4.46472 14.6
      vertex 75.2045 3.96927 14.6
    endloop
  endfacet
  facet normal 0 0 1
    outer loop
      vertex 74.9 5.5 14.6
      vertex 76.9 5.5 14.6
      vertex 74.9342 6.0221 14.6
    endloop
  endfacet
  facet normal 0 0 1
    outer loop
      vertex 76.9171 5.23895 14.6
      vertex 74.9342 4.97789 14.6
      vertex 75.0363 4.46472 14.6
    endloop
  endfacet
  facet normal 0 0 1
    outer loop
      vertex 76.9 5.5 14.6
      vertex 74.9 5.5 14.6
      vertex 74.9342 4.97789 14.6
    endloop
  endfacet
  facet normal 0 0 1
    outer loop
      vertex 82.4 29.1272 14.6
      vertex 80.8829 27.4611 14.6
      vertex 80.9 27.2 14.6
    endloop
  endfacet
  facet normal 0 0 1
    outer loop
      vertex 81.335 30.3734 14.6
      vertex 80.8318 27.7176 14.6
      vertex 80.8829 27.4611 14.6
    endloop
  endfacet
  facet normal 0 0 1
    outer loop
      vertex 79.9 28.9321 14.6
      vertex 80.9 30.6641 14.6
      vertex 80.8272 30.7 14.6
    endloop
  endfacet
  facet normal 0 0 1
    outer loop
      vertex 81.335 30.3734 14.6
      vertex 80.7478 27.9654 14.6
      vertex 80.8318 27.7176 14.6
    endloop
  endfacet
  facet normal 0 0 1
    outer loop
      vertex 80.8829 5.76105 14.6
      vertex 82.4 7.42721 14.6
      vertex 82.3641 7.5 14.6
    endloop
  endfacet
  facet normal 0 0 1
    outer loop
      vertex 82.4 7.42721 14.6
      vertex 80.9 5.5 14.6
      vertex 82.4 3.57279 14.6
    endloop
  endfacet
  facet normal 0 0 1
    outer loop
      vertex 80.8829 5.76105 14.6
      vertex 82.3641 7.5 14.6
      vertex 82.0734 7.93505 14.6
    endloop
  endfacet
  facet normal -0 0 1
    outer loop
      vertex 80.8829 5.23895 14.6
      vertex 82.4 3.57279 14.6
      vertex 80.9 5.5 14.6
    endloop
  endfacet
  facet normal 0 0 1
    outer loop
      vertex 80.8829 5.76105 14.6
      vertex 82.0734 7.93505 14.6
      vertex 81.7284 8.32843 14.6
    endloop
  endfacet
  facet normal -0 0 1
    outer loop
      vertex 80.8318 4.98236 14.6
      vertex 82.4 3.57279 14.6
      vertex 80.8829 5.23895 14.6
    endloop
  endfacet
  facet normal 0 0 1
    outer loop
      vertex 80.8829 5.76105 14.6
      vertex 81.7284 8.32843 14.6
      vertex 81.335 8.67341 14.6
    endloop
  endfacet
  facet normal -0 0 1
    outer loop
      vertex 80.7478 4.73463 14.6
      vertex 82.4 3.57279 14.6
      vertex 80.8318 4.98236 14.6
    endloop
  endfacet
  facet normal 0 0 1
    outer loop
      vertex 80.1175 7.08671 14.6
      vertex 81.335 8.67341 14.6
      vertex 80.9 8.9641 14.6
    endloop
  endfacet
  facet normal -0 0 1
    outer loop
      vertex 80.632 4.5 14.6
      vertex 82.4 3.57279 14.6
      vertex 80.7478 4.73463 14.6
    endloop
  endfacet
  facet normal 0 0 1
    outer loop
      vertex 82.4 3.57279 14.6
      vertex 80.632 4.5 14.6
      vertex 82.3641 3.5 14.6
    endloop
  endfacet
  facet normal 0 0 1
    outer loop
      vertex 82.3641 3.5 14.6
      vertex 80.632 4.5 14.6
      vertex 82.0734 3.06495 14.6
    endloop
  endfacet
  facet normal -0 0 1
    outer loop
      vertex 80.4867 4.28248 14.6
      vertex 82.0734 3.06495 14.6
      vertex 80.632 4.5 14.6
    endloop
  endfacet
  facet normal 0 0 1
    outer loop
      vertex 82.0734 3.06495 14.6
      vertex 80.4867 4.28248 14.6
      vertex 81.7284 2.67157 14.6
    endloop
  endfacet
  facet normal -0 0 1
    outer loop
      vertex 80.3142 4.08579 14.6
      vertex 81.7284 2.67157 14.6
      vertex 80.4867 4.28248 14.6
    endloop
  endfacet
  facet normal 0 0 1
    outer loop
      vertex 80.8829 27.4611 14.6
      vertex 82.4 29.1272 14.6
      vertex 82.3641 29.2 14.6
    endloop
  endfacet
  facet normal 0 0 1
    outer loop
      vertex 82.4 29.1272 14.6
      vertex 80.9 27.2 14.6
      vertex 82.4 25.2728 14.6
    endloop
  endfacet
  facet normal 0 0 1
    outer loop
      vertex 80.8829 27.4611 14.6
      vertex 82.3641 29.2 14.6
      vertex 82.0734 29.635 14.6
    endloop
  endfacet
  facet normal -0 0 1
    outer loop
      vertex 80.8829 26.9389 14.6
      vertex 82.4 25.2728 14.6
      vertex 80.9 27.2 14.6
    endloop
  endfacet
  facet normal 0 0 1
    outer loop
      vertex 80.8829 27.4611 14.6
      vertex 82.0734 29.635 14.6
      vertex 81.7284 30.0284 14.6
    endloop
  endfacet
  facet normal -0 0 1
    outer loop
      vertex 80.8318 26.6824 14.6
      vertex 82.4 25.2728 14.6
      vertex 80.8829 26.9389 14.6
    endloop
  endfacet
  facet normal 0 0 1
    outer loop
      vertex 80.8829 27.4611 14.6
      vertex 81.7284 30.0284 14.6
      vertex 81.335 30.3734 14.6
    endloop
  endfacet
  facet normal -0 0 1
    outer loop
      vertex 80.7478 26.4346 14.6
      vertex 82.4 25.2728 14.6
      vertex 80.8318 26.6824 14.6
    endloop
  endfacet
  facet normal 0 0 1
    outer loop
      vertex 80.1175 28.7867 14.6
      vertex 81.335 30.3734 14.6
      vertex 80.9 30.6641 14.6
    endloop
  endfacet
  facet normal -0 0 1
    outer loop
      vertex 80.632 26.2 14.6
      vertex 82.4 25.2728 14.6
      vertex 80.7478 26.4346 14.6
    endloop
  endfacet
  facet normal 0 0 1
    outer loop
      vertex 82.4 25.2728 14.6
      vertex 80.632 26.2 14.6
      vertex 82.3641 25.2 14.6
    endloop
  endfacet
  facet normal 0 0 1
    outer loop
      vertex 82.3641 25.2 14.6
      vertex 80.632 26.2 14.6
      vertex 82.0734 24.765 14.6
    endloop
  endfacet
  facet normal -0 0 1
    outer loop
      vertex 80.4867 25.9825 14.6
      vertex 82.0734 24.765 14.6
      vertex 80.632 26.2 14.6
    endloop
  endfacet
  facet normal 0 0 1
    outer loop
      vertex 82.0734 24.765 14.6
      vertex 80.4867 25.9825 14.6
      vertex 81.7284 24.3716 14.6
    endloop
  endfacet
  facet normal -0 0 1
    outer loop
      vertex 80.3142 25.7858 14.6
      vertex 81.7284 24.3716 14.6
      vertex 80.4867 25.9825 14.6
    endloop
  endfacet
  facet normal 0 0 1
    outer loop
      vertex 81.7284 24.3716 14.6
      vertex 80.3142 25.7858 14.6
      vertex 81.335 24.0266 14.6
    endloop
  endfacet
  facet normal -0 0 1
    outer loop
      vertex 80.1175 25.6133 14.6
      vertex 81.335 24.0266 14.6
      vertex 80.3142 25.7858 14.6
    endloop
  endfacet
  facet normal 0 0 1
    outer loop
      vertex 81.335 24.0266 14.6
      vertex 80.1175 25.6133 14.6
      vertex 80.9 23.7359 14.6
    endloop
  endfacet
  facet normal -0 0 1
    outer loop
      vertex 79.9 25.4679 14.6
      vertex 80.9 23.7359 14.6
      vertex 80.1175 25.6133 14.6
    endloop
  endfacet
  facet normal 0 0 1
    outer loop
      vertex 80.9 23.7359 14.6
      vertex 79.9 25.4679 14.6
      vertex 80.4307 23.5045 14.6
    endloop
  endfacet
  facet normal -0 0 1
    outer loop
      vertex 79.6654 25.3522 14.6
      vertex 80.4307 23.5045 14.6
      vertex 79.9 25.4679 14.6
    endloop
  endfacet
  facet normal 0 0 1
    outer loop
      vertex 80.4307 23.5045 14.6
      vertex 79.6654 25.3522 14.6
      vertex 79.9353 23.3363 14.6
    endloop
  endfacet
  facet normal -0 0 1
    outer loop
      vertex 79.4176 25.2681 14.6
      vertex 79.9353 23.3363 14.6
      vertex 79.6654 25.3522 14.6
    endloop
  endfacet
  facet normal 0 0 1
    outer loop
      vertex 79.9353 23.3363 14.6
      vertex 79.4176 25.2681 14.6
      vertex 79.4221 23.2342 14.6
    endloop
  endfacet
  facet normal -0 0 1
    outer loop
      vertex 79.161 25.2171 14.6
      vertex 79.4221 23.2342 14.6
      vertex 79.4176 25.2681 14.6
    endloop
  endfacet
  facet normal -0 0 1
    outer loop
      vertex 78.9 25.2 14.6
      vertex 79.4221 23.2342 14.6
      vertex 79.161 25.2171 14.6
    endloop
  endfacet
  facet normal 0 0 1
    outer loop
      vertex 78.9 25.2 14.6
      vertex 78.9 23.2 14.6
      vertex 79.4221 23.2342 14.6
    endloop
  endfacet
  facet normal 0 0 1
    outer loop
      vertex 78.6389 25.2171 14.6
      vertex 78.9 23.2 14.6
      vertex 78.9 25.2 14.6
    endloop
  endfacet
  facet normal 0 0 1
    outer loop
      vertex 78.3779 23.2342 14.6
      vertex 78.6389 25.2171 14.6
      vertex 78.3824 25.2681 14.6
    endloop
  endfacet
  facet normal 0 0 1
    outer loop
      vertex 78.6389 25.2171 14.6
      vertex 78.3779 23.2342 14.6
      vertex 78.9 23.2 14.6
    endloop
  endfacet
  facet normal 0 0 1
    outer loop
      vertex 77.8647 23.3363 14.6
      vertex 78.3824 25.2681 14.6
      vertex 78.1346 25.3522 14.6
    endloop
  endfacet
  facet normal 0 0 1
    outer loop
      vertex 77.3693 23.5045 14.6
      vertex 78.1346 25.3522 14.6
      vertex 77.9 25.4679 14.6
    endloop
  endfacet
  facet normal 0 0 1
    outer loop
      vertex 78.3824 25.2681 14.6
      vertex 77.8647 23.3363 14.6
      vertex 78.3779 23.2342 14.6
    endloop
  endfacet
  facet normal 0 0 1
    outer loop
      vertex 76.9 23.7359 14.6
      vertex 77.9 25.4679 14.6
      vertex 77.6825 25.6133 14.6
    endloop
  endfacet
  facet normal 0 0 1
    outer loop
      vertex 76.9 23.7359 14.6
      vertex 77.6825 25.6133 14.6
      vertex 77.4858 25.7858 14.6
    endloop
  endfacet
  facet normal 0 0 1
    outer loop
      vertex 78.1346 25.3522 14.6
      vertex 77.3693 23.5045 14.6
      vertex 77.8647 23.3363 14.6
    endloop
  endfacet
  facet normal 0 0 1
    outer loop
      vertex 76.9 23.7359 14.6
      vertex 77.4858 25.7858 14.6
      vertex 77.3133 25.9825 14.6
    endloop
  endfacet
  facet normal 0 0 1
    outer loop
      vertex 76.9 23.7359 14.6
      vertex 77.3133 25.9825 14.6
      vertex 77.1679 26.2 14.6
    endloop
  endfacet
  facet normal 0 0 1
    outer loop
      vertex 76.9 23.7359 14.6
      vertex 77.1679 26.2 14.6
      vertex 77.0522 26.4346 14.6
    endloop
  endfacet
  facet normal 0 0 1
    outer loop
      vertex 76.9 23.7359 14.6
      vertex 77.0522 26.4346 14.6
      vertex 76.9681 26.6824 14.6
    endloop
  endfacet
  facet normal 0 0 1
    outer loop
      vertex 76.9 23.7359 14.6
      vertex 76.9681 26.6824 14.6
      vertex 76.9171 26.9389 14.6
    endloop
  endfacet
  facet normal 0 0 1
    outer loop
      vertex 77.9 25.4679 14.6
      vertex 76.9 23.7359 14.6
      vertex 77.3693 23.5045 14.6
    endloop
  endfacet
  facet normal 0 0 1
    outer loop
      vertex 76.9 23.7359 14.6
      vertex 76.9171 26.9389 14.6
      vertex 76.9 27.2 14.6
    endloop
  endfacet
  facet normal 0 0 1
    outer loop
      vertex 82.4 32.7 14.6
      vertex 80.8272 30.7 14.6
      vertex 82.4 30.7 14.6
    endloop
  endfacet
  facet normal 0 0 1
    outer loop
      vertex 81.335 30.3734 14.6
      vertex 80.632 28.2 14.6
      vertex 80.7478 27.9654 14.6
    endloop
  endfacet
  facet normal 0 0 1
    outer loop
      vertex 81.335 30.3734 14.6
      vertex 80.4867 28.4175 14.6
      vertex 80.632 28.2 14.6
    endloop
  endfacet
  facet normal 0 0 1
    outer loop
      vertex 81.335 30.3734 14.6
      vertex 80.3142 28.6142 14.6
      vertex 80.4867 28.4175 14.6
    endloop
  endfacet
  facet normal 0 0 1
    outer loop
      vertex 81.335 30.3734 14.6
      vertex 80.1175 28.7867 14.6
      vertex 80.3142 28.6142 14.6
    endloop
  endfacet
  facet normal 0 0 1
    outer loop
      vertex 80.9 30.6641 14.6
      vertex 79.9 28.9321 14.6
      vertex 80.1175 28.7867 14.6
    endloop
  endfacet
  facet normal 0 0 1
    outer loop
      vertex 80.8272 30.7 14.6
      vertex 79.6654 29.0478 14.6
      vertex 79.9 28.9321 14.6
    endloop
  endfacet
  facet normal 0 0 1
    outer loop
      vertex 80.8272 30.7 14.6
      vertex 79.4176 29.1319 14.6
      vertex 79.6654 29.0478 14.6
    endloop
  endfacet
  facet normal 0 0 1
    outer loop
      vertex 76.9728 30.7 14.6
      vertex 80.8272 30.7 14.6
      vertex 82.4 32.7 14.6
    endloop
  endfacet
  facet normal 0 0 1
    outer loop
      vertex 80.8272 30.7 14.6
      vertex 79.161 29.1829 14.6
      vertex 79.4176 29.1319 14.6
    endloop
  endfacet
  facet normal 0 -0 1
    outer loop
      vertex 78.9 29.2 14.6
      vertex 80.8272 30.7 14.6
      vertex 76.9728 30.7 14.6
    endloop
  endfacet
  facet normal 0 0 1
    outer loop
      vertex 80.8272 30.7 14.6
      vertex 78.9 29.2 14.6
      vertex 79.161 29.1829 14.6
    endloop
  endfacet
  facet normal 0 0 1
    outer loop
      vertex 78.9 29.2 14.6
      vertex 76.9728 30.7 14.6
      vertex 78.6389 29.1829 14.6
    endloop
  endfacet
  facet normal 0 0 1
    outer loop
      vertex 78.6389 29.1829 14.6
      vertex 76.9728 30.7 14.6
      vertex 78.3824 29.1319 14.6
    endloop
  endfacet
  facet normal 0 0 1
    outer loop
      vertex 78.3824 29.1319 14.6
      vertex 76.9728 30.7 14.6
      vertex 78.1346 29.0478 14.6
    endloop
  endfacet
  facet normal 0 0 1
    outer loop
      vertex 78.1346 29.0478 14.6
      vertex 76.9728 30.7 14.6
      vertex 77.9 28.9321 14.6
    endloop
  endfacet
  facet normal -0 0 1
    outer loop
      vertex 76.0716 30.0284 14.6
      vertex 77.4858 28.6142 14.6
      vertex 76.465 30.3734 14.6
    endloop
  endfacet
  facet normal 0 0 1
    outer loop
      vertex 77.6825 28.7867 14.6
      vertex 76.465 30.3734 14.6
      vertex 77.4858 28.6142 14.6
    endloop
  endfacet
  facet normal -0 0 1
    outer loop
      vertex 76.465 30.3734 14.6
      vertex 77.6825 28.7867 14.6
      vertex 76.9 30.6641 14.6
    endloop
  endfacet
  facet normal 0 0 1
    outer loop
      vertex 77.9 28.9321 14.6
      vertex 76.9 30.6641 14.6
      vertex 77.6825 28.7867 14.6
    endloop
  endfacet
  facet normal -0 0 1
    outer loop
      vertex 76.9 30.6641 14.6
      vertex 77.9 28.9321 14.6
      vertex 76.9728 30.7 14.6
    endloop
  endfacet
  facet normal -0 0 1
    outer loop
      vertex 3.68034 32.7 14.6
      vertex 76.9728 30.7 14.6
      vertex 82.4 32.7 14.6
    endloop
  endfacet
  facet normal 0 0 1
    outer loop
      vertex 1.68289 33.2611 14.6
      vertex 3.66578 33.5221 14.6
      vertex 3.5637 34.0353 14.6
    endloop
  endfacet
  facet normal 0 0 1
    outer loop
      vertex 1.68289 33.2611 14.6
      vertex 3.5637 34.0353 14.6
      vertex 3.39552 34.5307 14.6
    endloop
  endfacet
  facet normal 0 0 1
    outer loop
      vertex 1.68289 33.2611 14.6
      vertex 3.39552 34.5307 14.6
      vertex 3.1641 35 14.6
    endloop
  endfacet
  facet normal 0 0 1
    outer loop
      vertex 3.68034 32.7 14.6
      vertex 2.96365 30.7 14.6
      vertex 76.9728 30.7 14.6
    endloop
  endfacet
  facet normal 0 0 1
    outer loop
      vertex 3.7 33 14.6
      vertex 1.7 33 14.6
      vertex 3.68034 32.7 14.6
    endloop
  endfacet
  facet normal 0 0 1
    outer loop
      vertex 1.68289 33.2611 14.6
      vertex 3.1641 35 14.6
      vertex 2.87341 35.435 14.6
    endloop
  endfacet
  facet normal -0 0 1
    outer loop
      vertex 1.68289 32.7389 14.6
      vertex 3.68034 32.7 14.6
      vertex 1.7 33 14.6
    endloop
  endfacet
  facet normal 0 0 1
    outer loop
      vertex 1.68289 33.2611 14.6
      vertex 2.87341 35.435 14.6
      vertex 2.52843 35.8284 14.6
    endloop
  endfacet
  facet normal 0 0 1
    outer loop
      vertex 1.63185 32.4824 14.6
      vertex 3.68034 32.7 14.6
      vertex 1.68289 32.7389 14.6
    endloop
  endfacet
  facet normal 0 0 1
    outer loop
      vertex 1.68289 33.2611 14.6
      vertex 2.52843 35.8284 14.6
      vertex 2.13505 36.1734 14.6
    endloop
  endfacet
  facet normal 0 0 1
    outer loop
      vertex 1.54776 32.2346 14.6
      vertex 3.68034 32.7 14.6
      vertex 1.63185 32.4824 14.6
    endloop
  endfacet
  facet normal 0 0 1
    outer loop
      vertex 3.68034 32.7 14.6
      vertex 1.54776 32.2346 14.6
      vertex 2.96365 30.7 14.6
    endloop
  endfacet
  facet normal -0 0 1
    outer loop
      vertex 1.43205 32 14.6
      vertex 2.96365 30.7 14.6
      vertex 1.54776 32.2346 14.6
    endloop
  endfacet
  facet normal 0 0 1
    outer loop
      vertex 0.917522 34.5867 14.6
      vertex 2.13505 36.1734 14.6
      vertex 1.7 36.4641 14.6
    endloop
  endfacet
  facet normal 0 0 1
    outer loop
      vertex 82.4 30.7 14.6
      vertex 84.4 30.7 14.6
      vertex 84.3829 30.9611 14.6
    endloop
  endfacet
  facet normal 0 0 1
    outer loop
      vertex 84.4 30.7 14.6
      vertex 82.4 25.2728 14.6
      vertex 84.4 2 14.6
    endloop
  endfacet
  facet normal 0 0 1
    outer loop
      vertex 82.4 30.7 14.6
      vertex 84.3829 30.9611 14.6
      vertex 84.3318 31.2176 14.6
    endloop
  endfacet
  facet normal -0 0 1
    outer loop
      vertex 82.4 7.42721 14.6
      vertex 84.4 2 14.6
      vertex 82.4 25.2728 14.6
    endloop
  endfacet
  facet normal 0 0 1
    outer loop
      vertex 82.4 30.7 14.6
      vertex 84.3318 31.2176 14.6
      vertex 84.2478 31.4654 14.6
    endloop
  endfacet
  facet normal -0 0 1
    outer loop
      vertex 82.4 3.57279 14.6
      vertex 84.4 2 14.6
      vertex 82.4 7.42721 14.6
    endloop
  endfacet
  facet normal 0 0 1
    outer loop
      vertex 82.4 30.7 14.6
      vertex 84.2478 31.4654 14.6
      vertex 84.132 31.7 14.6
    endloop
  endfacet
  facet normal 0 0 1
    outer loop
      vertex 82.4 2 14.6
      vertex 84.4 2 14.6
      vertex 82.4 3.57279 14.6
    endloop
  endfacet
  facet normal 0 0 1
    outer loop
      vertex 82.4 30.7 14.6
      vertex 84.132 31.7 14.6
      vertex 83.9867 31.9175 14.6
    endloop
  endfacet
  facet normal 0 0 1
    outer loop
      vertex 84.4 2 14.6
      vertex 82.4 2 14.6
      vertex 84.3829 1.73895 14.6
    endloop
  endfacet
  facet normal 0 0 1
    outer loop
      vertex 82.4 30.7 14.6
      vertex 83.9867 31.9175 14.6
      vertex 83.8142 32.1142 14.6
    endloop
  endfacet
  facet normal 0 0 1
    outer loop
      vertex 84.3829 1.73895 14.6
      vertex 82.4 2 14.6
      vertex 84.3318 1.48236 14.6
    endloop
  endfacet
  facet normal 0 0 1
    outer loop
      vertex 82.4 30.7 14.6
      vertex 83.8142 32.1142 14.6
      vertex 83.6175 32.2867 14.6
    endloop
  endfacet
  facet normal 0 0 1
    outer loop
      vertex 84.3318 1.48236 14.6
      vertex 82.4 2 14.6
      vertex 84.2478 1.23463 14.6
    endloop
  endfacet
  facet normal 0 0 1
    outer loop
      vertex 82.4 30.7 14.6
      vertex 83.6175 32.2867 14.6
      vertex 83.4 32.4321 14.6
    endloop
  endfacet
  facet normal 0 0 1
    outer loop
      vertex 84.2478 1.23463 14.6
      vertex 82.4 2 14.6
      vertex 84.132 1 14.6
    endloop
  endfacet
  facet normal 0 0 1
    outer loop
      vertex 82.4 30.7 14.6
      vertex 83.4 32.4321 14.6
      vertex 83.1654 32.5478 14.6
    endloop
  endfacet
  facet normal 0 0 1
    outer loop
      vertex 84.132 1 14.6
      vertex 82.4 2 14.6
      vertex 83.9867 0.782476 14.6
    endloop
  endfacet
  facet normal 0 0 1
    outer loop
      vertex 82.4 30.7 14.6
      vertex 83.1654 32.5478 14.6
      vertex 82.9176 32.6319 14.6
    endloop
  endfacet
  facet normal 0 0 1
    outer loop
      vertex 83.9867 0.782476 14.6
      vertex 82.4 2 14.6
      vertex 83.8142 0.585786 14.6
    endloop
  endfacet
  facet normal 0 0 1
    outer loop
      vertex 82.4 30.7 14.6
      vertex 82.9176 32.6319 14.6
      vertex 82.661 32.6829 14.6
    endloop
  endfacet
  facet normal 0 0 1
    outer loop
      vertex 83.8142 0.585786 14.6
      vertex 82.4 2 14.6
      vertex 83.6175 0.413293 14.6
    endloop
  endfacet
  facet normal 0 0 1
    outer loop
      vertex 82.4 30.7 14.6
      vertex 82.661 32.6829 14.6
      vertex 82.4 32.7 14.6
    endloop
  endfacet
  facet normal 0 0 1
    outer loop
      vertex 84.4 30.7 14.6
      vertex 82.4 30.7 14.6
      vertex 82.4 29.1272 14.6
    endloop
  endfacet
  facet normal 0 0 1
    outer loop
      vertex 84.4 30.7 14.6
      vertex 82.4 29.1272 14.6
      vertex 82.4 25.2728 14.6
    endloop
  endfacet
  facet normal 0 0 1
    outer loop
      vertex 83.6175 0.413293 14.6
      vertex 82.4 2 14.6
      vertex 83.4 0.267949 14.6
    endloop
  endfacet
  facet normal 0 0 1
    outer loop
      vertex 83.4 0.267949 14.6
      vertex 82.4 2 14.6
      vertex 83.1654 0.152241 14.6
    endloop
  endfacet
  facet normal 0 0 1
    outer loop
      vertex 83.1654 0.152241 14.6
      vertex 82.4 2 14.6
      vertex 82.9176 0.0681477 14.6
    endloop
  endfacet
  facet normal 0 0 1
    outer loop
      vertex 82.9176 0.0681477 14.6
      vertex 82.4 2 14.6
      vertex 82.661 0.0171099 14.6
    endloop
  endfacet
  facet normal 0 0 1
    outer loop
      vertex 82.4 2 14.6
      vertex 82.4 0 14.6
      vertex 82.661 0.0171099 14.6
    endloop
  endfacet
  facet normal -0 0 1
    outer loop
      vertex 80.8272 2 14.6
      vertex 82.4 0 14.6
      vertex 82.4 2 14.6
    endloop
  endfacet
  facet normal 0 0 1
    outer loop
      vertex 81.7284 2.67157 14.6
      vertex 80.3142 4.08579 14.6
      vertex 81.335 2.32659 14.6
    endloop
  endfacet
  facet normal -0 0 1
    outer loop
      vertex 80.1175 3.91329 14.6
      vertex 81.335 2.32659 14.6
      vertex 80.3142 4.08579 14.6
    endloop
  endfacet
  facet normal 0 0 1
    outer loop
      vertex 81.335 2.32659 14.6
      vertex 80.1175 3.91329 14.6
      vertex 80.9 2.0359 14.6
    endloop
  endfacet
  facet normal -0 0 1
    outer loop
      vertex 79.9 3.76795 14.6
      vertex 80.9 2.0359 14.6
      vertex 80.1175 3.91329 14.6
    endloop
  endfacet
  facet normal 0 0 1
    outer loop
      vertex 80.9 2.0359 14.6
      vertex 79.9 3.76795 14.6
      vertex 80.8272 2 14.6
    endloop
  endfacet
  facet normal -0 0 1
    outer loop
      vertex 79.6654 3.65224 14.6
      vertex 80.8272 2 14.6
      vertex 79.9 3.76795 14.6
    endloop
  endfacet
  facet normal -0 0 1
    outer loop
      vertex 79.4176 3.56815 14.6
      vertex 80.8272 2 14.6
      vertex 79.6654 3.65224 14.6
    endloop
  endfacet
  facet normal -0 0 1
    outer loop
      vertex 79.161 3.51711 14.6
      vertex 80.8272 2 14.6
      vertex 79.4176 3.56815 14.6
    endloop
  endfacet
  facet normal -0 0 1
    outer loop
      vertex 78.9 3.5 14.6
      vertex 80.8272 2 14.6
      vertex 79.161 3.51711 14.6
    endloop
  endfacet
  facet normal 0 0 1
    outer loop
      vertex 80.8272 2 14.6
      vertex 78.9 3.5 14.6
      vertex 76.9728 2 14.6
    endloop
  endfacet
  facet normal 0 0 1
    outer loop
      vertex 76.9728 2 14.6
      vertex 78.9 3.5 14.6
      vertex 78.6389 3.51711 14.6
    endloop
  endfacet
  facet normal 0 0 1
    outer loop
      vertex 76.9728 2 14.6
      vertex 78.6389 3.51711 14.6
      vertex 78.3824 3.56815 14.6
    endloop
  endfacet
  facet normal 0 0 1
    outer loop
      vertex 76.9728 2 14.6
      vertex 78.3824 3.56815 14.6
      vertex 78.1346 3.65224 14.6
    endloop
  endfacet
  facet normal 0 0 1
    outer loop
      vertex 76.9728 2 14.6
      vertex 78.1346 3.65224 14.6
      vertex 77.9 3.76795 14.6
    endloop
  endfacet
  facet normal 0 0 1
    outer loop
      vertex 76.9728 2 14.6
      vertex 77.9 3.76795 14.6
      vertex 77.6825 3.91329 14.6
    endloop
  endfacet
  facet normal 0 0 1
    outer loop
      vertex 76.9728 2 14.6
      vertex 77.1679 4.5 14.6
      vertex 77.0522 4.73463 14.6
    endloop
  endfacet
  facet normal 0 0 1
    outer loop
      vertex 76.9728 2 14.6
      vertex 77.3133 4.28248 14.6
      vertex 77.1679 4.5 14.6
    endloop
  endfacet
  facet normal 0 0 1
    outer loop
      vertex 76.9728 2 14.6
      vertex 77.4858 4.08579 14.6
      vertex 77.3133 4.28248 14.6
    endloop
  endfacet
  facet normal 0 0 1
    outer loop
      vertex 76.9728 2 14.6
      vertex 77.6825 3.91329 14.6
      vertex 77.4858 4.08579 14.6
    endloop
  endfacet
  facet normal 0 0 1
    outer loop
      vertex 80.8272 2 14.6
      vertex 76.9728 2 14.6
      vertex 82.4 0 14.6
    endloop
  endfacet
  facet normal 0 0 1
    outer loop
      vertex 76.9728 2 14.6
      vertex 3.68034 0 14.6
      vertex 82.4 0 14.6
    endloop
  endfacet
  facet normal 0 0 1
    outer loop
      vertex 3.7 -0.299999 14.6
      vertex 1.7 -0.299999 14.6
      vertex 3.66578 -0.822104 14.6
    endloop
  endfacet
  facet normal 0 0 1
    outer loop
      vertex 3.66578 -0.822104 14.6
      vertex 1.68289 -0.561052 14.6
      vertex 3.5637 -1.33528 14.6
    endloop
  endfacet
  facet normal -0 0 1
    outer loop
      vertex 1.63185 -0.817637 14.6
      vertex 3.5637 -1.33528 14.6
      vertex 1.68289 -0.561052 14.6
    endloop
  endfacet
  facet normal -0 0 1
    outer loop
      vertex 2.96365 2 14.6
      vertex 3.68034 0 14.6
      vertex 76.9728 2 14.6
    endloop
  endfacet
  facet normal 0 0 1
    outer loop
      vertex 1.7 -0.299999 14.6
      vertex 3.68034 0 14.6
      vertex 2.96365 2 14.6
    endloop
  endfacet
  facet normal 0 0 1
    outer loop
      vertex 1.7 -0.299999 14.6
      vertex 2.96365 2 14.6
      vertex 2.87341 2.13505 14.6
    endloop
  endfacet
  facet normal 0 0 1
    outer loop
      vertex 3.66578 -0.822104 14.6
      vertex 1.7 -0.299999 14.6
      vertex 1.68289 -0.561052 14.6
    endloop
  endfacet
  facet normal 0 0 1
    outer loop
      vertex 1.7 -0.299999 14.6
      vertex 2.87341 2.13505 14.6
      vertex 2.52843 2.52843 14.6
    endloop
  endfacet
  facet normal 0 0 1
    outer loop
      vertex 3.5637 -1.33528 14.6
      vertex 1.63185 -0.817637 14.6
      vertex 3.39552 -1.83073 14.6
    endloop
  endfacet
  facet normal 0 0 1
    outer loop
      vertex 1.7 -0.299999 14.6
      vertex 2.52843 2.52843 14.6
      vertex 2.13505 2.87341 14.6
    endloop
  endfacet
  facet normal -0 0 1
    outer loop
      vertex 1.54776 -1.06537 14.6
      vertex 3.39552 -1.83073 14.6
      vertex 1.63185 -0.817637 14.6
    endloop
  endfacet
  facet normal 0 0 1
    outer loop
      vertex 1.7 -0.299999 14.6
      vertex 2.13505 2.87341 14.6
      vertex 2 2.96365 14.6
    endloop
  endfacet
  facet normal -0 0 1
    outer loop
      vertex 1.28671 31.7825 14.6
      vertex 2.96365 30.7 14.6
      vertex 1.43205 32 14.6
    endloop
  endfacet
  facet normal 0 0 1
    outer loop
      vertex 2.96365 30.7 14.6
      vertex 1.28671 31.7825 14.6
      vertex 2.87341 30.565 14.6
    endloop
  endfacet
  facet normal 0 0 1
    outer loop
      vertex 3.39552 -1.83073 14.6
      vertex 1.54776 -1.06537 14.6
      vertex 3.1641 -2.3 14.6
    endloop
  endfacet
  facet normal -0 0 1
    outer loop
      vertex 1.43205 -1.3 14.6
      vertex 3.1641 -2.3 14.6
      vertex 1.54776 -1.06537 14.6
    endloop
  endfacet
  facet normal 0 0 1
    outer loop
      vertex 3.1641 -2.3 14.6
      vertex 1.43205 -1.3 14.6
      vertex 2.87341 -2.73505 14.6
    endloop
  endfacet
  facet normal -0 0 1
    outer loop
      vertex 1.28671 -1.51752 14.6
      vertex 2.87341 -2.73505 14.6
      vertex 1.43205 -1.3 14.6
    endloop
  endfacet
  facet normal 0 0 1
    outer loop
      vertex 2.87341 -2.73505 14.6
      vertex 1.28671 -1.51752 14.6
      vertex 2.52843 -3.12843 14.6
    endloop
  endfacet
  facet normal -0 0 1
    outer loop
      vertex 1.11421 -1.71421 14.6
      vertex 2.52843 -3.12843 14.6
      vertex 1.28671 -1.51752 14.6
    endloop
  endfacet
  facet normal 0 0 1
    outer loop
      vertex 2.52843 -3.12843 14.6
      vertex 1.11421 -1.71421 14.6
      vertex 2.13505 -3.47341 14.6
    endloop
  endfacet
  facet normal -0 0 1
    outer loop
      vertex 0.917522 -1.88671 14.6
      vertex 2.13505 -3.47341 14.6
      vertex 1.11421 -1.71421 14.6
    endloop
  endfacet
  facet normal 0 0 1
    outer loop
      vertex 2.13505 -3.47341 14.6
      vertex 0.917522 -1.88671 14.6
      vertex 1.7 -3.7641 14.6
    endloop
  endfacet
  facet normal -0 0 1
    outer loop
      vertex 0.7 -2.03205 14.6
      vertex 1.7 -3.7641 14.6
      vertex 0.917522 -1.88671 14.6
    endloop
  endfacet
  facet normal 0 0 1
    outer loop
      vertex 1.7 -3.7641 14.6
      vertex 0.7 -2.03205 14.6
      vertex 1.23073 -3.99552 14.6
    endloop
  endfacet
  facet normal -0 0 1
    outer loop
      vertex 0.465366 -2.14776 14.6
      vertex 1.23073 -3.99552 14.6
      vertex 0.7 -2.03205 14.6
    endloop
  endfacet
  facet normal 0 0 1
    outer loop
      vertex 1.23073 -3.99552 14.6
      vertex 0.465366 -2.14776 14.6
      vertex 0.735275 -4.1637 14.6
    endloop
  endfacet
  facet normal -0 0 1
    outer loop
      vertex 0.217638 -2.23185 14.6
      vertex 0.735275 -4.1637 14.6
      vertex 0.465366 -2.14776 14.6
    endloop
  endfacet
  facet normal 0 0 1
    outer loop
      vertex 0.735275 -4.1637 14.6
      vertex 0.217638 -2.23185 14.6
      vertex 0.222104 -4.26578 14.6
    endloop
  endfacet
  facet normal -0 0 1
    outer loop
      vertex -0.0389471 -2.28289 14.6
      vertex 0.222104 -4.26578 14.6
      vertex 0.217638 -2.23185 14.6
    endloop
  endfacet
  facet normal -0 0 1
    outer loop
      vertex -0.299999 -2.3 14.6
      vertex 0.222104 -4.26578 14.6
      vertex -0.0389471 -2.28289 14.6
    endloop
  endfacet
  facet normal 0 0 1
    outer loop
      vertex -0.299999 -2.3 14.6
      vertex -0.299999 -4.3 14.6
      vertex 0.222104 -4.26578 14.6
    endloop
  endfacet
  facet normal 0 0 1
    outer loop
      vertex -0.561052 -2.28289 14.6
      vertex -0.299999 -4.3 14.6
      vertex -0.299999 -2.3 14.6
    endloop
  endfacet
  facet normal 0 0 1
    outer loop
      vertex -0.822104 -4.26578 14.6
      vertex -0.561052 -2.28289 14.6
      vertex -0.817637 -2.23185 14.6
    endloop
  endfacet
  facet normal 0 0 1
    outer loop
      vertex -0.561052 -2.28289 14.6
      vertex -0.822104 -4.26578 14.6
      vertex -0.299999 -4.3 14.6
    endloop
  endfacet
  facet normal 0 0 1
    outer loop
      vertex -1.33528 -4.1637 14.6
      vertex -0.817637 -2.23185 14.6
      vertex -1.06537 -2.14776 14.6
    endloop
  endfacet
  facet normal 0 0 1
    outer loop
      vertex -1.83073 -3.99552 14.6
      vertex -1.06537 -2.14776 14.6
      vertex -1.3 -2.03205 14.6
    endloop
  endfacet
  facet normal 0 0 1
    outer loop
      vertex -0.817637 -2.23185 14.6
      vertex -1.33528 -4.1637 14.6
      vertex -0.822104 -4.26578 14.6
    endloop
  endfacet
  facet normal 0 0 1
    outer loop
      vertex -2.3 -3.7641 14.6
      vertex -1.3 -2.03205 14.6
      vertex -1.51752 -1.88671 14.6
    endloop
  endfacet
  facet normal 0 0 1
    outer loop
      vertex -2.3 -3.7641 14.6
      vertex -1.51752 -1.88671 14.6
      vertex -1.71421 -1.71421 14.6
    endloop
  endfacet
  facet normal 0 0 1
    outer loop
      vertex -1.06537 -2.14776 14.6
      vertex -1.83073 -3.99552 14.6
      vertex -1.33528 -4.1637 14.6
    endloop
  endfacet
  facet normal 0 0 1
    outer loop
      vertex -2.3 -3.7641 14.6
      vertex -1.71421 -1.71421 14.6
      vertex -1.88671 -1.51752 14.6
    endloop
  endfacet
  facet normal 0 0 1
    outer loop
      vertex -2.3 -3.7641 14.6
      vertex -1.88671 -1.51752 14.6
      vertex -2.03205 -1.3 14.6
    endloop
  endfacet
  facet normal 0 0 1
    outer loop
      vertex -2.3 -3.7641 14.6
      vertex -2.03205 -1.3 14.6
      vertex -2.14776 -1.06537 14.6
    endloop
  endfacet
  facet normal 0 0 1
    outer loop
      vertex -2.3 -3.7641 14.6
      vertex -2.14776 -1.06537 14.6
      vertex -2.23185 -0.817637 14.6
    endloop
  endfacet
  facet normal 0 0 1
    outer loop
      vertex -2.3 -3.7641 14.6
      vertex -2.23185 -0.817637 14.6
      vertex -2.28289 -0.561052 14.6
    endloop
  endfacet
  facet normal 0 0 1
    outer loop
      vertex -1.3 -2.03205 14.6
      vertex -2.3 -3.7641 14.6
      vertex -1.83073 -3.99552 14.6
    endloop
  endfacet
  facet normal 0 0 1
    outer loop
      vertex -2.3 -3.7641 14.6
      vertex -2.28289 -0.561052 14.6
      vertex -2.3 -0.299999 14.6
    endloop
  endfacet
  facet normal -1 0 0
    outer loop
      vertex 0 21.2091 10.6894
      vertex 0 29.0197 14.6
      vertex 0 29.0197 3
    endloop
  endfacet
  facet normal -1 0 0
    outer loop
      vertex 0 29.0197 14.6
      vertex 0 21.2397 10.8434
      vertex 0 21.25 11
    endloop
  endfacet
  facet normal -1 0 0
    outer loop
      vertex 0 29.0197 14.6
      vertex 0 21.2091 10.6894
      vertex 0 21.2397 10.8434
    endloop
  endfacet
  facet normal -1 0 0
    outer loop
      vertex 0 29.0197 3
      vertex 0 21.1587 10.5408
      vertex 0 21.2091 10.6894
    endloop
  endfacet
  facet normal -1 0 0
    outer loop
      vertex 0 29.0197 3
      vertex 0 21.0892 10.4
      vertex 0 21.1587 10.5408
    endloop
  endfacet
  facet normal -1 0 0
    outer loop
      vertex 0 29.0197 3
      vertex 0 21.002 10.2695
      vertex 0 21.0892 10.4
    endloop
  endfacet
  facet normal -1 0 0
    outer loop
      vertex 0 29.0197 3
      vertex 0 20.8985 10.1515
      vertex 0 21.002 10.2695
    endloop
  endfacet
  facet normal -1 0 0
    outer loop
      vertex 0 29.0197 3
      vertex 0 20.7805 10.048
      vertex 0 20.8985 10.1515
    endloop
  endfacet
  facet normal -1 0 0
    outer loop
      vertex 0 29.0197 3
      vertex 0 20.65 9.96077
      vertex 0 20.7805 10.048
    endloop
  endfacet
  facet normal -1 0 0
    outer loop
      vertex 0 29.0197 3
      vertex 0 20.5092 9.89134
      vertex 0 20.65 9.96077
    endloop
  endfacet
  facet normal -1 0 0
    outer loop
      vertex 0 29.0197 3
      vertex 0 20.3606 9.84089
      vertex 0 20.5092 9.89134
    endloop
  endfacet
  facet normal -1 0 0
    outer loop
      vertex 0 29.0197 3
      vertex 0 20.2066 9.81026
      vertex 0 20.3606 9.84089
    endloop
  endfacet
  facet normal -1 0 0
    outer loop
      vertex 0 29.0197 3
      vertex 0 20.05 9.8
      vertex 0 20.2066 9.81026
    endloop
  endfacet
  facet normal -1 0 0
    outer loop
      vertex 0 29.0197 3
      vertex 0 12.65 9.8
      vertex 0 20.05 9.8
    endloop
  endfacet
  facet normal -1 0 0
    outer loop
      vertex 0 3.68034 3
      vertex 0 12.65 9.8
      vertex 0 29.0197 3
    endloop
  endfacet
  facet normal -1 -0 0
    outer loop
      vertex 0 12.65 9.8
      vertex 0 3.68034 3
      vertex 0 12.4934 9.81026
    endloop
  endfacet
  facet normal -1 -0 0
    outer loop
      vertex 0 12.4934 9.81026
      vertex 0 3.68034 3
      vertex 0 12.3394 9.84089
    endloop
  endfacet
  facet normal -1 0 0
    outer loop
      vertex 0 11.4603 10.8434
      vertex 0 3.68034 14.6
      vertex 0 11.45 11
    endloop
  endfacet
  facet normal -1 0 0
    outer loop
      vertex 0 11.4909 10.6894
      vertex 0 3.68034 14.6
      vertex 0 11.4603 10.8434
    endloop
  endfacet
  facet normal -1 0 0
    outer loop
      vertex 0 3.68034 14.6
      vertex 0 11.4909 10.6894
      vertex 0 3.68034 3
    endloop
  endfacet
  facet normal -1 -0 0
    outer loop
      vertex 0 11.5413 10.5408
      vertex 0 3.68034 3
      vertex 0 11.4909 10.6894
    endloop
  endfacet
  facet normal -1 -0 0
    outer loop
      vertex 0 11.6108 10.4
      vertex 0 3.68034 3
      vertex 0 11.5413 10.5408
    endloop
  endfacet
  facet normal -1 -0 0
    outer loop
      vertex 0 11.698 10.2695
      vertex 0 3.68034 3
      vertex 0 11.6108 10.4
    endloop
  endfacet
  facet normal -1 -0 0
    outer loop
      vertex 0 11.8015 10.1515
      vertex 0 3.68034 3
      vertex 0 11.698 10.2695
    endloop
  endfacet
  facet normal -1 -0 0
    outer loop
      vertex 0 11.9195 10.048
      vertex 0 3.68034 3
      vertex 0 11.8015 10.1515
    endloop
  endfacet
  facet normal -1 -0 0
    outer loop
      vertex 0 12.05 9.96077
      vertex 0 3.68034 3
      vertex 0 11.9195 10.048
    endloop
  endfacet
  facet normal -1 -0 0
    outer loop
      vertex 0 12.1908 9.89134
      vertex 0 3.68034 3
      vertex 0 12.05 9.96077
    endloop
  endfacet
  facet normal -1 -0 0
    outer loop
      vertex 0 12.3394 9.84089
      vertex 0 3.68034 3
      vertex 0 12.1908 9.89134
    endloop
  endfacet
  facet normal -1 0 0
    outer loop
      vertex 0 21.25 12.8
      vertex 0 29.0197 14.6
      vertex 0 21.25 11
    endloop
  endfacet
  facet normal -1 0 0
    outer loop
      vertex 0 21.2397 12.9566
      vertex 0 29.0197 14.6
      vertex 0 21.25 12.8
    endloop
  endfacet
  facet normal -1 0 0
    outer loop
      vertex 0 21.2091 13.1106
      vertex 0 29.0197 14.6
      vertex 0 21.2397 12.9566
    endloop
  endfacet
  facet normal -1 0 0
    outer loop
      vertex 0 21.1587 13.2592
      vertex 0 29.0197 14.6
      vertex 0 21.2091 13.1106
    endloop
  endfacet
  facet normal -1 0 0
    outer loop
      vertex 0 21.0892 13.4
      vertex 0 29.0197 14.6
      vertex 0 21.1587 13.2592
    endloop
  endfacet
  facet normal -1 0 0
    outer loop
      vertex 0 21.002 13.5305
      vertex 0 29.0197 14.6
      vertex 0 21.0892 13.4
    endloop
  endfacet
  facet normal -1 0 0
    outer loop
      vertex 0 20.8985 13.6485
      vertex 0 29.0197 14.6
      vertex 0 21.002 13.5305
    endloop
  endfacet
  facet normal -1 0 0
    outer loop
      vertex 0 20.7805 13.752
      vertex 0 29.0197 14.6
      vertex 0 20.8985 13.6485
    endloop
  endfacet
  facet normal -1 0 0
    outer loop
      vertex 0 20.65 13.8392
      vertex 0 29.0197 14.6
      vertex 0 20.7805 13.752
    endloop
  endfacet
  facet normal -1 0 0
    outer loop
      vertex 0 20.5092 13.9087
      vertex 0 29.0197 14.6
      vertex 0 20.65 13.8392
    endloop
  endfacet
  facet normal -1 0 0
    outer loop
      vertex 0 20.3606 13.9591
      vertex 0 29.0197 14.6
      vertex 0 20.5092 13.9087
    endloop
  endfacet
  facet normal -1 0 0
    outer loop
      vertex 0 20.2066 13.9897
      vertex 0 29.0197 14.6
      vertex 0 20.3606 13.9591
    endloop
  endfacet
  facet normal -1 0 0
    outer loop
      vertex 0 20.05 14
      vertex 0 29.0197 14.6
      vertex 0 20.2066 13.9897
    endloop
  endfacet
  facet normal -1 0 0
    outer loop
      vertex 0 12.65 14
      vertex 0 29.0197 14.6
      vertex 0 20.05 14
    endloop
  endfacet
  facet normal -1 0 0
    outer loop
      vertex 0 11.45 11
      vertex 0 3.68034 14.6
      vertex 0 11.45 12.8
    endloop
  endfacet
  facet normal -1 0 0
    outer loop
      vertex 0 11.45 12.8
      vertex 0 3.68034 14.6
      vertex 0 11.4603 12.9566
    endloop
  endfacet
  facet normal -1 0 0
    outer loop
      vertex 0 11.4603 12.9566
      vertex 0 3.68034 14.6
      vertex 0 11.4909 13.1106
    endloop
  endfacet
  facet normal -1 0 0
    outer loop
      vertex 0 11.4909 13.1106
      vertex 0 3.68034 14.6
      vertex 0 11.5413 13.2592
    endloop
  endfacet
  facet normal -1 0 0
    outer loop
      vertex 0 11.5413 13.2592
      vertex 0 3.68034 14.6
      vertex 0 11.6108 13.4
    endloop
  endfacet
  facet normal -1 0 0
    outer loop
      vertex 0 12.65 14
      vertex 0 3.68034 14.6
      vertex 0 29.0197 14.6
    endloop
  endfacet
  facet normal -1 0 0
    outer loop
      vertex 0 12.4934 13.9897
      vertex 0 3.68034 14.6
      vertex 0 12.65 14
    endloop
  endfacet
  facet normal -1 0 0
    outer loop
      vertex 0 12.3394 13.9591
      vertex 0 3.68034 14.6
      vertex 0 12.4934 13.9897
    endloop
  endfacet
  facet normal -1 0 0
    outer loop
      vertex 0 12.1908 13.9087
      vertex 0 3.68034 14.6
      vertex 0 12.3394 13.9591
    endloop
  endfacet
  facet normal -1 0 0
    outer loop
      vertex 0 12.05 13.8392
      vertex 0 3.68034 14.6
      vertex 0 12.1908 13.9087
    endloop
  endfacet
  facet normal -1 0 0
    outer loop
      vertex 0 11.9195 13.752
      vertex 0 3.68034 14.6
      vertex 0 12.05 13.8392
    endloop
  endfacet
  facet normal -1 0 0
    outer loop
      vertex 0 11.8015 13.6485
      vertex 0 3.68034 14.6
      vertex 0 11.9195 13.752
    endloop
  endfacet
  facet normal -1 0 0
    outer loop
      vertex 0 11.698 13.5305
      vertex 0 3.68034 14.6
      vertex 0 11.8015 13.6485
    endloop
  endfacet
  facet normal -1 0 0
    outer loop
      vertex 0 11.6108 13.4
      vertex 0 3.68034 14.6
      vertex 0 11.698 13.5305
    endloop
  endfacet
  facet normal 0 0 -1
    outer loop
      vertex 3.5637 -1.33528 0
      vertex 3.68034 0 0
      vertex 3.66578 -0.822104 0
    endloop
  endfacet
  facet normal 0 0 -1
    outer loop
      vertex 3.66578 -0.822104 0
      vertex 3.68034 0 0
      vertex 3.7 -0.299999 0
    endloop
  endfacet
  facet normal 0 0 -1
    outer loop
      vertex 3.68034 32.7 0
      vertex 3.66578 33.5221 0
      vertex 3.7 33 0
    endloop
  endfacet
  facet normal 0 0 -1
    outer loop
      vertex 3.68034 0 0
      vertex -2.8 12.35 0
      vertex 3.68034 32.7 0
    endloop
  endfacet
  facet normal -0 0 -1
    outer loop
      vertex 3.68034 0 0
      vertex 3.5637 -1.33528 0
      vertex -3.56365 2 0
    endloop
  endfacet
  facet normal 0 0 -1
    outer loop
      vertex -2.8 20.35 0
      vertex 3.68034 32.7 0
      vertex -2.8 12.35 0
    endloop
  endfacet
  facet normal 0 0 -1
    outer loop
      vertex -3.56365 2 0
      vertex 3.5637 -1.33528 0
      vertex 3.39552 -1.83073 0
    endloop
  endfacet
  facet normal 0 0 -1
    outer loop
      vertex -2.81882 20.6372 0
      vertex 3.68034 32.7 0
      vertex -2.8 20.35 0
    endloop
  endfacet
  facet normal 0 0 -1
    outer loop
      vertex -3.56365 2 0
      vertex 3.39552 -1.83073 0
      vertex 3.1641 -2.3 0
    endloop
  endfacet
  facet normal 0 0 -1
    outer loop
      vertex -2.87496 20.9194 0
      vertex 3.68034 32.7 0
      vertex -2.81882 20.6372 0
    endloop
  endfacet
  facet normal 0 0 -1
    outer loop
      vertex -3.56365 2 0
      vertex 3.1641 -2.3 0
      vertex 2.87341 -2.73505 0
    endloop
  endfacet
  facet normal 0 0 -1
    outer loop
      vertex -2.96747 21.1919 0
      vertex 3.68034 32.7 0
      vertex -2.87496 20.9194 0
    endloop
  endfacet
  facet normal 0 0 -1
    outer loop
      vertex -3.56365 2 0
      vertex 2.87341 -2.73505 0
      vertex 2.52843 -3.12843 0
    endloop
  endfacet
  facet normal 0 0 -1
    outer loop
      vertex -3.09474 21.45 0
      vertex 3.68034 32.7 0
      vertex -2.96747 21.1919 0
    endloop
  endfacet
  facet normal 0 0 -1
    outer loop
      vertex -3.56365 2 0
      vertex 2.52843 -3.12843 0
      vertex 2.13505 -3.47341 0
    endloop
  endfacet
  facet normal 0 0 -1
    outer loop
      vertex -3.25462 21.6893 0
      vertex 3.68034 32.7 0
      vertex -3.09474 21.45 0
    endloop
  endfacet
  facet normal 0 0 -1
    outer loop
      vertex -3.56365 2 0
      vertex 2.13505 -3.47341 0
      vertex 1.7 -3.7641 0
    endloop
  endfacet
  facet normal 0 0 -1
    outer loop
      vertex -3.44437 21.9056 0
      vertex 3.68034 32.7 0
      vertex -3.25462 21.6893 0
    endloop
  endfacet
  facet normal 0 0 -1
    outer loop
      vertex -3.56365 2 0
      vertex 1.7 -3.7641 0
      vertex 1.23073 -3.99552 0
    endloop
  endfacet
  facet normal 0 -0 -1
    outer loop
      vertex 3.5637 34.0353 0
      vertex 3.68034 32.7 0
      vertex -3.56365 30.7 0
    endloop
  endfacet
  facet normal 0 0 -1
    outer loop
      vertex -3.56365 2 0
      vertex 1.23073 -3.99552 0
      vertex 0.735275 -4.1637 0
    endloop
  endfacet
  facet normal 0 0 -1
    outer loop
      vertex 3.68034 32.7 0
      vertex 3.5637 34.0353 0
      vertex 3.66578 33.5221 0
    endloop
  endfacet
  facet normal 0 0 -1
    outer loop
      vertex -3.56365 2 0
      vertex 0.735275 -4.1637 0
      vertex 0.222104 -4.26578 0
    endloop
  endfacet
  facet normal -0 0 -1
    outer loop
      vertex 3.5637 34.0353 0
      vertex -3.56365 30.7 0
      vertex 3.39552 34.5307 0
    endloop
  endfacet
  facet normal 0 0 -1
    outer loop
      vertex -3.56365 2 0
      vertex 0.222104 -4.26578 0
      vertex -0.299999 -4.3 0
    endloop
  endfacet
  facet normal -0 0 -1
    outer loop
      vertex 3.1641 35 0
      vertex -3.56365 30.7 0
      vertex 2.87341 35.435 0
    endloop
  endfacet
  facet normal 0 0 -1
    outer loop
      vertex -3.56365 2 0
      vertex -0.299999 -4.3 0
      vertex -0.822104 -4.26578 0
    endloop
  endfacet
  facet normal -0 0 -1
    outer loop
      vertex 2.87341 35.435 0
      vertex -3.56365 30.7 0
      vertex 2.52843 35.8284 0
    endloop
  endfacet
  facet normal 0 0 -1
    outer loop
      vertex -3.56365 2 0
      vertex -0.822104 -4.26578 0
      vertex -1.33528 -4.1637 0
    endloop
  endfacet
  facet normal -0 0 -1
    outer loop
      vertex 2.52843 35.8284 0
      vertex -3.56365 30.7 0
      vertex 2.13505 36.1734 0
    endloop
  endfacet
  facet normal 0 0 -1
    outer loop
      vertex -3.56365 2 0
      vertex -1.33528 -4.1637 0
      vertex -1.83073 -3.99552 0
    endloop
  endfacet
  facet normal -0 0 -1
    outer loop
      vertex 1.7 36.4641 0
      vertex -3.56365 30.7 0
      vertex 1.23073 36.6955 0
    endloop
  endfacet
  facet normal 0 0 -1
    outer loop
      vertex -3.56365 2 0
      vertex -1.83073 -3.99552 0
      vertex -2.3 -3.7641 0
    endloop
  endfacet
  facet normal -0 0 -1
    outer loop
      vertex 1.23073 36.6955 0
      vertex -3.56365 30.7 0
      vertex 0.735275 36.8637 0
    endloop
  endfacet
  facet normal 0 0 -1
    outer loop
      vertex -3.56365 2 0
      vertex -2.3 -3.7641 0
      vertex -2.73505 -3.47341 0
    endloop
  endfacet
  facet normal -0 0 -1
    outer loop
      vertex 0.735275 36.8637 0
      vertex -3.56365 30.7 0
      vertex 0.222104 36.9658 0
    endloop
  endfacet
  facet normal -0 0 -1
    outer loop
      vertex 0.222104 36.9658 0
      vertex -3.56365 30.7 0
      vertex -0.299999 37 0
    endloop
  endfacet
  facet normal 0 0 -1
    outer loop
      vertex 3.68034 0 0
      vertex -2.81882 12.0628 0
      vertex -2.8 12.35 0
    endloop
  endfacet
  facet normal 0 0 -1
    outer loop
      vertex 3.68034 0 0
      vertex -2.87496 11.7806 0
      vertex -2.81882 12.0628 0
    endloop
  endfacet
  facet normal 0 -0 -1
    outer loop
      vertex -3.44437 10.7944 0
      vertex 3.68034 0 0
      vertex -3.56365 2 0
    endloop
  endfacet
  facet normal 0 0 -1
    outer loop
      vertex 3.68034 0 0
      vertex -2.96747 11.5081 0
      vertex -2.87496 11.7806 0
    endloop
  endfacet
  facet normal 0 0 -1
    outer loop
      vertex -3.56365 2 0
      vertex -2.73505 -3.47341 0
      vertex -3.12843 -3.12843 0
    endloop
  endfacet
  facet normal 0 0 -1
    outer loop
      vertex 3.68034 0 0
      vertex -3.09474 11.25 0
      vertex -2.96747 11.5081 0
    endloop
  endfacet
  facet normal 0 0 -1
    outer loop
      vertex 3.68034 0 0
      vertex -3.25462 11.0107 0
      vertex -3.09474 11.25 0
    endloop
  endfacet
  facet normal 0 0 -1
    outer loop
      vertex -3.56365 2 0
      vertex -3.12843 -3.12843 0
      vertex -3.47341 -2.73505 0
    endloop
  endfacet
  facet normal 0 0 -1
    outer loop
      vertex 3.68034 0 0
      vertex -3.44437 10.7944 0
      vertex -3.25462 11.0107 0
    endloop
  endfacet
  facet normal 0 0 -1
    outer loop
      vertex -3.56365 2 0
      vertex -3.66073 10.6046 0
      vertex -3.44437 10.7944 0
    endloop
  endfacet
  facet normal 0 0 -1
    outer loop
      vertex -3.56365 2 0
      vertex -3.9 10.4447 0
      vertex -3.66073 10.6046 0
    endloop
  endfacet
  facet normal 0 0 -1
    outer loop
      vertex -3.56365 2 0
      vertex -4.1581 10.3175 0
      vertex -3.9 10.4447 0
    endloop
  endfacet
  facet normal 0 0 -1
    outer loop
      vertex -3.56365 2 0
      vertex -4.4306 10.225 0
      vertex -4.1581 10.3175 0
    endloop
  endfacet
  facet normal 0 0 -1
    outer loop
      vertex -3.56365 2 0
      vertex -4.71284 10.1688 0
      vertex -4.4306 10.225 0
    endloop
  endfacet
  facet normal 0 0 -1
    outer loop
      vertex -3.56365 2 0
      vertex -5 10.15 0
      vertex -4.71284 10.1688 0
    endloop
  endfacet
  facet normal 0 0 -1
    outer loop
      vertex -3.56365 2 0
      vertex -5.28716 10.1688 0
      vertex -5 10.15 0
    endloop
  endfacet
  facet normal 0 0 -1
    outer loop
      vertex -8 2 0
      vertex -5.28716 10.1688 0
      vertex -3.56365 2 0
    endloop
  endfacet
  facet normal 0 0 -1
    outer loop
      vertex -10 4 0
      vertex -5.28716 10.1688 0
      vertex -8 2 0
    endloop
  endfacet
  facet normal -0 0 -1
    outer loop
      vertex -5.28716 10.1688 0
      vertex -10 4 0
      vertex -5.5694 10.225 0
    endloop
  endfacet
  facet normal -0 0 -1
    outer loop
      vertex -5.5694 10.225 0
      vertex -10 4 0
      vertex -5.8419 10.3175 0
    endloop
  endfacet
  facet normal -0 0 -1
    outer loop
      vertex -5.8419 10.3175 0
      vertex -10 4 0
      vertex -6.1 10.4447 0
    endloop
  endfacet
  facet normal -0 0 -1
    outer loop
      vertex -6.1 10.4447 0
      vertex -10 4 0
      vertex -6.33928 10.6046 0
    endloop
  endfacet
  facet normal -0 0 -1
    outer loop
      vertex -6.55564 10.7944 0
      vertex -10 4 0
      vertex -6.74538 11.0107 0
    endloop
  endfacet
  facet normal -0 0 -1
    outer loop
      vertex -6.74538 11.0107 0
      vertex -10 4 0
      vertex -6.90526 11.25 0
    endloop
  endfacet
  facet normal -0 0 -1
    outer loop
      vertex -7.18118 12.0628 0
      vertex -10 4 0
      vertex -7.2 12.35 0
    endloop
  endfacet
  facet normal -0 0 -1
    outer loop
      vertex -7.12504 11.7806 0
      vertex -10 4 0
      vertex -7.18118 12.0628 0
    endloop
  endfacet
  facet normal -0 0 -1
    outer loop
      vertex -7.03254 11.5081 0
      vertex -10 4 0
      vertex -7.12504 11.7806 0
    endloop
  endfacet
  facet normal -0 0 -1
    outer loop
      vertex -6.90526 11.25 0
      vertex -10 4 0
      vertex -7.03254 11.5081 0
    endloop
  endfacet
  facet normal -0 0 -1
    outer loop
      vertex -6.33928 10.6046 0
      vertex -10 4 0
      vertex -6.55564 10.7944 0
    endloop
  endfacet
  facet normal 0 0 -1
    outer loop
      vertex -3.7641 -2.3 0
      vertex -3.56365 2 0
      vertex -3.47341 -2.73505 0
    endloop
  endfacet
  facet normal 0 0 -1
    outer loop
      vertex -3.99552 -1.83073 0
      vertex -3.56365 2 0
      vertex -3.7641 -2.3 0
    endloop
  endfacet
  facet normal 0 0 -1
    outer loop
      vertex -3.99552 1.23073 0
      vertex -3.56365 2 0
      vertex -3.99552 -1.83073 0
    endloop
  endfacet
  facet normal 0 0 -1
    outer loop
      vertex -3.56365 2 0
      vertex -3.99552 1.23073 0
      vertex -3.7641 1.7 0
    endloop
  endfacet
  facet normal 0 0 -1
    outer loop
      vertex -4.1637 -1.33528 0
      vertex -3.99552 1.23073 0
      vertex -3.99552 -1.83073 0
    endloop
  endfacet
  facet normal 0 0 -1
    outer loop
      vertex -4.1637 -1.33528 0
      vertex -4.1637 0.735275 0
      vertex -3.99552 1.23073 0
    endloop
  endfacet
  facet normal 0 0 -1
    outer loop
      vertex -4.26578 -0.822104 0
      vertex -4.1637 0.735275 0
      vertex -4.1637 -1.33528 0
    endloop
  endfacet
  facet normal 0 0 -1
    outer loop
      vertex -4.26578 -0.822104 0
      vertex -4.26578 0.222104 0
      vertex -4.1637 0.735275 0
    endloop
  endfacet
  facet normal 0 -0 -1
    outer loop
      vertex -4.26578 0.222104 0
      vertex -4.26578 -0.822104 0
      vertex -4.3 -0.299999 0
    endloop
  endfacet
  facet normal 0 0 -1
    outer loop
      vertex -0.822104 36.9658 0
      vertex -3.56365 30.7 0
      vertex -1.33528 36.8637 0
    endloop
  endfacet
  facet normal 0 0 -1
    outer loop
      vertex -1.33528 36.8637 0
      vertex -3.56365 30.7 0
      vertex -1.83073 36.6955 0
    endloop
  endfacet
  facet normal 0 0 -1
    outer loop
      vertex -1.83073 36.6955 0
      vertex -3.56365 30.7 0
      vertex -2.3 36.4641 0
    endloop
  endfacet
  facet normal 0 0 -1
    outer loop
      vertex -0.299999 37 0
      vertex -3.56365 30.7 0
      vertex -0.822104 36.9658 0
    endloop
  endfacet
  facet normal -0 0 -1
    outer loop
      vertex 2.13505 36.1734 0
      vertex -3.56365 30.7 0
      vertex 1.7 36.4641 0
    endloop
  endfacet
  facet normal 0 0 -1
    outer loop
      vertex -2.3 36.4641 0
      vertex -3.56365 30.7 0
      vertex -2.73505 36.1734 0
    endloop
  endfacet
  facet normal -0 0 -1
    outer loop
      vertex 3.39552 34.5307 0
      vertex -3.56365 30.7 0
      vertex 3.1641 35 0
    endloop
  endfacet
  facet normal 0 0 -1
    outer loop
      vertex 3.68034 32.7 0
      vertex -3.44437 21.9056 0
      vertex -3.56365 30.7 0
    endloop
  endfacet
  facet normal 0 0 -1
    outer loop
      vertex -2.73505 36.1734 0
      vertex -3.56365 30.7 0
      vertex -3.12843 35.8284 0
    endloop
  endfacet
  facet normal 0 0 -1
    outer loop
      vertex -3.12843 35.8284 0
      vertex -3.56365 30.7 0
      vertex -3.47341 35.435 0
    endloop
  endfacet
  facet normal 0 0 -1
    outer loop
      vertex -3.66073 22.0954 0
      vertex -3.56365 30.7 0
      vertex -3.44437 21.9056 0
    endloop
  endfacet
  facet normal 0 0 -1
    outer loop
      vertex -3.9 22.2553 0
      vertex -3.56365 30.7 0
      vertex -3.66073 22.0954 0
    endloop
  endfacet
  facet normal 0 0 -1
    outer loop
      vertex -4.1581 22.3825 0
      vertex -3.56365 30.7 0
      vertex -3.9 22.2553 0
    endloop
  endfacet
  facet normal 0 0 -1
    outer loop
      vertex -4.4306 22.475 0
      vertex -3.56365 30.7 0
      vertex -4.1581 22.3825 0
    endloop
  endfacet
  facet normal 0 0 -1
    outer loop
      vertex -4.71284 22.5312 0
      vertex -3.56365 30.7 0
      vertex -4.4306 22.475 0
    endloop
  endfacet
  facet normal 0 0 -1
    outer loop
      vertex -5 22.55 0
      vertex -3.56365 30.7 0
      vertex -4.71284 22.5312 0
    endloop
  endfacet
  facet normal 0 0 -1
    outer loop
      vertex -5.28716 22.5312 0
      vertex -3.56365 30.7 0
      vertex -5 22.55 0
    endloop
  endfacet
  facet normal 0 0 -1
    outer loop
      vertex -10 28.7 0
      vertex -5.28716 22.5312 0
      vertex -5.5694 22.475 0
    endloop
  endfacet
  facet normal 0 0 -1
    outer loop
      vertex -10 28.7 0
      vertex -5.5694 22.475 0
      vertex -5.8419 22.3825 0
    endloop
  endfacet
  facet normal 0 0 -1
    outer loop
      vertex -10 28.7 0
      vertex -5.8419 22.3825 0
      vertex -6.1 22.2553 0
    endloop
  endfacet
  facet normal 0 0 -1
    outer loop
      vertex -10 28.7 0
      vertex -6.1 22.2553 0
      vertex -6.33928 22.0954 0
    endloop
  endfacet
  facet normal 0 0 -1
    outer loop
      vertex -10 28.7 0
      vertex -6.33928 22.0954 0
      vertex -6.55564 21.9056 0
    endloop
  endfacet
  facet normal 0 0 -1
    outer loop
      vertex -10 28.7 0
      vertex -6.55564 21.9056 0
      vertex -6.74538 21.6893 0
    endloop
  endfacet
  facet normal 0 0 -1
    outer loop
      vertex -10 28.7 0
      vertex -6.74538 21.6893 0
      vertex -6.90526 21.45 0
    endloop
  endfacet
  facet normal 0 0 -1
    outer loop
      vertex -10 28.7 0
      vertex -6.90526 21.45 0
      vertex -7.03254 21.1919 0
    endloop
  endfacet
  facet normal 0 0 -1
    outer loop
      vertex -5.28716 22.5312 0
      vertex -10 28.7 0
      vertex -8 30.7 0
    endloop
  endfacet
  facet normal 0 0 -1
    outer loop
      vertex -10 28.7 0
      vertex -7.03254 21.1919 0
      vertex -7.12504 20.9194 0
    endloop
  endfacet
  facet normal 0 0 -1
    outer loop
      vertex -10 28.7 0
      vertex -7.12504 20.9194 0
      vertex -7.18118 20.6372 0
    endloop
  endfacet
  facet normal 0 0 -1
    outer loop
      vertex -10 28.7 0
      vertex -7.18118 20.6372 0
      vertex -7.2 20.35 0
    endloop
  endfacet
  facet normal -0 0 -1
    outer loop
      vertex -7.2 12.35 0
      vertex -10 4 0
      vertex -7.2 20.35 0
    endloop
  endfacet
  facet normal 0 0 -1
    outer loop
      vertex -10 4 0
      vertex -8 2 0
      vertex -8.26105 2.01711 0
    endloop
  endfacet
  facet normal 0 0 -1
    outer loop
      vertex -10 28.7 0
      vertex -7.2 20.35 0
      vertex -10 4 0
    endloop
  endfacet
  facet normal 0 0 -1
    outer loop
      vertex -10 4 0
      vertex -8.26105 2.01711 0
      vertex -8.51764 2.06815 0
    endloop
  endfacet
  facet normal 0 0 -1
    outer loop
      vertex -5.28716 22.5312 0
      vertex -8 30.7 0
      vertex -3.56365 30.7 0
    endloop
  endfacet
  facet normal 0 0 -1
    outer loop
      vertex -10 4 0
      vertex -8.51764 2.06815 0
      vertex -8.76537 2.15224 0
    endloop
  endfacet
  facet normal 0 0 -1
    outer loop
      vertex -8 30.7 0
      vertex -10 28.7 0
      vertex -8.26105 30.6829 0
    endloop
  endfacet
  facet normal 0 0 -1
    outer loop
      vertex -10 4 0
      vertex -8.76537 2.15224 0
      vertex -9 2.26795 0
    endloop
  endfacet
  facet normal 0 0 -1
    outer loop
      vertex -8.26105 30.6829 0
      vertex -10 28.7 0
      vertex -8.51764 30.6319 0
    endloop
  endfacet
  facet normal 0 0 -1
    outer loop
      vertex -10 4 0
      vertex -9 2.26795 0
      vertex -9.21752 2.41329 0
    endloop
  endfacet
  facet normal 0 0 -1
    outer loop
      vertex -8.51764 30.6319 0
      vertex -10 28.7 0
      vertex -8.76537 30.5478 0
    endloop
  endfacet
  facet normal 0 0 -1
    outer loop
      vertex -10 4 0
      vertex -9.21752 2.41329 0
      vertex -9.41421 2.58579 0
    endloop
  endfacet
  facet normal 0 0 -1
    outer loop
      vertex -8.76537 30.5478 0
      vertex -10 28.7 0
      vertex -9 30.4321 0
    endloop
  endfacet
  facet normal 0 0 -1
    outer loop
      vertex -10 4 0
      vertex -9.41421 2.58579 0
      vertex -9.58671 2.78248 0
    endloop
  endfacet
  facet normal 0 0 -1
    outer loop
      vertex -9 30.4321 0
      vertex -10 28.7 0
      vertex -9.21752 30.2867 0
    endloop
  endfacet
  facet normal 0 0 -1
    outer loop
      vertex -10 4 0
      vertex -9.58671 2.78248 0
      vertex -9.73205 3 0
    endloop
  endfacet
  facet normal 0 0 -1
    outer loop
      vertex -9.21752 30.2867 0
      vertex -10 28.7 0
      vertex -9.41421 30.1142 0
    endloop
  endfacet
  facet normal 0 0 -1
    outer loop
      vertex -10 4 0
      vertex -9.73205 3 0
      vertex -9.84776 3.23463 0
    endloop
  endfacet
  facet normal 0 0 -1
    outer loop
      vertex -9.41421 30.1142 0
      vertex -10 28.7 0
      vertex -9.58671 29.9175 0
    endloop
  endfacet
  facet normal 0 0 -1
    outer loop
      vertex -10 4 0
      vertex -9.84776 3.23463 0
      vertex -9.93185 3.48236 0
    endloop
  endfacet
  facet normal 0 0 -1
    outer loop
      vertex -9.58671 29.9175 0
      vertex -10 28.7 0
      vertex -9.73205 29.7 0
    endloop
  endfacet
  facet normal 0 0 -1
    outer loop
      vertex -10 4 0
      vertex -9.93185 3.48236 0
      vertex -9.98289 3.73895 0
    endloop
  endfacet
  facet normal 0 0 -1
    outer loop
      vertex -9.73205 29.7 0
      vertex -10 28.7 0
      vertex -9.84776 29.4654 0
    endloop
  endfacet
  facet normal 0 0 -1
    outer loop
      vertex -9.84776 29.4654 0
      vertex -10 28.7 0
      vertex -9.93185 29.2176 0
    endloop
  endfacet
  facet normal 0 0 -1
    outer loop
      vertex -9.93185 29.2176 0
      vertex -10 28.7 0
      vertex -9.98289 28.9611 0
    endloop
  endfacet
  facet normal 0 0 -1
    outer loop
      vertex -3.99552 31.4693 0
      vertex -3.56365 30.7 0
      vertex -3.7641 31 0
    endloop
  endfacet
  facet normal 0 0 -1
    outer loop
      vertex -3.56365 30.7 0
      vertex -3.7641 35 0
      vertex -3.47341 35.435 0
    endloop
  endfacet
  facet normal 0 0 -1
    outer loop
      vertex -3.56365 30.7 0
      vertex -3.99552 31.4693 0
      vertex -3.7641 35 0
    endloop
  endfacet
  facet normal 0 0 -1
    outer loop
      vertex -3.99552 31.4693 0
      vertex -3.99552 34.5307 0
      vertex -3.7641 35 0
    endloop
  endfacet
  facet normal 0 0 -1
    outer loop
      vertex -4.1637 31.9647 0
      vertex -3.99552 34.5307 0
      vertex -3.99552 31.4693 0
    endloop
  endfacet
  facet normal 0 0 -1
    outer loop
      vertex -4.1637 31.9647 0
      vertex -4.1637 34.0353 0
      vertex -3.99552 34.5307 0
    endloop
  endfacet
  facet normal 0 0 -1
    outer loop
      vertex -4.26578 32.4779 0
      vertex -4.1637 34.0353 0
      vertex -4.1637 31.9647 0
    endloop
  endfacet
  facet normal 0 0 -1
    outer loop
      vertex -4.26578 32.4779 0
      vertex -4.26578 33.5221 0
      vertex -4.1637 34.0353 0
    endloop
  endfacet
  facet normal 0 -0 -1
    outer loop
      vertex -4.26578 33.5221 0
      vertex -4.26578 32.4779 0
      vertex -4.3 33 0
    endloop
  endfacet
  facet normal 0 0 -1
    outer loop
      vertex 92.4 2 0
      vertex 94.4 4 0
      vertex 94.3829 3.73895 0
    endloop
  endfacet
  facet normal 0 0 -1
    outer loop
      vertex 94.4 4 0
      vertex 91.6 12.35 0
      vertex 94.4 28.7 0
    endloop
  endfacet
  facet normal 0 0 -1
    outer loop
      vertex 92.4 2 0
      vertex 94.3829 3.73895 0
      vertex 94.3318 3.48236 0
    endloop
  endfacet
  facet normal 0 0 -1
    outer loop
      vertex 91.6 20.35 0
      vertex 94.4 28.7 0
      vertex 91.6 12.35 0
    endloop
  endfacet
  facet normal 0 0 -1
    outer loop
      vertex 92.4 2 0
      vertex 94.3318 3.48236 0
      vertex 94.2478 3.23463 0
    endloop
  endfacet
  facet normal 0 0 -1
    outer loop
      vertex 91.5812 20.6372 0
      vertex 94.4 28.7 0
      vertex 91.6 20.35 0
    endloop
  endfacet
  facet normal 0 0 -1
    outer loop
      vertex 92.4 2 0
      vertex 94.2478 3.23463 0
      vertex 94.132 3 0
    endloop
  endfacet
  facet normal 0 0 -1
    outer loop
      vertex 91.525 20.9194 0
      vertex 94.4 28.7 0
      vertex 91.5812 20.6372 0
    endloop
  endfacet
  facet normal 0 0 -1
    outer loop
      vertex 92.4 2 0
      vertex 94.132 3 0
      vertex 93.9867 2.78248 0
    endloop
  endfacet
  facet normal 0 0 -1
    outer loop
      vertex 91.4325 21.1919 0
      vertex 94.4 28.7 0
      vertex 91.525 20.9194 0
    endloop
  endfacet
  facet normal 0 0 -1
    outer loop
      vertex 92.4 2 0
      vertex 93.9867 2.78248 0
      vertex 93.8142 2.58579 0
    endloop
  endfacet
  facet normal 0 0 -1
    outer loop
      vertex 91.3053 21.45 0
      vertex 94.4 28.7 0
      vertex 91.4325 21.1919 0
    endloop
  endfacet
  facet normal 0 0 -1
    outer loop
      vertex 92.4 2 0
      vertex 93.8142 2.58579 0
      vertex 93.6175 2.41329 0
    endloop
  endfacet
  facet normal 0 0 -1
    outer loop
      vertex 91.1454 21.6893 0
      vertex 94.4 28.7 0
      vertex 91.3053 21.45 0
    endloop
  endfacet
  facet normal 0 0 -1
    outer loop
      vertex 92.4 2 0
      vertex 93.6175 2.41329 0
      vertex 93.4 2.26795 0
    endloop
  endfacet
  facet normal 0 0 -1
    outer loop
      vertex 90.9556 21.9056 0
      vertex 94.4 28.7 0
      vertex 91.1454 21.6893 0
    endloop
  endfacet
  facet normal 0 0 -1
    outer loop
      vertex 92.4 2 0
      vertex 93.4 2.26795 0
      vertex 93.1654 2.15224 0
    endloop
  endfacet
  facet normal 0 0 -1
    outer loop
      vertex 90.7393 22.0954 0
      vertex 94.4 28.7 0
      vertex 90.9556 21.9056 0
    endloop
  endfacet
  facet normal 0 0 -1
    outer loop
      vertex 92.4 2 0
      vertex 93.1654 2.15224 0
      vertex 92.9176 2.06815 0
    endloop
  endfacet
  facet normal 0 0 -1
    outer loop
      vertex 90.5 22.2553 0
      vertex 94.4 28.7 0
      vertex 90.7393 22.0954 0
    endloop
  endfacet
  facet normal 0 0 -1
    outer loop
      vertex 92.4 2 0
      vertex 92.9176 2.06815 0
      vertex 92.661 2.01711 0
    endloop
  endfacet
  facet normal 0 0 -1
    outer loop
      vertex 90.2419 22.3825 0
      vertex 94.4 28.7 0
      vertex 90.5 22.2553 0
    endloop
  endfacet
  facet normal 0 0 -1
    outer loop
      vertex 89.6872 10.1688 0
      vertex 94.4 4 0
      vertex 92.4 2 0
    endloop
  endfacet
  facet normal 0 0 -1
    outer loop
      vertex 89.9694 22.475 0
      vertex 94.4 28.7 0
      vertex 90.2419 22.3825 0
    endloop
  endfacet
  facet normal 0 0 -1
    outer loop
      vertex 89.6872 22.5312 0
      vertex 94.4 28.7 0
      vertex 89.9694 22.475 0
    endloop
  endfacet
  facet normal 0 0 -1
    outer loop
      vertex 94.4 4 0
      vertex 91.5812 12.0628 0
      vertex 91.6 12.35 0
    endloop
  endfacet
  facet normal 0 0 -1
    outer loop
      vertex 94.4 4 0
      vertex 91.525 11.7806 0
      vertex 91.5812 12.0628 0
    endloop
  endfacet
  facet normal 0 0 -1
    outer loop
      vertex 94.4 4 0
      vertex 91.4325 11.5081 0
      vertex 91.525 11.7806 0
    endloop
  endfacet
  facet normal 0 0 -1
    outer loop
      vertex 94.4 4 0
      vertex 91.3053 11.25 0
      vertex 91.4325 11.5081 0
    endloop
  endfacet
  facet normal 0 0 -1
    outer loop
      vertex 94.4 4 0
      vertex 91.1454 11.0107 0
      vertex 91.3053 11.25 0
    endloop
  endfacet
  facet normal 0 0 -1
    outer loop
      vertex 94.4 4 0
      vertex 90.9556 10.7944 0
      vertex 91.1454 11.0107 0
    endloop
  endfacet
  facet normal 0 0 -1
    outer loop
      vertex 94.4 4 0
      vertex 90.7393 10.6046 0
      vertex 90.9556 10.7944 0
    endloop
  endfacet
  facet normal 0 0 -1
    outer loop
      vertex 94.4 4 0
      vertex 90.5 10.4447 0
      vertex 90.7393 10.6046 0
    endloop
  endfacet
  facet normal 0 0 -1
    outer loop
      vertex 94.4 4 0
      vertex 90.2419 10.3175 0
      vertex 90.5 10.4447 0
    endloop
  endfacet
  facet normal 0 0 -1
    outer loop
      vertex 94.4 4 0
      vertex 89.9694 10.225 0
      vertex 90.2419 10.3175 0
    endloop
  endfacet
  facet normal 0 0 -1
    outer loop
      vertex 94.4 4 0
      vertex 89.6872 10.1688 0
      vertex 89.9694 10.225 0
    endloop
  endfacet
  facet normal 0 0 -1
    outer loop
      vertex 92.4 2 0
      vertex 89.4 10.15 0
      vertex 89.6872 10.1688 0
    endloop
  endfacet
  facet normal 0 0 -1
    outer loop
      vertex 92.4 2 0
      vertex 89.1128 10.1688 0
      vertex 89.4 10.15 0
    endloop
  endfacet
  facet normal 0 0 -1
    outer loop
      vertex 84.4 2 0
      vertex 89.1128 10.1688 0
      vertex 92.4 2 0
    endloop
  endfacet
  facet normal -0 0 -1
    outer loop
      vertex 89.1128 10.1688 0
      vertex 84.4 2 0
      vertex 88.8306 10.225 0
    endloop
  endfacet
  facet normal -0 0 -1
    outer loop
      vertex 88.8306 10.225 0
      vertex 84.4 2 0
      vertex 88.5581 10.3175 0
    endloop
  endfacet
  facet normal -0 0 -1
    outer loop
      vertex 88.5581 10.3175 0
      vertex 84.4 2 0
      vertex 88.3 10.4447 0
    endloop
  endfacet
  facet normal -0 0 -1
    outer loop
      vertex 88.3 10.4447 0
      vertex 84.4 2 0
      vertex 88.0607 10.6046 0
    endloop
  endfacet
  facet normal -0 0 -1
    outer loop
      vertex 88.0607 10.6046 0
      vertex 84.4 2 0
      vertex 87.8444 10.7944 0
    endloop
  endfacet
  facet normal -0 0 -1
    outer loop
      vertex 87.8444 10.7944 0
      vertex 84.4 2 0
      vertex 87.6546 11.0107 0
    endloop
  endfacet
  facet normal -0 0 -1
    outer loop
      vertex 87.2188 12.0628 0
      vertex 82.4 0 0
      vertex 87.2 12.35 0
    endloop
  endfacet
  facet normal 0 0 -1
    outer loop
      vertex 82.4 0 0
      vertex 87.2188 12.0628 0
      vertex 84.4 2 0
    endloop
  endfacet
  facet normal -0 0 -1
    outer loop
      vertex 87.275 11.7806 0
      vertex 84.4 2 0
      vertex 87.2188 12.0628 0
    endloop
  endfacet
  facet normal -0 0 -1
    outer loop
      vertex 87.3675 11.5081 0
      vertex 84.4 2 0
      vertex 87.275 11.7806 0
    endloop
  endfacet
  facet normal -0 0 -1
    outer loop
      vertex 87.4947 11.25 0
      vertex 84.4 2 0
      vertex 87.3675 11.5081 0
    endloop
  endfacet
  facet normal -0 0 -1
    outer loop
      vertex 87.6546 11.0107 0
      vertex 84.4 2 0
      vertex 87.4947 11.25 0
    endloop
  endfacet
  facet normal 0 0 -1
    outer loop
      vertex 94.4 28.7 0
      vertex 92.4 30.7 0
      vertex 94.3829 28.9611 0
    endloop
  endfacet
  facet normal 0 0 -1
    outer loop
      vertex 94.3829 28.9611 0
      vertex 92.4 30.7 0
      vertex 94.3318 29.2176 0
    endloop
  endfacet
  facet normal 0 0 -1
    outer loop
      vertex 94.3318 29.2176 0
      vertex 92.4 30.7 0
      vertex 94.2478 29.4654 0
    endloop
  endfacet
  facet normal 0 0 -1
    outer loop
      vertex 94.2478 29.4654 0
      vertex 92.4 30.7 0
      vertex 94.132 29.7 0
    endloop
  endfacet
  facet normal 0 0 -1
    outer loop
      vertex 93.9867 29.9175 0
      vertex 92.4 30.7 0
      vertex 93.8142 30.1142 0
    endloop
  endfacet
  facet normal 0 0 -1
    outer loop
      vertex 93.8142 30.1142 0
      vertex 92.4 30.7 0
      vertex 93.6175 30.2867 0
    endloop
  endfacet
  facet normal 0 0 -1
    outer loop
      vertex 93.6175 30.2867 0
      vertex 92.4 30.7 0
      vertex 93.4 30.4321 0
    endloop
  endfacet
  facet normal 0 0 -1
    outer loop
      vertex 93.4 30.4321 0
      vertex 92.4 30.7 0
      vertex 93.1654 30.5478 0
    endloop
  endfacet
  facet normal 0 0 -1
    outer loop
      vertex 93.1654 30.5478 0
      vertex 92.4 30.7 0
      vertex 92.9176 30.6319 0
    endloop
  endfacet
  facet normal 0 0 -1
    outer loop
      vertex 92.9176 30.6319 0
      vertex 92.4 30.7 0
      vertex 92.661 30.6829 0
    endloop
  endfacet
  facet normal 0 0 -1
    outer loop
      vertex 94.132 29.7 0
      vertex 92.4 30.7 0
      vertex 93.9867 29.9175 0
    endloop
  endfacet
  facet normal -0 0 -1
    outer loop
      vertex 94.4 28.7 0
      vertex 89.6872 22.5312 0
      vertex 92.4 30.7 0
    endloop
  endfacet
  facet normal 0 0 -1
    outer loop
      vertex 89.4 22.55 0
      vertex 92.4 30.7 0
      vertex 89.6872 22.5312 0
    endloop
  endfacet
  facet normal 0 0 -1
    outer loop
      vertex 89.1128 22.5312 0
      vertex 92.4 30.7 0
      vertex 89.4 22.55 0
    endloop
  endfacet
  facet normal 0 0 -1
    outer loop
      vertex 84.4 30.7 0
      vertex 89.1128 22.5312 0
      vertex 88.8306 22.475 0
    endloop
  endfacet
  facet normal 0 0 -1
    outer loop
      vertex 84.4 30.7 0
      vertex 88.8306 22.475 0
      vertex 88.5581 22.3825 0
    endloop
  endfacet
  facet normal 0 0 -1
    outer loop
      vertex 84.4 30.7 0
      vertex 88.5581 22.3825 0
      vertex 88.3 22.2553 0
    endloop
  endfacet
  facet normal 0 0 -1
    outer loop
      vertex 84.4 30.7 0
      vertex 88.3 22.2553 0
      vertex 88.0607 22.0954 0
    endloop
  endfacet
  facet normal 0 0 -1
    outer loop
      vertex 84.4 30.7 0
      vertex 88.0607 22.0954 0
      vertex 87.8444 21.9056 0
    endloop
  endfacet
  facet normal 0 0 -1
    outer loop
      vertex 84.4 30.7 0
      vertex 87.8444 21.9056 0
      vertex 87.6546 21.6893 0
    endloop
  endfacet
  facet normal 0 0 -1
    outer loop
      vertex 84.4 30.7 0
      vertex 87.6546 21.6893 0
      vertex 87.4947 21.45 0
    endloop
  endfacet
  facet normal -0 0 -1
    outer loop
      vertex 87.2 12.35 0
      vertex 82.4 0 0
      vertex 87.2 20.35 0
    endloop
  endfacet
  facet normal 0 0 -1
    outer loop
      vertex 89.1128 22.5312 0
      vertex 84.4 30.7 0
      vertex 92.4 30.7 0
    endloop
  endfacet
  facet normal 0 0 -1
    outer loop
      vertex 87.3675 21.1919 0
      vertex 84.4 30.7 0
      vertex 87.4947 21.45 0
    endloop
  endfacet
  facet normal 0 0 -1
    outer loop
      vertex 87.275 20.9194 0
      vertex 84.4 30.7 0
      vertex 87.3675 21.1919 0
    endloop
  endfacet
  facet normal 0 0 -1
    outer loop
      vertex 87.2188 20.6372 0
      vertex 84.4 30.7 0
      vertex 87.275 20.9194 0
    endloop
  endfacet
  facet normal 0 0 -1
    outer loop
      vertex 82.4 32.7 0
      vertex 87.2 20.35 0
      vertex 82.4 0 0
    endloop
  endfacet
  facet normal 0 0 -1
    outer loop
      vertex 82.4 0 0
      vertex 84.4 2 0
      vertex 84.3829 1.73895 0
    endloop
  endfacet
  facet normal 0 0 -1
    outer loop
      vertex 87.2 20.35 0
      vertex 82.4 32.7 0
      vertex 87.2188 20.6372 0
    endloop
  endfacet
  facet normal 0 0 -1
    outer loop
      vertex 82.4 0 0
      vertex 84.3829 1.73895 0
      vertex 84.3318 1.48236 0
    endloop
  endfacet
  facet normal 0 0 -1
    outer loop
      vertex 87.2188 20.6372 0
      vertex 82.4 32.7 0
      vertex 84.4 30.7 0
    endloop
  endfacet
  facet normal 0 0 -1
    outer loop
      vertex 82.4 0 0
      vertex 84.3318 1.48236 0
      vertex 84.2478 1.23463 0
    endloop
  endfacet
  facet normal 0 0 -1
    outer loop
      vertex 84.4 30.7 0
      vertex 82.4 32.7 0
      vertex 84.3829 30.9611 0
    endloop
  endfacet
  facet normal 0 0 -1
    outer loop
      vertex 82.4 0 0
      vertex 84.2478 1.23463 0
      vertex 84.132 1 0
    endloop
  endfacet
  facet normal 0 0 -1
    outer loop
      vertex 84.3829 30.9611 0
      vertex 82.4 32.7 0
      vertex 84.3318 31.2176 0
    endloop
  endfacet
  facet normal 0 0 -1
    outer loop
      vertex 82.4 0 0
      vertex 84.132 1 0
      vertex 83.9867 0.782476 0
    endloop
  endfacet
  facet normal 0 0 -1
    outer loop
      vertex 84.3318 31.2176 0
      vertex 82.4 32.7 0
      vertex 84.2478 31.4654 0
    endloop
  endfacet
  facet normal 0 0 -1
    outer loop
      vertex 82.4 0 0
      vertex 83.9867 0.782476 0
      vertex 83.8142 0.585786 0
    endloop
  endfacet
  facet normal 0 0 -1
    outer loop
      vertex 84.2478 31.4654 0
      vertex 82.4 32.7 0
      vertex 84.132 31.7 0
    endloop
  endfacet
  facet normal 0 0 -1
    outer loop
      vertex 82.4 0 0
      vertex 83.8142 0.585786 0
      vertex 83.6175 0.413293 0
    endloop
  endfacet
  facet normal 0 0 -1
    outer loop
      vertex 84.132 31.7 0
      vertex 82.4 32.7 0
      vertex 83.9867 31.9175 0
    endloop
  endfacet
  facet normal 0 0 -1
    outer loop
      vertex 82.4 0 0
      vertex 83.6175 0.413293 0
      vertex 83.4 0.267949 0
    endloop
  endfacet
  facet normal 0 0 -1
    outer loop
      vertex 83.9867 31.9175 0
      vertex 82.4 32.7 0
      vertex 83.8142 32.1142 0
    endloop
  endfacet
  facet normal 0 0 -1
    outer loop
      vertex 82.4 0 0
      vertex 83.4 0.267949 0
      vertex 83.1654 0.152241 0
    endloop
  endfacet
  facet normal 0 0 -1
    outer loop
      vertex 83.8142 32.1142 0
      vertex 82.4 32.7 0
      vertex 83.6175 32.2867 0
    endloop
  endfacet
  facet normal 0 0 -1
    outer loop
      vertex 82.4 0 0
      vertex 83.1654 0.152241 0
      vertex 82.9176 0.0681477 0
    endloop
  endfacet
  facet normal 0 0 -1
    outer loop
      vertex 83.6175 32.2867 0
      vertex 82.4 32.7 0
      vertex 83.4 32.4321 0
    endloop
  endfacet
  facet normal 0 0 -1
    outer loop
      vertex 82.4 0 0
      vertex 82.9176 0.0681477 0
      vertex 82.661 0.0171099 0
    endloop
  endfacet
  facet normal 0 0 -1
    outer loop
      vertex 83.4 32.4321 0
      vertex 82.4 32.7 0
      vertex 83.1654 32.5478 0
    endloop
  endfacet
  facet normal 0 0 -1
    outer loop
      vertex 83.1654 32.5478 0
      vertex 82.4 32.7 0
      vertex 82.9176 32.6319 0
    endloop
  endfacet
  facet normal 0 0 -1
    outer loop
      vertex 82.9176 32.6319 0
      vertex 82.4 32.7 0
      vertex 82.661 32.6829 0
    endloop
  endfacet
  facet normal 0 0 -1
    outer loop
      vertex 3.68034 0 0
      vertex 82.4 32.7 0
      vertex 82.4 0 0
    endloop
  endfacet
  facet normal -0 0 -1
    outer loop
      vertex 82.4 32.7 0
      vertex 3.68034 0 0
      vertex 3.68034 32.7 0
    endloop
  endfacet
  facet normal 0.997862 0.0653521 -0
    outer loop
      vertex 84.4 30.7 3
      vertex 84.3829 30.9611 14.6
      vertex 84.4 30.7 14.6
    endloop
  endfacet
  facet normal 0.997862 0.0653521 0
    outer loop
      vertex 84.3829 30.9611 14.6
      vertex 84.4 30.7 3
      vertex 84.3829 30.9611 0
    endloop
  endfacet
  facet normal 0.997862 0.0653521 0
    outer loop
      vertex 84.3829 30.9611 0
      vertex 84.4 30.7 3
      vertex 84.4 30.7 0
    endloop
  endfacet
  facet normal 0 -1 0
    outer loop
      vertex 38.4 0 10.6
      vertex 42.4 0 12.4
      vertex 38.4 0 12.4
    endloop
  endfacet
  facet normal 0 -1 -0
    outer loop
      vertex 42.4 0 12.4
      vertex 38.4 0 10.6
      vertex 42.4 0 10.6
    endloop
  endfacet
  facet normal 0 -1 0
    outer loop
      vertex 31.4 0 10.6
      vertex 35.4 0 12.4
      vertex 31.4 0 12.4
    endloop
  endfacet
  facet normal 0 -1 -0
    outer loop
      vertex 35.4 0 12.4
      vertex 31.4 0 10.6
      vertex 35.4 0 10.6
    endloop
  endfacet
  facet normal 0 -1 0
    outer loop
      vertex 24.4 0 10.6
      vertex 28.4 0 12.4
      vertex 24.4 0 12.4
    endloop
  endfacet
  facet normal 0 -1 -0
    outer loop
      vertex 28.4 0 12.4
      vertex 24.4 0 10.6
      vertex 28.4 0 10.6
    endloop
  endfacet
  facet normal 0 -1 0
    outer loop
      vertex 24.4 0 12.4
      vertex 3.68034 0 14.6
      vertex 21.4 0 12.4
    endloop
  endfacet
  facet normal 0 -1 0
    outer loop
      vertex 3.68034 0 14.6
      vertex 21.4 0 10.6
      vertex 21.4 0 12.4
    endloop
  endfacet
  facet normal 0 -1 0
    outer loop
      vertex 3.68034 0 0
      vertex 24.4 0 10.6
      vertex 21.4 0 10.6
    endloop
  endfacet
  facet normal 0 -1 -0
    outer loop
      vertex 24.4 0 10.6
      vertex 3.68034 0 0
      vertex 28.4 0 10.6
    endloop
  endfacet
  facet normal 0 -1 -0
    outer loop
      vertex 28.4 0 10.6
      vertex 3.68034 0 0
      vertex 31.4 0 10.6
    endloop
  endfacet
  facet normal 0 -1 -0
    outer loop
      vertex 31.4 0 10.6
      vertex 3.68034 0 0
      vertex 35.4 0 10.6
    endloop
  endfacet
  facet normal 0 -1 -0
    outer loop
      vertex 35.4 0 10.6
      vertex 3.68034 0 0
      vertex 38.4 0 10.6
    endloop
  endfacet
  facet normal 0 -1 -0
    outer loop
      vertex 38.4 0 10.6
      vertex 3.68034 0 0
      vertex 42.4 0 10.6
    endloop
  endfacet
  facet normal 0 -1 0
    outer loop
      vertex 82.4 0 0
      vertex 42.4 0 10.6
      vertex 3.68034 0 0
    endloop
  endfacet
  facet normal 0 -1 0
    outer loop
      vertex 3.68034 0 0
      vertex 21.4 0 10.6
      vertex 3.68034 0 14.6
    endloop
  endfacet
  facet normal 0 -1 0
    outer loop
      vertex 28.4 0 12.4
      vertex 3.68034 0 14.6
      vertex 24.4 0 12.4
    endloop
  endfacet
  facet normal 0 -1 0
    outer loop
      vertex 31.4 0 12.4
      vertex 3.68034 0 14.6
      vertex 28.4 0 12.4
    endloop
  endfacet
  facet normal 0 -1 0
    outer loop
      vertex 35.4 0 12.4
      vertex 3.68034 0 14.6
      vertex 31.4 0 12.4
    endloop
  endfacet
  facet normal 0 -1 0
    outer loop
      vertex 38.4 0 12.4
      vertex 3.68034 0 14.6
      vertex 35.4 0 12.4
    endloop
  endfacet
  facet normal 0 -1 0
    outer loop
      vertex 3.68034 0 14.6
      vertex 38.4 0 12.4
      vertex 82.4 0 14.6
    endloop
  endfacet
  facet normal 0 -1 0
    outer loop
      vertex 42.4 0 12.4
      vertex 82.4 0 14.6
      vertex 38.4 0 12.4
    endloop
  endfacet
  facet normal 0 -1 0
    outer loop
      vertex 45.4 0 12.4
      vertex 82.4 0 14.6
      vertex 42.4 0 12.4
    endloop
  endfacet
  facet normal 0 -1 0
    outer loop
      vertex 45.4 0 10.6
      vertex 82.4 0 14.6
      vertex 45.4 0 12.4
    endloop
  endfacet
  facet normal 0 -1 0
    outer loop
      vertex 42.4 0 10.6
      vertex 82.4 0 0
      vertex 45.4 0 10.6
    endloop
  endfacet
  facet normal 0 -1 0
    outer loop
      vertex 45.4 0 10.6
      vertex 82.4 0 0
      vertex 82.4 0 14.6
    endloop
  endfacet
  facet normal 0 1 -0
    outer loop
      vertex 28.4 32.7 10.6
      vertex 24.4 32.7 12.4
      vertex 28.4 32.7 12.4
    endloop
  endfacet
  facet normal 0 1 0
    outer loop
      vertex 24.4 32.7 12.4
      vertex 28.4 32.7 10.6
      vertex 24.4 32.7 10.6
    endloop
  endfacet
  facet normal 0 1 -0
    outer loop
      vertex 35.4 32.7 10.6
      vertex 31.4 32.7 12.4
      vertex 35.4 32.7 12.4
    endloop
  endfacet
  facet normal 0 1 0
    outer loop
      vertex 31.4 32.7 12.4
      vertex 35.4 32.7 10.6
      vertex 31.4 32.7 10.6
    endloop
  endfacet
  facet normal 0 1 -0
    outer loop
      vertex 42.4 32.7 10.6
      vertex 38.4 32.7 12.4
      vertex 42.4 32.7 12.4
    endloop
  endfacet
  facet normal 0 1 0
    outer loop
      vertex 38.4 32.7 12.4
      vertex 42.4 32.7 10.6
      vertex 38.4 32.7 10.6
    endloop
  endfacet
  facet normal 0 1 0
    outer loop
      vertex 82.4 32.7 14.6
      vertex 45.4 32.7 12.4
      vertex 3.68034 32.7 14.6
    endloop
  endfacet
  facet normal 0 1 0
    outer loop
      vertex 82.4 32.7 14.6
      vertex 45.4 32.7 10.6
      vertex 45.4 32.7 12.4
    endloop
  endfacet
  facet normal 0 1 0
    outer loop
      vertex 82.4 32.7 0
      vertex 42.4 32.7 10.6
      vertex 45.4 32.7 10.6
    endloop
  endfacet
  facet normal 0 1 0
    outer loop
      vertex 42.4 32.7 10.6
      vertex 3.68034 32.7 0
      vertex 38.4 32.7 10.6
    endloop
  endfacet
  facet normal 0 1 0
    outer loop
      vertex 38.4 32.7 10.6
      vertex 3.68034 32.7 0
      vertex 35.4 32.7 10.6
    endloop
  endfacet
  facet normal 0 1 0
    outer loop
      vertex 35.4 32.7 10.6
      vertex 3.68034 32.7 0
      vertex 31.4 32.7 10.6
    endloop
  endfacet
  facet normal 0 1 0
    outer loop
      vertex 31.4 32.7 10.6
      vertex 3.68034 32.7 0
      vertex 28.4 32.7 10.6
    endloop
  endfacet
  facet normal 0 1 0
    outer loop
      vertex 28.4 32.7 10.6
      vertex 3.68034 32.7 0
      vertex 24.4 32.7 10.6
    endloop
  endfacet
  facet normal 0 1 0
    outer loop
      vertex 42.4 32.7 10.6
      vertex 82.4 32.7 0
      vertex 3.68034 32.7 0
    endloop
  endfacet
  facet normal 0 1 -0
    outer loop
      vertex 82.4 32.7 0
      vertex 45.4 32.7 10.6
      vertex 82.4 32.7 14.6
    endloop
  endfacet
  facet normal 0 1 -0
    outer loop
      vertex 42.4 32.7 12.4
      vertex 3.68034 32.7 14.6
      vertex 45.4 32.7 12.4
    endloop
  endfacet
  facet normal 0 1 -0
    outer loop
      vertex 38.4 32.7 12.4
      vertex 3.68034 32.7 14.6
      vertex 42.4 32.7 12.4
    endloop
  endfacet
  facet normal 0 1 -0
    outer loop
      vertex 35.4 32.7 12.4
      vertex 3.68034 32.7 14.6
      vertex 38.4 32.7 12.4
    endloop
  endfacet
  facet normal 0 1 -0
    outer loop
      vertex 31.4 32.7 12.4
      vertex 3.68034 32.7 14.6
      vertex 35.4 32.7 12.4
    endloop
  endfacet
  facet normal 0 1 -0
    outer loop
      vertex 28.4 32.7 12.4
      vertex 3.68034 32.7 14.6
      vertex 31.4 32.7 12.4
    endloop
  endfacet
  facet normal 0 1 -0
    outer loop
      vertex 24.4 32.7 12.4
      vertex 3.68034 32.7 14.6
      vertex 28.4 32.7 12.4
    endloop
  endfacet
  facet normal 0 1 -0
    outer loop
      vertex 21.4 32.7 12.4
      vertex 3.68034 32.7 14.6
      vertex 24.4 32.7 12.4
    endloop
  endfacet
  facet normal 0 1 -0
    outer loop
      vertex 21.4 32.7 10.6
      vertex 3.68034 32.7 14.6
      vertex 21.4 32.7 12.4
    endloop
  endfacet
  facet normal 0 1 0
    outer loop
      vertex 21.4 32.7 10.6
      vertex 3.68034 32.7 0
      vertex 3.68034 32.7 14.6
    endloop
  endfacet
  facet normal 0 1 0
    outer loop
      vertex 24.4 32.7 10.6
      vertex 3.68034 32.7 0
      vertex 21.4 32.7 10.6
    endloop
  endfacet
  facet normal 0.442338 -0.896848 0
    outer loop
      vertex 83.1654 0.152241 0
      vertex 83.4 0.267949 14.6
      vertex 83.1654 0.152241 14.6
    endloop
  endfacet
  facet normal 0.442338 -0.896848 0
    outer loop
      vertex 83.4 0.267949 14.6
      vertex 83.1654 0.152241 0
      vertex 83.4 0.267949 0
    endloop
  endfacet
  facet normal 0.997861 -0.0653646 0
    outer loop
      vertex 84.3829 1.73895 14.6
      vertex 84.4 2 3
      vertex 84.4 2 14.6
    endloop
  endfacet
  facet normal 0.997861 -0.0653646 0
    outer loop
      vertex 84.3829 1.73895 0
      vertex 84.4 2 3
      vertex 84.3829 1.73895 14.6
    endloop
  endfacet
  facet normal 0.997861 -0.0653646 0
    outer loop
      vertex 84.4 2 3
      vertex 84.3829 1.73895 0
      vertex 84.4 2 0
    endloop
  endfacet
  facet normal 0.947038 -0.321121 0
    outer loop
      vertex 84.2478 1.23463 14.6
      vertex 84.3318 1.48236 0
      vertex 84.3318 1.48236 14.6
    endloop
  endfacet
  facet normal 0.947038 -0.321121 0
    outer loop
      vertex 84.3318 1.48236 0
      vertex 84.2478 1.23463 14.6
      vertex 84.2478 1.23463 0
    endloop
  endfacet
  facet normal 0.0654148 -0.997858 0
    outer loop
      vertex 82.4 0 0
      vertex 82.661 0.0171099 14.6
      vertex 82.4 0 14.6
    endloop
  endfacet
  facet normal 0.0654148 -0.997858 0
    outer loop
      vertex 82.661 0.0171099 14.6
      vertex 82.4 0 0
      vertex 82.661 0.0171099 0
    endloop
  endfacet
  facet normal 0.751842 0.659343 0
    outer loop
      vertex 83.9867 31.9175 14.6
      vertex 83.8142 32.1142 0
      vertex 83.8142 32.1142 14.6
    endloop
  endfacet
  facet normal 0.751842 0.659343 0
    outer loop
      vertex 83.8142 32.1142 0
      vertex 83.9867 31.9175 14.6
      vertex 83.9867 31.9175 0
    endloop
  endfacet
  facet normal 0.321359 -0.946957 0
    outer loop
      vertex 82.9176 0.0681477 0
      vertex 83.1654 0.152241 14.6
      vertex 82.9176 0.0681477 14.6
    endloop
  endfacet
  facet normal 0.321359 -0.946957 0
    outer loop
      vertex 83.1654 0.152241 14.6
      vertex 82.9176 0.0681477 0
      vertex 83.1654 0.152241 0
    endloop
  endfacet
  facet normal 0.896731 -0.442575 0
    outer loop
      vertex 84.132 1 14.6
      vertex 84.2478 1.23463 0
      vertex 84.2478 1.23463 14.6
    endloop
  endfacet
  facet normal 0.896731 -0.442575 0
    outer loop
      vertex 84.2478 1.23463 0
      vertex 84.132 1 14.6
      vertex 84.132 1 0
    endloop
  endfacet
  facet normal 0.980741 -0.195315 0
    outer loop
      vertex 84.3318 1.48236 14.6
      vertex 84.3829 1.73895 0
      vertex 84.3829 1.73895 14.6
    endloop
  endfacet
  facet normal 0.980741 -0.195315 0
    outer loop
      vertex 84.3829 1.73895 0
      vertex 84.3318 1.48236 14.6
      vertex 84.3318 1.48236 0
    endloop
  endfacet
  facet normal 0.896709 0.442621 0
    outer loop
      vertex 84.2478 31.4654 14.6
      vertex 84.132 31.7 0
      vertex 84.132 31.7 14.6
    endloop
  endfacet
  facet normal 0.896709 0.442621 0
    outer loop
      vertex 84.132 31.7 0
      vertex 84.2478 31.4654 14.6
      vertex 84.2478 31.4654 0
    endloop
  endfacet
  facet normal 0.831521 0.555494 0
    outer loop
      vertex 84.132 31.7 14.6
      vertex 83.9867 31.9175 0
      vertex 83.9867 31.9175 14.6
    endloop
  endfacet
  facet normal 0.831521 0.555494 0
    outer loop
      vertex 83.9867 31.9175 0
      vertex 84.132 31.7 14.6
      vertex 84.132 31.7 0
    endloop
  endfacet
  facet normal 0.442314 0.89686 -0
    outer loop
      vertex 83.4 32.4321 0
      vertex 83.1654 32.5478 14.6
      vertex 83.4 32.4321 14.6
    endloop
  endfacet
  facet normal 0.442314 0.89686 0
    outer loop
      vertex 83.1654 32.5478 14.6
      vertex 83.4 32.4321 0
      vertex 83.1654 32.5478 0
    endloop
  endfacet
  facet normal 0.321382 0.94695 -0
    outer loop
      vertex 83.1654 32.5478 0
      vertex 82.9176 32.6319 14.6
      vertex 83.1654 32.5478 14.6
    endloop
  endfacet
  facet normal 0.321382 0.94695 0
    outer loop
      vertex 82.9176 32.6319 14.6
      vertex 83.1654 32.5478 0
      vertex 82.9176 32.6319 0
    endloop
  endfacet
  facet normal 0.0653771 0.997861 -0
    outer loop
      vertex 82.661 32.6829 0
      vertex 82.4 32.7 14.6
      vertex 82.661 32.6829 14.6
    endloop
  endfacet
  facet normal 0.0653771 0.997861 0
    outer loop
      vertex 82.4 32.7 14.6
      vertex 82.661 32.6829 0
      vertex 82.4 32.7 0
    endloop
  endfacet
  facet normal 0.751826 -0.659362 0
    outer loop
      vertex 83.8142 0.585786 14.6
      vertex 83.9867 0.782476 0
      vertex 83.9867 0.782476 14.6
    endloop
  endfacet
  facet normal 0.751826 -0.659362 0
    outer loop
      vertex 83.9867 0.782476 0
      vertex 83.8142 0.585786 14.6
      vertex 83.8142 0.585786 0
    endloop
  endfacet
  facet normal 0.659328 -0.751855 0
    outer loop
      vertex 83.6175 0.413293 0
      vertex 83.8142 0.585786 14.6
      vertex 83.6175 0.413293 14.6
    endloop
  endfacet
  facet normal 0.659328 -0.751855 0
    outer loop
      vertex 83.8142 0.585786 14.6
      vertex 83.6175 0.413293 0
      vertex 83.8142 0.585786 0
    endloop
  endfacet
  facet normal 0.55561 -0.831443 0
    outer loop
      vertex 83.4 0.267949 0
      vertex 83.6175 0.413293 14.6
      vertex 83.4 0.267949 14.6
    endloop
  endfacet
  facet normal 0.55561 -0.831443 0
    outer loop
      vertex 83.6175 0.413293 14.6
      vertex 83.4 0.267949 0
      vertex 83.6175 0.413293 0
    endloop
  endfacet
  facet normal 0.831549 -0.555452 0
    outer loop
      vertex 83.9867 0.782476 14.6
      vertex 84.132 1 0
      vertex 84.132 1 14.6
    endloop
  endfacet
  facet normal 0.831549 -0.555452 0
    outer loop
      vertex 84.132 1 0
      vertex 83.9867 0.782476 14.6
      vertex 83.9867 0.782476 0
    endloop
  endfacet
  facet normal 0.947066 0.321039 0
    outer loop
      vertex 84.3318 31.2176 14.6
      vertex 84.2478 31.4654 0
      vertex 84.2478 31.4654 14.6
    endloop
  endfacet
  facet normal 0.947066 0.321039 0
    outer loop
      vertex 84.2478 31.4654 0
      vertex 84.3318 31.2176 14.6
      vertex 84.3318 31.2176 0
    endloop
  endfacet
  facet normal 0.980727 0.195381 0
    outer loop
      vertex 84.3829 30.9611 14.6
      vertex 84.3318 31.2176 0
      vertex 84.3318 31.2176 14.6
    endloop
  endfacet
  facet normal 0.980727 0.195381 0
    outer loop
      vertex 84.3318 31.2176 0
      vertex 84.3829 30.9611 14.6
      vertex 84.3829 30.9611 0
    endloop
  endfacet
  facet normal 0.555758 0.831344 -0
    outer loop
      vertex 83.6175 32.2867 0
      vertex 83.4 32.4321 14.6
      vertex 83.6175 32.2867 14.6
    endloop
  endfacet
  facet normal 0.555758 0.831344 0
    outer loop
      vertex 83.4 32.4321 14.6
      vertex 83.6175 32.2867 0
      vertex 83.4 32.4321 0
    endloop
  endfacet
  facet normal 0.659343 0.751842 -0
    outer loop
      vertex 83.8142 32.1142 0
      vertex 83.6175 32.2867 14.6
      vertex 83.8142 32.1142 14.6
    endloop
  endfacet
  facet normal 0.659343 0.751842 0
    outer loop
      vertex 83.6175 32.2867 14.6
      vertex 83.8142 32.1142 0
      vertex 83.6175 32.2867 0
    endloop
  endfacet
  facet normal 0.19494 0.980815 -0
    outer loop
      vertex 82.9176 32.6319 0
      vertex 82.661 32.6829 14.6
      vertex 82.9176 32.6319 14.6
    endloop
  endfacet
  facet normal 0.19494 0.980815 0
    outer loop
      vertex 82.661 32.6829 14.6
      vertex 82.9176 32.6319 0
      vertex 82.661 32.6829 0
    endloop
  endfacet
  facet normal 1 0 0
    outer loop
      vertex 2 21.25 11
      vertex 2 29.7364 14.6
      vertex 2 21.25 12.8
    endloop
  endfacet
  facet normal 1 0 0
    outer loop
      vertex 2 29.7364 14.6
      vertex 2 21.2397 12.9566
      vertex 2 21.25 12.8
    endloop
  endfacet
  facet normal 1 0 0
    outer loop
      vertex 2 29.7364 14.6
      vertex 2 21.2091 13.1106
      vertex 2 21.2397 12.9566
    endloop
  endfacet
  facet normal 1 0 0
    outer loop
      vertex 2 29.7364 14.6
      vertex 2 21.1587 13.2592
      vertex 2 21.2091 13.1106
    endloop
  endfacet
  facet normal 1 0 0
    outer loop
      vertex 2 29.7364 14.6
      vertex 2 21.0892 13.4
      vertex 2 21.1587 13.2592
    endloop
  endfacet
  facet normal 1 0 0
    outer loop
      vertex 2 29.7364 14.6
      vertex 2 21.002 13.5305
      vertex 2 21.0892 13.4
    endloop
  endfacet
  facet normal 1 0 0
    outer loop
      vertex 2 29.7364 14.6
      vertex 2 20.8985 13.6485
      vertex 2 21.002 13.5305
    endloop
  endfacet
  facet normal 1 0 0
    outer loop
      vertex 2 29.7364 14.6
      vertex 2 20.7805 13.752
      vertex 2 20.8985 13.6485
    endloop
  endfacet
  facet normal 1 0 0
    outer loop
      vertex 2 29.7364 14.6
      vertex 2 20.65 13.8392
      vertex 2 20.7805 13.752
    endloop
  endfacet
  facet normal 1 0 0
    outer loop
      vertex 2 29.7364 14.6
      vertex 2 20.5092 13.9087
      vertex 2 20.65 13.8392
    endloop
  endfacet
  facet normal 1 0 0
    outer loop
      vertex 2 29.7364 14.6
      vertex 2 20.3606 13.9591
      vertex 2 20.5092 13.9087
    endloop
  endfacet
  facet normal 1 0 0
    outer loop
      vertex 2 29.7364 14.6
      vertex 2 20.2066 13.9897
      vertex 2 20.3606 13.9591
    endloop
  endfacet
  facet normal 1 0 0
    outer loop
      vertex 2 29.7364 14.6
      vertex 2 20.05 14
      vertex 2 20.2066 13.9897
    endloop
  endfacet
  facet normal 1 0 0
    outer loop
      vertex 2 29.7364 14.6
      vertex 2 12.65 14
      vertex 2 20.05 14
    endloop
  endfacet
  facet normal 1 0 0
    outer loop
      vertex 2 11.45 12.8
      vertex 2 2.96365 14.6
      vertex 2 11.45 11
    endloop
  endfacet
  facet normal 1 0 0
    outer loop
      vertex 2 11.4603 12.9566
      vertex 2 2.96365 14.6
      vertex 2 11.45 12.8
    endloop
  endfacet
  facet normal 1 0 0
    outer loop
      vertex 2 11.4909 13.1106
      vertex 2 2.96365 14.6
      vertex 2 11.4603 12.9566
    endloop
  endfacet
  facet normal 1 0 0
    outer loop
      vertex 2 11.5413 13.2592
      vertex 2 2.96365 14.6
      vertex 2 11.4909 13.1106
    endloop
  endfacet
  facet normal 1 0 0
    outer loop
      vertex 2 11.6108 13.4
      vertex 2 2.96365 14.6
      vertex 2 11.5413 13.2592
    endloop
  endfacet
  facet normal 1 0 0
    outer loop
      vertex 2 11.698 13.5305
      vertex 2 2.96365 14.6
      vertex 2 11.6108 13.4
    endloop
  endfacet
  facet normal 1 0 0
    outer loop
      vertex 2 11.8015 13.6485
      vertex 2 2.96365 14.6
      vertex 2 11.698 13.5305
    endloop
  endfacet
  facet normal 1 0 0
    outer loop
      vertex 2 11.9195 13.752
      vertex 2 2.96365 14.6
      vertex 2 11.8015 13.6485
    endloop
  endfacet
  facet normal 1 0 0
    outer loop
      vertex 2 12.05 13.8392
      vertex 2 2.96365 14.6
      vertex 2 11.9195 13.752
    endloop
  endfacet
  facet normal 1 0 0
    outer loop
      vertex 2 12.1908 13.9087
      vertex 2 2.96365 14.6
      vertex 2 12.05 13.8392
    endloop
  endfacet
  facet normal 1 0 0
    outer loop
      vertex 2 12.3394 13.9591
      vertex 2 2.96365 14.6
      vertex 2 12.1908 13.9087
    endloop
  endfacet
  facet normal 1 0 0
    outer loop
      vertex 2 12.4934 13.9897
      vertex 2 2.96365 14.6
      vertex 2 12.3394 13.9591
    endloop
  endfacet
  facet normal 1 0 0
    outer loop
      vertex 2 12.65 14
      vertex 2 2.96365 14.6
      vertex 2 12.4934 13.9897
    endloop
  endfacet
  facet normal 1 -0 0
    outer loop
      vertex 2 2.96365 14.6
      vertex 2 12.65 14
      vertex 2 29.7364 14.6
    endloop
  endfacet
  facet normal 1 0 0
    outer loop
      vertex 2 21.2397 10.8434
      vertex 2 29.7364 14.6
      vertex 2 21.25 11
    endloop
  endfacet
  facet normal 1 0 0
    outer loop
      vertex 2 21.2091 10.6894
      vertex 2 29.7364 14.6
      vertex 2 21.2397 10.8434
    endloop
  endfacet
  facet normal 1 0 0
    outer loop
      vertex 2 21.1587 10.5408
      vertex 2 29.7364 14.6
      vertex 2 21.2091 10.6894
    endloop
  endfacet
  facet normal 1 0 0
    outer loop
      vertex 2 29.7364 14.6
      vertex 2 21.1587 10.5408
      vertex 2 29.7364 1.6
    endloop
  endfacet
  facet normal 1 -0 0
    outer loop
      vertex 2 21.0892 10.4
      vertex 2 29.7364 1.6
      vertex 2 21.1587 10.5408
    endloop
  endfacet
  facet normal 1 -0 0
    outer loop
      vertex 2 21.002 10.2695
      vertex 2 29.7364 1.6
      vertex 2 21.0892 10.4
    endloop
  endfacet
  facet normal 1 -0 0
    outer loop
      vertex 2 20.8985 10.1515
      vertex 2 29.7364 1.6
      vertex 2 21.002 10.2695
    endloop
  endfacet
  facet normal 1 -0 0
    outer loop
      vertex 2 20.7805 10.048
      vertex 2 29.7364 1.6
      vertex 2 20.8985 10.1515
    endloop
  endfacet
  facet normal 1 -0 0
    outer loop
      vertex 2 20.65 9.96077
      vertex 2 29.7364 1.6
      vertex 2 20.7805 10.048
    endloop
  endfacet
  facet normal 1 -0 0
    outer loop
      vertex 2 20.5092 9.89134
      vertex 2 29.7364 1.6
      vertex 2 20.65 9.96077
    endloop
  endfacet
  facet normal 1 -0 0
    outer loop
      vertex 2 20.3606 9.84089
      vertex 2 29.7364 1.6
      vertex 2 20.5092 9.89134
    endloop
  endfacet
  facet normal 1 -0 0
    outer loop
      vertex 2 20.2066 9.81026
      vertex 2 29.7364 1.6
      vertex 2 20.3606 9.84089
    endloop
  endfacet
  facet normal 1 -0 0
    outer loop
      vertex 2 20.05 9.8
      vertex 2 29.7364 1.6
      vertex 2 20.2066 9.81026
    endloop
  endfacet
  facet normal 1 -0 0
    outer loop
      vertex 2 12.65 9.8
      vertex 2 29.7364 1.6
      vertex 2 20.05 9.8
    endloop
  endfacet
  facet normal 1 0 0
    outer loop
      vertex 2 2.96365 1.6
      vertex 2 12.65 9.8
      vertex 2 12.4934 9.81026
    endloop
  endfacet
  facet normal 1 0 0
    outer loop
      vertex 2 2.96365 1.6
      vertex 2 12.4934 9.81026
      vertex 2 12.3394 9.84089
    endloop
  endfacet
  facet normal 1 0 0
    outer loop
      vertex 2 2.96365 1.6
      vertex 2 12.3394 9.84089
      vertex 2 12.1908 9.89134
    endloop
  endfacet
  facet normal 1 0 0
    outer loop
      vertex 2 2.96365 14.6
      vertex 2 11.4603 10.8434
      vertex 2 11.45 11
    endloop
  endfacet
  facet normal 1 0 0
    outer loop
      vertex 2 2.96365 14.6
      vertex 2 11.4909 10.6894
      vertex 2 11.4603 10.8434
    endloop
  endfacet
  facet normal 1 0 0
    outer loop
      vertex 2 2.96365 14.6
      vertex 2 11.5413 10.5408
      vertex 2 11.4909 10.6894
    endloop
  endfacet
  facet normal 1 0 0
    outer loop
      vertex 2 2.96365 1.6
      vertex 2 11.5413 10.5408
      vertex 2 2.96365 14.6
    endloop
  endfacet
  facet normal 1 0 0
    outer loop
      vertex 2 11.5413 10.5408
      vertex 2 2.96365 1.6
      vertex 2 11.6108 10.4
    endloop
  endfacet
  facet normal 1 0 0
    outer loop
      vertex 2 11.6108 10.4
      vertex 2 2.96365 1.6
      vertex 2 11.698 10.2695
    endloop
  endfacet
  facet normal 1 0 0
    outer loop
      vertex 2 11.698 10.2695
      vertex 2 2.96365 1.6
      vertex 2 11.8015 10.1515
    endloop
  endfacet
  facet normal 1 0 0
    outer loop
      vertex 2 11.8015 10.1515
      vertex 2 2.96365 1.6
      vertex 2 11.9195 10.048
    endloop
  endfacet
  facet normal 1 0 0
    outer loop
      vertex 2 12.65 9.8
      vertex 2 2.96365 1.6
      vertex 2 29.7364 1.6
    endloop
  endfacet
  facet normal 1 0 0
    outer loop
      vertex 2 12.05 9.96077
      vertex 2 2.96365 1.6
      vertex 2 12.1908 9.89134
    endloop
  endfacet
  facet normal 1 0 0
    outer loop
      vertex 2 11.9195 10.048
      vertex 2 2.96365 1.6
      vertex 2 12.05 9.96077
    endloop
  endfacet
  facet normal -1 0 0
    outer loop
      vertex 82.4 29.1272 1.6
      vertex 82.4 30.7 14.6
      vertex 82.4 30.7 1.6
    endloop
  endfacet
  facet normal -1 -0 0
    outer loop
      vertex 82.4 30.7 14.6
      vertex 82.4 29.1272 1.6
      vertex 82.4 29.1272 14.6
    endloop
  endfacet
  facet normal -1 0 0
    outer loop
      vertex 82.4 2 1.6
      vertex 82.4 3.57279 14.6
      vertex 82.4 3.57279 1.6
    endloop
  endfacet
  facet normal -1 -0 0
    outer loop
      vertex 82.4 3.57279 14.6
      vertex 82.4 2 1.6
      vertex 82.4 2 14.6
    endloop
  endfacet
  facet normal -1 0 0
    outer loop
      vertex 82.4 19.6218 8.66926
      vertex 82.4 25.2728 14.6
      vertex 82.4 25.2728 1.6
    endloop
  endfacet
  facet normal -1 0 0
    outer loop
      vertex 82.4 25.2728 14.6
      vertex 82.4 19.6218 8.66926
      vertex 82.4 19.65 9.1
    endloop
  endfacet
  facet normal -1 0 0
    outer loop
      vertex 82.4 25.2728 1.6
      vertex 82.4 19.5376 8.2459
      vertex 82.4 19.6218 8.66926
    endloop
  endfacet
  facet normal -1 0 0
    outer loop
      vertex 82.4 25.2728 1.6
      vertex 82.4 19.3988 7.83714
      vertex 82.4 19.5376 8.2459
    endloop
  endfacet
  facet normal -1 0 0
    outer loop
      vertex 82.4 25.2728 1.6
      vertex 82.4 19.2079 7.45
      vertex 82.4 19.3988 7.83714
    endloop
  endfacet
  facet normal -1 0 0
    outer loop
      vertex 82.4 25.2728 1.6
      vertex 82.4 18.9681 7.09109
      vertex 82.4 19.2079 7.45
    endloop
  endfacet
  facet normal -1 0 0
    outer loop
      vertex 82.4 25.2728 1.6
      vertex 82.4 18.6835 6.76655
      vertex 82.4 18.9681 7.09109
    endloop
  endfacet
  facet normal -1 0 0
    outer loop
      vertex 82.4 25.2728 1.6
      vertex 82.4 18.3589 6.48193
      vertex 82.4 18.6835 6.76655
    endloop
  endfacet
  facet normal -1 0 0
    outer loop
      vertex 82.4 25.2728 1.6
      vertex 82.4 18 6.24212
      vertex 82.4 18.3589 6.48193
    endloop
  endfacet
  facet normal -1 0 0
    outer loop
      vertex 82.4 25.2728 1.6
      vertex 82.4 17.6129 6.0512
      vertex 82.4 18 6.24212
    endloop
  endfacet
  facet normal -1 0 0
    outer loop
      vertex 82.4 25.2728 1.6
      vertex 82.4 17.2041 5.91244
      vertex 82.4 17.6129 6.0512
    endloop
  endfacet
  facet normal -1 0 0
    outer loop
      vertex 82.4 25.2728 1.6
      vertex 82.4 16.7807 5.82823
      vertex 82.4 17.2041 5.91244
    endloop
  endfacet
  facet normal -1 0 0
    outer loop
      vertex 82.4 25.2728 1.6
      vertex 82.4 16.35 5.8
      vertex 82.4 16.7807 5.82823
    endloop
  endfacet
  facet normal -1 0 0
    outer loop
      vertex 82.4 7.42721 1.6
      vertex 82.4 16.35 5.8
      vertex 82.4 25.2728 1.6
    endloop
  endfacet
  facet normal -1 -0 0
    outer loop
      vertex 82.4 16.35 5.8
      vertex 82.4 7.42721 1.6
      vertex 82.4 15.9193 5.82823
    endloop
  endfacet
  facet normal -1 -0 0
    outer loop
      vertex 82.4 15.9193 5.82823
      vertex 82.4 7.42721 1.6
      vertex 82.4 15.4959 5.91244
    endloop
  endfacet
  facet normal -1 0 0
    outer loop
      vertex 82.4 7.42721 14.6
      vertex 82.4 13.0782 8.66926
      vertex 82.4 7.42721 1.6
    endloop
  endfacet
  facet normal -1 -0 0
    outer loop
      vertex 82.4 13.1624 8.2459
      vertex 82.4 7.42721 1.6
      vertex 82.4 13.0782 8.66926
    endloop
  endfacet
  facet normal -1 -0 0
    outer loop
      vertex 82.4 13.3012 7.83714
      vertex 82.4 7.42721 1.6
      vertex 82.4 13.1624 8.2459
    endloop
  endfacet
  facet normal -1 -0 0
    outer loop
      vertex 82.4 13.4921 7.45
      vertex 82.4 7.42721 1.6
      vertex 82.4 13.3012 7.83714
    endloop
  endfacet
  facet normal -1 -0 0
    outer loop
      vertex 82.4 13.7319 7.09109
      vertex 82.4 7.42721 1.6
      vertex 82.4 13.4921 7.45
    endloop
  endfacet
  facet normal -1 -0 0
    outer loop
      vertex 82.4 14.0165 6.76655
      vertex 82.4 7.42721 1.6
      vertex 82.4 13.7319 7.09109
    endloop
  endfacet
  facet normal -1 -0 0
    outer loop
      vertex 82.4 14.3411 6.48193
      vertex 82.4 7.42721 1.6
      vertex 82.4 14.0165 6.76655
    endloop
  endfacet
  facet normal -1 -0 0
    outer loop
      vertex 82.4 14.7 6.24212
      vertex 82.4 7.42721 1.6
      vertex 82.4 14.3411 6.48193
    endloop
  endfacet
  facet normal -1 -0 0
    outer loop
      vertex 82.4 15.0871 6.0512
      vertex 82.4 7.42721 1.6
      vertex 82.4 14.7 6.24212
    endloop
  endfacet
  facet normal -1 -0 0
    outer loop
      vertex 82.4 15.4959 5.91244
      vertex 82.4 7.42721 1.6
      vertex 82.4 15.0871 6.0512
    endloop
  endfacet
  facet normal -1 0 0
    outer loop
      vertex 82.4 19.6218 9.53074
      vertex 82.4 25.2728 14.6
      vertex 82.4 19.65 9.1
    endloop
  endfacet
  facet normal -1 0 0
    outer loop
      vertex 82.4 19.5376 9.9541
      vertex 82.4 25.2728 14.6
      vertex 82.4 19.6218 9.53074
    endloop
  endfacet
  facet normal -1 0 0
    outer loop
      vertex 82.4 19.3988 10.3629
      vertex 82.4 25.2728 14.6
      vertex 82.4 19.5376 9.9541
    endloop
  endfacet
  facet normal -1 0 0
    outer loop
      vertex 82.4 19.2079 10.75
      vertex 82.4 25.2728 14.6
      vertex 82.4 19.3988 10.3629
    endloop
  endfacet
  facet normal -1 0 0
    outer loop
      vertex 82.4 18.9681 11.1089
      vertex 82.4 25.2728 14.6
      vertex 82.4 19.2079 10.75
    endloop
  endfacet
  facet normal -1 0 0
    outer loop
      vertex 82.4 18.6835 11.4335
      vertex 82.4 25.2728 14.6
      vertex 82.4 18.9681 11.1089
    endloop
  endfacet
  facet normal -1 0 0
    outer loop
      vertex 82.4 18.3589 11.7181
      vertex 82.4 25.2728 14.6
      vertex 82.4 18.6835 11.4335
    endloop
  endfacet
  facet normal -1 0 0
    outer loop
      vertex 82.4 18 11.9579
      vertex 82.4 25.2728 14.6
      vertex 82.4 18.3589 11.7181
    endloop
  endfacet
  facet normal -1 0 0
    outer loop
      vertex 82.4 17.6129 12.1488
      vertex 82.4 25.2728 14.6
      vertex 82.4 18 11.9579
    endloop
  endfacet
  facet normal -1 0 0
    outer loop
      vertex 82.4 17.2041 12.2876
      vertex 82.4 25.2728 14.6
      vertex 82.4 17.6129 12.1488
    endloop
  endfacet
  facet normal -1 0 0
    outer loop
      vertex 82.4 16.7807 12.3718
      vertex 82.4 25.2728 14.6
      vertex 82.4 17.2041 12.2876
    endloop
  endfacet
  facet normal -1 0 0
    outer loop
      vertex 82.4 16.35 12.4
      vertex 82.4 25.2728 14.6
      vertex 82.4 16.7807 12.3718
    endloop
  endfacet
  facet normal -1 0 0
    outer loop
      vertex 82.4 7.42721 14.6
      vertex 82.4 16.35 12.4
      vertex 82.4 15.9193 12.3718
    endloop
  endfacet
  facet normal -1 0 0
    outer loop
      vertex 82.4 7.42721 14.6
      vertex 82.4 15.9193 12.3718
      vertex 82.4 15.4959 12.2876
    endloop
  endfacet
  facet normal -1 0 0
    outer loop
      vertex 82.4 13.0782 8.66926
      vertex 82.4 7.42721 14.6
      vertex 82.4 13.05 9.1
    endloop
  endfacet
  facet normal -1 0 0
    outer loop
      vertex 82.4 13.05 9.1
      vertex 82.4 7.42721 14.6
      vertex 82.4 13.0782 9.53074
    endloop
  endfacet
  facet normal -1 0 0
    outer loop
      vertex 82.4 13.0782 9.53074
      vertex 82.4 7.42721 14.6
      vertex 82.4 13.1624 9.9541
    endloop
  endfacet
  facet normal -1 0 0
    outer loop
      vertex 82.4 13.1624 9.9541
      vertex 82.4 7.42721 14.6
      vertex 82.4 13.3012 10.3629
    endloop
  endfacet
  facet normal -1 0 0
    outer loop
      vertex 82.4 16.35 12.4
      vertex 82.4 7.42721 14.6
      vertex 82.4 25.2728 14.6
    endloop
  endfacet
  facet normal -1 0 0
    outer loop
      vertex 82.4 15.0871 12.1488
      vertex 82.4 7.42721 14.6
      vertex 82.4 15.4959 12.2876
    endloop
  endfacet
  facet normal -1 0 0
    outer loop
      vertex 82.4 14.7 11.9579
      vertex 82.4 7.42721 14.6
      vertex 82.4 15.0871 12.1488
    endloop
  endfacet
  facet normal -1 0 0
    outer loop
      vertex 82.4 14.3411 11.7181
      vertex 82.4 7.42721 14.6
      vertex 82.4 14.7 11.9579
    endloop
  endfacet
  facet normal -1 0 0
    outer loop
      vertex 82.4 14.0165 11.4335
      vertex 82.4 7.42721 14.6
      vertex 82.4 14.3411 11.7181
    endloop
  endfacet
  facet normal -1 0 0
    outer loop
      vertex 82.4 13.7319 11.1089
      vertex 82.4 7.42721 14.6
      vertex 82.4 14.0165 11.4335
    endloop
  endfacet
  facet normal -1 0 0
    outer loop
      vertex 82.4 13.4921 10.75
      vertex 82.4 7.42721 14.6
      vertex 82.4 13.7319 11.1089
    endloop
  endfacet
  facet normal -1 0 0
    outer loop
      vertex 82.4 13.3012 10.3629
      vertex 82.4 7.42721 14.6
      vertex 82.4 13.4921 10.75
    endloop
  endfacet
  facet normal 0 -1 0
    outer loop
      vertex 80.8272 30.7 1.6
      vertex 82.4 30.7 14.6
      vertex 80.8272 30.7 14.6
    endloop
  endfacet
  facet normal 0 -1 -0
    outer loop
      vertex 82.4 30.7 14.6
      vertex 80.8272 30.7 1.6
      vertex 82.4 30.7 1.6
    endloop
  endfacet
  facet normal 0 -1 0
    outer loop
      vertex 38.4 30.7 10.6
      vertex 42.4 30.7 12.4
      vertex 38.4 30.7 12.4
    endloop
  endfacet
  facet normal 0 -1 -0
    outer loop
      vertex 42.4 30.7 12.4
      vertex 38.4 30.7 10.6
      vertex 42.4 30.7 10.6
    endloop
  endfacet
  facet normal 0 -1 0
    outer loop
      vertex 31.4 30.7 10.6
      vertex 35.4 30.7 12.4
      vertex 31.4 30.7 12.4
    endloop
  endfacet
  facet normal 0 -1 -0
    outer loop
      vertex 35.4 30.7 12.4
      vertex 31.4 30.7 10.6
      vertex 35.4 30.7 10.6
    endloop
  endfacet
  facet normal 0 -1 0
    outer loop
      vertex 24.4 30.7 10.6
      vertex 28.4 30.7 12.4
      vertex 24.4 30.7 12.4
    endloop
  endfacet
  facet normal 0 -1 -0
    outer loop
      vertex 28.4 30.7 12.4
      vertex 24.4 30.7 10.6
      vertex 28.4 30.7 10.6
    endloop
  endfacet
  facet normal 0 -1 0
    outer loop
      vertex 24.4 30.7 12.4
      vertex 2.96365 30.7 14.6
      vertex 21.4 30.7 12.4
    endloop
  endfacet
  facet normal 0 -1 0
    outer loop
      vertex 2.96365 30.7 14.6
      vertex 21.4 30.7 10.6
      vertex 21.4 30.7 12.4
    endloop
  endfacet
  facet normal 0 -1 0
    outer loop
      vertex 2.96365 30.7 1.6
      vertex 24.4 30.7 10.6
      vertex 21.4 30.7 10.6
    endloop
  endfacet
  facet normal 0 -1 -0
    outer loop
      vertex 24.4 30.7 10.6
      vertex 2.96365 30.7 1.6
      vertex 28.4 30.7 10.6
    endloop
  endfacet
  facet normal 0 -1 -0
    outer loop
      vertex 28.4 30.7 10.6
      vertex 2.96365 30.7 1.6
      vertex 31.4 30.7 10.6
    endloop
  endfacet
  facet normal 0 -1 -0
    outer loop
      vertex 31.4 30.7 10.6
      vertex 2.96365 30.7 1.6
      vertex 35.4 30.7 10.6
    endloop
  endfacet
  facet normal 0 -1 -0
    outer loop
      vertex 35.4 30.7 10.6
      vertex 2.96365 30.7 1.6
      vertex 38.4 30.7 10.6
    endloop
  endfacet
  facet normal 0 -1 -0
    outer loop
      vertex 38.4 30.7 10.6
      vertex 2.96365 30.7 1.6
      vertex 42.4 30.7 10.6
    endloop
  endfacet
  facet normal 0 -1 0
    outer loop
      vertex 76.9728 30.7 1.6
      vertex 42.4 30.7 10.6
      vertex 2.96365 30.7 1.6
    endloop
  endfacet
  facet normal 0 -1 0
    outer loop
      vertex 2.96365 30.7 1.6
      vertex 21.4 30.7 10.6
      vertex 2.96365 30.7 14.6
    endloop
  endfacet
  facet normal 0 -1 0
    outer loop
      vertex 28.4 30.7 12.4
      vertex 2.96365 30.7 14.6
      vertex 24.4 30.7 12.4
    endloop
  endfacet
  facet normal 0 -1 0
    outer loop
      vertex 31.4 30.7 12.4
      vertex 2.96365 30.7 14.6
      vertex 28.4 30.7 12.4
    endloop
  endfacet
  facet normal 0 -1 0
    outer loop
      vertex 35.4 30.7 12.4
      vertex 2.96365 30.7 14.6
      vertex 31.4 30.7 12.4
    endloop
  endfacet
  facet normal 0 -1 0
    outer loop
      vertex 38.4 30.7 12.4
      vertex 2.96365 30.7 14.6
      vertex 35.4 30.7 12.4
    endloop
  endfacet
  facet normal 0 -1 0
    outer loop
      vertex 2.96365 30.7 14.6
      vertex 38.4 30.7 12.4
      vertex 76.9728 30.7 14.6
    endloop
  endfacet
  facet normal 0 -1 0
    outer loop
      vertex 42.4 30.7 12.4
      vertex 76.9728 30.7 14.6
      vertex 38.4 30.7 12.4
    endloop
  endfacet
  facet normal 0 -1 0
    outer loop
      vertex 45.4 30.7 12.4
      vertex 76.9728 30.7 14.6
      vertex 42.4 30.7 12.4
    endloop
  endfacet
  facet normal 0 -1 0
    outer loop
      vertex 45.4 30.7 10.6
      vertex 76.9728 30.7 14.6
      vertex 45.4 30.7 12.4
    endloop
  endfacet
  facet normal 0 -1 0
    outer loop
      vertex 42.4 30.7 10.6
      vertex 76.9728 30.7 1.6
      vertex 45.4 30.7 10.6
    endloop
  endfacet
  facet normal 0 -1 0
    outer loop
      vertex 45.4 30.7 10.6
      vertex 76.9728 30.7 1.6
      vertex 76.9728 30.7 14.6
    endloop
  endfacet
  facet normal 0 0 1
    outer loop
      vertex 82.4 30.7 1.6
      vertex 82.3641 29.2 1.6
      vertex 82.4 29.1272 1.6
    endloop
  endfacet
  facet normal 0 0 1
    outer loop
      vertex 82.4 30.7 1.6
      vertex 82.0734 29.635 1.6
      vertex 82.3641 29.2 1.6
    endloop
  endfacet
  facet normal 0 0 1
    outer loop
      vertex 82.4 30.7 1.6
      vertex 81.7284 30.0284 1.6
      vertex 82.0734 29.635 1.6
    endloop
  endfacet
  facet normal 0 0 1
    outer loop
      vertex 82.4 30.7 1.6
      vertex 81.335 30.3734 1.6
      vertex 81.7284 30.0284 1.6
    endloop
  endfacet
  facet normal 0 0 1
    outer loop
      vertex 82.4 30.7 1.6
      vertex 80.9 30.6641 1.6
      vertex 81.335 30.3734 1.6
    endloop
  endfacet
  facet normal 0 -0 1
    outer loop
      vertex 80.9 30.6641 1.6
      vertex 82.4 30.7 1.6
      vertex 80.8272 30.7 1.6
    endloop
  endfacet
  facet normal -0 0 1
    outer loop
      vertex 82.3641 3.5 1.6
      vertex 82.4 2 1.6
      vertex 82.4 3.57279 1.6
    endloop
  endfacet
  facet normal -0 0 1
    outer loop
      vertex 82.0734 3.06495 1.6
      vertex 82.4 2 1.6
      vertex 82.3641 3.5 1.6
    endloop
  endfacet
  facet normal -0 0 1
    outer loop
      vertex 81.7284 2.67157 1.6
      vertex 82.4 2 1.6
      vertex 82.0734 3.06495 1.6
    endloop
  endfacet
  facet normal -0 0 1
    outer loop
      vertex 81.335 2.32659 1.6
      vertex 82.4 2 1.6
      vertex 81.7284 2.67157 1.6
    endloop
  endfacet
  facet normal -0 0 1
    outer loop
      vertex 80.9 2.0359 1.6
      vertex 82.4 2 1.6
      vertex 81.335 2.32659 1.6
    endloop
  endfacet
  facet normal 0 0 1
    outer loop
      vertex 82.4 2 1.6
      vertex 80.9 2.0359 1.6
      vertex 80.8272 2 1.6
    endloop
  endfacet
  facet normal -0 0 1
    outer loop
      vertex 3.4 27.3 1.6
      vertex 6.4 5.4 1.6
      vertex 6.4 27.3 1.6
    endloop
  endfacet
  facet normal 0 0 1
    outer loop
      vertex 6.4 5.4 1.6
      vertex 3.4 27.3 1.6
      vertex 3.4 5.4 1.6
    endloop
  endfacet
  facet normal -0 0 1
    outer loop
      vertex 63 26.3 1.6
      vertex 69.9 6.4 1.6
      vertex 69.9 26.3 1.6
    endloop
  endfacet
  facet normal 0 0 1
    outer loop
      vertex 69.9 6.4 1.6
      vertex 63 26.3 1.6
      vertex 63 6.4 1.6
    endloop
  endfacet
  facet normal 0 0 1
    outer loop
      vertex 75.2045 7.03073 1.6
      vertex 69.9 6.4 1.6
      vertex 75.0363 6.53528 1.6
    endloop
  endfacet
  facet normal 0 0 1
    outer loop
      vertex 69.9 26.3 1.6
      vertex 74.9342 27.7221 1.6
      vertex 69.9 30.3 1.6
    endloop
  endfacet
  facet normal 0 0 1
    outer loop
      vertex 75.0363 28.2353 1.6
      vertex 69.9 30.3 1.6
      vertex 74.9342 27.7221 1.6
    endloop
  endfacet
  facet normal 0 0 1
    outer loop
      vertex 75.2045 28.7307 1.6
      vertex 69.9 30.3 1.6
      vertex 75.0363 28.2353 1.6
    endloop
  endfacet
  facet normal 0 0 1
    outer loop
      vertex 75.4359 29.2 1.6
      vertex 69.9 30.3 1.6
      vertex 75.2045 28.7307 1.6
    endloop
  endfacet
  facet normal 0 0 1
    outer loop
      vertex 75.7266 29.635 1.6
      vertex 69.9 30.3 1.6
      vertex 75.4359 29.2 1.6
    endloop
  endfacet
  facet normal 0 0 1
    outer loop
      vertex 76.0716 30.0284 1.6
      vertex 69.9 30.3 1.6
      vertex 75.7266 29.635 1.6
    endloop
  endfacet
  facet normal 0 0 1
    outer loop
      vertex 76.465 30.3734 1.6
      vertex 69.9 30.3 1.6
      vertex 76.0716 30.0284 1.6
    endloop
  endfacet
  facet normal 0 0 1
    outer loop
      vertex 76.9 30.6641 1.6
      vertex 69.9 30.3 1.6
      vertex 76.465 30.3734 1.6
    endloop
  endfacet
  facet normal 0 0 1
    outer loop
      vertex 76.9728 30.7 1.6
      vertex 69.9 30.3 1.6
      vertex 76.9 30.6641 1.6
    endloop
  endfacet
  facet normal 0 0 1
    outer loop
      vertex 76.9728 30.7 1.6
      vertex 63 30.3 1.6
      vertex 69.9 30.3 1.6
    endloop
  endfacet
  facet normal -0 0 1
    outer loop
      vertex 6.4 27.3 1.6
      vertex 63 26.3 1.6
      vertex 63 30.3 1.6
    endloop
  endfacet
  facet normal 0 0 1
    outer loop
      vertex 63 26.3 1.6
      vertex 6.4 27.3 1.6
      vertex 63 6.4 1.6
    endloop
  endfacet
  facet normal 0 0 1
    outer loop
      vertex 6.4 27.3 1.6
      vertex 63 30.3 1.6
      vertex 6.4 30.3 1.6
    endloop
  endfacet
  facet normal -0 0 1
    outer loop
      vertex 2.96365 30.7 1.6
      vertex 63 30.3 1.6
      vertex 76.9728 30.7 1.6
    endloop
  endfacet
  facet normal 0 0 1
    outer loop
      vertex 63 30.3 1.6
      vertex 2.96365 30.7 1.6
      vertex 6.4 30.3 1.6
    endloop
  endfacet
  facet normal -0 0 1
    outer loop
      vertex 2.13505 29.8266 1.6
      vertex 3.4 27.3 1.6
      vertex 3.4 30.3 1.6
    endloop
  endfacet
  facet normal 0 0 1
    outer loop
      vertex 3.4 27.3 1.6
      vertex 2 29.7364 1.6
      vertex 3.4 5.4 1.6
    endloop
  endfacet
  facet normal -0 0 1
    outer loop
      vertex 2.87341 30.565 1.6
      vertex 3.4 30.3 1.6
      vertex 2.96365 30.7 1.6
    endloop
  endfacet
  facet normal 0 0 1
    outer loop
      vertex 6.4 30.3 1.6
      vertex 2.96365 30.7 1.6
      vertex 3.4 30.3 1.6
    endloop
  endfacet
  facet normal -0 0 1
    outer loop
      vertex 82.3641 25.2 1.6
      vertex 82.4 7.42721 1.6
      vertex 82.4 25.2728 1.6
    endloop
  endfacet
  facet normal 0 0 1
    outer loop
      vertex 82.3641 25.2 1.6
      vertex 82.3641 7.5 1.6
      vertex 82.4 7.42721 1.6
    endloop
  endfacet
  facet normal -0 0 1
    outer loop
      vertex 82.0734 24.765 1.6
      vertex 82.3641 7.5 1.6
      vertex 82.3641 25.2 1.6
    endloop
  endfacet
  facet normal 0 0 1
    outer loop
      vertex 82.0734 24.765 1.6
      vertex 82.0734 7.93505 1.6
      vertex 82.3641 7.5 1.6
    endloop
  endfacet
  facet normal -0 0 1
    outer loop
      vertex 81.7284 24.3716 1.6
      vertex 82.0734 7.93505 1.6
      vertex 82.0734 24.765 1.6
    endloop
  endfacet
  facet normal 0 0 1
    outer loop
      vertex 81.7284 24.3716 1.6
      vertex 81.7284 8.32843 1.6
      vertex 82.0734 7.93505 1.6
    endloop
  endfacet
  facet normal -0 0 1
    outer loop
      vertex 81.335 24.0266 1.6
      vertex 81.7284 8.32843 1.6
      vertex 81.7284 24.3716 1.6
    endloop
  endfacet
  facet normal 0 0 1
    outer loop
      vertex 81.335 24.0266 1.6
      vertex 81.335 8.67341 1.6
      vertex 81.7284 8.32843 1.6
    endloop
  endfacet
  facet normal -0 0 1
    outer loop
      vertex 80.9 23.7359 1.6
      vertex 81.335 8.67341 1.6
      vertex 81.335 24.0266 1.6
    endloop
  endfacet
  facet normal 0 0 1
    outer loop
      vertex 80.9 23.7359 1.6
      vertex 80.9 8.9641 1.6
      vertex 81.335 8.67341 1.6
    endloop
  endfacet
  facet normal -0 0 1
    outer loop
      vertex 80.4307 23.5045 1.6
      vertex 80.9 8.9641 1.6
      vertex 80.9 23.7359 1.6
    endloop
  endfacet
  facet normal 0 0 1
    outer loop
      vertex 80.4307 23.5045 1.6
      vertex 80.4307 9.19552 1.6
      vertex 80.9 8.9641 1.6
    endloop
  endfacet
  facet normal -0 0 1
    outer loop
      vertex 79.9353 23.3363 1.6
      vertex 80.4307 9.19552 1.6
      vertex 80.4307 23.5045 1.6
    endloop
  endfacet
  facet normal 0 0 1
    outer loop
      vertex 79.9353 23.3363 1.6
      vertex 79.9353 9.3637 1.6
      vertex 80.4307 9.19552 1.6
    endloop
  endfacet
  facet normal -0 0 1
    outer loop
      vertex 79.4221 23.2342 1.6
      vertex 79.9353 9.3637 1.6
      vertex 79.9353 23.3363 1.6
    endloop
  endfacet
  facet normal 0 0 1
    outer loop
      vertex 79.4221 23.2342 1.6
      vertex 79.4221 9.46578 1.6
      vertex 79.9353 9.3637 1.6
    endloop
  endfacet
  facet normal -0 0 1
    outer loop
      vertex 78.9 23.2 1.6
      vertex 79.4221 9.46578 1.6
      vertex 79.4221 23.2342 1.6
    endloop
  endfacet
  facet normal 0 0 1
    outer loop
      vertex 78.9 23.2 1.6
      vertex 78.9 9.5 1.6
      vertex 79.4221 9.46578 1.6
    endloop
  endfacet
  facet normal 0 0 1
    outer loop
      vertex 78.3779 23.2342 1.6
      vertex 78.9 9.5 1.6
      vertex 78.9 23.2 1.6
    endloop
  endfacet
  facet normal 0 0 1
    outer loop
      vertex 78.3779 23.2342 1.6
      vertex 78.3779 9.46578 1.6
      vertex 78.9 9.5 1.6
    endloop
  endfacet
  facet normal 0 0 1
    outer loop
      vertex 77.8647 23.3363 1.6
      vertex 78.3779 9.46578 1.6
      vertex 78.3779 23.2342 1.6
    endloop
  endfacet
  facet normal 0 0 1
    outer loop
      vertex 77.8647 23.3363 1.6
      vertex 77.8647 9.3637 1.6
      vertex 78.3779 9.46578 1.6
    endloop
  endfacet
  facet normal 0 0 1
    outer loop
      vertex 77.3693 23.5045 1.6
      vertex 77.8647 9.3637 1.6
      vertex 77.8647 23.3363 1.6
    endloop
  endfacet
  facet normal 0 0 1
    outer loop
      vertex 77.3693 23.5045 1.6
      vertex 77.3693 9.19552 1.6
      vertex 77.8647 9.3637 1.6
    endloop
  endfacet
  facet normal 0 0 1
    outer loop
      vertex 76.9 23.7359 1.6
      vertex 77.3693 9.19552 1.6
      vertex 77.3693 23.5045 1.6
    endloop
  endfacet
  facet normal 0 0 1
    outer loop
      vertex 76.9 23.7359 1.6
      vertex 76.9 8.9641 1.6
      vertex 77.3693 9.19552 1.6
    endloop
  endfacet
  facet normal 0 0 1
    outer loop
      vertex 76.465 24.0266 1.6
      vertex 76.9 8.9641 1.6
      vertex 76.9 23.7359 1.6
    endloop
  endfacet
  facet normal 0 0 1
    outer loop
      vertex 76.465 24.0266 1.6
      vertex 76.465 8.67341 1.6
      vertex 76.9 8.9641 1.6
    endloop
  endfacet
  facet normal 0 0 1
    outer loop
      vertex 69.9 26.3 1.6
      vertex 76.465 24.0266 1.6
      vertex 76.0716 24.3716 1.6
    endloop
  endfacet
  facet normal 0 0 1
    outer loop
      vertex 76.465 24.0266 1.6
      vertex 69.9 26.3 1.6
      vertex 76.465 8.67341 1.6
    endloop
  endfacet
  facet normal 0 0 1
    outer loop
      vertex 69.9 26.3 1.6
      vertex 76.0716 24.3716 1.6
      vertex 75.7266 24.765 1.6
    endloop
  endfacet
  facet normal 0 0 1
    outer loop
      vertex 69.9 6.4 1.6
      vertex 76.465 8.67341 1.6
      vertex 69.9 26.3 1.6
    endloop
  endfacet
  facet normal 0 0 1
    outer loop
      vertex 69.9 26.3 1.6
      vertex 75.7266 24.765 1.6
      vertex 75.4359 25.2 1.6
    endloop
  endfacet
  facet normal 0 0 1
    outer loop
      vertex 76.465 8.67341 1.6
      vertex 69.9 6.4 1.6
      vertex 76.0716 8.32843 1.6
    endloop
  endfacet
  facet normal 0 0 1
    outer loop
      vertex 75.0363 26.1647 1.6
      vertex 69.9 26.3 1.6
      vertex 75.2045 25.6693 1.6
    endloop
  endfacet
  facet normal 0 0 1
    outer loop
      vertex 75.2045 25.6693 1.6
      vertex 69.9 26.3 1.6
      vertex 75.4359 25.2 1.6
    endloop
  endfacet
  facet normal 0 0 1
    outer loop
      vertex 74.9342 26.6779 1.6
      vertex 69.9 26.3 1.6
      vertex 75.0363 26.1647 1.6
    endloop
  endfacet
  facet normal 0 0 1
    outer loop
      vertex 76.0716 8.32843 1.6
      vertex 69.9 6.4 1.6
      vertex 75.7266 7.93505 1.6
    endloop
  endfacet
  facet normal 0 0 1
    outer loop
      vertex 74.9 27.2 1.6
      vertex 69.9 26.3 1.6
      vertex 74.9342 26.6779 1.6
    endloop
  endfacet
  facet normal 0 0 1
    outer loop
      vertex 75.7266 7.93505 1.6
      vertex 69.9 6.4 1.6
      vertex 75.4359 7.5 1.6
    endloop
  endfacet
  facet normal 0 0 1
    outer loop
      vertex 74.9342 27.7221 1.6
      vertex 69.9 26.3 1.6
      vertex 74.9 27.2 1.6
    endloop
  endfacet
  facet normal 0 0 1
    outer loop
      vertex 75.4359 7.5 1.6
      vertex 69.9 6.4 1.6
      vertex 75.2045 7.03073 1.6
    endloop
  endfacet
  facet normal 0 0 1
    outer loop
      vertex 75.0363 6.53528 1.6
      vertex 69.9 6.4 1.6
      vertex 74.9342 6.0221 1.6
    endloop
  endfacet
  facet normal 0 0 1
    outer loop
      vertex 74.9342 6.0221 1.6
      vertex 69.9 6.4 1.6
      vertex 74.9 5.5 1.6
    endloop
  endfacet
  facet normal 0 0 1
    outer loop
      vertex 74.9 5.5 1.6
      vertex 69.9 6.4 1.6
      vertex 74.9342 4.97789 1.6
    endloop
  endfacet
  facet normal 0 0 1
    outer loop
      vertex 69.9 2.4 1.6
      vertex 74.9342 4.97789 1.6
      vertex 69.9 6.4 1.6
    endloop
  endfacet
  facet normal 0 0 1
    outer loop
      vertex 74.9342 4.97789 1.6
      vertex 69.9 2.4 1.6
      vertex 75.0363 4.46472 1.6
    endloop
  endfacet
  facet normal 0 0 1
    outer loop
      vertex 75.0363 4.46472 1.6
      vertex 69.9 2.4 1.6
      vertex 75.2045 3.96927 1.6
    endloop
  endfacet
  facet normal 0 0 1
    outer loop
      vertex 75.2045 3.96927 1.6
      vertex 69.9 2.4 1.6
      vertex 75.4359 3.5 1.6
    endloop
  endfacet
  facet normal 0 0 1
    outer loop
      vertex 75.4359 3.5 1.6
      vertex 69.9 2.4 1.6
      vertex 75.7266 3.06495 1.6
    endloop
  endfacet
  facet normal 0 0 1
    outer loop
      vertex 75.7266 3.06495 1.6
      vertex 69.9 2.4 1.6
      vertex 76.0716 2.67157 1.6
    endloop
  endfacet
  facet normal 0 0 1
    outer loop
      vertex 76.0716 2.67157 1.6
      vertex 69.9 2.4 1.6
      vertex 76.465 2.32659 1.6
    endloop
  endfacet
  facet normal 0 0 1
    outer loop
      vertex 76.465 2.32659 1.6
      vertex 69.9 2.4 1.6
      vertex 76.9 2.0359 1.6
    endloop
  endfacet
  facet normal 0 0 1
    outer loop
      vertex 69.9 2.4 1.6
      vertex 76.9728 2 1.6
      vertex 76.9 2.0359 1.6
    endloop
  endfacet
  facet normal -0 0 1
    outer loop
      vertex 63 2.4 1.6
      vertex 76.9728 2 1.6
      vertex 69.9 2.4 1.6
    endloop
  endfacet
  facet normal 0 0 1
    outer loop
      vertex 6.4 5.4 1.6
      vertex 63 6.4 1.6
      vertex 6.4 27.3 1.6
    endloop
  endfacet
  facet normal 0 0 1
    outer loop
      vertex 63 6.4 1.6
      vertex 6.4 5.4 1.6
      vertex 63 2.4 1.6
    endloop
  endfacet
  facet normal 0 0 1
    outer loop
      vertex 6.4 2.4 1.6
      vertex 63 2.4 1.6
      vertex 6.4 5.4 1.6
    endloop
  endfacet
  facet normal 0 0 1
    outer loop
      vertex 2.96365 2 1.6
      vertex 63 2.4 1.6
      vertex 6.4 2.4 1.6
    endloop
  endfacet
  facet normal 0 0 1
    outer loop
      vertex 2.96365 2 1.6
      vertex 6.4 2.4 1.6
      vertex 3.4 2.4 1.6
    endloop
  endfacet
  facet normal 0 0 1
    outer loop
      vertex 63 2.4 1.6
      vertex 2.96365 2 1.6
      vertex 76.9728 2 1.6
    endloop
  endfacet
  facet normal 0 0 1
    outer loop
      vertex 2.52843 30.1716 1.6
      vertex 3.4 30.3 1.6
      vertex 2.87341 30.565 1.6
    endloop
  endfacet
  facet normal 0 0 1
    outer loop
      vertex 2.13505 29.8266 1.6
      vertex 3.4 30.3 1.6
      vertex 2.52843 30.1716 1.6
    endloop
  endfacet
  facet normal 0 0 1
    outer loop
      vertex 3.4 2.4 1.6
      vertex 2.87341 2.13505 1.6
      vertex 2.96365 2 1.6
    endloop
  endfacet
  facet normal 0 0 1
    outer loop
      vertex 3.4 27.3 1.6
      vertex 2.13505 29.8266 1.6
      vertex 2 29.7364 1.6
    endloop
  endfacet
  facet normal 0 0 1
    outer loop
      vertex 3.4 2.4 1.6
      vertex 2.52843 2.52843 1.6
      vertex 2.87341 2.13505 1.6
    endloop
  endfacet
  facet normal 0 0 1
    outer loop
      vertex 2 2.96365 1.6
      vertex 3.4 5.4 1.6
      vertex 2 29.7364 1.6
    endloop
  endfacet
  facet normal 0 0 1
    outer loop
      vertex 3.4 2.4 1.6
      vertex 2.13505 2.87341 1.6
      vertex 2.52843 2.52843 1.6
    endloop
  endfacet
  facet normal 0 -0 1
    outer loop
      vertex 2.13505 2.87341 1.6
      vertex 3.4 5.4 1.6
      vertex 2 2.96365 1.6
    endloop
  endfacet
  facet normal 0 0 1
    outer loop
      vertex 3.4 5.4 1.6
      vertex 2.13505 2.87341 1.6
      vertex 3.4 2.4 1.6
    endloop
  endfacet
  facet normal 0 1 -0
    outer loop
      vertex 82.4 2 1.6
      vertex 80.8272 2 14.6
      vertex 82.4 2 14.6
    endloop
  endfacet
  facet normal 0 1 0
    outer loop
      vertex 80.8272 2 14.6
      vertex 82.4 2 1.6
      vertex 80.8272 2 1.6
    endloop
  endfacet
  facet normal 0 1 -0
    outer loop
      vertex 28.4 2 10.6
      vertex 24.4 2 12.4
      vertex 28.4 2 12.4
    endloop
  endfacet
  facet normal 0 1 0
    outer loop
      vertex 24.4 2 12.4
      vertex 28.4 2 10.6
      vertex 24.4 2 10.6
    endloop
  endfacet
  facet normal 0 1 -0
    outer loop
      vertex 35.4 2 10.6
      vertex 31.4 2 12.4
      vertex 35.4 2 12.4
    endloop
  endfacet
  facet normal 0 1 0
    outer loop
      vertex 31.4 2 12.4
      vertex 35.4 2 10.6
      vertex 31.4 2 10.6
    endloop
  endfacet
  facet normal 0 1 -0
    outer loop
      vertex 42.4 2 10.6
      vertex 38.4 2 12.4
      vertex 42.4 2 12.4
    endloop
  endfacet
  facet normal 0 1 0
    outer loop
      vertex 38.4 2 12.4
      vertex 42.4 2 10.6
      vertex 38.4 2 10.6
    endloop
  endfacet
  facet normal 0 1 0
    outer loop
      vertex 42.4 2 12.4
      vertex 76.9728 2 14.6
      vertex 45.4 2 12.4
    endloop
  endfacet
  facet normal 0 1 0
    outer loop
      vertex 76.9728 2 14.6
      vertex 45.4 2 10.6
      vertex 45.4 2 12.4
    endloop
  endfacet
  facet normal 0 1 0
    outer loop
      vertex 76.9728 2 1.6
      vertex 42.4 2 10.6
      vertex 45.4 2 10.6
    endloop
  endfacet
  facet normal 0 1 0
    outer loop
      vertex 42.4 2 10.6
      vertex 76.9728 2 1.6
      vertex 38.4 2 10.6
    endloop
  endfacet
  facet normal 0 1 0
    outer loop
      vertex 38.4 2 10.6
      vertex 2.96365 2 1.6
      vertex 35.4 2 10.6
    endloop
  endfacet
  facet normal 0 1 0
    outer loop
      vertex 35.4 2 10.6
      vertex 2.96365 2 1.6
      vertex 31.4 2 10.6
    endloop
  endfacet
  facet normal 0 1 0
    outer loop
      vertex 31.4 2 10.6
      vertex 2.96365 2 1.6
      vertex 28.4 2 10.6
    endloop
  endfacet
  facet normal 0 1 0
    outer loop
      vertex 28.4 2 10.6
      vertex 2.96365 2 1.6
      vertex 24.4 2 10.6
    endloop
  endfacet
  facet normal 0 1 0
    outer loop
      vertex 38.4 2 10.6
      vertex 76.9728 2 1.6
      vertex 2.96365 2 1.6
    endloop
  endfacet
  facet normal 0 1 -0
    outer loop
      vertex 76.9728 2 1.6
      vertex 45.4 2 10.6
      vertex 76.9728 2 14.6
    endloop
  endfacet
  facet normal 0 1 0
    outer loop
      vertex 76.9728 2 14.6
      vertex 42.4 2 12.4
      vertex 2.96365 2 14.6
    endloop
  endfacet
  facet normal 0 1 -0
    outer loop
      vertex 38.4 2 12.4
      vertex 2.96365 2 14.6
      vertex 42.4 2 12.4
    endloop
  endfacet
  facet normal 0 1 -0
    outer loop
      vertex 35.4 2 12.4
      vertex 2.96365 2 14.6
      vertex 38.4 2 12.4
    endloop
  endfacet
  facet normal 0 1 -0
    outer loop
      vertex 31.4 2 12.4
      vertex 2.96365 2 14.6
      vertex 35.4 2 12.4
    endloop
  endfacet
  facet normal 0 1 -0
    outer loop
      vertex 28.4 2 12.4
      vertex 2.96365 2 14.6
      vertex 31.4 2 12.4
    endloop
  endfacet
  facet normal 0 1 -0
    outer loop
      vertex 24.4 2 12.4
      vertex 2.96365 2 14.6
      vertex 28.4 2 12.4
    endloop
  endfacet
  facet normal 0 1 -0
    outer loop
      vertex 21.4 2 12.4
      vertex 2.96365 2 14.6
      vertex 24.4 2 12.4
    endloop
  endfacet
  facet normal 0 1 -0
    outer loop
      vertex 21.4 2 10.6
      vertex 2.96365 2 14.6
      vertex 21.4 2 12.4
    endloop
  endfacet
  facet normal 0 1 0
    outer loop
      vertex 21.4 2 10.6
      vertex 2.96365 2 1.6
      vertex 2.96365 2 14.6
    endloop
  endfacet
  facet normal 0 1 0
    outer loop
      vertex 24.4 2 10.6
      vertex 2.96365 2 1.6
      vertex 21.4 2 10.6
    endloop
  endfacet
  facet normal -1 0 0
    outer loop
      vertex 3.4 2.4 1.6
      vertex 3.4 5.4 8.6
      vertex 3.4 5.4 1.6
    endloop
  endfacet
  facet normal -1 -0 0
    outer loop
      vertex 3.4 5.4 8.6
      vertex 3.4 2.4 1.6
      vertex 3.4 2.4 8.6
    endloop
  endfacet
  facet normal -0 0 1
    outer loop
      vertex 3.4 5.4 8.6
      vertex 6.4 2.4 8.6
      vertex 6.4 5.4 8.6
    endloop
  endfacet
  facet normal 0 0 1
    outer loop
      vertex 6.4 2.4 8.6
      vertex 3.4 5.4 8.6
      vertex 3.4 2.4 8.6
    endloop
  endfacet
  facet normal 1 -0 0
    outer loop
      vertex 6.4 2.4 8.6
      vertex 6.4 5.4 1.6
      vertex 6.4 5.4 8.6
    endloop
  endfacet
  facet normal 1 0 0
    outer loop
      vertex 6.4 5.4 1.6
      vertex 6.4 2.4 8.6
      vertex 6.4 2.4 1.6
    endloop
  endfacet
  facet normal 0 1 -0
    outer loop
      vertex 6.4 5.4 1.6
      vertex 3.4 5.4 8.6
      vertex 6.4 5.4 8.6
    endloop
  endfacet
  facet normal 0 1 0
    outer loop
      vertex 3.4 5.4 8.6
      vertex 6.4 5.4 1.6
      vertex 3.4 5.4 1.6
    endloop
  endfacet
  facet normal 0 -1 0
    outer loop
      vertex 3.4 2.4 1.6
      vertex 6.4 2.4 8.6
      vertex 3.4 2.4 8.6
    endloop
  endfacet
  facet normal 0 -1 -0
    outer loop
      vertex 6.4 2.4 8.6
      vertex 3.4 2.4 1.6
      vertex 6.4 2.4 1.6
    endloop
  endfacet
  facet normal -1 0 0
    outer loop
      vertex 3.4 27.3 1.6
      vertex 3.4 30.3 8.6
      vertex 3.4 30.3 1.6
    endloop
  endfacet
  facet normal -1 -0 0
    outer loop
      vertex 3.4 30.3 8.6
      vertex 3.4 27.3 1.6
      vertex 3.4 27.3 8.6
    endloop
  endfacet
  facet normal -0 0 1
    outer loop
      vertex 3.4 30.3 8.6
      vertex 6.4 27.3 8.6
      vertex 6.4 30.3 8.6
    endloop
  endfacet
  facet normal 0 0 1
    outer loop
      vertex 6.4 27.3 8.6
      vertex 3.4 30.3 8.6
      vertex 3.4 27.3 8.6
    endloop
  endfacet
  facet normal 1 -0 0
    outer loop
      vertex 6.4 27.3 8.6
      vertex 6.4 30.3 1.6
      vertex 6.4 30.3 8.6
    endloop
  endfacet
  facet normal 1 0 0
    outer loop
      vertex 6.4 30.3 1.6
      vertex 6.4 27.3 8.6
      vertex 6.4 27.3 1.6
    endloop
  endfacet
  facet normal 0 -1 0
    outer loop
      vertex 3.4 27.3 1.6
      vertex 6.4 27.3 8.6
      vertex 3.4 27.3 8.6
    endloop
  endfacet
  facet normal 0 -1 -0
    outer loop
      vertex 6.4 27.3 8.6
      vertex 3.4 27.3 1.6
      vertex 6.4 27.3 1.6
    endloop
  endfacet
  facet normal 0 1 -0
    outer loop
      vertex 6.4 30.3 1.6
      vertex 3.4 30.3 8.6
      vertex 6.4 30.3 8.6
    endloop
  endfacet
  facet normal 0 1 0
    outer loop
      vertex 3.4 30.3 8.6
      vertex 6.4 30.3 1.6
      vertex 3.4 30.3 1.6
    endloop
  endfacet
  facet normal -1 0 0
    outer loop
      vertex 63 2.4 1.6
      vertex 63 6.4 8.6
      vertex 63 6.4 1.6
    endloop
  endfacet
  facet normal -1 -0 0
    outer loop
      vertex 63 6.4 8.6
      vertex 63 2.4 1.6
      vertex 63 2.4 8.6
    endloop
  endfacet
  facet normal -0 0 1
    outer loop
      vertex 63 6.4 8.6
      vertex 65.9 2.4 8.6
      vertex 65.9 6.4 8.6
    endloop
  endfacet
  facet normal 0 0 1
    outer loop
      vertex 65.9 2.4 8.6
      vertex 63 6.4 8.6
      vertex 63 2.4 8.6
    endloop
  endfacet
  facet normal 0 1 0
    outer loop
      vertex 69.9 6.4 11.79
      vertex 65.9 6.4 8.6
      vertex 65.9 6.4 11.79
    endloop
  endfacet
  facet normal 0 1 -0
    outer loop
      vertex 69.9 6.4 1.6
      vertex 65.9 6.4 8.6
      vertex 69.9 6.4 11.79
    endloop
  endfacet
  facet normal 0 1 0
    outer loop
      vertex 63 6.4 1.6
      vertex 65.9 6.4 8.6
      vertex 69.9 6.4 1.6
    endloop
  endfacet
  facet normal 0 1 0
    outer loop
      vertex 65.9 6.4 8.6
      vertex 63 6.4 1.6
      vertex 63 6.4 8.6
    endloop
  endfacet
  facet normal 0 -1 0
    outer loop
      vertex 63 2.4 8.6
      vertex 63 2.4 1.6
      vertex 65.9 2.4 8.6
    endloop
  endfacet
  facet normal 0 -1 0
    outer loop
      vertex 65.9 2.4 8.6
      vertex 69.9 2.4 11.79
      vertex 65.9 2.4 11.79
    endloop
  endfacet
  facet normal 0 -1 0
    outer loop
      vertex 69.9 2.4 1.6
      vertex 65.9 2.4 8.6
      vertex 63 2.4 1.6
    endloop
  endfacet
  facet normal 0 -1 0
    outer loop
      vertex 65.9 2.4 8.6
      vertex 69.9 2.4 1.6
      vertex 69.9 2.4 11.79
    endloop
  endfacet
  facet normal -1 0 0
    outer loop
      vertex 63 26.3 1.6
      vertex 63 30.3 8.6
      vertex 63 30.3 1.6
    endloop
  endfacet
  facet normal -1 -0 0
    outer loop
      vertex 63 30.3 8.6
      vertex 63 26.3 1.6
      vertex 63 26.3 8.6
    endloop
  endfacet
  facet normal -0 0 1
    outer loop
      vertex 63 30.3 8.6
      vertex 65.9 26.3 8.6
      vertex 65.9 30.3 8.6
    endloop
  endfacet
  facet normal 0 0 1
    outer loop
      vertex 65.9 26.3 8.6
      vertex 63 30.3 8.6
      vertex 63 26.3 8.6
    endloop
  endfacet
  facet normal 0 -1 0
    outer loop
      vertex 63 26.3 8.6
      vertex 63 26.3 1.6
      vertex 65.9 26.3 8.6
    endloop
  endfacet
  facet normal 0 -1 0
    outer loop
      vertex 65.9 26.3 8.6
      vertex 69.9 26.3 11.79
      vertex 65.9 26.3 11.79
    endloop
  endfacet
  facet normal 0 -1 0
    outer loop
      vertex 69.9 26.3 1.6
      vertex 65.9 26.3 8.6
      vertex 63 26.3 1.6
    endloop
  endfacet
  facet normal 0 -1 0
    outer loop
      vertex 65.9 26.3 8.6
      vertex 69.9 26.3 1.6
      vertex 69.9 26.3 11.79
    endloop
  endfacet
  facet normal 0 1 0
    outer loop
      vertex 69.9 30.3 11.79
      vertex 65.9 30.3 8.6
      vertex 65.9 30.3 11.79
    endloop
  endfacet
  facet normal 0 1 -0
    outer loop
      vertex 69.9 30.3 1.6
      vertex 65.9 30.3 8.6
      vertex 69.9 30.3 11.79
    endloop
  endfacet
  facet normal 0 1 0
    outer loop
      vertex 63 30.3 1.6
      vertex 65.9 30.3 8.6
      vertex 69.9 30.3 1.6
    endloop
  endfacet
  facet normal 0 1 0
    outer loop
      vertex 65.9 30.3 8.6
      vertex 63 30.3 1.6
      vertex 63 30.3 8.6
    endloop
  endfacet
  facet normal -1 0 0
    outer loop
      vertex 65.9 2.4 8.6
      vertex 65.9 6.4 11.79
      vertex 65.9 6.4 8.6
    endloop
  endfacet
  facet normal -1 -0 0
    outer loop
      vertex 65.9 6.4 11.79
      vertex 65.9 2.4 8.6
      vertex 65.9 2.4 11.79
    endloop
  endfacet
  facet normal -0 0 1
    outer loop
      vertex 65.9 6.4 11.79
      vertex 69.9 2.4 11.79
      vertex 69.9 6.4 11.79
    endloop
  endfacet
  facet normal 0 0 1
    outer loop
      vertex 69.9 2.4 11.79
      vertex 65.9 6.4 11.79
      vertex 65.9 2.4 11.79
    endloop
  endfacet
  facet normal 1 -0 0
    outer loop
      vertex 69.9 2.4 11.79
      vertex 69.9 6.4 1.6
      vertex 69.9 6.4 11.79
    endloop
  endfacet
  facet normal 1 0 0
    outer loop
      vertex 69.9 6.4 1.6
      vertex 69.9 2.4 11.79
      vertex 69.9 2.4 1.6
    endloop
  endfacet
  facet normal -1 0 0
    outer loop
      vertex 65.9 26.3 8.6
      vertex 65.9 30.3 11.79
      vertex 65.9 30.3 8.6
    endloop
  endfacet
  facet normal -1 -0 0
    outer loop
      vertex 65.9 30.3 11.79
      vertex 65.9 26.3 8.6
      vertex 65.9 26.3 11.79
    endloop
  endfacet
  facet normal -0 0 1
    outer loop
      vertex 65.9 30.3 11.79
      vertex 69.9 26.3 11.79
      vertex 69.9 30.3 11.79
    endloop
  endfacet
  facet normal 0 0 1
    outer loop
      vertex 69.9 26.3 11.79
      vertex 65.9 30.3 11.79
      vertex 65.9 26.3 11.79
    endloop
  endfacet
  facet normal 1 -0 0
    outer loop
      vertex 69.9 26.3 11.79
      vertex 69.9 30.3 1.6
      vertex 69.9 30.3 11.79
    endloop
  endfacet
  facet normal 1 0 0
    outer loop
      vertex 69.9 30.3 1.6
      vertex 69.9 26.3 11.79
      vertex 69.9 26.3 1.6
    endloop
  endfacet
  facet normal -0.0654027 0.997859 0
    outer loop
      vertex 78.9 9.5 1.6
      vertex 78.3779 9.46578 14.6
      vertex 78.9 9.5 14.6
    endloop
  endfacet
  facet normal -0.0654027 0.997859 0
    outer loop
      vertex 78.3779 9.46578 14.6
      vertex 78.9 9.5 1.6
      vertex 78.3779 9.46578 1.6
    endloop
  endfacet
  facet normal -0.659321 -0.751861 0
    outer loop
      vertex 76.0716 2.67157 1.6
      vertex 76.465 2.32659 14.6
      vertex 76.0716 2.67157 14.6
    endloop
  endfacet
  facet normal -0.659321 -0.751861 -0
    outer loop
      vertex 76.465 2.32659 14.6
      vertex 76.0716 2.67157 1.6
      vertex 76.465 2.32659 1.6
    endloop
  endfacet
  facet normal 0.659321 0.751861 -0
    outer loop
      vertex 81.7284 8.32843 1.6
      vertex 81.335 8.67341 14.6
      vertex 81.7284 8.32843 14.6
    endloop
  endfacet
  facet normal 0.659321 0.751861 0
    outer loop
      vertex 81.335 8.67341 14.6
      vertex 81.7284 8.32843 1.6
      vertex 81.335 8.67341 1.6
    endloop
  endfacet
  facet normal -0.751826 0.659362 0
    outer loop
      vertex 75.7266 7.93505 1.6
      vertex 76.0716 8.32843 14.6
      vertex 76.0716 8.32843 1.6
    endloop
  endfacet
  facet normal -0.751826 0.659362 0
    outer loop
      vertex 76.0716 8.32843 14.6
      vertex 75.7266 7.93505 1.6
      vertex 75.7266 7.93505 14.6
    endloop
  endfacet
  facet normal -0.442268 0.896883 0
    outer loop
      vertex 77.3693 9.19552 1.6
      vertex 76.9 8.9641 14.6
      vertex 77.3693 9.19552 14.6
    endloop
  endfacet
  facet normal -0.442268 0.896883 0
    outer loop
      vertex 76.9 8.9641 14.6
      vertex 77.3693 9.19552 1.6
      vertex 76.9 8.9641 1.6
    endloop
  endfacet
  facet normal -0.896887 -0.44226 0
    outer loop
      vertex 75.4359 3.5 1.6
      vertex 75.2045 3.96927 14.6
      vertex 75.2045 3.96927 1.6
    endloop
  endfacet
  facet normal -0.896887 -0.44226 0
    outer loop
      vertex 75.2045 3.96927 14.6
      vertex 75.4359 3.5 1.6
      vertex 75.4359 3.5 14.6
    endloop
  endfacet
  facet normal 0.896853 0.442328 0
    outer loop
      vertex 82.4 7.42721 14.6
      vertex 82.3641 7.5 1.6
      vertex 82.3641 7.5 14.6
    endloop
  endfacet
  facet normal 0.896853 0.442328 0
    outer loop
      vertex 82.3641 7.5 1.6
      vertex 82.4 7.42721 14.6
      vertex 82.4 7.42721 1.6
    endloop
  endfacet
  facet normal 0.321464 0.946922 -0
    outer loop
      vertex 80.4307 9.19552 1.6
      vertex 79.9353 9.3637 14.6
      vertex 80.4307 9.19552 14.6
    endloop
  endfacet
  facet normal 0.321464 0.946922 0
    outer loop
      vertex 79.9353 9.3637 14.6
      vertex 80.4307 9.19552 1.6
      vertex 79.9353 9.3637 1.6
    endloop
  endfacet
  facet normal 0.442268 0.896883 -0
    outer loop
      vertex 80.9 8.9641 1.6
      vertex 80.4307 9.19552 14.6
      vertex 80.9 8.9641 14.6
    endloop
  endfacet
  facet normal 0.442268 0.896883 0
    outer loop
      vertex 80.4307 9.19552 14.6
      vertex 80.9 8.9641 1.6
      vertex 80.4307 9.19552 1.6
    endloop
  endfacet
  facet normal -0.94692 0.321469 0
    outer loop
      vertex 75.0363 6.53528 1.6
      vertex 75.2045 7.03073 14.6
      vertex 75.2045 7.03073 1.6
    endloop
  endfacet
  facet normal -0.94692 0.321469 0
    outer loop
      vertex 75.2045 7.03073 14.6
      vertex 75.0363 6.53528 1.6
      vertex 75.0363 6.53528 14.6
    endloop
  endfacet
  facet normal -0.831462 0.555582 0
    outer loop
      vertex 75.4359 7.5 1.6
      vertex 75.7266 7.93505 14.6
      vertex 75.7266 7.93505 1.6
    endloop
  endfacet
  facet normal -0.831462 0.555582 0
    outer loop
      vertex 75.7266 7.93505 14.6
      vertex 75.4359 7.5 1.6
      vertex 75.4359 7.5 14.6
    endloop
  endfacet
  facet normal -0.555613 0.831441 0
    outer loop
      vertex 76.9 8.9641 1.6
      vertex 76.465 8.67341 14.6
      vertex 76.9 8.9641 14.6
    endloop
  endfacet
  facet normal -0.555613 0.831441 0
    outer loop
      vertex 76.465 8.67341 14.6
      vertex 76.9 8.9641 1.6
      vertex 76.465 8.67341 1.6
    endloop
  endfacet
  facet normal -0.321464 0.946922 0
    outer loop
      vertex 77.8647 9.3637 1.6
      vertex 77.3693 9.19552 14.6
      vertex 77.8647 9.3637 14.6
    endloop
  endfacet
  facet normal -0.321464 0.946922 0
    outer loop
      vertex 77.3693 9.19552 14.6
      vertex 77.8647 9.3637 1.6
      vertex 77.3693 9.19552 1.6
    endloop
  endfacet
  facet normal 0.555613 -0.831441 0
    outer loop
      vertex 80.9 2.0359 1.6
      vertex 81.335 2.32659 14.6
      vertex 80.9 2.0359 14.6
    endloop
  endfacet
  facet normal 0.555613 -0.831441 0
    outer loop
      vertex 81.335 2.32659 14.6
      vertex 80.9 2.0359 1.6
      vertex 81.335 2.32659 1.6
    endloop
  endfacet
  facet normal -0.831462 -0.555582 0
    outer loop
      vertex 75.7266 3.06495 1.6
      vertex 75.4359 3.5 14.6
      vertex 75.4359 3.5 1.6
    endloop
  endfacet
  facet normal -0.831462 -0.555582 0
    outer loop
      vertex 75.4359 3.5 14.6
      vertex 75.7266 3.06495 1.6
      vertex 75.7266 3.06495 14.6
    endloop
  endfacet
  facet normal -0.980776 -0.195135 0
    outer loop
      vertex 75.0363 4.46472 1.6
      vertex 74.9342 4.97789 14.6
      vertex 74.9342 4.97789 1.6
    endloop
  endfacet
  facet normal -0.980776 -0.195135 0
    outer loop
      vertex 74.9342 4.97789 14.6
      vertex 75.0363 4.46472 1.6
      vertex 75.0363 4.46472 14.6
    endloop
  endfacet
  facet normal 0.751826 0.659362 0
    outer loop
      vertex 82.0734 7.93505 14.6
      vertex 81.7284 8.32843 1.6
      vertex 81.7284 8.32843 14.6
    endloop
  endfacet
  facet normal 0.751826 0.659362 0
    outer loop
      vertex 81.7284 8.32843 1.6
      vertex 82.0734 7.93505 14.6
      vertex 82.0734 7.93505 1.6
    endloop
  endfacet
  facet normal 0.831462 0.555582 0
    outer loop
      vertex 82.3641 7.5 14.6
      vertex 82.0734 7.93505 1.6
      vertex 82.0734 7.93505 14.6
    endloop
  endfacet
  facet normal 0.831462 0.555582 0
    outer loop
      vertex 82.0734 7.93505 1.6
      vertex 82.3641 7.5 14.6
      vertex 82.3641 7.5 1.6
    endloop
  endfacet
  facet normal 0.195087 0.980786 -0
    outer loop
      vertex 79.9353 9.3637 1.6
      vertex 79.4221 9.46578 14.6
      vertex 79.9353 9.3637 14.6
    endloop
  endfacet
  facet normal 0.195087 0.980786 0
    outer loop
      vertex 79.4221 9.46578 14.6
      vertex 79.9353 9.3637 1.6
      vertex 79.4221 9.46578 1.6
    endloop
  endfacet
  facet normal 0.0654027 0.997859 -0
    outer loop
      vertex 79.4221 9.46578 1.6
      vertex 78.9 9.5 14.6
      vertex 79.4221 9.46578 14.6
    endloop
  endfacet
  facet normal 0.0654027 0.997859 0
    outer loop
      vertex 78.9 9.5 14.6
      vertex 79.4221 9.46578 1.6
      vertex 78.9 9.5 1.6
    endloop
  endfacet
  facet normal 0.555613 0.831441 -0
    outer loop
      vertex 81.335 8.67341 1.6
      vertex 80.9 8.9641 14.6
      vertex 81.335 8.67341 14.6
    endloop
  endfacet
  facet normal 0.555613 0.831441 0
    outer loop
      vertex 80.9 8.9641 14.6
      vertex 81.335 8.67341 1.6
      vertex 80.9 8.9641 1.6
    endloop
  endfacet
  facet normal -0.896887 0.44226 0
    outer loop
      vertex 75.2045 7.03073 1.6
      vertex 75.4359 7.5 14.6
      vertex 75.4359 7.5 1.6
    endloop
  endfacet
  facet normal -0.896887 0.44226 0
    outer loop
      vertex 75.4359 7.5 14.6
      vertex 75.2045 7.03073 1.6
      vertex 75.2045 7.03073 14.6
    endloop
  endfacet
  facet normal -0.980777 0.195131 0
    outer loop
      vertex 74.9342 6.0221 1.6
      vertex 75.0363 6.53528 14.6
      vertex 75.0363 6.53528 1.6
    endloop
  endfacet
  facet normal -0.980777 0.195131 0
    outer loop
      vertex 75.0363 6.53528 14.6
      vertex 74.9342 6.0221 1.6
      vertex 74.9342 6.0221 14.6
    endloop
  endfacet
  facet normal -0.997861 0.0653646 0
    outer loop
      vertex 74.9 5.5 1.6
      vertex 74.9342 6.0221 14.6
      vertex 74.9342 6.0221 1.6
    endloop
  endfacet
  facet normal -0.997861 0.0653646 0
    outer loop
      vertex 74.9342 6.0221 14.6
      vertex 74.9 5.5 1.6
      vertex 74.9 5.5 14.6
    endloop
  endfacet
  facet normal -0.997862 -0.0653634 0
    outer loop
      vertex 74.9342 4.97789 1.6
      vertex 74.9 5.5 14.6
      vertex 74.9 5.5 1.6
    endloop
  endfacet
  facet normal -0.997862 -0.0653634 0
    outer loop
      vertex 74.9 5.5 14.6
      vertex 74.9342 4.97789 1.6
      vertex 74.9342 4.97789 14.6
    endloop
  endfacet
  facet normal -0.659321 0.751861 0
    outer loop
      vertex 76.465 8.67341 1.6
      vertex 76.0716 8.32843 14.6
      vertex 76.465 8.67341 14.6
    endloop
  endfacet
  facet normal -0.659321 0.751861 0
    outer loop
      vertex 76.0716 8.32843 14.6
      vertex 76.465 8.67341 1.6
      vertex 76.0716 8.32843 1.6
    endloop
  endfacet
  facet normal -0.195087 0.980786 0
    outer loop
      vertex 78.3779 9.46578 1.6
      vertex 77.8647 9.3637 14.6
      vertex 78.3779 9.46578 14.6
    endloop
  endfacet
  facet normal -0.195087 0.980786 0
    outer loop
      vertex 77.8647 9.3637 14.6
      vertex 78.3779 9.46578 1.6
      vertex 77.8647 9.3637 1.6
    endloop
  endfacet
  facet normal 0.442279 -0.896878 0
    outer loop
      vertex 80.8272 2 1.6
      vertex 80.9 2.0359 14.6
      vertex 80.8272 2 14.6
    endloop
  endfacet
  facet normal 0.442279 -0.896878 0
    outer loop
      vertex 80.9 2.0359 14.6
      vertex 80.8272 2 1.6
      vertex 80.9 2.0359 1.6
    endloop
  endfacet
  facet normal 0.659321 -0.751861 0
    outer loop
      vertex 81.335 2.32659 1.6
      vertex 81.7284 2.67157 14.6
      vertex 81.335 2.32659 14.6
    endloop
  endfacet
  facet normal 0.659321 -0.751861 0
    outer loop
      vertex 81.7284 2.67157 14.6
      vertex 81.335 2.32659 1.6
      vertex 81.7284 2.67157 1.6
    endloop
  endfacet
  facet normal 0.831462 -0.555582 0
    outer loop
      vertex 82.0734 3.06495 14.6
      vertex 82.3641 3.5 1.6
      vertex 82.3641 3.5 14.6
    endloop
  endfacet
  facet normal 0.831462 -0.555582 0
    outer loop
      vertex 82.3641 3.5 1.6
      vertex 82.0734 3.06495 14.6
      vertex 82.0734 3.06495 1.6
    endloop
  endfacet
  facet normal -0.555613 -0.831441 0
    outer loop
      vertex 76.465 2.32659 1.6
      vertex 76.9 2.0359 14.6
      vertex 76.465 2.32659 14.6
    endloop
  endfacet
  facet normal -0.555613 -0.831441 -0
    outer loop
      vertex 76.9 2.0359 14.6
      vertex 76.465 2.32659 1.6
      vertex 76.9 2.0359 1.6
    endloop
  endfacet
  facet normal -0.751826 -0.659362 0
    outer loop
      vertex 76.0716 2.67157 1.6
      vertex 75.7266 3.06495 14.6
      vertex 75.7266 3.06495 1.6
    endloop
  endfacet
  facet normal -0.751826 -0.659362 0
    outer loop
      vertex 75.7266 3.06495 14.6
      vertex 76.0716 2.67157 1.6
      vertex 76.0716 2.67157 14.6
    endloop
  endfacet
  facet normal -0.94692 -0.321469 0
    outer loop
      vertex 75.2045 3.96927 1.6
      vertex 75.0363 4.46472 14.6
      vertex 75.0363 4.46472 1.6
    endloop
  endfacet
  facet normal -0.94692 -0.321469 0
    outer loop
      vertex 75.0363 4.46472 14.6
      vertex 75.2045 3.96927 1.6
      vertex 75.2045 3.96927 14.6
    endloop
  endfacet
  facet normal 0.751826 -0.659362 0
    outer loop
      vertex 81.7284 2.67157 14.6
      vertex 82.0734 3.06495 1.6
      vertex 82.0734 3.06495 14.6
    endloop
  endfacet
  facet normal 0.751826 -0.659362 0
    outer loop
      vertex 82.0734 3.06495 1.6
      vertex 81.7284 2.67157 14.6
      vertex 81.7284 2.67157 1.6
    endloop
  endfacet
  facet normal -0.442279 -0.896878 0
    outer loop
      vertex 76.9 2.0359 1.6
      vertex 76.9728 2 14.6
      vertex 76.9 2.0359 14.6
    endloop
  endfacet
  facet normal -0.442279 -0.896878 -0
    outer loop
      vertex 76.9728 2 14.6
      vertex 76.9 2.0359 1.6
      vertex 76.9728 2 1.6
    endloop
  endfacet
  facet normal 0.896853 -0.442328 0
    outer loop
      vertex 82.3641 3.5 14.6
      vertex 82.4 3.57279 1.6
      vertex 82.4 3.57279 14.6
    endloop
  endfacet
  facet normal 0.896853 -0.442328 0
    outer loop
      vertex 82.4 3.57279 1.6
      vertex 82.3641 3.5 14.6
      vertex 82.3641 3.5 1.6
    endloop
  endfacet
  facet normal 0.0653646 -0.997861 0
    outer loop
      vertex 78.9 23.2 1.6
      vertex 79.4221 23.2342 14.6
      vertex 78.9 23.2 14.6
    endloop
  endfacet
  facet normal 0.0653646 -0.997861 0
    outer loop
      vertex 79.4221 23.2342 14.6
      vertex 78.9 23.2 1.6
      vertex 79.4221 23.2342 1.6
    endloop
  endfacet
  facet normal 0.659343 0.751842 -0
    outer loop
      vertex 81.7284 30.0284 1.6
      vertex 81.335 30.3734 14.6
      vertex 81.7284 30.0284 14.6
    endloop
  endfacet
  facet normal 0.659343 0.751842 0
    outer loop
      vertex 81.335 30.3734 14.6
      vertex 81.7284 30.0284 1.6
      vertex 81.335 30.3734 1.6
    endloop
  endfacet
  facet normal -0.751842 0.659343 0
    outer loop
      vertex 75.7266 29.635 1.6
      vertex 76.0716 30.0284 14.6
      vertex 76.0716 30.0284 1.6
    endloop
  endfacet
  facet normal -0.751842 0.659343 0
    outer loop
      vertex 76.0716 30.0284 14.6
      vertex 75.7266 29.635 1.6
      vertex 75.7266 29.635 14.6
    endloop
  endfacet
  facet normal -0.442279 0.896878 0
    outer loop
      vertex 76.9728 30.7 1.6
      vertex 76.9 30.6641 14.6
      vertex 76.9728 30.7 14.6
    endloop
  endfacet
  facet normal -0.442279 0.896878 0
    outer loop
      vertex 76.9 30.6641 14.6
      vertex 76.9728 30.7 1.6
      vertex 76.9 30.6641 1.6
    endloop
  endfacet
  facet normal 0.896878 0.442279 0
    outer loop
      vertex 82.4 29.1272 14.6
      vertex 82.3641 29.2 1.6
      vertex 82.3641 29.2 14.6
    endloop
  endfacet
  facet normal 0.896878 0.442279 0
    outer loop
      vertex 82.3641 29.2 1.6
      vertex 82.4 29.1272 14.6
      vertex 82.4 29.1272 1.6
    endloop
  endfacet
  facet normal 0.555626 0.831432 -0
    outer loop
      vertex 81.335 30.3734 1.6
      vertex 80.9 30.6641 14.6
      vertex 81.335 30.3734 14.6
    endloop
  endfacet
  facet normal 0.555626 0.831432 0
    outer loop
      vertex 80.9 30.6641 14.6
      vertex 81.335 30.3734 1.6
      vertex 80.9 30.6641 1.6
    endloop
  endfacet
  facet normal -0.896898 0.442238 0
    outer loop
      vertex 75.2045 28.7307 1.6
      vertex 75.4359 29.2 14.6
      vertex 75.4359 29.2 1.6
    endloop
  endfacet
  facet normal -0.896898 0.442238 0
    outer loop
      vertex 75.4359 29.2 14.6
      vertex 75.2045 28.7307 1.6
      vertex 75.2045 28.7307 14.6
    endloop
  endfacet
  facet normal -0.831432 0.555626 0
    outer loop
      vertex 75.4359 29.2 1.6
      vertex 75.7266 29.635 14.6
      vertex 75.7266 29.635 1.6
    endloop
  endfacet
  facet normal -0.831432 0.555626 0
    outer loop
      vertex 75.7266 29.635 14.6
      vertex 75.4359 29.2 1.6
      vertex 75.4359 29.2 14.6
    endloop
  endfacet
  facet normal -0.659343 0.751842 0
    outer loop
      vertex 76.465 30.3734 1.6
      vertex 76.0716 30.0284 14.6
      vertex 76.465 30.3734 14.6
    endloop
  endfacet
  facet normal -0.659343 0.751842 0
    outer loop
      vertex 76.0716 30.0284 14.6
      vertex 76.465 30.3734 1.6
      vertex 76.0716 30.0284 1.6
    endloop
  endfacet
  facet normal 0.195124 -0.980779 0
    outer loop
      vertex 79.4221 23.2342 1.6
      vertex 79.9353 23.3363 14.6
      vertex 79.4221 23.2342 14.6
    endloop
  endfacet
  facet normal 0.195124 -0.980779 0
    outer loop
      vertex 79.9353 23.3363 14.6
      vertex 79.4221 23.2342 1.6
      vertex 79.9353 23.3363 1.6
    endloop
  endfacet
  facet normal 0.751842 0.659343 0
    outer loop
      vertex 82.0734 29.635 14.6
      vertex 81.7284 30.0284 1.6
      vertex 81.7284 30.0284 14.6
    endloop
  endfacet
  facet normal 0.751842 0.659343 0
    outer loop
      vertex 81.7284 30.0284 1.6
      vertex 82.0734 29.635 14.6
      vertex 82.0734 29.635 1.6
    endloop
  endfacet
  facet normal 0.831432 0.555626 0
    outer loop
      vertex 82.3641 29.2 14.6
      vertex 82.0734 29.635 1.6
      vertex 82.0734 29.635 14.6
    endloop
  endfacet
  facet normal 0.831432 0.555626 0
    outer loop
      vertex 82.0734 29.635 1.6
      vertex 82.3641 29.2 14.6
      vertex 82.3641 29.2 1.6
    endloop
  endfacet
  facet normal 0.442279 0.896878 -0
    outer loop
      vertex 80.9 30.6641 1.6
      vertex 80.8272 30.7 14.6
      vertex 80.9 30.6641 14.6
    endloop
  endfacet
  facet normal 0.442279 0.896878 0
    outer loop
      vertex 80.8272 30.7 14.6
      vertex 80.9 30.6641 1.6
      vertex 80.8272 30.7 1.6
    endloop
  endfacet
  facet normal -0.94691 0.321498 0
    outer loop
      vertex 75.0363 28.2353 1.6
      vertex 75.2045 28.7307 14.6
      vertex 75.2045 28.7307 1.6
    endloop
  endfacet
  facet normal -0.94691 0.321498 0
    outer loop
      vertex 75.2045 28.7307 14.6
      vertex 75.0363 28.2353 1.6
      vertex 75.0363 28.2353 14.6
    endloop
  endfacet
  facet normal -0.997861 0.0653646 0
    outer loop
      vertex 74.9 27.2 1.6
      vertex 74.9342 27.7221 14.6
      vertex 74.9342 27.7221 1.6
    endloop
  endfacet
  facet normal -0.997861 0.0653646 0
    outer loop
      vertex 74.9342 27.7221 14.6
      vertex 74.9 27.2 1.6
      vertex 74.9 27.2 14.6
    endloop
  endfacet
  facet normal -0.997861 -0.0653646 0
    outer loop
      vertex 74.9342 26.6779 1.6
      vertex 74.9 27.2 14.6
      vertex 74.9 27.2 1.6
    endloop
  endfacet
  facet normal -0.997861 -0.0653646 0
    outer loop
      vertex 74.9 27.2 14.6
      vertex 74.9342 26.6779 1.6
      vertex 74.9342 26.6779 14.6
    endloop
  endfacet
  facet normal -0.555626 0.831432 0
    outer loop
      vertex 76.9 30.6641 1.6
      vertex 76.465 30.3734 14.6
      vertex 76.9 30.6641 14.6
    endloop
  endfacet
  facet normal -0.555626 0.831432 0
    outer loop
      vertex 76.465 30.3734 14.6
      vertex 76.9 30.6641 1.6
      vertex 76.465 30.3734 1.6
    endloop
  endfacet
  facet normal 0.751842 -0.659343 0
    outer loop
      vertex 81.7284 24.3716 14.6
      vertex 82.0734 24.765 1.6
      vertex 82.0734 24.765 14.6
    endloop
  endfacet
  facet normal 0.751842 -0.659343 0
    outer loop
      vertex 82.0734 24.765 1.6
      vertex 81.7284 24.3716 14.6
      vertex 81.7284 24.3716 1.6
    endloop
  endfacet
  facet normal -0.831432 -0.555626 0
    outer loop
      vertex 75.7266 24.765 1.6
      vertex 75.4359 25.2 14.6
      vertex 75.4359 25.2 1.6
    endloop
  endfacet
  facet normal -0.831432 -0.555626 0
    outer loop
      vertex 75.4359 25.2 14.6
      vertex 75.7266 24.765 1.6
      vertex 75.7266 24.765 14.6
    endloop
  endfacet
  facet normal -0.980779 -0.195124 0
    outer loop
      vertex 75.0363 26.1647 1.6
      vertex 74.9342 26.6779 14.6
      vertex 74.9342 26.6779 1.6
    endloop
  endfacet
  facet normal -0.980779 -0.195124 0
    outer loop
      vertex 74.9342 26.6779 14.6
      vertex 75.0363 26.1647 1.6
      vertex 75.0363 26.1647 14.6
    endloop
  endfacet
  facet normal 0.442238 -0.896898 0
    outer loop
      vertex 80.4307 23.5045 1.6
      vertex 80.9 23.7359 14.6
      vertex 80.4307 23.5045 14.6
    endloop
  endfacet
  facet normal 0.442238 -0.896898 0
    outer loop
      vertex 80.9 23.7359 14.6
      vertex 80.4307 23.5045 1.6
      vertex 80.9 23.7359 1.6
    endloop
  endfacet
  facet normal -0.980779 0.195124 0
    outer loop
      vertex 74.9342 27.7221 1.6
      vertex 75.0363 28.2353 14.6
      vertex 75.0363 28.2353 1.6
    endloop
  endfacet
  facet normal -0.980779 0.195124 0
    outer loop
      vertex 75.0363 28.2353 14.6
      vertex 74.9342 27.7221 1.6
      vertex 74.9342 27.7221 14.6
    endloop
  endfacet
  facet normal 0.555626 -0.831432 0
    outer loop
      vertex 80.9 23.7359 1.6
      vertex 81.335 24.0266 14.6
      vertex 80.9 23.7359 14.6
    endloop
  endfacet
  facet normal 0.555626 -0.831432 0
    outer loop
      vertex 81.335 24.0266 14.6
      vertex 80.9 23.7359 1.6
      vertex 81.335 24.0266 1.6
    endloop
  endfacet
  facet normal 0.831432 -0.555626 0
    outer loop
      vertex 82.0734 24.765 14.6
      vertex 82.3641 25.2 1.6
      vertex 82.3641 25.2 14.6
    endloop
  endfacet
  facet normal 0.831432 -0.555626 0
    outer loop
      vertex 82.3641 25.2 1.6
      vertex 82.0734 24.765 14.6
      vertex 82.0734 24.765 1.6
    endloop
  endfacet
  facet normal -0.195124 -0.980779 0
    outer loop
      vertex 77.8647 23.3363 1.6
      vertex 78.3779 23.2342 14.6
      vertex 77.8647 23.3363 14.6
    endloop
  endfacet
  facet normal -0.195124 -0.980779 -0
    outer loop
      vertex 78.3779 23.2342 14.6
      vertex 77.8647 23.3363 1.6
      vertex 78.3779 23.2342 1.6
    endloop
  endfacet
  facet normal -0.94691 -0.321498 0
    outer loop
      vertex 75.2045 25.6693 1.6
      vertex 75.0363 26.1647 14.6
      vertex 75.0363 26.1647 1.6
    endloop
  endfacet
  facet normal -0.94691 -0.321498 0
    outer loop
      vertex 75.0363 26.1647 14.6
      vertex 75.2045 25.6693 1.6
      vertex 75.2045 25.6693 14.6
    endloop
  endfacet
  facet normal -0.896898 -0.442238 0
    outer loop
      vertex 75.4359 25.2 1.6
      vertex 75.2045 25.6693 14.6
      vertex 75.2045 25.6693 1.6
    endloop
  endfacet
  facet normal -0.896898 -0.442238 0
    outer loop
      vertex 75.2045 25.6693 14.6
      vertex 75.4359 25.2 1.6
      vertex 75.4359 25.2 14.6
    endloop
  endfacet
  facet normal 0.321498 -0.94691 0
    outer loop
      vertex 79.9353 23.3363 1.6
      vertex 80.4307 23.5045 14.6
      vertex 79.9353 23.3363 14.6
    endloop
  endfacet
  facet normal 0.321498 -0.94691 0
    outer loop
      vertex 80.4307 23.5045 14.6
      vertex 79.9353 23.3363 1.6
      vertex 80.4307 23.5045 1.6
    endloop
  endfacet
  facet normal 0.659343 -0.751842 0
    outer loop
      vertex 81.335 24.0266 1.6
      vertex 81.7284 24.3716 14.6
      vertex 81.335 24.0266 14.6
    endloop
  endfacet
  facet normal 0.659343 -0.751842 0
    outer loop
      vertex 81.7284 24.3716 14.6
      vertex 81.335 24.0266 1.6
      vertex 81.7284 24.3716 1.6
    endloop
  endfacet
  facet normal 0.896878 -0.442279 0
    outer loop
      vertex 82.3641 25.2 14.6
      vertex 82.4 25.2728 1.6
      vertex 82.4 25.2728 14.6
    endloop
  endfacet
  facet normal 0.896878 -0.442279 0
    outer loop
      vertex 82.4 25.2728 1.6
      vertex 82.3641 25.2 14.6
      vertex 82.3641 25.2 1.6
    endloop
  endfacet
  facet normal -0.0653646 -0.997861 0
    outer loop
      vertex 78.3779 23.2342 1.6
      vertex 78.9 23.2 14.6
      vertex 78.3779 23.2342 14.6
    endloop
  endfacet
  facet normal -0.0653646 -0.997861 -0
    outer loop
      vertex 78.9 23.2 14.6
      vertex 78.3779 23.2342 1.6
      vertex 78.9 23.2 1.6
    endloop
  endfacet
  facet normal -0.555626 -0.831432 0
    outer loop
      vertex 76.465 24.0266 1.6
      vertex 76.9 23.7359 14.6
      vertex 76.465 24.0266 14.6
    endloop
  endfacet
  facet normal -0.555626 -0.831432 -0
    outer loop
      vertex 76.9 23.7359 14.6
      vertex 76.465 24.0266 1.6
      vertex 76.9 23.7359 1.6
    endloop
  endfacet
  facet normal -0.321498 -0.94691 0
    outer loop
      vertex 77.3693 23.5045 1.6
      vertex 77.8647 23.3363 14.6
      vertex 77.3693 23.5045 14.6
    endloop
  endfacet
  facet normal -0.321498 -0.94691 -0
    outer loop
      vertex 77.8647 23.3363 14.6
      vertex 77.3693 23.5045 1.6
      vertex 77.8647 23.3363 1.6
    endloop
  endfacet
  facet normal -0.442238 -0.896898 0
    outer loop
      vertex 76.9 23.7359 1.6
      vertex 77.3693 23.5045 14.6
      vertex 76.9 23.7359 14.6
    endloop
  endfacet
  facet normal -0.442238 -0.896898 -0
    outer loop
      vertex 77.3693 23.5045 14.6
      vertex 76.9 23.7359 1.6
      vertex 77.3693 23.5045 1.6
    endloop
  endfacet
  facet normal -0.659343 -0.751842 0
    outer loop
      vertex 76.0716 24.3716 1.6
      vertex 76.465 24.0266 14.6
      vertex 76.0716 24.3716 14.6
    endloop
  endfacet
  facet normal -0.659343 -0.751842 -0
    outer loop
      vertex 76.465 24.0266 14.6
      vertex 76.0716 24.3716 1.6
      vertex 76.465 24.0266 1.6
    endloop
  endfacet
  facet normal -0.751842 -0.659343 0
    outer loop
      vertex 76.0716 24.3716 1.6
      vertex 75.7266 24.765 14.6
      vertex 75.7266 24.765 1.6
    endloop
  endfacet
  facet normal -0.751842 -0.659343 0
    outer loop
      vertex 75.7266 24.765 14.6
      vertex 76.0716 24.3716 1.6
      vertex 76.0716 24.3716 14.6
    endloop
  endfacet
  facet normal 0.831463 0.555581 0
    outer loop
      vertex 2.96365 2 14.6
      vertex 2.87341 2.13505 1.6
      vertex 2.87341 2.13505 14.6
    endloop
  endfacet
  facet normal 0.831463 0.555581 0
    outer loop
      vertex 2.87341 2.13505 1.6
      vertex 2.96365 2 14.6
      vertex 2.96365 2 1.6
    endloop
  endfacet
  facet normal -0.442291 0.896871 0
    outer loop
      vertex -1.83073 3.39552 3
      vertex -2.3 3.1641 14.6
      vertex -1.83073 3.39552 14.6
    endloop
  endfacet
  facet normal -0.442291 0.896871 0
    outer loop
      vertex -2.3 3.1641 14.6
      vertex -1.83073 3.39552 3
      vertex -2.3 3.1641 3
    endloop
  endfacet
  facet normal -0.946933 0.321432 0
    outer loop
      vertex -4.1637 0.735275 0
      vertex -3.99552 1.23073 14.6
      vertex -3.99552 1.23073 0
    endloop
  endfacet
  facet normal -0.946933 0.321432 0
    outer loop
      vertex -3.99552 1.23073 14.6
      vertex -4.1637 0.735275 0
      vertex -4.1637 0.735275 14.6
    endloop
  endfacet
  facet normal 0.65934 0.751845 -0
    outer loop
      vertex 2.52843 2.52843 1.6
      vertex 2.13505 2.87341 14.6
      vertex 2.52843 2.52843 14.6
    endloop
  endfacet
  facet normal 0.65934 0.751845 0
    outer loop
      vertex 2.13505 2.87341 14.6
      vertex 2.52843 2.52843 1.6
      vertex 2.13505 2.87341 1.6
    endloop
  endfacet
  facet normal -0.065402 0.997859 0
    outer loop
      vertex -0.299999 3.7 3
      vertex -0.822104 3.66578 14.6
      vertex -0.299999 3.7 14.6
    endloop
  endfacet
  facet normal -0.065402 0.997859 0
    outer loop
      vertex -0.822104 3.66578 14.6
      vertex -0.299999 3.7 3
      vertex -0.822104 3.66578 3
    endloop
  endfacet
  facet normal 0.555581 0.831463 -0
    outer loop
      vertex 2.13505 2.87341 1.6
      vertex 2 2.96365 14.6
      vertex 2.13505 2.87341 14.6
    endloop
  endfacet
  facet normal 0.555581 0.831463 0
    outer loop
      vertex 2 2.96365 14.6
      vertex 2.13505 2.87341 1.6
      vertex 2 2.96365 1.6
    endloop
  endfacet
  facet normal -0.997859 -0.065402 0
    outer loop
      vertex -4.26578 -0.822104 0
      vertex -4.3 -0.299999 14.6
      vertex -4.3 -0.299999 0
    endloop
  endfacet
  facet normal -0.997859 -0.065402 0
    outer loop
      vertex -4.3 -0.299999 14.6
      vertex -4.26578 -0.822104 0
      vertex -4.26578 -0.822104 14.6
    endloop
  endfacet
  facet normal -0.831474 0.555563 0
    outer loop
      vertex -3.56365 2 0
      vertex -3.7641 1.7 0
      vertex -3.56365 2 3
    endloop
  endfacet
  facet normal -0.831463 0.555581 0
    outer loop
      vertex -3.56365 2 3
      vertex -3.47341 2.13505 14.6
      vertex -3.47341 2.13505 3
    endloop
  endfacet
  facet normal -0.831474 0.555563 0
    outer loop
      vertex -3.7641 1.7 14.6
      vertex -3.56365 2 3
      vertex -3.7641 1.7 0
    endloop
  endfacet
  facet normal -0.831471 0.555569 2.02242e-07
    outer loop
      vertex -3.56365 2 3
      vertex -3.7641 1.7 14.6
      vertex -3.47341 2.13505 14.6
    endloop
  endfacet
  facet normal -0.195096 0.980784 0
    outer loop
      vertex -0.822104 3.66578 3
      vertex -1.33528 3.5637 14.6
      vertex -0.822104 3.66578 14.6
    endloop
  endfacet
  facet normal -0.195096 0.980784 0
    outer loop
      vertex -1.33528 3.5637 14.6
      vertex -0.822104 3.66578 3
      vertex -1.33528 3.5637 3
    endloop
  endfacet
  facet normal -0.751845 0.65934 0
    outer loop
      vertex -3.47341 2.13505 3
      vertex -3.12843 2.52843 14.6
      vertex -3.12843 2.52843 3
    endloop
  endfacet
  facet normal -0.751845 0.65934 0
    outer loop
      vertex -3.12843 2.52843 14.6
      vertex -3.47341 2.13505 3
      vertex -3.47341 2.13505 14.6
    endloop
  endfacet
  facet normal 0.555569 -0.831471 0
    outer loop
      vertex 1.7 -3.7641 0
      vertex 2.13505 -3.47341 14.6
      vertex 1.7 -3.7641 14.6
    endloop
  endfacet
  facet normal 0.555569 -0.831471 0
    outer loop
      vertex 2.13505 -3.47341 14.6
      vertex 1.7 -3.7641 0
      vertex 2.13505 -3.47341 0
    endloop
  endfacet
  facet normal -0.555569 -0.831471 0
    outer loop
      vertex -2.73505 -3.47341 0
      vertex -2.3 -3.7641 14.6
      vertex -2.73505 -3.47341 14.6
    endloop
  endfacet
  facet normal -0.555569 -0.831471 -0
    outer loop
      vertex -2.3 -3.7641 14.6
      vertex -2.73505 -3.47341 0
      vertex -2.3 -3.7641 0
    endloop
  endfacet
  facet normal -0.831471 -0.555569 0
    outer loop
      vertex -3.47341 -2.73505 0
      vertex -3.7641 -2.3 14.6
      vertex -3.7641 -2.3 0
    endloop
  endfacet
  facet normal -0.831471 -0.555569 0
    outer loop
      vertex -3.7641 -2.3 14.6
      vertex -3.47341 -2.73505 0
      vertex -3.47341 -2.73505 14.6
    endloop
  endfacet
  facet normal 0.751845 0.65934 0
    outer loop
      vertex 2.87341 2.13505 14.6
      vertex 2.52843 2.52843 1.6
      vertex 2.52843 2.52843 14.6
    endloop
  endfacet
  facet normal 0.751845 0.65934 0
    outer loop
      vertex 2.52843 2.52843 1.6
      vertex 2.87341 2.13505 14.6
      vertex 2.87341 2.13505 1.6
    endloop
  endfacet
  facet normal 0.0653933 0.99786 -0
    outer loop
      vertex 0 3.68034 3
      vertex -0.299999 3.7 14.6
      vertex 0 3.68034 14.6
    endloop
  endfacet
  facet normal 0.0653933 0.99786 0
    outer loop
      vertex -0.299999 3.7 14.6
      vertex 0 3.68034 3
      vertex -0.299999 3.7 3
    endloop
  endfacet
  facet normal -0.980784 0.195098 0
    outer loop
      vertex -4.26578 0.222104 0
      vertex -4.1637 0.735275 14.6
      vertex -4.1637 0.735275 0
    endloop
  endfacet
  facet normal -0.980784 0.195098 0
    outer loop
      vertex -4.1637 0.735275 14.6
      vertex -4.26578 0.222104 0
      vertex -4.26578 0.222104 14.6
    endloop
  endfacet
  facet normal -0.997859 0.0654023 0
    outer loop
      vertex -4.3 -0.299999 0
      vertex -4.26578 0.222104 14.6
      vertex -4.26578 0.222104 0
    endloop
  endfacet
  facet normal -0.997859 0.0654023 0
    outer loop
      vertex -4.26578 0.222104 14.6
      vertex -4.3 -0.299999 0
      vertex -4.3 -0.299999 14.6
    endloop
  endfacet
  facet normal -0.896871 0.442291 0
    outer loop
      vertex -3.99552 1.23073 0
      vertex -3.7641 1.7 14.6
      vertex -3.7641 1.7 0
    endloop
  endfacet
  facet normal -0.896871 0.442291 0
    outer loop
      vertex -3.7641 1.7 14.6
      vertex -3.99552 1.23073 0
      vertex -3.99552 1.23073 14.6
    endloop
  endfacet
  facet normal -0.321435 0.946932 0
    outer loop
      vertex -1.33528 3.5637 3
      vertex -1.83073 3.39552 14.6
      vertex -1.33528 3.5637 14.6
    endloop
  endfacet
  facet normal -0.321435 0.946932 0
    outer loop
      vertex -1.83073 3.39552 14.6
      vertex -1.33528 3.5637 3
      vertex -1.83073 3.39552 3
    endloop
  endfacet
  facet normal -0.65934 0.751845 0
    outer loop
      vertex -2.73505 2.87341 3
      vertex -3.12843 2.52843 14.6
      vertex -2.73505 2.87341 14.6
    endloop
  endfacet
  facet normal -0.65934 0.751845 0
    outer loop
      vertex -3.12843 2.52843 14.6
      vertex -2.73505 2.87341 3
      vertex -3.12843 2.52843 3
    endloop
  endfacet
  facet normal -0.555569 0.831471 0
    outer loop
      vertex -2.3 3.1641 3
      vertex -2.73505 2.87341 14.6
      vertex -2.3 3.1641 14.6
    endloop
  endfacet
  facet normal -0.555569 0.831471 0
    outer loop
      vertex -2.73505 2.87341 14.6
      vertex -2.3 3.1641 3
      vertex -2.73505 2.87341 3
    endloop
  endfacet
  facet normal 0.99786 0.0653933 0
    outer loop
      vertex 3.7 -0.299999 14.6
      vertex 3.68034 0 0
      vertex 3.68034 0 14.6
    endloop
  endfacet
  facet normal 0.99786 0.0653933 0
    outer loop
      vertex 3.68034 0 0
      vertex 3.7 -0.299999 14.6
      vertex 3.7 -0.299999 0
    endloop
  endfacet
  facet normal 0.997859 -0.065402 0
    outer loop
      vertex 3.66578 -0.822104 14.6
      vertex 3.7 -0.299999 0
      vertex 3.7 -0.299999 14.6
    endloop
  endfacet
  facet normal 0.997859 -0.065402 0
    outer loop
      vertex 3.7 -0.299999 0
      vertex 3.66578 -0.822104 14.6
      vertex 3.66578 -0.822104 0
    endloop
  endfacet
  facet normal 0.980784 -0.195096 0
    outer loop
      vertex 3.5637 -1.33528 14.6
      vertex 3.66578 -0.822104 0
      vertex 3.66578 -0.822104 14.6
    endloop
  endfacet
  facet normal 0.980784 -0.195096 0
    outer loop
      vertex 3.66578 -0.822104 0
      vertex 3.5637 -1.33528 14.6
      vertex 3.5637 -1.33528 0
    endloop
  endfacet
  facet normal -0.980784 -0.195096 0
    outer loop
      vertex -4.1637 -1.33528 0
      vertex -4.26578 -0.822104 14.6
      vertex -4.26578 -0.822104 0
    endloop
  endfacet
  facet normal -0.980784 -0.195096 0
    outer loop
      vertex -4.26578 -0.822104 14.6
      vertex -4.1637 -1.33528 0
      vertex -4.1637 -1.33528 14.6
    endloop
  endfacet
  facet normal -0.751845 -0.65934 0
    outer loop
      vertex -3.12843 -3.12843 0
      vertex -3.47341 -2.73505 14.6
      vertex -3.47341 -2.73505 0
    endloop
  endfacet
  facet normal -0.751845 -0.65934 0
    outer loop
      vertex -3.47341 -2.73505 14.6
      vertex -3.12843 -3.12843 0
      vertex -3.12843 -3.12843 14.6
    endloop
  endfacet
  facet normal 0.195098 -0.980784 0
    outer loop
      vertex 0.222104 -4.26578 0
      vertex 0.735275 -4.1637 14.6
      vertex 0.222104 -4.26578 14.6
    endloop
  endfacet
  facet normal 0.195098 -0.980784 0
    outer loop
      vertex 0.735275 -4.1637 14.6
      vertex 0.222104 -4.26578 0
      vertex 0.735275 -4.1637 0
    endloop
  endfacet
  facet normal 0.751845 -0.65934 0
    outer loop
      vertex 2.52843 -3.12843 14.6
      vertex 2.87341 -2.73505 0
      vertex 2.87341 -2.73505 14.6
    endloop
  endfacet
  facet normal 0.751845 -0.65934 0
    outer loop
      vertex 2.87341 -2.73505 0
      vertex 2.52843 -3.12843 14.6
      vertex 2.52843 -3.12843 0
    endloop
  endfacet
  facet normal 0.831471 -0.555569 0
    outer loop
      vertex 2.87341 -2.73505 14.6
      vertex 3.1641 -2.3 0
      vertex 3.1641 -2.3 14.6
    endloop
  endfacet
  facet normal 0.831471 -0.555569 0
    outer loop
      vertex 3.1641 -2.3 0
      vertex 2.87341 -2.73505 14.6
      vertex 2.87341 -2.73505 0
    endloop
  endfacet
  facet normal 0.896871 -0.442291 0
    outer loop
      vertex 3.1641 -2.3 14.6
      vertex 3.39552 -1.83073 0
      vertex 3.39552 -1.83073 14.6
    endloop
  endfacet
  facet normal 0.896871 -0.442291 0
    outer loop
      vertex 3.39552 -1.83073 0
      vertex 3.1641 -2.3 14.6
      vertex 3.1641 -2.3 0
    endloop
  endfacet
  facet normal 0.0654023 -0.997859 0
    outer loop
      vertex -0.299999 -4.3 0
      vertex 0.222104 -4.26578 14.6
      vertex -0.299999 -4.3 14.6
    endloop
  endfacet
  facet normal 0.0654023 -0.997859 0
    outer loop
      vertex 0.222104 -4.26578 14.6
      vertex -0.299999 -4.3 0
      vertex 0.222104 -4.26578 0
    endloop
  endfacet
  facet normal -0.896871 -0.442291 0
    outer loop
      vertex -3.7641 -2.3 0
      vertex -3.99552 -1.83073 14.6
      vertex -3.99552 -1.83073 0
    endloop
  endfacet
  facet normal -0.896871 -0.442291 0
    outer loop
      vertex -3.99552 -1.83073 14.6
      vertex -3.7641 -2.3 0
      vertex -3.7641 -2.3 14.6
    endloop
  endfacet
  facet normal -0.946932 -0.321435 0
    outer loop
      vertex -3.99552 -1.83073 0
      vertex -4.1637 -1.33528 14.6
      vertex -4.1637 -1.33528 0
    endloop
  endfacet
  facet normal -0.946932 -0.321435 0
    outer loop
      vertex -4.1637 -1.33528 14.6
      vertex -3.99552 -1.83073 0
      vertex -3.99552 -1.83073 14.6
    endloop
  endfacet
  facet normal -0.65934 -0.751845 0
    outer loop
      vertex -3.12843 -3.12843 0
      vertex -2.73505 -3.47341 14.6
      vertex -3.12843 -3.12843 14.6
    endloop
  endfacet
  facet normal -0.65934 -0.751845 -0
    outer loop
      vertex -2.73505 -3.47341 14.6
      vertex -3.12843 -3.12843 0
      vertex -2.73505 -3.47341 0
    endloop
  endfacet
  facet normal 0.442291 -0.896871 0
    outer loop
      vertex 1.23073 -3.99552 0
      vertex 1.7 -3.7641 14.6
      vertex 1.23073 -3.99552 14.6
    endloop
  endfacet
  facet normal 0.442291 -0.896871 0
    outer loop
      vertex 1.7 -3.7641 14.6
      vertex 1.23073 -3.99552 0
      vertex 1.7 -3.7641 0
    endloop
  endfacet
  facet normal 0.321432 -0.946933 0
    outer loop
      vertex 0.735275 -4.1637 0
      vertex 1.23073 -3.99552 14.6
      vertex 0.735275 -4.1637 14.6
    endloop
  endfacet
  facet normal 0.321432 -0.946933 0
    outer loop
      vertex 1.23073 -3.99552 14.6
      vertex 0.735275 -4.1637 0
      vertex 1.23073 -3.99552 0
    endloop
  endfacet
  facet normal 0.65934 -0.751845 0
    outer loop
      vertex 2.13505 -3.47341 0
      vertex 2.52843 -3.12843 14.6
      vertex 2.13505 -3.47341 14.6
    endloop
  endfacet
  facet normal 0.65934 -0.751845 0
    outer loop
      vertex 2.52843 -3.12843 14.6
      vertex 2.13505 -3.47341 0
      vertex 2.52843 -3.12843 0
    endloop
  endfacet
  facet normal 0.946932 -0.321435 0
    outer loop
      vertex 3.39552 -1.83073 14.6
      vertex 3.5637 -1.33528 0
      vertex 3.5637 -1.33528 14.6
    endloop
  endfacet
  facet normal 0.946932 -0.321435 0
    outer loop
      vertex 3.5637 -1.33528 0
      vertex 3.39552 -1.83073 14.6
      vertex 3.39552 -1.83073 0
    endloop
  endfacet
  facet normal -0.065402 -0.997859 0
    outer loop
      vertex -0.822104 -4.26578 0
      vertex -0.299999 -4.3 14.6
      vertex -0.822104 -4.26578 14.6
    endloop
  endfacet
  facet normal -0.065402 -0.997859 -0
    outer loop
      vertex -0.299999 -4.3 14.6
      vertex -0.822104 -4.26578 0
      vertex -0.299999 -4.3 0
    endloop
  endfacet
  facet normal -0.195096 -0.980784 0
    outer loop
      vertex -1.33528 -4.1637 0
      vertex -0.822104 -4.26578 14.6
      vertex -1.33528 -4.1637 14.6
    endloop
  endfacet
  facet normal -0.195096 -0.980784 -0
    outer loop
      vertex -0.822104 -4.26578 14.6
      vertex -1.33528 -4.1637 0
      vertex -0.822104 -4.26578 0
    endloop
  endfacet
  facet normal -0.321435 -0.946932 0
    outer loop
      vertex -1.83073 -3.99552 0
      vertex -1.33528 -4.1637 14.6
      vertex -1.83073 -3.99552 14.6
    endloop
  endfacet
  facet normal -0.321435 -0.946932 -0
    outer loop
      vertex -1.33528 -4.1637 14.6
      vertex -1.83073 -3.99552 0
      vertex -1.33528 -4.1637 0
    endloop
  endfacet
  facet normal -0.442291 -0.896871 0
    outer loop
      vertex -2.3 -3.7641 0
      vertex -1.83073 -3.99552 14.6
      vertex -2.3 -3.7641 14.6
    endloop
  endfacet
  facet normal -0.442291 -0.896871 -0
    outer loop
      vertex -1.83073 -3.99552 14.6
      vertex -2.3 -3.7641 0
      vertex -1.83073 -3.99552 0
    endloop
  endfacet
  facet normal 0.555582 0.831462 -0
    outer loop
      vertex 2.13505 36.1734 0
      vertex 1.7 36.4641 14.6
      vertex 2.13505 36.1734 14.6
    endloop
  endfacet
  facet normal 0.555582 0.831462 0
    outer loop
      vertex 1.7 36.4641 14.6
      vertex 2.13505 36.1734 0
      vertex 1.7 36.4641 0
    endloop
  endfacet
  facet normal -0.195133 -0.980777 0
    outer loop
      vertex -1.33528 29.1363 3
      vertex -0.822104 29.0342 14.6
      vertex -1.33528 29.1363 14.6
    endloop
  endfacet
  facet normal -0.195133 -0.980777 -0
    outer loop
      vertex -0.822104 29.0342 14.6
      vertex -1.33528 29.1363 3
      vertex -0.822104 29.0342 3
    endloop
  endfacet
  facet normal -0.44226 0.896887 0
    outer loop
      vertex -1.83073 36.6955 0
      vertex -2.3 36.4641 14.6
      vertex -1.83073 36.6955 14.6
    endloop
  endfacet
  facet normal -0.44226 0.896887 0
    outer loop
      vertex -2.3 36.4641 14.6
      vertex -1.83073 36.6955 0
      vertex -2.3 36.4641 0
    endloop
  endfacet
  facet normal -0.946922 0.321464 0
    outer loop
      vertex -4.1637 34.0353 0
      vertex -3.99552 34.5307 14.6
      vertex -3.99552 34.5307 0
    endloop
  endfacet
  facet normal -0.946922 0.321464 0
    outer loop
      vertex -3.99552 34.5307 14.6
      vertex -4.1637 34.0353 0
      vertex -4.1637 34.0353 14.6
    endloop
  endfacet
  facet normal -0.896883 -0.442268 0
    outer loop
      vertex -3.7641 31 0
      vertex -3.99552 31.4693 14.6
      vertex -3.99552 31.4693 0
    endloop
  endfacet
  facet normal -0.896883 -0.442268 0
    outer loop
      vertex -3.99552 31.4693 14.6
      vertex -3.7641 31 0
      vertex -3.7641 31 14.6
    endloop
  endfacet
  facet normal 0.896883 0.442268 0
    outer loop
      vertex 3.39552 34.5307 14.6
      vertex 3.1641 35 0
      vertex 3.1641 35 14.6
    endloop
  endfacet
  facet normal 0.896883 0.442268 0
    outer loop
      vertex 3.1641 35 0
      vertex 3.39552 34.5307 14.6
      vertex 3.39552 34.5307 0
    endloop
  endfacet
  facet normal 0.980786 0.195087 0
    outer loop
      vertex 3.66578 33.5221 14.6
      vertex 3.5637 34.0353 0
      vertex 3.5637 34.0353 14.6
    endloop
  endfacet
  facet normal 0.980786 0.195087 0
    outer loop
      vertex 3.5637 34.0353 0
      vertex 3.66578 33.5221 14.6
      vertex 3.66578 33.5221 0
    endloop
  endfacet
  facet normal 0.831441 0.555613 0
    outer loop
      vertex 3.1641 35 14.6
      vertex 2.87341 35.435 0
      vertex 2.87341 35.435 14.6
    endloop
  endfacet
  facet normal 0.831441 0.555613 0
    outer loop
      vertex 2.87341 35.435 0
      vertex 3.1641 35 14.6
      vertex 3.1641 35 0
    endloop
  endfacet
  facet normal 0.659362 0.751826 -0
    outer loop
      vertex 2.52843 35.8284 0
      vertex 2.13505 36.1734 14.6
      vertex 2.52843 35.8284 14.6
    endloop
  endfacet
  facet normal 0.659362 0.751826 0
    outer loop
      vertex 2.13505 36.1734 14.6
      vertex 2.52843 35.8284 0
      vertex 2.13505 36.1734 0
    endloop
  endfacet
  facet normal 0.321466 0.946921 -0
    outer loop
      vertex 1.23073 36.6955 0
      vertex 0.735275 36.8637 14.6
      vertex 1.23073 36.6955 14.6
    endloop
  endfacet
  facet normal 0.321466 0.946921 0
    outer loop
      vertex 0.735275 36.8637 14.6
      vertex 1.23073 36.6955 0
      vertex 0.735275 36.8637 0
    endloop
  endfacet
  facet normal -0.065364 0.997861 0
    outer loop
      vertex -0.299999 37 0
      vertex -0.822104 36.9658 14.6
      vertex -0.299999 37 14.6
    endloop
  endfacet
  facet normal -0.065364 0.997861 0
    outer loop
      vertex -0.822104 36.9658 14.6
      vertex -0.299999 37 0
      vertex -0.822104 36.9658 0
    endloop
  endfacet
  facet normal -0.997859 -0.0654027 0
    outer loop
      vertex -4.26578 32.4779 0
      vertex -4.3 33 14.6
      vertex -4.3 33 0
    endloop
  endfacet
  facet normal -0.997859 -0.0654027 0
    outer loop
      vertex -4.3 33 14.6
      vertex -4.26578 32.4779 0
      vertex -4.26578 32.4779 14.6
    endloop
  endfacet
  facet normal -0.831441 0.555613 0
    outer loop
      vertex -3.7641 35 0
      vertex -3.47341 35.435 14.6
      vertex -3.47341 35.435 0
    endloop
  endfacet
  facet normal -0.831441 0.555613 0
    outer loop
      vertex -3.47341 35.435 14.6
      vertex -3.7641 35 0
      vertex -3.7641 35 14.6
    endloop
  endfacet
  facet normal -0.555582 0.831462 0
    outer loop
      vertex -2.3 36.4641 0
      vertex -2.73505 36.1734 14.6
      vertex -2.3 36.4641 14.6
    endloop
  endfacet
  facet normal -0.555582 0.831462 0
    outer loop
      vertex -2.73505 36.1734 14.6
      vertex -2.3 36.4641 0
      vertex -2.73505 36.1734 0
    endloop
  endfacet
  facet normal -0.321469 0.94692 0
    outer loop
      vertex -1.33528 36.8637 0
      vertex -1.83073 36.6955 14.6
      vertex -1.33528 36.8637 14.6
    endloop
  endfacet
  facet normal -0.321469 0.94692 0
    outer loop
      vertex -1.83073 36.6955 14.6
      vertex -1.33528 36.8637 0
      vertex -1.83073 36.6955 0
    endloop
  endfacet
  facet normal 0.99786 -0.0653931 0
    outer loop
      vertex 3.68034 32.7 14.6
      vertex 3.7 33 0
      vertex 3.7 33 14.6
    endloop
  endfacet
  facet normal 0.99786 -0.0653931 0
    outer loop
      vertex 3.7 33 0
      vertex 3.68034 32.7 14.6
      vertex 3.68034 32.7 0
    endloop
  endfacet
  facet normal 0.55541 -0.831576 0
    outer loop
      vertex 2 29.7364 1.6
      vertex 2.13505 29.8266 14.6
      vertex 2 29.7364 14.6
    endloop
  endfacet
  facet normal 0.55541 -0.831576 0
    outer loop
      vertex 2.13505 29.8266 14.6
      vertex 2 29.7364 1.6
      vertex 2.13505 29.8266 1.6
    endloop
  endfacet
  facet normal 0.831368 -0.555723 0
    outer loop
      vertex 2.87341 30.565 14.6
      vertex 2.96365 30.7 1.6
      vertex 2.96365 30.7 14.6
    endloop
  endfacet
  facet normal 0.831368 -0.555723 0
    outer loop
      vertex 2.96365 30.7 1.6
      vertex 2.87341 30.565 14.6
      vertex 2.87341 30.565 1.6
    endloop
  endfacet
  facet normal -0.065364 -0.997861 0
    outer loop
      vertex -0.822104 29.0342 3
      vertex -0.299999 29 14.6
      vertex -0.822104 29.0342 14.6
    endloop
  endfacet
  facet normal -0.065364 -0.997861 -0
    outer loop
      vertex -0.299999 29 14.6
      vertex -0.822104 29.0342 3
      vertex -0.299999 29 3
    endloop
  endfacet
  facet normal -0.555582 -0.831462 0
    outer loop
      vertex -2.73505 29.8266 3
      vertex -2.3 29.5359 14.6
      vertex -2.73505 29.8266 14.6
    endloop
  endfacet
  facet normal -0.555582 -0.831462 -0
    outer loop
      vertex -2.3 29.5359 14.6
      vertex -2.73505 29.8266 3
      vertex -2.3 29.5359 3
    endloop
  endfacet
  facet normal -0.831474 -0.555563 -0
    outer loop
      vertex -3.56365 30.7 3
      vertex -3.7641 31 0
      vertex -3.56365 30.7 0
    endloop
  endfacet
  facet normal -0.831474 -0.555563 0
    outer loop
      vertex -3.7641 31 0
      vertex -3.56365 30.7 3
      vertex -3.7641 31 14.6
    endloop
  endfacet
  facet normal -0.831368 -0.555723 -0
    outer loop
      vertex -3.47341 30.565 14.6
      vertex -3.56365 30.7 3
      vertex -3.47341 30.565 3
    endloop
  endfacet
  facet normal -0.831441 -0.555613 1.85369e-06
    outer loop
      vertex -3.56365 30.7 3
      vertex -3.47341 30.565 14.6
      vertex -3.7641 31 14.6
    endloop
  endfacet
  facet normal -0.980786 -0.195087 0
    outer loop
      vertex -4.1637 31.9647 0
      vertex -4.26578 32.4779 14.6
      vertex -4.26578 32.4779 0
    endloop
  endfacet
  facet normal -0.980786 -0.195087 0
    outer loop
      vertex -4.26578 32.4779 14.6
      vertex -4.1637 31.9647 0
      vertex -4.1637 31.9647 14.6
    endloop
  endfacet
  facet normal 0.946922 0.321464 0
    outer loop
      vertex 3.5637 34.0353 14.6
      vertex 3.39552 34.5307 0
      vertex 3.39552 34.5307 14.6
    endloop
  endfacet
  facet normal 0.946922 0.321464 0
    outer loop
      vertex 3.39552 34.5307 0
      vertex 3.5637 34.0353 14.6
      vertex 3.5637 34.0353 0
    endloop
  endfacet
  facet normal 0.751861 0.659321 0
    outer loop
      vertex 2.87341 35.435 14.6
      vertex 2.52843 35.8284 0
      vertex 2.52843 35.8284 14.6
    endloop
  endfacet
  facet normal 0.751861 0.659321 0
    outer loop
      vertex 2.52843 35.8284 0
      vertex 2.87341 35.435 14.6
      vertex 2.87341 35.435 0
    endloop
  endfacet
  facet normal 0.44226 0.896887 -0
    outer loop
      vertex 1.7 36.4641 0
      vertex 1.23073 36.6955 14.6
      vertex 1.7 36.4641 14.6
    endloop
  endfacet
  facet normal 0.44226 0.896887 0
    outer loop
      vertex 1.23073 36.6955 14.6
      vertex 1.7 36.4641 0
      vertex 1.23073 36.6955 0
    endloop
  endfacet
  facet normal 0.195134 0.980777 -0
    outer loop
      vertex 0.735275 36.8637 0
      vertex 0.222104 36.9658 14.6
      vertex 0.735275 36.8637 14.6
    endloop
  endfacet
  facet normal 0.195134 0.980777 0
    outer loop
      vertex 0.222104 36.9658 14.6
      vertex 0.735275 36.8637 0
      vertex 0.222104 36.9658 0
    endloop
  endfacet
  facet normal 0.0653642 0.997861 -0
    outer loop
      vertex 0.222104 36.9658 0
      vertex -0.299999 37 14.6
      vertex 0.222104 36.9658 14.6
    endloop
  endfacet
  facet normal 0.0653642 0.997861 0
    outer loop
      vertex -0.299999 37 14.6
      vertex 0.222104 36.9658 0
      vertex -0.299999 37 0
    endloop
  endfacet
  facet normal -0.980786 0.195087 0
    outer loop
      vertex -4.26578 33.5221 0
      vertex -4.1637 34.0353 14.6
      vertex -4.1637 34.0353 0
    endloop
  endfacet
  facet normal -0.980786 0.195087 0
    outer loop
      vertex -4.1637 34.0353 14.6
      vertex -4.26578 33.5221 0
      vertex -4.26578 33.5221 14.6
    endloop
  endfacet
  facet normal -0.997859 0.0654027 0
    outer loop
      vertex -4.3 33 0
      vertex -4.26578 33.5221 14.6
      vertex -4.26578 33.5221 0
    endloop
  endfacet
  facet normal -0.997859 0.0654027 0
    outer loop
      vertex -4.26578 33.5221 14.6
      vertex -4.3 33 0
      vertex -4.3 33 14.6
    endloop
  endfacet
  facet normal -0.896883 0.442268 0
    outer loop
      vertex -3.99552 34.5307 0
      vertex -3.7641 35 14.6
      vertex -3.7641 35 0
    endloop
  endfacet
  facet normal -0.896883 0.442268 0
    outer loop
      vertex -3.7641 35 14.6
      vertex -3.99552 34.5307 0
      vertex -3.99552 34.5307 14.6
    endloop
  endfacet
  facet normal -0.195133 0.980777 0
    outer loop
      vertex -0.822104 36.9658 0
      vertex -1.33528 36.8637 14.6
      vertex -0.822104 36.9658 14.6
    endloop
  endfacet
  facet normal -0.195133 0.980777 0
    outer loop
      vertex -1.33528 36.8637 14.6
      vertex -0.822104 36.9658 0
      vertex -1.33528 36.8637 0
    endloop
  endfacet
  facet normal -0.659362 0.751826 0
    outer loop
      vertex -2.73505 36.1734 0
      vertex -3.12843 35.8284 14.6
      vertex -2.73505 36.1734 14.6
    endloop
  endfacet
  facet normal -0.659362 0.751826 0
    outer loop
      vertex -3.12843 35.8284 14.6
      vertex -2.73505 36.1734 0
      vertex -3.12843 35.8284 0
    endloop
  endfacet
  facet normal -0.751861 0.659321 0
    outer loop
      vertex -3.47341 35.435 0
      vertex -3.12843 35.8284 14.6
      vertex -3.12843 35.8284 0
    endloop
  endfacet
  facet normal -0.751861 0.659321 0
    outer loop
      vertex -3.12843 35.8284 14.6
      vertex -3.47341 35.435 0
      vertex -3.47341 35.435 14.6
    endloop
  endfacet
  facet normal 0.997859 0.0654027 0
    outer loop
      vertex 3.7 33 14.6
      vertex 3.66578 33.5221 0
      vertex 3.66578 33.5221 14.6
    endloop
  endfacet
  facet normal 0.997859 0.0654027 0
    outer loop
      vertex 3.66578 33.5221 0
      vertex 3.7 33 14.6
      vertex 3.7 33 0
    endloop
  endfacet
  facet normal 0.659362 -0.751826 0
    outer loop
      vertex 2.13505 29.8266 1.6
      vertex 2.52843 30.1716 14.6
      vertex 2.13505 29.8266 14.6
    endloop
  endfacet
  facet normal 0.659362 -0.751826 0
    outer loop
      vertex 2.52843 30.1716 14.6
      vertex 2.13505 29.8266 1.6
      vertex 2.52843 30.1716 1.6
    endloop
  endfacet
  facet normal 0.0655258 -0.997851 0
    outer loop
      vertex -0.299999 29 3
      vertex 0 29.0197 14.6
      vertex -0.299999 29 14.6
    endloop
  endfacet
  facet normal 0.0655258 -0.997851 0
    outer loop
      vertex 0 29.0197 14.6
      vertex -0.299999 29 3
      vertex 0 29.0197 3
    endloop
  endfacet
  facet normal -0.321469 -0.94692 0
    outer loop
      vertex -1.83073 29.3045 3
      vertex -1.33528 29.1363 14.6
      vertex -1.83073 29.3045 14.6
    endloop
  endfacet
  facet normal -0.321469 -0.94692 -0
    outer loop
      vertex -1.33528 29.1363 14.6
      vertex -1.83073 29.3045 3
      vertex -1.33528 29.1363 3
    endloop
  endfacet
  facet normal -0.946922 -0.321464 0
    outer loop
      vertex -3.99552 31.4693 0
      vertex -4.1637 31.9647 14.6
      vertex -4.1637 31.9647 0
    endloop
  endfacet
  facet normal -0.946922 -0.321464 0
    outer loop
      vertex -4.1637 31.9647 14.6
      vertex -3.99552 31.4693 0
      vertex -3.99552 31.4693 14.6
    endloop
  endfacet
  facet normal -0.751861 -0.659321 0
    outer loop
      vertex -3.12843 30.1716 3
      vertex -3.47341 30.565 14.6
      vertex -3.47341 30.565 3
    endloop
  endfacet
  facet normal -0.751861 -0.659321 0
    outer loop
      vertex -3.47341 30.565 14.6
      vertex -3.12843 30.1716 3
      vertex -3.12843 30.1716 14.6
    endloop
  endfacet
  facet normal 0.751861 -0.659321 0
    outer loop
      vertex 2.52843 30.1716 14.6
      vertex 2.87341 30.565 1.6
      vertex 2.87341 30.565 14.6
    endloop
  endfacet
  facet normal 0.751861 -0.659321 0
    outer loop
      vertex 2.87341 30.565 1.6
      vertex 2.52843 30.1716 14.6
      vertex 2.52843 30.1716 1.6
    endloop
  endfacet
  facet normal -0.44226 -0.896887 0
    outer loop
      vertex -2.3 29.5359 3
      vertex -1.83073 29.3045 14.6
      vertex -2.3 29.5359 14.6
    endloop
  endfacet
  facet normal -0.44226 -0.896887 -0
    outer loop
      vertex -1.83073 29.3045 14.6
      vertex -2.3 29.5359 3
      vertex -1.83073 29.3045 3
    endloop
  endfacet
  facet normal -0.659362 -0.751826 0
    outer loop
      vertex -3.12843 30.1716 3
      vertex -2.73505 29.8266 14.6
      vertex -3.12843 30.1716 14.6
    endloop
  endfacet
  facet normal -0.659362 -0.751826 -0
    outer loop
      vertex -2.73505 29.8266 14.6
      vertex -3.12843 30.1716 3
      vertex -2.73505 29.8266 3
    endloop
  endfacet
  facet normal -1 0 0
    outer loop
      vertex -10 4 0
      vertex -10 28.7 3
      vertex -10 28.7 0
    endloop
  endfacet
  facet normal -1 -0 0
    outer loop
      vertex -10 28.7 3
      vertex -10 4 0
      vertex -10 4 3
    endloop
  endfacet
  facet normal 0 0 1
    outer loop
      vertex -3.25462 21.6893 3
      vertex 0 29.0197 3
      vertex -0.299999 29 3
    endloop
  endfacet
  facet normal 0 0 1
    outer loop
      vertex 0 29.0197 3
      vertex -2.8 20.35 3
      vertex 0 3.68034 3
    endloop
  endfacet
  facet normal 0 0 1
    outer loop
      vertex -3.44437 21.9056 3
      vertex -0.299999 29 3
      vertex -0.822104 29.0342 3
    endloop
  endfacet
  facet normal -0 0 1
    outer loop
      vertex -2.8 12.35 3
      vertex 0 3.68034 3
      vertex -2.8 20.35 3
    endloop
  endfacet
  facet normal 0 0 1
    outer loop
      vertex -3.9 22.2553 3
      vertex -0.822104 29.0342 3
      vertex -1.33528 29.1363 3
    endloop
  endfacet
  facet normal -0 0 1
    outer loop
      vertex -2.81882 12.0628 3
      vertex 0 3.68034 3
      vertex -2.8 12.35 3
    endloop
  endfacet
  facet normal 0 0 1
    outer loop
      vertex -4.1581 22.3825 3
      vertex -1.33528 29.1363 3
      vertex -1.83073 29.3045 3
    endloop
  endfacet
  facet normal -0 0 1
    outer loop
      vertex -2.87496 11.7806 3
      vertex 0 3.68034 3
      vertex -2.81882 12.0628 3
    endloop
  endfacet
  facet normal 0 0 1
    outer loop
      vertex -4.4306 22.475 3
      vertex -1.83073 29.3045 3
      vertex -2.3 29.5359 3
    endloop
  endfacet
  facet normal -0 0 1
    outer loop
      vertex -2.96747 11.5081 3
      vertex 0 3.68034 3
      vertex -2.87496 11.7806 3
    endloop
  endfacet
  facet normal 0 0 1
    outer loop
      vertex -5 22.55 3
      vertex -2.3 29.5359 3
      vertex -2.73505 29.8266 3
    endloop
  endfacet
  facet normal -0 0 1
    outer loop
      vertex -3.09474 11.25 3
      vertex 0 3.68034 3
      vertex -2.96747 11.5081 3
    endloop
  endfacet
  facet normal -0 0 1
    outer loop
      vertex -3.25462 11.0107 3
      vertex 0 3.68034 3
      vertex -3.09474 11.25 3
    endloop
  endfacet
  facet normal 0 0 1
    outer loop
      vertex 0 29.0197 3
      vertex -2.81882 20.6372 3
      vertex -2.8 20.35 3
    endloop
  endfacet
  facet normal 0 0 1
    outer loop
      vertex 0 29.0197 3
      vertex -2.87496 20.9194 3
      vertex -2.81882 20.6372 3
    endloop
  endfacet
  facet normal 0 0 1
    outer loop
      vertex 0 29.0197 3
      vertex -2.96747 21.1919 3
      vertex -2.87496 20.9194 3
    endloop
  endfacet
  facet normal 0 0 1
    outer loop
      vertex 0 29.0197 3
      vertex -3.09474 21.45 3
      vertex -2.96747 21.1919 3
    endloop
  endfacet
  facet normal 0 0 1
    outer loop
      vertex -5.28716 22.5312 3
      vertex -2.73505 29.8266 3
      vertex -3.12843 30.1716 3
    endloop
  endfacet
  facet normal 0 0 1
    outer loop
      vertex 0 29.0197 3
      vertex -3.25462 21.6893 3
      vertex -3.09474 21.45 3
    endloop
  endfacet
  facet normal 0 0 1
    outer loop
      vertex -0.299999 29 3
      vertex -3.44437 21.9056 3
      vertex -3.25462 21.6893 3
    endloop
  endfacet
  facet normal 0 0 1
    outer loop
      vertex -8 30.7 3
      vertex -3.12843 30.1716 3
      vertex -3.47341 30.565 3
    endloop
  endfacet
  facet normal -0 0 1
    outer loop
      vertex -8 30.7 3
      vertex -3.47341 30.565 3
      vertex -3.56365 30.7 3
    endloop
  endfacet
  facet normal 0 0 1
    outer loop
      vertex -0.822104 29.0342 3
      vertex -3.66073 22.0954 3
      vertex -3.44437 21.9056 3
    endloop
  endfacet
  facet normal 0 0 1
    outer loop
      vertex -0.822104 29.0342 3
      vertex -3.9 22.2553 3
      vertex -3.66073 22.0954 3
    endloop
  endfacet
  facet normal 0 0 1
    outer loop
      vertex -1.33528 29.1363 3
      vertex -4.1581 22.3825 3
      vertex -3.9 22.2553 3
    endloop
  endfacet
  facet normal 0 0 1
    outer loop
      vertex -1.83073 29.3045 3
      vertex -4.4306 22.475 3
      vertex -4.1581 22.3825 3
    endloop
  endfacet
  facet normal 0 0 1
    outer loop
      vertex -2.3 29.5359 3
      vertex -4.71284 22.5312 3
      vertex -4.4306 22.475 3
    endloop
  endfacet
  facet normal 0 0 1
    outer loop
      vertex -2.3 29.5359 3
      vertex -5 22.55 3
      vertex -4.71284 22.5312 3
    endloop
  endfacet
  facet normal 0 0 1
    outer loop
      vertex -2.73505 29.8266 3
      vertex -5.28716 22.5312 3
      vertex -5 22.55 3
    endloop
  endfacet
  facet normal 0 0 1
    outer loop
      vertex -3.12843 30.1716 3
      vertex -8 30.7 3
      vertex -5.28716 22.5312 3
    endloop
  endfacet
  facet normal -0 0 1
    outer loop
      vertex -10 28.7 3
      vertex -5.28716 22.5312 3
      vertex -8 30.7 3
    endloop
  endfacet
  facet normal 0 0 1
    outer loop
      vertex -5.28716 22.5312 3
      vertex -10 28.7 3
      vertex -5.5694 22.475 3
    endloop
  endfacet
  facet normal 0 0 1
    outer loop
      vertex -5.5694 22.475 3
      vertex -10 28.7 3
      vertex -5.8419 22.3825 3
    endloop
  endfacet
  facet normal 0 0 1
    outer loop
      vertex -5.8419 22.3825 3
      vertex -10 28.7 3
      vertex -6.1 22.2553 3
    endloop
  endfacet
  facet normal 0 0 1
    outer loop
      vertex -6.1 22.2553 3
      vertex -10 28.7 3
      vertex -6.33928 22.0954 3
    endloop
  endfacet
  facet normal 0 0 1
    outer loop
      vertex -6.55564 21.9056 3
      vertex -10 28.7 3
      vertex -6.74538 21.6893 3
    endloop
  endfacet
  facet normal 0 0 1
    outer loop
      vertex -6.74538 21.6893 3
      vertex -10 28.7 3
      vertex -6.90526 21.45 3
    endloop
  endfacet
  facet normal 0 0 1
    outer loop
      vertex -7.18118 20.6372 3
      vertex -10 28.7 3
      vertex -7.2 20.35 3
    endloop
  endfacet
  facet normal 0 0 1
    outer loop
      vertex -7.12504 20.9194 3
      vertex -10 28.7 3
      vertex -7.18118 20.6372 3
    endloop
  endfacet
  facet normal 0 0 1
    outer loop
      vertex -7.03254 21.1919 3
      vertex -10 28.7 3
      vertex -7.12504 20.9194 3
    endloop
  endfacet
  facet normal 0 0 1
    outer loop
      vertex -6.90526 21.45 3
      vertex -10 28.7 3
      vertex -7.03254 21.1919 3
    endloop
  endfacet
  facet normal 0 0 1
    outer loop
      vertex -6.33928 22.0954 3
      vertex -10 28.7 3
      vertex -6.55564 21.9056 3
    endloop
  endfacet
  facet normal 0 0 1
    outer loop
      vertex 0 3.68034 3
      vertex -3.25462 11.0107 3
      vertex -0.299999 3.7 3
    endloop
  endfacet
  facet normal -0 0 1
    outer loop
      vertex -3.44437 10.7944 3
      vertex -0.299999 3.7 3
      vertex -3.25462 11.0107 3
    endloop
  endfacet
  facet normal 0 0 1
    outer loop
      vertex -0.299999 3.7 3
      vertex -3.44437 10.7944 3
      vertex -0.822104 3.66578 3
    endloop
  endfacet
  facet normal -0 0 1
    outer loop
      vertex -3.66073 10.6046 3
      vertex -0.822104 3.66578 3
      vertex -3.44437 10.7944 3
    endloop
  endfacet
  facet normal -0 0 1
    outer loop
      vertex -3.9 10.4447 3
      vertex -0.822104 3.66578 3
      vertex -3.66073 10.6046 3
    endloop
  endfacet
  facet normal 0 0 1
    outer loop
      vertex -0.822104 3.66578 3
      vertex -3.9 10.4447 3
      vertex -1.33528 3.5637 3
    endloop
  endfacet
  facet normal -0 0 1
    outer loop
      vertex -4.1581 10.3175 3
      vertex -1.33528 3.5637 3
      vertex -3.9 10.4447 3
    endloop
  endfacet
  facet normal 0 0 1
    outer loop
      vertex -1.33528 3.5637 3
      vertex -4.1581 10.3175 3
      vertex -1.83073 3.39552 3
    endloop
  endfacet
  facet normal -0 0 1
    outer loop
      vertex -4.4306 10.225 3
      vertex -1.83073 3.39552 3
      vertex -4.1581 10.3175 3
    endloop
  endfacet
  facet normal 0 0 1
    outer loop
      vertex -1.83073 3.39552 3
      vertex -4.4306 10.225 3
      vertex -2.3 3.1641 3
    endloop
  endfacet
  facet normal -0 0 1
    outer loop
      vertex -4.71284 10.1688 3
      vertex -2.3 3.1641 3
      vertex -4.4306 10.225 3
    endloop
  endfacet
  facet normal -0 0 1
    outer loop
      vertex -5 10.15 3
      vertex -2.3 3.1641 3
      vertex -4.71284 10.1688 3
    endloop
  endfacet
  facet normal 0 0 1
    outer loop
      vertex -2.3 3.1641 3
      vertex -5 10.15 3
      vertex -2.73505 2.87341 3
    endloop
  endfacet
  facet normal 0 0 1
    outer loop
      vertex -5.28716 10.1688 3
      vertex -2.73505 2.87341 3
      vertex -5 10.15 3
    endloop
  endfacet
  facet normal 0 0 1
    outer loop
      vertex -2.73505 2.87341 3
      vertex -5.28716 10.1688 3
      vertex -3.12843 2.52843 3
    endloop
  endfacet
  facet normal 0 0 1
    outer loop
      vertex -8 2 3
      vertex -3.12843 2.52843 3
      vertex -5.28716 10.1688 3
    endloop
  endfacet
  facet normal 0 0 1
    outer loop
      vertex -3.12843 2.52843 3
      vertex -8 2 3
      vertex -3.47341 2.13505 3
    endloop
  endfacet
  facet normal 0 0 1
    outer loop
      vertex -10 4 3
      vertex -5.28716 10.1688 3
      vertex -5.5694 10.225 3
    endloop
  endfacet
  facet normal 0 0 1
    outer loop
      vertex -10 4 3
      vertex -5.5694 10.225 3
      vertex -5.8419 10.3175 3
    endloop
  endfacet
  facet normal 0 0 1
    outer loop
      vertex -10 4 3
      vertex -5.8419 10.3175 3
      vertex -6.1 10.4447 3
    endloop
  endfacet
  facet normal 0 0 1
    outer loop
      vertex -10 4 3
      vertex -6.1 10.4447 3
      vertex -6.33928 10.6046 3
    endloop
  endfacet
  facet normal 0 0 1
    outer loop
      vertex -10 4 3
      vertex -6.33928 10.6046 3
      vertex -6.55564 10.7944 3
    endloop
  endfacet
  facet normal 0 0 1
    outer loop
      vertex -10 4 3
      vertex -6.55564 10.7944 3
      vertex -6.74538 11.0107 3
    endloop
  endfacet
  facet normal 0 0 1
    outer loop
      vertex -10 4 3
      vertex -6.74538 11.0107 3
      vertex -6.90526 11.25 3
    endloop
  endfacet
  facet normal 0 0 1
    outer loop
      vertex -10 4 3
      vertex -6.90526 11.25 3
      vertex -7.03254 11.5081 3
    endloop
  endfacet
  facet normal 0 0 1
    outer loop
      vertex -5.28716 10.1688 3
      vertex -10 4 3
      vertex -8 2 3
    endloop
  endfacet
  facet normal 0 0 1
    outer loop
      vertex -10 4 3
      vertex -7.03254 11.5081 3
      vertex -7.12504 11.7806 3
    endloop
  endfacet
  facet normal 0 0 1
    outer loop
      vertex -10 4 3
      vertex -7.12504 11.7806 3
      vertex -7.18118 12.0628 3
    endloop
  endfacet
  facet normal 0 0 1
    outer loop
      vertex -10 4 3
      vertex -7.18118 12.0628 3
      vertex -7.2 12.35 3
    endloop
  endfacet
  facet normal 0 0 1
    outer loop
      vertex -7.2 20.35 3
      vertex -10 28.7 3
      vertex -7.2 12.35 3
    endloop
  endfacet
  facet normal 0 0 1
    outer loop
      vertex -10 28.7 3
      vertex -8 30.7 3
      vertex -8.26105 30.6829 3
    endloop
  endfacet
  facet normal 0 0 1
    outer loop
      vertex -10 4 3
      vertex -7.2 12.35 3
      vertex -10 28.7 3
    endloop
  endfacet
  facet normal 0 0 1
    outer loop
      vertex -10 28.7 3
      vertex -8.26105 30.6829 3
      vertex -8.51764 30.6319 3
    endloop
  endfacet
  facet normal 0 0 1
    outer loop
      vertex -3.47341 2.13505 3
      vertex -8 2 3
      vertex -3.56365 2 3
    endloop
  endfacet
  facet normal 0 0 1
    outer loop
      vertex -10 28.7 3
      vertex -8.51764 30.6319 3
      vertex -8.76537 30.5478 3
    endloop
  endfacet
  facet normal 0 0 1
    outer loop
      vertex -8 2 3
      vertex -10 4 3
      vertex -8.26105 2.01711 3
    endloop
  endfacet
  facet normal 0 0 1
    outer loop
      vertex -10 28.7 3
      vertex -8.76537 30.5478 3
      vertex -9 30.4321 3
    endloop
  endfacet
  facet normal 0 0 1
    outer loop
      vertex -8.26105 2.01711 3
      vertex -10 4 3
      vertex -8.51764 2.06815 3
    endloop
  endfacet
  facet normal 0 0 1
    outer loop
      vertex -10 28.7 3
      vertex -9 30.4321 3
      vertex -9.21752 30.2867 3
    endloop
  endfacet
  facet normal 0 0 1
    outer loop
      vertex -8.51764 2.06815 3
      vertex -10 4 3
      vertex -8.76537 2.15224 3
    endloop
  endfacet
  facet normal 0 0 1
    outer loop
      vertex -10 28.7 3
      vertex -9.21752 30.2867 3
      vertex -9.41421 30.1142 3
    endloop
  endfacet
  facet normal 0 0 1
    outer loop
      vertex -8.76537 2.15224 3
      vertex -10 4 3
      vertex -9 2.26795 3
    endloop
  endfacet
  facet normal 0 0 1
    outer loop
      vertex -10 28.7 3
      vertex -9.41421 30.1142 3
      vertex -9.58671 29.9175 3
    endloop
  endfacet
  facet normal 0 0 1
    outer loop
      vertex -9 2.26795 3
      vertex -10 4 3
      vertex -9.21752 2.41329 3
    endloop
  endfacet
  facet normal 0 0 1
    outer loop
      vertex -10 28.7 3
      vertex -9.58671 29.9175 3
      vertex -9.73205 29.7 3
    endloop
  endfacet
  facet normal 0 0 1
    outer loop
      vertex -9.21752 2.41329 3
      vertex -10 4 3
      vertex -9.41421 2.58579 3
    endloop
  endfacet
  facet normal 0 0 1
    outer loop
      vertex -10 28.7 3
      vertex -9.73205 29.7 3
      vertex -9.84776 29.4654 3
    endloop
  endfacet
  facet normal 0 0 1
    outer loop
      vertex -9.41421 2.58579 3
      vertex -10 4 3
      vertex -9.58671 2.78248 3
    endloop
  endfacet
  facet normal 0 0 1
    outer loop
      vertex -10 28.7 3
      vertex -9.84776 29.4654 3
      vertex -9.93185 29.2176 3
    endloop
  endfacet
  facet normal 0 0 1
    outer loop
      vertex -9.58671 2.78248 3
      vertex -10 4 3
      vertex -9.73205 3 3
    endloop
  endfacet
  facet normal 0 0 1
    outer loop
      vertex -10 28.7 3
      vertex -9.93185 29.2176 3
      vertex -9.98289 28.9611 3
    endloop
  endfacet
  facet normal 0 0 1
    outer loop
      vertex -9.73205 3 3
      vertex -10 4 3
      vertex -9.84776 3.23463 3
    endloop
  endfacet
  facet normal 0 0 1
    outer loop
      vertex -9.84776 3.23463 3
      vertex -10 4 3
      vertex -9.93185 3.48236 3
    endloop
  endfacet
  facet normal 0 0 1
    outer loop
      vertex -9.93185 3.48236 3
      vertex -10 4 3
      vertex -9.98289 3.73895 3
    endloop
  endfacet
  facet normal -0.0653646 0.997861 0
    outer loop
      vertex -8 30.7 0
      vertex -8.26105 30.6829 3
      vertex -8 30.7 3
    endloop
  endfacet
  facet normal -0.0653646 0.997861 0
    outer loop
      vertex -8.26105 30.6829 3
      vertex -8 30.7 0
      vertex -8.26105 30.6829 0
    endloop
  endfacet
  facet normal -0.442268 0.896883 0
    outer loop
      vertex -8.76537 30.5478 0
      vertex -9 30.4321 3
      vertex -8.76537 30.5478 3
    endloop
  endfacet
  facet normal -0.442268 0.896883 0
    outer loop
      vertex -9 30.4321 3
      vertex -8.76537 30.5478 0
      vertex -9 30.4321 0
    endloop
  endfacet
  facet normal -0.99786 0.0653902 0
    outer loop
      vertex -10 28.7 0
      vertex -9.98289 28.9611 3
      vertex -9.98289 28.9611 0
    endloop
  endfacet
  facet normal -0.99786 0.0653902 0
    outer loop
      vertex -9.98289 28.9611 3
      vertex -10 28.7 0
      vertex -10 28.7 3
    endloop
  endfacet
  facet normal -0.0654027 -0.997859 0
    outer loop
      vertex -8.26105 2.01711 0
      vertex -8 2 3
      vertex -8.26105 2.01711 3
    endloop
  endfacet
  facet normal -0.0654027 -0.997859 -0
    outer loop
      vertex -8 2 3
      vertex -8.26105 2.01711 0
      vertex -8 2 0
    endloop
  endfacet
  facet normal 0 1 -0
    outer loop
      vertex -3.56365 30.7 0
      vertex -8 30.7 3
      vertex -3.56365 30.7 3
    endloop
  endfacet
  facet normal 0 1 0
    outer loop
      vertex -8 30.7 3
      vertex -3.56365 30.7 0
      vertex -8 30.7 0
    endloop
  endfacet
  facet normal -0.751826 -0.659362 0
    outer loop
      vertex -9.41421 2.58579 0
      vertex -9.58671 2.78248 3
      vertex -9.58671 2.78248 0
    endloop
  endfacet
  facet normal -0.751826 -0.659362 0
    outer loop
      vertex -9.58671 2.78248 3
      vertex -9.41421 2.58579 0
      vertex -9.41421 2.58579 3
    endloop
  endfacet
  facet normal -0.83145 0.5556 0
    outer loop
      vertex -9.73205 29.7 0
      vertex -9.58671 29.9175 3
      vertex -9.58671 29.9175 0
    endloop
  endfacet
  facet normal -0.83145 0.5556 0
    outer loop
      vertex -9.58671 29.9175 3
      vertex -9.73205 29.7 0
      vertex -9.73205 29.7 3
    endloop
  endfacet
  facet normal 0 -1 0
    outer loop
      vertex -8 2 0
      vertex -3.56365 2 3
      vertex -8 2 3
    endloop
  endfacet
  facet normal 0 -1 -0
    outer loop
      vertex -3.56365 2 3
      vertex -8 2 0
      vertex -3.56365 2 0
    endloop
  endfacet
  facet normal -0.946934 -0.321429 0
    outer loop
      vertex -9.84776 3.23463 0
      vertex -9.93185 3.48236 3
      vertex -9.93185 3.48236 0
    endloop
  endfacet
  facet normal -0.946934 -0.321429 0
    outer loop
      vertex -9.93185 3.48236 3
      vertex -9.84776 3.23463 0
      vertex -9.84776 3.23463 3
    endloop
  endfacet
  facet normal -0.980771 0.19516 0
    outer loop
      vertex -9.98289 28.9611 0
      vertex -9.93185 29.2176 3
      vertex -9.93185 29.2176 0
    endloop
  endfacet
  facet normal -0.980771 0.19516 0
    outer loop
      vertex -9.93185 29.2176 3
      vertex -9.98289 28.9611 0
      vertex -9.98289 28.9611 3
    endloop
  endfacet
  facet normal -0.946961 0.321348 0
    outer loop
      vertex -9.93185 29.2176 0
      vertex -9.84776 29.4654 3
      vertex -9.84776 29.4654 0
    endloop
  endfacet
  facet normal -0.946961 0.321348 0
    outer loop
      vertex -9.84776 29.4654 3
      vertex -9.93185 29.2176 0
      vertex -9.93185 29.2176 3
    endloop
  endfacet
  facet normal -0.555723 0.831368 0
    outer loop
      vertex -9 30.4321 0
      vertex -9.21752 30.2867 3
      vertex -9 30.4321 3
    endloop
  endfacet
  facet normal -0.555723 0.831368 0
    outer loop
      vertex -9.21752 30.2867 3
      vertex -9 30.4321 0
      vertex -9.21752 30.2867 0
    endloop
  endfacet
  facet normal -0.321463 0.946922 0
    outer loop
      vertex -8.51764 30.6319 0
      vertex -8.76537 30.5478 3
      vertex -8.51764 30.6319 3
    endloop
  endfacet
  facet normal -0.321463 0.946922 0
    outer loop
      vertex -8.76537 30.5478 3
      vertex -8.51764 30.6319 0
      vertex -8.76537 30.5478 0
    endloop
  endfacet
  facet normal -0.195094 -0.980784 0
    outer loop
      vertex -8.51764 2.06815 0
      vertex -8.26105 2.01711 3
      vertex -8.51764 2.06815 3
    endloop
  endfacet
  facet normal -0.195094 -0.980784 -0
    outer loop
      vertex -8.26105 2.01711 3
      vertex -8.51764 2.06815 0
      vertex -8.26105 2.01711 0
    endloop
  endfacet
  facet normal -0.896868 -0.442299 0
    outer loop
      vertex -9.73205 3 0
      vertex -9.84776 3.23463 3
      vertex -9.84776 3.23463 0
    endloop
  endfacet
  facet normal -0.896868 -0.442299 0
    outer loop
      vertex -9.84776 3.23463 3
      vertex -9.73205 3 0
      vertex -9.73205 3 3
    endloop
  endfacet
  facet normal -0.997859 -0.0654027 0
    outer loop
      vertex -9.98289 3.73895 0
      vertex -10 4 3
      vertex -10 4 0
    endloop
  endfacet
  facet normal -0.997859 -0.0654027 0
    outer loop
      vertex -10 4 3
      vertex -9.98289 3.73895 0
      vertex -9.98289 3.73895 3
    endloop
  endfacet
  facet normal -0.896845 0.442344 0
    outer loop
      vertex -9.84776 29.4654 0
      vertex -9.73205 29.7 3
      vertex -9.73205 29.7 0
    endloop
  endfacet
  facet normal -0.896845 0.442344 0
    outer loop
      vertex -9.73205 29.7 3
      vertex -9.84776 29.4654 0
      vertex -9.84776 29.4654 3
    endloop
  endfacet
  facet normal -0.751842 0.659343 0
    outer loop
      vertex -9.58671 29.9175 0
      vertex -9.41421 30.1142 3
      vertex -9.41421 30.1142 0
    endloop
  endfacet
  facet normal -0.751842 0.659343 0
    outer loop
      vertex -9.41421 30.1142 3
      vertex -9.58671 29.9175 0
      vertex -9.58671 29.9175 3
    endloop
  endfacet
  facet normal -0.659362 0.751826 0
    outer loop
      vertex -9.21752 30.2867 0
      vertex -9.41421 30.1142 3
      vertex -9.21752 30.2867 3
    endloop
  endfacet
  facet normal -0.659362 0.751826 0
    outer loop
      vertex -9.41421 30.1142 3
      vertex -9.21752 30.2867 0
      vertex -9.41421 30.1142 0
    endloop
  endfacet
  facet normal -0.194947 0.980814 0
    outer loop
      vertex -8.26105 30.6829 0
      vertex -8.51764 30.6319 3
      vertex -8.26105 30.6829 3
    endloop
  endfacet
  facet normal -0.194947 0.980814 0
    outer loop
      vertex -8.51764 30.6319 3
      vertex -8.26105 30.6829 0
      vertex -8.51764 30.6319 0
    endloop
  endfacet
  facet normal -0.659362 -0.751826 0
    outer loop
      vertex -9.41421 2.58579 0
      vertex -9.21752 2.41329 3
      vertex -9.41421 2.58579 3
    endloop
  endfacet
  facet normal -0.659362 -0.751826 -0
    outer loop
      vertex -9.21752 2.41329 3
      vertex -9.41421 2.58579 0
      vertex -9.21752 2.41329 0
    endloop
  endfacet
  facet normal -0.980784 -0.195094 0
    outer loop
      vertex -9.93185 3.48236 0
      vertex -9.98289 3.73895 3
      vertex -9.98289 3.73895 0
    endloop
  endfacet
  facet normal -0.980784 -0.195094 0
    outer loop
      vertex -9.98289 3.73895 3
      vertex -9.93185 3.48236 0
      vertex -9.93185 3.48236 3
    endloop
  endfacet
  facet normal -0.442299 -0.896868 0
    outer loop
      vertex -9 2.26795 0
      vertex -8.76537 2.15224 3
      vertex -9 2.26795 3
    endloop
  endfacet
  facet normal -0.442299 -0.896868 -0
    outer loop
      vertex -8.76537 2.15224 3
      vertex -9 2.26795 0
      vertex -8.76537 2.15224 0
    endloop
  endfacet
  facet normal -0.555564 -0.831474 0
    outer loop
      vertex -9.21752 2.41329 0
      vertex -9 2.26795 3
      vertex -9.21752 2.41329 3
    endloop
  endfacet
  facet normal -0.555564 -0.831474 -0
    outer loop
      vertex -9 2.26795 3
      vertex -9.21752 2.41329 0
      vertex -9 2.26795 0
    endloop
  endfacet
  facet normal -0.831474 -0.555564 0
    outer loop
      vertex -9.58671 2.78248 0
      vertex -9.73205 3 3
      vertex -9.73205 3 0
    endloop
  endfacet
  facet normal -0.831474 -0.555564 0
    outer loop
      vertex -9.73205 3 3
      vertex -9.58671 2.78248 0
      vertex -9.58671 2.78248 3
    endloop
  endfacet
  facet normal -0.321429 -0.946934 0
    outer loop
      vertex -8.76537 2.15224 0
      vertex -8.51764 2.06815 3
      vertex -8.76537 2.15224 3
    endloop
  endfacet
  facet normal -0.321429 -0.946934 -0
    outer loop
      vertex -8.51764 2.06815 3
      vertex -8.76537 2.15224 0
      vertex -8.51764 2.06815 0
    endloop
  endfacet
  facet normal 0.980781 0.195113 0
    outer loop
      vertex -7.12504 11.7806 3
      vertex -7.18118 12.0628 0
      vertex -7.18118 12.0628 3
    endloop
  endfacet
  facet normal 0.980781 0.195113 0
    outer loop
      vertex -7.18118 12.0628 0
      vertex -7.12504 11.7806 3
      vertex -7.12504 11.7806 0
    endloop
  endfacet
  facet normal -0.0653289 -0.997864 0
    outer loop
      vertex -5 22.55 0
      vertex -4.71284 22.5312 3
      vertex -5 22.55 3
    endloop
  endfacet
  facet normal -0.0653289 -0.997864 -0
    outer loop
      vertex -4.71284 22.5312 3
      vertex -5 22.55 0
      vertex -4.71284 22.5312 0
    endloop
  endfacet
  facet normal -0.0653289 0.997864 0
    outer loop
      vertex -4.71284 10.1688 0
      vertex -5 10.15 3
      vertex -4.71284 10.1688 3
    endloop
  endfacet
  facet normal -0.0653289 0.997864 0
    outer loop
      vertex -5 10.15 3
      vertex -4.71284 10.1688 0
      vertex -5 10.15 0
    endloop
  endfacet
  facet normal 0.980781 -0.195113 0
    outer loop
      vertex -7.18118 20.6372 3
      vertex -7.12504 20.9194 0
      vertex -7.12504 20.9194 3
    endloop
  endfacet
  facet normal 0.980781 -0.195113 0
    outer loop
      vertex -7.12504 20.9194 0
      vertex -7.18118 20.6372 3
      vertex -7.18118 20.6372 0
    endloop
  endfacet
  facet normal -0.751736 0.659464 0
    outer loop
      vertex -3.44437 10.7944 0
      vertex -3.25462 11.0107 3
      vertex -3.25462 11.0107 0
    endloop
  endfacet
  facet normal -0.751736 0.659464 0
    outer loop
      vertex -3.25462 11.0107 3
      vertex -3.44437 10.7944 0
      vertex -3.44437 10.7944 3
    endloop
  endfacet
  facet normal -0.946921 -0.321467 0
    outer loop
      vertex -2.87496 20.9194 0
      vertex -2.96747 21.1919 3
      vertex -2.96747 21.1919 0
    endloop
  endfacet
  facet normal -0.946921 -0.321467 0
    outer loop
      vertex -2.96747 21.1919 3
      vertex -2.87496 20.9194 0
      vertex -2.87496 20.9194 3
    endloop
  endfacet
  facet normal 1 -0 0
    outer loop
      vertex -7.2 12.35 3
      vertex -7.2 20.35 0
      vertex -7.2 20.35 3
    endloop
  endfacet
  facet normal 1 0 0
    outer loop
      vertex -7.2 20.35 0
      vertex -7.2 12.35 3
      vertex -7.2 12.35 0
    endloop
  endfacet
  facet normal 0.99786 -0.065389 0
    outer loop
      vertex -7.2 20.35 3
      vertex -7.18118 20.6372 0
      vertex -7.18118 20.6372 3
    endloop
  endfacet
  facet normal 0.99786 -0.065389 0
    outer loop
      vertex -7.18118 20.6372 0
      vertex -7.2 20.35 3
      vertex -7.2 20.35 0
    endloop
  endfacet
  facet normal 0.831494 -0.555534 0
    outer loop
      vertex -6.90526 21.45 3
      vertex -6.74538 21.6893 0
      vertex -6.74538 21.6893 3
    endloop
  endfacet
  facet normal 0.831494 -0.555534 0
    outer loop
      vertex -6.74538 21.6893 0
      vertex -6.90526 21.45 3
      vertex -6.90526 21.45 0
    endloop
  endfacet
  facet normal 0.555614 -0.83144 0
    outer loop
      vertex -6.33928 22.0954 0
      vertex -6.1 22.2553 3
      vertex -6.33928 22.0954 3
    endloop
  endfacet
  facet normal 0.555614 -0.83144 0
    outer loop
      vertex -6.1 22.2553 3
      vertex -6.33928 22.0954 0
      vertex -6.1 22.2553 0
    endloop
  endfacet
  facet normal -0.195287 0.980746 0
    outer loop
      vertex -4.4306 10.225 0
      vertex -4.71284 10.1688 3
      vertex -4.4306 10.225 3
    endloop
  endfacet
  facet normal -0.195287 0.980746 0
    outer loop
      vertex -4.71284 10.1688 3
      vertex -4.4306 10.225 0
      vertex -4.71284 10.1688 0
    endloop
  endfacet
  facet normal 0.0653289 0.997864 -0
    outer loop
      vertex -5 10.15 0
      vertex -5.28716 10.1688 3
      vertex -5 10.15 3
    endloop
  endfacet
  facet normal 0.0653289 0.997864 0
    outer loop
      vertex -5.28716 10.1688 3
      vertex -5 10.15 0
      vertex -5.28716 10.1688 0
    endloop
  endfacet
  facet normal 0.946931 -0.321435 0
    outer loop
      vertex -7.12504 20.9194 3
      vertex -7.03254 21.1919 0
      vertex -7.03254 21.1919 3
    endloop
  endfacet
  facet normal 0.946931 -0.321435 0
    outer loop
      vertex -7.03254 21.1919 0
      vertex -7.12504 20.9194 3
      vertex -7.12504 20.9194 0
    endloop
  endfacet
  facet normal -0.99786 -0.065389 0
    outer loop
      vertex -2.8 20.35 0
      vertex -2.81882 20.6372 3
      vertex -2.81882 20.6372 0
    endloop
  endfacet
  facet normal -0.99786 -0.065389 0
    outer loop
      vertex -2.81882 20.6372 3
      vertex -2.8 20.35 0
      vertex -2.8 20.35 3
    endloop
  endfacet
  facet normal -1 0 0
    outer loop
      vertex -2.8 12.35 0
      vertex -2.8 20.35 3
      vertex -2.8 20.35 0
    endloop
  endfacet
  facet normal -1 -0 0
    outer loop
      vertex -2.8 20.35 3
      vertex -2.8 12.35 0
      vertex -2.8 12.35 3
    endloop
  endfacet
  facet normal 0.896874 0.442286 0
    outer loop
      vertex -6.90526 11.25 3
      vertex -7.03254 11.5081 0
      vertex -7.03254 11.5081 3
    endloop
  endfacet
  facet normal 0.896874 0.442286 0
    outer loop
      vertex -7.03254 11.5081 0
      vertex -6.90526 11.25 3
      vertex -6.90526 11.25 0
    endloop
  endfacet
  facet normal 0.751754 0.659444 0
    outer loop
      vertex -6.55564 10.7944 3
      vertex -6.74538 11.0107 0
      vertex -6.74538 11.0107 3
    endloop
  endfacet
  facet normal 0.751754 0.659444 0
    outer loop
      vertex -6.74538 11.0107 0
      vertex -6.55564 10.7944 3
      vertex -6.55564 10.7944 0
    endloop
  endfacet
  facet normal 0.195287 0.980746 -0
    outer loop
      vertex -5.28716 10.1688 0
      vertex -5.5694 10.225 3
      vertex -5.28716 10.1688 3
    endloop
  endfacet
  facet normal 0.195287 0.980746 0
    outer loop
      vertex -5.5694 10.225 3
      vertex -5.28716 10.1688 0
      vertex -5.5694 10.225 0
    endloop
  endfacet
  facet normal 0.99786 0.065389 0
    outer loop
      vertex -7.18118 12.0628 3
      vertex -7.2 12.35 0
      vertex -7.2 12.35 3
    endloop
  endfacet
  facet normal 0.99786 0.065389 0
    outer loop
      vertex -7.2 12.35 0
      vertex -7.18118 12.0628 3
      vertex -7.18118 12.0628 0
    endloop
  endfacet
  facet normal -0.195287 -0.980746 0
    outer loop
      vertex -4.71284 22.5312 0
      vertex -4.4306 22.475 3
      vertex -4.71284 22.5312 3
    endloop
  endfacet
  facet normal -0.195287 -0.980746 -0
    outer loop
      vertex -4.4306 22.475 3
      vertex -4.71284 22.5312 0
      vertex -4.4306 22.475 0
    endloop
  endfacet
  facet normal -0.55563 -0.83143 0
    outer loop
      vertex -3.9 22.2553 0
      vertex -3.66073 22.0954 3
      vertex -3.9 22.2553 3
    endloop
  endfacet
  facet normal -0.55563 -0.83143 -0
    outer loop
      vertex -3.66073 22.0954 3
      vertex -3.9 22.2553 0
      vertex -3.66073 22.0954 0
    endloop
  endfacet
  facet normal 0.442063 -0.896984 0
    outer loop
      vertex -6.1 22.2553 0
      vertex -5.8419 22.3825 3
      vertex -6.1 22.2553 3
    endloop
  endfacet
  facet normal 0.442063 -0.896984 0
    outer loop
      vertex -5.8419 22.3825 3
      vertex -6.1 22.2553 0
      vertex -5.8419 22.3825 0
    endloop
  endfacet
  facet normal 0.659458 -0.751741 0
    outer loop
      vertex -6.55564 21.9056 0
      vertex -6.33928 22.0954 3
      vertex -6.55564 21.9056 3
    endloop
  endfacet
  facet normal 0.659458 -0.751741 0
    outer loop
      vertex -6.33928 22.0954 3
      vertex -6.55564 21.9056 0
      vertex -6.33928 22.0954 0
    endloop
  endfacet
  facet normal 0.896874 -0.442286 0
    outer loop
      vertex -7.03254 21.1919 3
      vertex -6.90526 21.45 0
      vertex -6.90526 21.45 3
    endloop
  endfacet
  facet normal 0.896874 -0.442286 0
    outer loop
      vertex -6.90526 21.45 0
      vertex -7.03254 21.1919 3
      vertex -7.03254 21.1919 0
    endloop
  endfacet
  facet normal -0.980781 -0.195113 0
    outer loop
      vertex -2.81882 20.6372 0
      vertex -2.87496 20.9194 3
      vertex -2.87496 20.9194 0
    endloop
  endfacet
  facet normal -0.980781 -0.195113 0
    outer loop
      vertex -2.87496 20.9194 3
      vertex -2.81882 20.6372 0
      vertex -2.81882 20.6372 3
    endloop
  endfacet
  facet normal -0.659458 0.751741 0
    outer loop
      vertex -3.44437 10.7944 0
      vertex -3.66073 10.6046 3
      vertex -3.44437 10.7944 3
    endloop
  endfacet
  facet normal -0.659458 0.751741 0
    outer loop
      vertex -3.66073 10.6046 3
      vertex -3.44437 10.7944 0
      vertex -3.66073 10.6046 0
    endloop
  endfacet
  facet normal -0.55563 0.83143 0
    outer loop
      vertex -3.66073 10.6046 0
      vertex -3.9 10.4447 3
      vertex -3.66073 10.6046 3
    endloop
  endfacet
  facet normal -0.55563 0.83143 0
    outer loop
      vertex -3.9 10.4447 3
      vertex -3.66073 10.6046 0
      vertex -3.9 10.4447 0
    endloop
  endfacet
  facet normal -0.442063 0.896984 0
    outer loop
      vertex -3.9 10.4447 0
      vertex -4.1581 10.3175 3
      vertex -3.9 10.4447 3
    endloop
  endfacet
  facet normal -0.442063 0.896984 0
    outer loop
      vertex -4.1581 10.3175 3
      vertex -3.9 10.4447 0
      vertex -4.1581 10.3175 0
    endloop
  endfacet
  facet normal 0.946931 0.321435 0
    outer loop
      vertex -7.03254 11.5081 3
      vertex -7.12504 11.7806 0
      vertex -7.12504 11.7806 3
    endloop
  endfacet
  facet normal 0.946931 0.321435 0
    outer loop
      vertex -7.12504 11.7806 0
      vertex -7.03254 11.5081 3
      vertex -7.03254 11.5081 0
    endloop
  endfacet
  facet normal 0.831494 0.555534 0
    outer loop
      vertex -6.74538 11.0107 3
      vertex -6.90526 11.25 0
      vertex -6.90526 11.25 3
    endloop
  endfacet
  facet normal 0.831494 0.555534 0
    outer loop
      vertex -6.90526 11.25 0
      vertex -6.74538 11.0107 3
      vertex -6.74538 11.0107 0
    endloop
  endfacet
  facet normal 0.659458 0.751741 -0
    outer loop
      vertex -6.33928 10.6046 0
      vertex -6.55564 10.7944 3
      vertex -6.33928 10.6046 3
    endloop
  endfacet
  facet normal 0.659458 0.751741 0
    outer loop
      vertex -6.55564 10.7944 3
      vertex -6.33928 10.6046 0
      vertex -6.55564 10.7944 0
    endloop
  endfacet
  facet normal 0.555614 0.83144 -0
    outer loop
      vertex -6.1 10.4447 0
      vertex -6.33928 10.6046 3
      vertex -6.1 10.4447 3
    endloop
  endfacet
  facet normal 0.555614 0.83144 0
    outer loop
      vertex -6.33928 10.6046 3
      vertex -6.1 10.4447 0
      vertex -6.33928 10.6046 0
    endloop
  endfacet
  facet normal -0.831494 -0.555534 0
    outer loop
      vertex -3.09474 21.45 0
      vertex -3.25462 21.6893 3
      vertex -3.25462 21.6893 0
    endloop
  endfacet
  facet normal -0.831494 -0.555534 0
    outer loop
      vertex -3.25462 21.6893 3
      vertex -3.09474 21.45 0
      vertex -3.09474 21.45 3
    endloop
  endfacet
  facet normal -0.659458 -0.751741 0
    outer loop
      vertex -3.66073 22.0954 0
      vertex -3.44437 21.9056 3
      vertex -3.66073 22.0954 3
    endloop
  endfacet
  facet normal -0.659458 -0.751741 -0
    outer loop
      vertex -3.44437 21.9056 3
      vertex -3.66073 22.0954 0
      vertex -3.44437 21.9056 0
    endloop
  endfacet
  facet normal -0.751736 -0.659464 0
    outer loop
      vertex -3.25462 21.6893 0
      vertex -3.44437 21.9056 3
      vertex -3.44437 21.9056 0
    endloop
  endfacet
  facet normal -0.751736 -0.659464 0
    outer loop
      vertex -3.44437 21.9056 3
      vertex -3.25462 21.6893 0
      vertex -3.25462 21.6893 3
    endloop
  endfacet
  facet normal -0.442063 -0.896984 0
    outer loop
      vertex -4.1581 22.3825 0
      vertex -3.9 22.2553 3
      vertex -4.1581 22.3825 3
    endloop
  endfacet
  facet normal -0.442063 -0.896984 -0
    outer loop
      vertex -3.9 22.2553 3
      vertex -4.1581 22.3825 0
      vertex -3.9 22.2553 0
    endloop
  endfacet
  facet normal 0.321435 -0.946931 0
    outer loop
      vertex -5.8419 22.3825 0
      vertex -5.5694 22.475 3
      vertex -5.8419 22.3825 3
    endloop
  endfacet
  facet normal 0.321435 -0.946931 0
    outer loop
      vertex -5.5694 22.475 3
      vertex -5.8419 22.3825 0
      vertex -5.5694 22.475 0
    endloop
  endfacet
  facet normal 0.0653289 -0.997864 0
    outer loop
      vertex -5.28716 22.5312 0
      vertex -5 22.55 3
      vertex -5.28716 22.5312 3
    endloop
  endfacet
  facet normal 0.0653289 -0.997864 0
    outer loop
      vertex -5 22.55 3
      vertex -5.28716 22.5312 0
      vertex -5 22.55 0
    endloop
  endfacet
  facet normal 0.751754 -0.659444 0
    outer loop
      vertex -6.74538 21.6893 3
      vertex -6.55564 21.9056 0
      vertex -6.55564 21.9056 3
    endloop
  endfacet
  facet normal 0.751754 -0.659444 0
    outer loop
      vertex -6.55564 21.9056 0
      vertex -6.74538 21.6893 3
      vertex -6.74538 21.6893 0
    endloop
  endfacet
  facet normal -0.99786 0.065389 0
    outer loop
      vertex -2.81882 12.0628 0
      vertex -2.8 12.35 3
      vertex -2.8 12.35 0
    endloop
  endfacet
  facet normal -0.99786 0.065389 0
    outer loop
      vertex -2.8 12.35 3
      vertex -2.81882 12.0628 0
      vertex -2.81882 12.0628 3
    endloop
  endfacet
  facet normal -0.980781 0.195113 0
    outer loop
      vertex -2.87496 11.7806 0
      vertex -2.81882 12.0628 3
      vertex -2.81882 12.0628 0
    endloop
  endfacet
  facet normal -0.980781 0.195113 0
    outer loop
      vertex -2.81882 12.0628 3
      vertex -2.87496 11.7806 0
      vertex -2.87496 11.7806 3
    endloop
  endfacet
  facet normal -0.896888 0.442258 0
    outer loop
      vertex -3.09474 11.25 0
      vertex -2.96747 11.5081 3
      vertex -2.96747 11.5081 0
    endloop
  endfacet
  facet normal -0.896888 0.442258 0
    outer loop
      vertex -2.96747 11.5081 3
      vertex -3.09474 11.25 0
      vertex -3.09474 11.25 3
    endloop
  endfacet
  facet normal -0.831494 0.555534 0
    outer loop
      vertex -3.25462 11.0107 0
      vertex -3.09474 11.25 3
      vertex -3.09474 11.25 0
    endloop
  endfacet
  facet normal -0.831494 0.555534 0
    outer loop
      vertex -3.09474 11.25 3
      vertex -3.25462 11.0107 0
      vertex -3.25462 11.0107 3
    endloop
  endfacet
  facet normal -0.321435 0.946931 0
    outer loop
      vertex -4.1581 10.3175 0
      vertex -4.4306 10.225 3
      vertex -4.1581 10.3175 3
    endloop
  endfacet
  facet normal -0.321435 0.946931 0
    outer loop
      vertex -4.4306 10.225 3
      vertex -4.1581 10.3175 0
      vertex -4.4306 10.225 0
    endloop
  endfacet
  facet normal 0.442063 0.896984 -0
    outer loop
      vertex -5.8419 10.3175 0
      vertex -6.1 10.4447 3
      vertex -5.8419 10.3175 3
    endloop
  endfacet
  facet normal 0.442063 0.896984 0
    outer loop
      vertex -6.1 10.4447 3
      vertex -5.8419 10.3175 0
      vertex -6.1 10.4447 0
    endloop
  endfacet
  facet normal -0.896888 -0.442258 0
    outer loop
      vertex -2.96747 21.1919 0
      vertex -3.09474 21.45 3
      vertex -3.09474 21.45 0
    endloop
  endfacet
  facet normal -0.896888 -0.442258 0
    outer loop
      vertex -3.09474 21.45 3
      vertex -2.96747 21.1919 0
      vertex -2.96747 21.1919 3
    endloop
  endfacet
  facet normal -0.321435 -0.946931 0
    outer loop
      vertex -4.4306 22.475 0
      vertex -4.1581 22.3825 3
      vertex -4.4306 22.475 3
    endloop
  endfacet
  facet normal -0.321435 -0.946931 -0
    outer loop
      vertex -4.1581 22.3825 3
      vertex -4.4306 22.475 0
      vertex -4.1581 22.3825 0
    endloop
  endfacet
  facet normal 0.195287 -0.980746 0
    outer loop
      vertex -5.5694 22.475 0
      vertex -5.28716 22.5312 3
      vertex -5.5694 22.475 3
    endloop
  endfacet
  facet normal 0.195287 -0.980746 0
    outer loop
      vertex -5.28716 22.5312 3
      vertex -5.5694 22.475 0
      vertex -5.28716 22.5312 0
    endloop
  endfacet
  facet normal -0.946921 0.321467 0
    outer loop
      vertex -2.96747 11.5081 0
      vertex -2.87496 11.7806 3
      vertex -2.87496 11.7806 0
    endloop
  endfacet
  facet normal -0.946921 0.321467 0
    outer loop
      vertex -2.87496 11.7806 3
      vertex -2.96747 11.5081 0
      vertex -2.96747 11.5081 3
    endloop
  endfacet
  facet normal 0.321435 0.946931 -0
    outer loop
      vertex -5.5694 10.225 0
      vertex -5.8419 10.3175 3
      vertex -5.5694 10.225 3
    endloop
  endfacet
  facet normal 0.321435 0.946931 0
    outer loop
      vertex -5.8419 10.3175 3
      vertex -5.5694 10.225 0
      vertex -5.8419 10.3175 0
    endloop
  endfacet
  facet normal 0.195087 -0.980786 0
    outer loop
      vertex 92.661 2.01711 0
      vertex 92.9176 2.06815 3
      vertex 92.661 2.01711 3
    endloop
  endfacet
  facet normal 0.195087 -0.980786 0
    outer loop
      vertex 92.9176 2.06815 3
      vertex 92.661 2.01711 0
      vertex 92.9176 2.06815 0
    endloop
  endfacet
  facet normal 0 0 1
    outer loop
      vertex 92.4 30.7 3
      vertex 94.4 28.7 3
      vertex 94.3829 28.9611 3
    endloop
  endfacet
  facet normal 0 0 1
    outer loop
      vertex 94.4 28.7 3
      vertex 91.6 20.35 3
      vertex 94.4 4 3
    endloop
  endfacet
  facet normal 0 0 1
    outer loop
      vertex 92.4 30.7 3
      vertex 94.3829 28.9611 3
      vertex 94.3318 29.2176 3
    endloop
  endfacet
  facet normal -0 0 1
    outer loop
      vertex 91.6 12.35 3
      vertex 94.4 4 3
      vertex 91.6 20.35 3
    endloop
  endfacet
  facet normal 0 0 1
    outer loop
      vertex 92.4 30.7 3
      vertex 94.3318 29.2176 3
      vertex 94.2478 29.4654 3
    endloop
  endfacet
  facet normal -0 0 1
    outer loop
      vertex 91.5812 12.0628 3
      vertex 94.4 4 3
      vertex 91.6 12.35 3
    endloop
  endfacet
  facet normal 0 0 1
    outer loop
      vertex 92.4 30.7 3
      vertex 94.2478 29.4654 3
      vertex 94.132 29.7 3
    endloop
  endfacet
  facet normal -0 0 1
    outer loop
      vertex 91.525 11.7806 3
      vertex 94.4 4 3
      vertex 91.5812 12.0628 3
    endloop
  endfacet
  facet normal 0 0 1
    outer loop
      vertex 92.4 30.7 3
      vertex 94.132 29.7 3
      vertex 93.9867 29.9175 3
    endloop
  endfacet
  facet normal -0 0 1
    outer loop
      vertex 91.4325 11.5081 3
      vertex 94.4 4 3
      vertex 91.525 11.7806 3
    endloop
  endfacet
  facet normal 0 0 1
    outer loop
      vertex 92.4 30.7 3
      vertex 93.9867 29.9175 3
      vertex 93.8142 30.1142 3
    endloop
  endfacet
  facet normal -0 0 1
    outer loop
      vertex 91.3053 11.25 3
      vertex 94.4 4 3
      vertex 91.4325 11.5081 3
    endloop
  endfacet
  facet normal 0 0 1
    outer loop
      vertex 92.4 30.7 3
      vertex 93.8142 30.1142 3
      vertex 93.6175 30.2867 3
    endloop
  endfacet
  facet normal -0 0 1
    outer loop
      vertex 91.1454 11.0107 3
      vertex 94.4 4 3
      vertex 91.3053 11.25 3
    endloop
  endfacet
  facet normal 0 0 1
    outer loop
      vertex 92.4 30.7 3
      vertex 93.6175 30.2867 3
      vertex 93.4 30.4321 3
    endloop
  endfacet
  facet normal -0 0 1
    outer loop
      vertex 90.9556 10.7944 3
      vertex 94.4 4 3
      vertex 91.1454 11.0107 3
    endloop
  endfacet
  facet normal 0 0 1
    outer loop
      vertex 92.4 30.7 3
      vertex 93.4 30.4321 3
      vertex 93.1654 30.5478 3
    endloop
  endfacet
  facet normal -0 0 1
    outer loop
      vertex 90.7393 10.6046 3
      vertex 94.4 4 3
      vertex 90.9556 10.7944 3
    endloop
  endfacet
  facet normal 0 0 1
    outer loop
      vertex 92.4 30.7 3
      vertex 93.1654 30.5478 3
      vertex 92.9176 30.6319 3
    endloop
  endfacet
  facet normal -0 0 1
    outer loop
      vertex 90.5 10.4447 3
      vertex 94.4 4 3
      vertex 90.7393 10.6046 3
    endloop
  endfacet
  facet normal 0 0 1
    outer loop
      vertex 92.4 30.7 3
      vertex 92.9176 30.6319 3
      vertex 92.661 30.6829 3
    endloop
  endfacet
  facet normal -0 0 1
    outer loop
      vertex 90.2419 10.3175 3
      vertex 94.4 4 3
      vertex 90.5 10.4447 3
    endloop
  endfacet
  facet normal 0 0 1
    outer loop
      vertex 89.6872 22.5312 3
      vertex 94.4 28.7 3
      vertex 92.4 30.7 3
    endloop
  endfacet
  facet normal -0 0 1
    outer loop
      vertex 89.9694 10.225 3
      vertex 94.4 4 3
      vertex 90.2419 10.3175 3
    endloop
  endfacet
  facet normal -0 0 1
    outer loop
      vertex 89.6872 10.1688 3
      vertex 94.4 4 3
      vertex 89.9694 10.225 3
    endloop
  endfacet
  facet normal 0 0 1
    outer loop
      vertex 94.4 28.7 3
      vertex 91.5812 20.6372 3
      vertex 91.6 20.35 3
    endloop
  endfacet
  facet normal 0 0 1
    outer loop
      vertex 94.4 28.7 3
      vertex 91.525 20.9194 3
      vertex 91.5812 20.6372 3
    endloop
  endfacet
  facet normal 0 0 1
    outer loop
      vertex 94.4 28.7 3
      vertex 91.4325 21.1919 3
      vertex 91.525 20.9194 3
    endloop
  endfacet
  facet normal 0 0 1
    outer loop
      vertex 94.4 28.7 3
      vertex 91.3053 21.45 3
      vertex 91.4325 21.1919 3
    endloop
  endfacet
  facet normal 0 0 1
    outer loop
      vertex 94.4 28.7 3
      vertex 91.1454 21.6893 3
      vertex 91.3053 21.45 3
    endloop
  endfacet
  facet normal 0 0 1
    outer loop
      vertex 94.4 28.7 3
      vertex 90.9556 21.9056 3
      vertex 91.1454 21.6893 3
    endloop
  endfacet
  facet normal 0 0 1
    outer loop
      vertex 94.4 28.7 3
      vertex 90.7393 22.0954 3
      vertex 90.9556 21.9056 3
    endloop
  endfacet
  facet normal 0 0 1
    outer loop
      vertex 94.4 28.7 3
      vertex 90.5 22.2553 3
      vertex 90.7393 22.0954 3
    endloop
  endfacet
  facet normal 0 0 1
    outer loop
      vertex 94.4 28.7 3
      vertex 90.2419 22.3825 3
      vertex 90.5 22.2553 3
    endloop
  endfacet
  facet normal 0 0 1
    outer loop
      vertex 94.4 28.7 3
      vertex 89.9694 22.475 3
      vertex 90.2419 22.3825 3
    endloop
  endfacet
  facet normal 0 0 1
    outer loop
      vertex 94.4 28.7 3
      vertex 89.6872 22.5312 3
      vertex 89.9694 22.475 3
    endloop
  endfacet
  facet normal 0 0 1
    outer loop
      vertex 92.4 30.7 3
      vertex 89.4 22.55 3
      vertex 89.6872 22.5312 3
    endloop
  endfacet
  facet normal 0 0 1
    outer loop
      vertex 92.4 30.7 3
      vertex 89.1128 22.5312 3
      vertex 89.4 22.55 3
    endloop
  endfacet
  facet normal -0 0 1
    outer loop
      vertex 84.4 30.7 3
      vertex 89.1128 22.5312 3
      vertex 92.4 30.7 3
    endloop
  endfacet
  facet normal 0 0 1
    outer loop
      vertex 89.1128 22.5312 3
      vertex 84.4 30.7 3
      vertex 88.8306 22.475 3
    endloop
  endfacet
  facet normal 0 0 1
    outer loop
      vertex 88.8306 22.475 3
      vertex 84.4 30.7 3
      vertex 88.5581 22.3825 3
    endloop
  endfacet
  facet normal 0 0 1
    outer loop
      vertex 88.5581 22.3825 3
      vertex 84.4 30.7 3
      vertex 88.3 22.2553 3
    endloop
  endfacet
  facet normal 0 0 1
    outer loop
      vertex 88.3 22.2553 3
      vertex 84.4 30.7 3
      vertex 88.0607 22.0954 3
    endloop
  endfacet
  facet normal 0 0 1
    outer loop
      vertex 88.0607 22.0954 3
      vertex 84.4 30.7 3
      vertex 87.8444 21.9056 3
    endloop
  endfacet
  facet normal 0 0 1
    outer loop
      vertex 87.8444 21.9056 3
      vertex 84.4 30.7 3
      vertex 87.6546 21.6893 3
    endloop
  endfacet
  facet normal 0 0 1
    outer loop
      vertex 87.2 20.35 3
      vertex 84.4 30.7 3
      vertex 87.2 12.35 3
    endloop
  endfacet
  facet normal 0 0 1
    outer loop
      vertex 87.2188 20.6372 3
      vertex 84.4 30.7 3
      vertex 87.2 20.35 3
    endloop
  endfacet
  facet normal 0 0 1
    outer loop
      vertex 87.275 20.9194 3
      vertex 84.4 30.7 3
      vertex 87.2188 20.6372 3
    endloop
  endfacet
  facet normal 0 0 1
    outer loop
      vertex 87.3675 21.1919 3
      vertex 84.4 30.7 3
      vertex 87.275 20.9194 3
    endloop
  endfacet
  facet normal 0 0 1
    outer loop
      vertex 87.4947 21.45 3
      vertex 84.4 30.7 3
      vertex 87.3675 21.1919 3
    endloop
  endfacet
  facet normal 0 0 1
    outer loop
      vertex 87.6546 21.6893 3
      vertex 84.4 30.7 3
      vertex 87.4947 21.45 3
    endloop
  endfacet
  facet normal 0 0 1
    outer loop
      vertex 94.4 4 3
      vertex 92.4 2 3
      vertex 94.3829 3.73895 3
    endloop
  endfacet
  facet normal 0 0 1
    outer loop
      vertex 94.3829 3.73895 3
      vertex 92.4 2 3
      vertex 94.3318 3.48236 3
    endloop
  endfacet
  facet normal 0 0 1
    outer loop
      vertex 94.3318 3.48236 3
      vertex 92.4 2 3
      vertex 94.2478 3.23463 3
    endloop
  endfacet
  facet normal 0 0 1
    outer loop
      vertex 94.2478 3.23463 3
      vertex 92.4 2 3
      vertex 94.132 3 3
    endloop
  endfacet
  facet normal 0 0 1
    outer loop
      vertex 93.9867 2.78248 3
      vertex 92.4 2 3
      vertex 93.8142 2.58579 3
    endloop
  endfacet
  facet normal 0 0 1
    outer loop
      vertex 93.8142 2.58579 3
      vertex 92.4 2 3
      vertex 93.6175 2.41329 3
    endloop
  endfacet
  facet normal 0 0 1
    outer loop
      vertex 93.6175 2.41329 3
      vertex 92.4 2 3
      vertex 93.4 2.26795 3
    endloop
  endfacet
  facet normal 0 0 1
    outer loop
      vertex 93.4 2.26795 3
      vertex 92.4 2 3
      vertex 93.1654 2.15224 3
    endloop
  endfacet
  facet normal 0 0 1
    outer loop
      vertex 93.1654 2.15224 3
      vertex 92.4 2 3
      vertex 92.9176 2.06815 3
    endloop
  endfacet
  facet normal 0 0 1
    outer loop
      vertex 92.9176 2.06815 3
      vertex 92.4 2 3
      vertex 92.661 2.01711 3
    endloop
  endfacet
  facet normal 0 0 1
    outer loop
      vertex 94.132 3 3
      vertex 92.4 2 3
      vertex 93.9867 2.78248 3
    endloop
  endfacet
  facet normal 0 0 1
    outer loop
      vertex 94.4 4 3
      vertex 89.6872 10.1688 3
      vertex 92.4 2 3
    endloop
  endfacet
  facet normal -0 0 1
    outer loop
      vertex 89.4 10.15 3
      vertex 92.4 2 3
      vertex 89.6872 10.1688 3
    endloop
  endfacet
  facet normal 0 0 1
    outer loop
      vertex 89.1128 10.1688 3
      vertex 92.4 2 3
      vertex 89.4 10.15 3
    endloop
  endfacet
  facet normal 0 0 1
    outer loop
      vertex 84.4 2 3
      vertex 89.1128 10.1688 3
      vertex 88.8306 10.225 3
    endloop
  endfacet
  facet normal 0 0 1
    outer loop
      vertex 84.4 2 3
      vertex 88.8306 10.225 3
      vertex 88.5581 10.3175 3
    endloop
  endfacet
  facet normal 0 0 1
    outer loop
      vertex 84.4 2 3
      vertex 88.5581 10.3175 3
      vertex 88.3 10.4447 3
    endloop
  endfacet
  facet normal 0 0 1
    outer loop
      vertex 84.4 2 3
      vertex 88.3 10.4447 3
      vertex 88.0607 10.6046 3
    endloop
  endfacet
  facet normal 0 0 1
    outer loop
      vertex 84.4 2 3
      vertex 88.0607 10.6046 3
      vertex 87.8444 10.7944 3
    endloop
  endfacet
  facet normal 0 0 1
    outer loop
      vertex 84.4 2 3
      vertex 87.8444 10.7944 3
      vertex 87.6546 11.0107 3
    endloop
  endfacet
  facet normal 0 0 1
    outer loop
      vertex 84.4 2 3
      vertex 87.6546 11.0107 3
      vertex 87.4947 11.25 3
    endloop
  endfacet
  facet normal 0 0 1
    outer loop
      vertex 84.4 2 3
      vertex 87.2 12.35 3
      vertex 84.4 30.7 3
    endloop
  endfacet
  facet normal 0 0 1
    outer loop
      vertex 89.1128 10.1688 3
      vertex 84.4 2 3
      vertex 92.4 2 3
    endloop
  endfacet
  facet normal 0 0 1
    outer loop
      vertex 87.3675 11.5081 3
      vertex 84.4 2 3
      vertex 87.4947 11.25 3
    endloop
  endfacet
  facet normal 0 0 1
    outer loop
      vertex 87.275 11.7806 3
      vertex 84.4 2 3
      vertex 87.3675 11.5081 3
    endloop
  endfacet
  facet normal 0 0 1
    outer loop
      vertex 87.2188 12.0628 3
      vertex 84.4 2 3
      vertex 87.275 11.7806 3
    endloop
  endfacet
  facet normal 0 0 1
    outer loop
      vertex 87.2 12.35 3
      vertex 84.4 2 3
      vertex 87.2188 12.0628 3
    endloop
  endfacet
  facet normal 0.0654151 -0.997858 0
    outer loop
      vertex 92.4 2 0
      vertex 92.661 2.01711 3
      vertex 92.4 2 3
    endloop
  endfacet
  facet normal 0.0654151 -0.997858 0
    outer loop
      vertex 92.661 2.01711 3
      vertex 92.4 2 0
      vertex 92.661 2.01711 0
    endloop
  endfacet
  facet normal 0.5556 -0.83145 0
    outer loop
      vertex 93.4 2.26795 0
      vertex 93.6175 2.41329 3
      vertex 93.4 2.26795 3
    endloop
  endfacet
  facet normal 0.5556 -0.83145 0
    outer loop
      vertex 93.6175 2.41329 3
      vertex 93.4 2.26795 0
      vertex 93.6175 2.41329 0
    endloop
  endfacet
  facet normal 0.947066 0.321039 0
    outer loop
      vertex 94.3318 29.2176 3
      vertex 94.2478 29.4654 0
      vertex 94.2478 29.4654 3
    endloop
  endfacet
  facet normal 0.947066 0.321039 0
    outer loop
      vertex 94.2478 29.4654 0
      vertex 94.3318 29.2176 3
      vertex 94.3318 29.2176 0
    endloop
  endfacet
  facet normal 0 -1 0
    outer loop
      vertex 84.4 2 0
      vertex 92.4 2 3
      vertex 84.4 2 3
    endloop
  endfacet
  facet normal 0 -1 -0
    outer loop
      vertex 92.4 2 3
      vertex 84.4 2 0
      vertex 92.4 2 0
    endloop
  endfacet
  facet normal 0.896731 -0.442575 0
    outer loop
      vertex 94.132 3 3
      vertex 94.2478 3.23463 0
      vertex 94.2478 3.23463 3
    endloop
  endfacet
  facet normal 0.896731 -0.442575 0
    outer loop
      vertex 94.2478 3.23463 0
      vertex 94.132 3 3
      vertex 94.132 3 0
    endloop
  endfacet
  facet normal 1 -0 0
    outer loop
      vertex 94.4 4 3
      vertex 94.4 28.7 0
      vertex 94.4 28.7 3
    endloop
  endfacet
  facet normal 1 0 0
    outer loop
      vertex 94.4 28.7 0
      vertex 94.4 4 3
      vertex 94.4 4 0
    endloop
  endfacet
  facet normal 0.980727 0.195381 0
    outer loop
      vertex 94.3829 28.9611 3
      vertex 94.3318 29.2176 0
      vertex 94.3318 29.2176 3
    endloop
  endfacet
  facet normal 0.980727 0.195381 0
    outer loop
      vertex 94.3318 29.2176 0
      vertex 94.3829 28.9611 3
      vertex 94.3829 28.9611 0
    endloop
  endfacet
  facet normal 0.19494 0.980815 -0
    outer loop
      vertex 92.9176 30.6319 0
      vertex 92.661 30.6829 3
      vertex 92.9176 30.6319 3
    endloop
  endfacet
  facet normal 0.19494 0.980815 0
    outer loop
      vertex 92.661 30.6829 3
      vertex 92.9176 30.6319 0
      vertex 92.661 30.6829 0
    endloop
  endfacet
  facet normal 0.321348 -0.946961 0
    outer loop
      vertex 92.9176 2.06815 0
      vertex 93.1654 2.15224 3
      vertex 92.9176 2.06815 3
    endloop
  endfacet
  facet normal 0.321348 -0.946961 0
    outer loop
      vertex 93.1654 2.15224 3
      vertex 92.9176 2.06815 0
      vertex 93.1654 2.15224 0
    endloop
  endfacet
  facet normal 0.997862 0.0653521 0
    outer loop
      vertex 94.4 28.7 3
      vertex 94.3829 28.9611 0
      vertex 94.3829 28.9611 3
    endloop
  endfacet
  facet normal 0.997862 0.0653521 0
    outer loop
      vertex 94.3829 28.9611 0
      vertex 94.4 28.7 3
      vertex 94.4 28.7 0
    endloop
  endfacet
  facet normal 0 1 -0
    outer loop
      vertex 92.4 30.7 0
      vertex 84.4 30.7 3
      vertex 92.4 30.7 3
    endloop
  endfacet
  facet normal 0 1 0
    outer loop
      vertex 84.4 30.7 3
      vertex 92.4 30.7 0
      vertex 84.4 30.7 0
    endloop
  endfacet
  facet normal 0.0653771 0.997861 -0
    outer loop
      vertex 92.661 30.6829 0
      vertex 92.4 30.7 3
      vertex 92.661 30.6829 3
    endloop
  endfacet
  facet normal 0.0653771 0.997861 0
    outer loop
      vertex 92.4 30.7 3
      vertex 92.661 30.6829 0
      vertex 92.4 30.7 0
    endloop
  endfacet
  facet normal 0.831521 0.555494 0
    outer loop
      vertex 94.132 29.7 3
      vertex 93.9867 29.9175 0
      vertex 93.9867 29.9175 3
    endloop
  endfacet
  facet normal 0.831521 0.555494 0
    outer loop
      vertex 93.9867 29.9175 0
      vertex 94.132 29.7 3
      vertex 94.132 29.7 0
    endloop
  endfacet
  facet normal 0.980741 -0.195315 0
    outer loop
      vertex 94.3318 3.48236 3
      vertex 94.3829 3.73895 0
      vertex 94.3829 3.73895 3
    endloop
  endfacet
  facet normal 0.980741 -0.195315 0
    outer loop
      vertex 94.3829 3.73895 0
      vertex 94.3318 3.48236 3
      vertex 94.3318 3.48236 0
    endloop
  endfacet
  facet normal 0.997861 -0.0653646 0
    outer loop
      vertex 94.3829 3.73895 3
      vertex 94.4 4 0
      vertex 94.4 4 3
    endloop
  endfacet
  facet normal 0.997861 -0.0653646 0
    outer loop
      vertex 94.4 4 0
      vertex 94.3829 3.73895 3
      vertex 94.3829 3.73895 0
    endloop
  endfacet
  facet normal 0.896709 0.442621 0
    outer loop
      vertex 94.2478 29.4654 3
      vertex 94.132 29.7 0
      vertex 94.132 29.7 3
    endloop
  endfacet
  facet normal 0.896709 0.442621 0
    outer loop
      vertex 94.132 29.7 0
      vertex 94.2478 29.4654 3
      vertex 94.2478 29.4654 0
    endloop
  endfacet
  facet normal 0.659343 0.751842 -0
    outer loop
      vertex 93.8142 30.1142 0
      vertex 93.6175 30.2867 3
      vertex 93.8142 30.1142 3
    endloop
  endfacet
  facet normal 0.659343 0.751842 0
    outer loop
      vertex 93.6175 30.2867 3
      vertex 93.8142 30.1142 0
      vertex 93.6175 30.2867 0
    endloop
  endfacet
  facet normal 0.442344 -0.896845 0
    outer loop
      vertex 93.1654 2.15224 0
      vertex 93.4 2.26795 3
      vertex 93.1654 2.15224 3
    endloop
  endfacet
  facet normal 0.442344 -0.896845 0
    outer loop
      vertex 93.4 2.26795 3
      vertex 93.1654 2.15224 0
      vertex 93.4 2.26795 0
    endloop
  endfacet
  facet normal 0.947038 -0.321121 0
    outer loop
      vertex 94.2478 3.23463 3
      vertex 94.3318 3.48236 0
      vertex 94.3318 3.48236 3
    endloop
  endfacet
  facet normal 0.947038 -0.321121 0
    outer loop
      vertex 94.3318 3.48236 0
      vertex 94.2478 3.23463 3
      vertex 94.2478 3.23463 0
    endloop
  endfacet
  facet normal 0.321382 0.94695 -0
    outer loop
      vertex 93.1654 30.5478 0
      vertex 92.9176 30.6319 3
      vertex 93.1654 30.5478 3
    endloop
  endfacet
  facet normal 0.321382 0.94695 0
    outer loop
      vertex 92.9176 30.6319 3
      vertex 93.1654 30.5478 0
      vertex 92.9176 30.6319 0
    endloop
  endfacet
  facet normal 0.442314 0.89686 -0
    outer loop
      vertex 93.4 30.4321 0
      vertex 93.1654 30.5478 3
      vertex 93.4 30.4321 3
    endloop
  endfacet
  facet normal 0.442314 0.89686 0
    outer loop
      vertex 93.1654 30.5478 3
      vertex 93.4 30.4321 0
      vertex 93.1654 30.5478 0
    endloop
  endfacet
  facet normal 0.555758 0.831344 -0
    outer loop
      vertex 93.6175 30.2867 0
      vertex 93.4 30.4321 3
      vertex 93.6175 30.2867 3
    endloop
  endfacet
  facet normal 0.555758 0.831344 0
    outer loop
      vertex 93.4 30.4321 3
      vertex 93.6175 30.2867 0
      vertex 93.4 30.4321 0
    endloop
  endfacet
  facet normal 0.751842 0.659343 0
    outer loop
      vertex 93.9867 29.9175 3
      vertex 93.8142 30.1142 0
      vertex 93.8142 30.1142 3
    endloop
  endfacet
  facet normal 0.751842 0.659343 0
    outer loop
      vertex 93.8142 30.1142 0
      vertex 93.9867 29.9175 3
      vertex 93.9867 29.9175 0
    endloop
  endfacet
  facet normal 0.659343 -0.751842 0
    outer loop
      vertex 93.6175 2.41329 0
      vertex 93.8142 2.58579 3
      vertex 93.6175 2.41329 3
    endloop
  endfacet
  facet normal 0.659343 -0.751842 0
    outer loop
      vertex 93.8142 2.58579 3
      vertex 93.6175 2.41329 0
      vertex 93.8142 2.58579 0
    endloop
  endfacet
  facet normal 0.831544 -0.555459 0
    outer loop
      vertex 93.9867 2.78248 3
      vertex 94.132 3 0
      vertex 94.132 3 3
    endloop
  endfacet
  facet normal 0.831544 -0.555459 0
    outer loop
      vertex 94.132 3 0
      vertex 93.9867 2.78248 3
      vertex 93.9867 2.78248 0
    endloop
  endfacet
  facet normal 0.751826 -0.659362 0
    outer loop
      vertex 93.8142 2.58579 3
      vertex 93.9867 2.78248 0
      vertex 93.9867 2.78248 3
    endloop
  endfacet
  facet normal 0.751826 -0.659362 0
    outer loop
      vertex 93.9867 2.78248 0
      vertex 93.8142 2.58579 3
      vertex 93.8142 2.58579 0
    endloop
  endfacet
  facet normal 0.896984 0.442063 0
    outer loop
      vertex 87.4947 11.25 3
      vertex 87.3675 11.5081 0
      vertex 87.3675 11.5081 3
    endloop
  endfacet
  facet normal 0.896984 0.442063 0
    outer loop
      vertex 87.3675 11.5081 0
      vertex 87.4947 11.25 3
      vertex 87.4947 11.25 0
    endloop
  endfacet
  facet normal 0.980741 -0.195314 0
    outer loop
      vertex 87.2188 20.6372 3
      vertex 87.275 20.9194 0
      vertex 87.275 20.9194 3
    endloop
  endfacet
  facet normal 0.980741 -0.195314 0
    outer loop
      vertex 87.275 20.9194 0
      vertex 87.2188 20.6372 3
      vertex 87.2188 20.6372 0
    endloop
  endfacet
  facet normal 0.321435 0.946931 -0
    outer loop
      vertex 88.8306 10.225 0
      vertex 88.5581 10.3175 3
      vertex 88.8306 10.225 3
    endloop
  endfacet
  facet normal 0.321435 0.946931 0
    outer loop
      vertex 88.5581 10.3175 3
      vertex 88.8306 10.225 0
      vertex 88.5581 10.3175 0
    endloop
  endfacet
  facet normal 0.442063 0.896984 -0
    outer loop
      vertex 88.5581 10.3175 0
      vertex 88.3 10.4447 3
      vertex 88.5581 10.3175 3
    endloop
  endfacet
  facet normal 0.442063 0.896984 0
    outer loop
      vertex 88.3 10.4447 3
      vertex 88.5581 10.3175 0
      vertex 88.3 10.4447 0
    endloop
  endfacet
  facet normal 0.997864 -0.0653198 0
    outer loop
      vertex 87.2 20.35 3
      vertex 87.2188 20.6372 0
      vertex 87.2188 20.6372 3
    endloop
  endfacet
  facet normal 0.997864 -0.0653198 0
    outer loop
      vertex 87.2188 20.6372 0
      vertex 87.2 20.35 3
      vertex 87.2 20.35 0
    endloop
  endfacet
  facet normal 0.555582 -0.831462 0
    outer loop
      vertex 88.0607 22.0954 0
      vertex 88.3 22.2553 3
      vertex 88.0607 22.0954 3
    endloop
  endfacet
  facet normal 0.555582 -0.831462 0
    outer loop
      vertex 88.3 22.2553 3
      vertex 88.0607 22.0954 0
      vertex 88.3 22.2553 0
    endloop
  endfacet
  facet normal 0.195314 0.980741 -0
    outer loop
      vertex 89.1128 10.1688 0
      vertex 88.8306 10.225 3
      vertex 89.1128 10.1688 3
    endloop
  endfacet
  facet normal 0.195314 0.980741 0
    outer loop
      vertex 88.8306 10.225 3
      vertex 89.1128 10.1688 0
      vertex 88.8306 10.225 0
    endloop
  endfacet
  facet normal 0.75165 0.659562 0
    outer loop
      vertex 87.8444 10.7944 3
      vertex 87.6546 11.0107 0
      vertex 87.6546 11.0107 3
    endloop
  endfacet
  facet normal 0.75165 0.659562 0
    outer loop
      vertex 87.6546 11.0107 0
      vertex 87.8444 10.7944 3
      vertex 87.8444 10.7944 0
    endloop
  endfacet
  facet normal 1 -0 0
    outer loop
      vertex 87.2 12.35 3
      vertex 87.2 20.35 0
      vertex 87.2 20.35 3
    endloop
  endfacet
  facet normal 1 0 0
    outer loop
      vertex 87.2 20.35 0
      vertex 87.2 12.35 3
      vertex 87.2 12.35 0
    endloop
  endfacet
  facet normal -0.659562 -0.75165 0
    outer loop
      vertex 90.7393 22.0954 0
      vertex 90.9556 21.9056 3
      vertex 90.7393 22.0954 3
    endloop
  endfacet
  facet normal -0.659562 -0.75165 -0
    outer loop
      vertex 90.9556 21.9056 3
      vertex 90.7393 22.0954 0
      vertex 90.9556 21.9056 0
    endloop
  endfacet
  facet normal 0.946931 -0.321435 0
    outer loop
      vertex 87.275 20.9194 3
      vertex 87.3675 21.1919 0
      vertex 87.3675 21.1919 3
    endloop
  endfacet
  facet normal 0.946931 -0.321435 0
    outer loop
      vertex 87.3675 21.1919 0
      vertex 87.275 20.9194 3
      vertex 87.275 20.9194 0
    endloop
  endfacet
  facet normal 0.896984 -0.442063 0
    outer loop
      vertex 87.3675 21.1919 3
      vertex 87.4947 21.45 0
      vertex 87.4947 21.45 3
    endloop
  endfacet
  facet normal 0.896984 -0.442063 0
    outer loop
      vertex 87.4947 21.45 0
      vertex 87.3675 21.1919 3
      vertex 87.3675 21.1919 0
    endloop
  endfacet
  facet normal -1 0 0
    outer loop
      vertex 91.6 12.35 0
      vertex 91.6 20.35 3
      vertex 91.6 20.35 0
    endloop
  endfacet
  facet normal -1 -0 0
    outer loop
      vertex 91.6 20.35 3
      vertex 91.6 12.35 0
      vertex 91.6 12.35 3
    endloop
  endfacet
  facet normal -0.659562 0.75165 0
    outer loop
      vertex 90.9556 10.7944 0
      vertex 90.7393 10.6046 3
      vertex 90.9556 10.7944 3
    endloop
  endfacet
  facet normal -0.659562 0.75165 0
    outer loop
      vertex 90.7393 10.6046 3
      vertex 90.9556 10.7944 0
      vertex 90.7393 10.6046 0
    endloop
  endfacet
  facet normal -0.321435 0.946931 0
    outer loop
      vertex 90.2419 10.3175 0
      vertex 89.9694 10.225 3
      vertex 90.2419 10.3175 3
    endloop
  endfacet
  facet normal -0.321435 0.946931 0
    outer loop
      vertex 89.9694 10.225 3
      vertex 90.2419 10.3175 0
      vertex 89.9694 10.225 0
    endloop
  endfacet
  facet normal -0.0653198 0.997864 0
    outer loop
      vertex 89.6872 10.1688 0
      vertex 89.4 10.15 3
      vertex 89.6872 10.1688 3
    endloop
  endfacet
  facet normal -0.0653198 0.997864 0
    outer loop
      vertex 89.4 10.15 3
      vertex 89.6872 10.1688 0
      vertex 89.4 10.15 0
    endloop
  endfacet
  facet normal 0.980741 0.195314 0
    outer loop
      vertex 87.275 11.7806 3
      vertex 87.2188 12.0628 0
      vertex 87.2188 12.0628 3
    endloop
  endfacet
  facet normal 0.980741 0.195314 0
    outer loop
      vertex 87.2188 12.0628 0
      vertex 87.275 11.7806 3
      vertex 87.275 11.7806 0
    endloop
  endfacet
  facet normal 0.831462 0.555582 0
    outer loop
      vertex 87.6546 11.0107 3
      vertex 87.4947 11.25 0
      vertex 87.4947 11.25 3
    endloop
  endfacet
  facet normal 0.831462 0.555582 0
    outer loop
      vertex 87.4947 11.25 0
      vertex 87.6546 11.0107 3
      vertex 87.6546 11.0107 0
    endloop
  endfacet
  facet normal 0.555582 0.831462 -0
    outer loop
      vertex 88.3 10.4447 0
      vertex 88.0607 10.6046 3
      vertex 88.3 10.4447 3
    endloop
  endfacet
  facet normal 0.555582 0.831462 0
    outer loop
      vertex 88.0607 10.6046 3
      vertex 88.3 10.4447 0
      vertex 88.0607 10.6046 0
    endloop
  endfacet
  facet normal 0.997864 0.0653198 0
    outer loop
      vertex 87.2188 12.0628 3
      vertex 87.2 12.35 0
      vertex 87.2 12.35 3
    endloop
  endfacet
  facet normal 0.997864 0.0653198 0
    outer loop
      vertex 87.2 12.35 0
      vertex 87.2188 12.0628 3
      vertex 87.2188 12.0628 0
    endloop
  endfacet
  facet normal -0.0653198 -0.997864 0
    outer loop
      vertex 89.4 22.55 0
      vertex 89.6872 22.5312 3
      vertex 89.4 22.55 3
    endloop
  endfacet
  facet normal -0.0653198 -0.997864 -0
    outer loop
      vertex 89.6872 22.5312 3
      vertex 89.4 22.55 0
      vertex 89.6872 22.5312 0
    endloop
  endfacet
  facet normal -0.195314 -0.980741 0
    outer loop
      vertex 89.6872 22.5312 0
      vertex 89.9694 22.475 3
      vertex 89.6872 22.5312 3
    endloop
  endfacet
  facet normal -0.195314 -0.980741 -0
    outer loop
      vertex 89.9694 22.475 3
      vertex 89.6872 22.5312 0
      vertex 89.9694 22.475 0
    endloop
  endfacet
  facet normal 0.831462 -0.555582 0
    outer loop
      vertex 87.4947 21.45 3
      vertex 87.6546 21.6893 0
      vertex 87.6546 21.6893 3
    endloop
  endfacet
  facet normal 0.831462 -0.555582 0
    outer loop
      vertex 87.6546 21.6893 0
      vertex 87.4947 21.45 3
      vertex 87.4947 21.45 0
    endloop
  endfacet
  facet normal 0.659562 -0.75165 0
    outer loop
      vertex 87.8444 21.9056 0
      vertex 88.0607 22.0954 3
      vertex 87.8444 21.9056 3
    endloop
  endfacet
  facet normal 0.659562 -0.75165 0
    outer loop
      vertex 88.0607 22.0954 3
      vertex 87.8444 21.9056 0
      vertex 88.0607 22.0954 0
    endloop
  endfacet
  facet normal -0.896984 0.442063 0
    outer loop
      vertex 91.3053 11.25 0
      vertex 91.4325 11.5081 3
      vertex 91.4325 11.5081 0
    endloop
  endfacet
  facet normal -0.896984 0.442063 0
    outer loop
      vertex 91.4325 11.5081 3
      vertex 91.3053 11.25 0
      vertex 91.3053 11.25 3
    endloop
  endfacet
  facet normal -0.980741 0.195314 0
    outer loop
      vertex 91.525 11.7806 0
      vertex 91.5812 12.0628 3
      vertex 91.5812 12.0628 0
    endloop
  endfacet
  facet normal -0.980741 0.195314 0
    outer loop
      vertex 91.5812 12.0628 3
      vertex 91.525 11.7806 0
      vertex 91.525 11.7806 3
    endloop
  endfacet
  facet normal -0.980741 -0.195314 0
    outer loop
      vertex 91.5812 20.6372 0
      vertex 91.525 20.9194 3
      vertex 91.525 20.9194 0
    endloop
  endfacet
  facet normal -0.980741 -0.195314 0
    outer loop
      vertex 91.525 20.9194 3
      vertex 91.5812 20.6372 0
      vertex 91.5812 20.6372 3
    endloop
  endfacet
  facet normal -0.997864 -0.0653198 0
    outer loop
      vertex 91.6 20.35 0
      vertex 91.5812 20.6372 3
      vertex 91.5812 20.6372 0
    endloop
  endfacet
  facet normal -0.997864 -0.0653198 0
    outer loop
      vertex 91.5812 20.6372 3
      vertex 91.6 20.35 0
      vertex 91.6 20.35 3
    endloop
  endfacet
  facet normal -0.442063 0.896984 0
    outer loop
      vertex 90.5 10.4447 0
      vertex 90.2419 10.3175 3
      vertex 90.5 10.4447 3
    endloop
  endfacet
  facet normal -0.442063 0.896984 0
    outer loop
      vertex 90.2419 10.3175 3
      vertex 90.5 10.4447 0
      vertex 90.2419 10.3175 0
    endloop
  endfacet
  facet normal 0.0653198 0.997864 -0
    outer loop
      vertex 89.4 10.15 0
      vertex 89.1128 10.1688 3
      vertex 89.4 10.15 3
    endloop
  endfacet
  facet normal 0.0653198 0.997864 0
    outer loop
      vertex 89.1128 10.1688 3
      vertex 89.4 10.15 0
      vertex 89.1128 10.1688 0
    endloop
  endfacet
  facet normal 0.946931 0.321435 0
    outer loop
      vertex 87.3675 11.5081 3
      vertex 87.275 11.7806 0
      vertex 87.275 11.7806 3
    endloop
  endfacet
  facet normal 0.946931 0.321435 0
    outer loop
      vertex 87.275 11.7806 0
      vertex 87.3675 11.5081 3
      vertex 87.3675 11.5081 0
    endloop
  endfacet
  facet normal 0.659562 0.75165 -0
    outer loop
      vertex 88.0607 10.6046 0
      vertex 87.8444 10.7944 3
      vertex 88.0607 10.6046 3
    endloop
  endfacet
  facet normal 0.659562 0.75165 0
    outer loop
      vertex 87.8444 10.7944 3
      vertex 88.0607 10.6046 0
      vertex 87.8444 10.7944 0
    endloop
  endfacet
  facet normal -0.321435 -0.946931 0
    outer loop
      vertex 89.9694 22.475 0
      vertex 90.2419 22.3825 3
      vertex 89.9694 22.475 3
    endloop
  endfacet
  facet normal -0.321435 -0.946931 -0
    outer loop
      vertex 90.2419 22.3825 3
      vertex 89.9694 22.475 0
      vertex 90.2419 22.3825 0
    endloop
  endfacet
  facet normal -0.555582 -0.831462 0
    outer loop
      vertex 90.5 22.2553 0
      vertex 90.7393 22.0954 3
      vertex 90.5 22.2553 3
    endloop
  endfacet
  facet normal -0.555582 -0.831462 -0
    outer loop
      vertex 90.7393 22.0954 3
      vertex 90.5 22.2553 0
      vertex 90.7393 22.0954 0
    endloop
  endfacet
  facet normal -0.75165 -0.659562 0
    outer loop
      vertex 91.1454 21.6893 0
      vertex 90.9556 21.9056 3
      vertex 90.9556 21.9056 0
    endloop
  endfacet
  facet normal -0.75165 -0.659562 0
    outer loop
      vertex 90.9556 21.9056 3
      vertex 91.1454 21.6893 0
      vertex 91.1454 21.6893 3
    endloop
  endfacet
  facet normal -0.831462 -0.555582 0
    outer loop
      vertex 91.3053 21.45 0
      vertex 91.1454 21.6893 3
      vertex 91.1454 21.6893 0
    endloop
  endfacet
  facet normal -0.831462 -0.555582 0
    outer loop
      vertex 91.1454 21.6893 3
      vertex 91.3053 21.45 0
      vertex 91.3053 21.45 3
    endloop
  endfacet
  facet normal -0.946931 -0.321435 0
    outer loop
      vertex 91.525 20.9194 0
      vertex 91.4325 21.1919 3
      vertex 91.4325 21.1919 0
    endloop
  endfacet
  facet normal -0.946931 -0.321435 0
    outer loop
      vertex 91.4325 21.1919 3
      vertex 91.525 20.9194 0
      vertex 91.525 20.9194 3
    endloop
  endfacet
  facet normal 0.75165 -0.659562 0
    outer loop
      vertex 87.6546 21.6893 3
      vertex 87.8444 21.9056 0
      vertex 87.8444 21.9056 3
    endloop
  endfacet
  facet normal 0.75165 -0.659562 0
    outer loop
      vertex 87.8444 21.9056 0
      vertex 87.6546 21.6893 3
      vertex 87.6546 21.6893 0
    endloop
  endfacet
  facet normal 0.442063 -0.896984 0
    outer loop
      vertex 88.3 22.2553 0
      vertex 88.5581 22.3825 3
      vertex 88.3 22.2553 3
    endloop
  endfacet
  facet normal 0.442063 -0.896984 0
    outer loop
      vertex 88.5581 22.3825 3
      vertex 88.3 22.2553 0
      vertex 88.5581 22.3825 0
    endloop
  endfacet
  facet normal 0.321435 -0.946931 0
    outer loop
      vertex 88.5581 22.3825 0
      vertex 88.8306 22.475 3
      vertex 88.5581 22.3825 3
    endloop
  endfacet
  facet normal 0.321435 -0.946931 0
    outer loop
      vertex 88.8306 22.475 3
      vertex 88.5581 22.3825 0
      vertex 88.8306 22.475 0
    endloop
  endfacet
  facet normal -0.831462 0.555582 0
    outer loop
      vertex 91.1454 11.0107 0
      vertex 91.3053 11.25 3
      vertex 91.3053 11.25 0
    endloop
  endfacet
  facet normal -0.831462 0.555582 0
    outer loop
      vertex 91.3053 11.25 3
      vertex 91.1454 11.0107 0
      vertex 91.1454 11.0107 3
    endloop
  endfacet
  facet normal -0.946931 0.321435 0
    outer loop
      vertex 91.4325 11.5081 0
      vertex 91.525 11.7806 3
      vertex 91.525 11.7806 0
    endloop
  endfacet
  facet normal -0.946931 0.321435 0
    outer loop
      vertex 91.525 11.7806 3
      vertex 91.4325 11.5081 0
      vertex 91.4325 11.5081 3
    endloop
  endfacet
  facet normal -0.997864 0.0653198 0
    outer loop
      vertex 91.5812 12.0628 0
      vertex 91.6 12.35 3
      vertex 91.6 12.35 0
    endloop
  endfacet
  facet normal -0.997864 0.0653198 0
    outer loop
      vertex 91.6 12.35 3
      vertex 91.5812 12.0628 0
      vertex 91.5812 12.0628 3
    endloop
  endfacet
  facet normal -0.555582 0.831462 0
    outer loop
      vertex 90.7393 10.6046 0
      vertex 90.5 10.4447 3
      vertex 90.7393 10.6046 3
    endloop
  endfacet
  facet normal -0.555582 0.831462 0
    outer loop
      vertex 90.5 10.4447 3
      vertex 90.7393 10.6046 0
      vertex 90.5 10.4447 0
    endloop
  endfacet
  facet normal -0.195314 0.980741 0
    outer loop
      vertex 89.9694 10.225 0
      vertex 89.6872 10.1688 3
      vertex 89.9694 10.225 3
    endloop
  endfacet
  facet normal -0.195314 0.980741 0
    outer loop
      vertex 89.6872 10.1688 3
      vertex 89.9694 10.225 0
      vertex 89.6872 10.1688 0
    endloop
  endfacet
  facet normal -0.896984 -0.442063 0
    outer loop
      vertex 91.4325 21.1919 0
      vertex 91.3053 21.45 3
      vertex 91.3053 21.45 0
    endloop
  endfacet
  facet normal -0.896984 -0.442063 0
    outer loop
      vertex 91.3053 21.45 3
      vertex 91.4325 21.1919 0
      vertex 91.4325 21.1919 3
    endloop
  endfacet
  facet normal 0.195314 -0.980741 0
    outer loop
      vertex 88.8306 22.475 0
      vertex 89.1128 22.5312 3
      vertex 88.8306 22.475 3
    endloop
  endfacet
  facet normal 0.195314 -0.980741 0
    outer loop
      vertex 89.1128 22.5312 3
      vertex 88.8306 22.475 0
      vertex 89.1128 22.5312 0
    endloop
  endfacet
  facet normal 0.0653198 -0.997864 0
    outer loop
      vertex 89.1128 22.5312 0
      vertex 89.4 22.55 3
      vertex 89.1128 22.5312 3
    endloop
  endfacet
  facet normal 0.0653198 -0.997864 0
    outer loop
      vertex 89.4 22.55 3
      vertex 89.1128 22.5312 0
      vertex 89.4 22.55 0
    endloop
  endfacet
  facet normal -0.75165 0.659562 0
    outer loop
      vertex 90.9556 10.7944 0
      vertex 91.1454 11.0107 3
      vertex 91.1454 11.0107 0
    endloop
  endfacet
  facet normal -0.75165 0.659562 0
    outer loop
      vertex 91.1454 11.0107 3
      vertex 90.9556 10.7944 0
      vertex 90.9556 10.7944 3
    endloop
  endfacet
  facet normal -0.442063 -0.896984 0
    outer loop
      vertex 90.2419 22.3825 0
      vertex 90.5 22.2553 3
      vertex 90.2419 22.3825 3
    endloop
  endfacet
  facet normal -0.442063 -0.896984 -0
    outer loop
      vertex 90.5 22.2553 3
      vertex 90.2419 22.3825 0
      vertex 90.5 22.2553 0
    endloop
  endfacet
  facet normal -0.946933 -0.321431 0
    outer loop
      vertex 1.63185 0.217638 5.6
      vertex 1.54776 0.465366 14.6
      vertex 1.54776 0.465366 5.6
    endloop
  endfacet
  facet normal -0.946933 -0.321431 0
    outer loop
      vertex 1.54776 0.465366 14.6
      vertex 1.63185 0.217638 5.6
      vertex 1.63185 0.217638 14.6
    endloop
  endfacet
  facet normal -0.997859 -0.0654022 0
    outer loop
      vertex 1.7 -0.299999 5.6
      vertex 1.68289 -0.0389471 14.6
      vertex 1.68289 -0.0389471 5.6
    endloop
  endfacet
  facet normal -0.997859 -0.0654022 0
    outer loop
      vertex 1.68289 -0.0389471 14.6
      vertex 1.7 -0.299999 5.6
      vertex 1.7 -0.299999 14.6
    endloop
  endfacet
  facet normal 0.0654019 -0.997859 0
    outer loop
      vertex -0.561052 1.68289 5.6
      vertex -0.299999 1.7 14.6
      vertex -0.561052 1.68289 14.6
    endloop
  endfacet
  facet normal 0.0654019 -0.997859 0
    outer loop
      vertex -0.299999 1.7 14.6
      vertex -0.561052 1.68289 5.6
      vertex -0.299999 1.7 5.6
    endloop
  endfacet
  facet normal -0.659366 -0.751822 0
    outer loop
      vertex 0.917522 1.28671 5.6
      vertex 1.11421 1.11421 14.6
      vertex 0.917522 1.28671 14.6
    endloop
  endfacet
  facet normal -0.659366 -0.751822 -0
    outer loop
      vertex 1.11421 1.11421 14.6
      vertex 0.917522 1.28671 5.6
      vertex 1.11421 1.11421 5.6
    endloop
  endfacet
  facet normal 0.751822 -0.659366 0
    outer loop
      vertex -1.88671 0.917522 14.6
      vertex -1.71421 1.11421 5.6
      vertex -1.71421 1.11421 14.6
    endloop
  endfacet
  facet normal 0.751822 -0.659366 0
    outer loop
      vertex -1.71421 1.11421 5.6
      vertex -1.88671 0.917522 14.6
      vertex -1.88671 0.917522 5.6
    endloop
  endfacet
  facet normal 0.442299 -0.896868 0
    outer loop
      vertex -1.3 1.43205 5.6
      vertex -1.06537 1.54776 14.6
      vertex -1.3 1.43205 14.6
    endloop
  endfacet
  facet normal 0.442299 -0.896868 0
    outer loop
      vertex -1.06537 1.54776 14.6
      vertex -1.3 1.43205 5.6
      vertex -1.06537 1.54776 5.6
    endloop
  endfacet
  facet normal 0.751826 0.659362 0
    outer loop
      vertex -1.71421 -1.71421 14.6
      vertex -1.88671 -1.51752 5.6
      vertex -1.88671 -1.51752 14.6
    endloop
  endfacet
  facet normal 0.751826 0.659362 0
    outer loop
      vertex -1.88671 -1.51752 5.6
      vertex -1.71421 -1.71421 14.6
      vertex -1.71421 -1.71421 5.6
    endloop
  endfacet
  facet normal -0.896871 -0.442293 0
    outer loop
      vertex 1.54776 0.465366 5.6
      vertex 1.43205 0.7 14.6
      vertex 1.43205 0.7 5.6
    endloop
  endfacet
  facet normal -0.896871 -0.442293 0
    outer loop
      vertex 1.43205 0.7 14.6
      vertex 1.54776 0.465366 5.6
      vertex 1.54776 0.465366 14.6
    endloop
  endfacet
  facet normal -0.321431 -0.946933 0
    outer loop
      vertex 0.217638 1.63185 5.6
      vertex 0.465366 1.54776 14.6
      vertex 0.217638 1.63185 14.6
    endloop
  endfacet
  facet normal -0.321431 -0.946933 -0
    outer loop
      vertex 0.465366 1.54776 14.6
      vertex 0.217638 1.63185 5.6
      vertex 0.465366 1.54776 5.6
    endloop
  endfacet
  facet normal -0.0654022 -0.997859 0
    outer loop
      vertex -0.299999 1.7 5.6
      vertex -0.0389471 1.68289 14.6
      vertex -0.299999 1.7 14.6
    endloop
  endfacet
  facet normal -0.0654022 -0.997859 -0
    outer loop
      vertex -0.0389471 1.68289 14.6
      vertex -0.299999 1.7 5.6
      vertex -0.0389471 1.68289 5.6
    endloop
  endfacet
  facet normal -0.555561 -0.831476 0
    outer loop
      vertex 0.7 1.43205 5.6
      vertex 0.917522 1.28671 14.6
      vertex 0.7 1.43205 14.6
    endloop
  endfacet
  facet normal -0.555561 -0.831476 -0
    outer loop
      vertex 0.917522 1.28671 14.6
      vertex 0.7 1.43205 5.6
      vertex 0.917522 1.28671 5.6
    endloop
  endfacet
  facet normal 0.896871 -0.442293 0
    outer loop
      vertex -2.14776 0.465366 14.6
      vertex -2.03205 0.7 5.6
      vertex -2.03205 0.7 14.6
    endloop
  endfacet
  facet normal 0.896871 -0.442293 0
    outer loop
      vertex -2.03205 0.7 5.6
      vertex -2.14776 0.465366 14.6
      vertex -2.14776 0.465366 5.6
    endloop
  endfacet
  facet normal 0.831476 -0.555561 0
    outer loop
      vertex -2.03205 0.7 14.6
      vertex -1.88671 0.917522 5.6
      vertex -1.88671 0.917522 14.6
    endloop
  endfacet
  facet normal 0.831476 -0.555561 0
    outer loop
      vertex -1.88671 0.917522 5.6
      vertex -2.03205 0.7 14.6
      vertex -2.03205 0.7 5.6
    endloop
  endfacet
  facet normal 0.980784 -0.195098 0
    outer loop
      vertex -2.28289 -0.0389471 14.6
      vertex -2.23185 0.217638 5.6
      vertex -2.23185 0.217638 14.6
    endloop
  endfacet
  facet normal 0.980784 -0.195098 0
    outer loop
      vertex -2.23185 0.217638 5.6
      vertex -2.28289 -0.0389471 14.6
      vertex -2.28289 -0.0389471 5.6
    endloop
  endfacet
  facet normal 0.997859 0.0654019 0
    outer loop
      vertex -2.28289 -0.561052 14.6
      vertex -2.3 -0.299999 5.6
      vertex -2.3 -0.299999 14.6
    endloop
  endfacet
  facet normal 0.997859 0.0654019 0
    outer loop
      vertex -2.3 -0.299999 5.6
      vertex -2.28289 -0.561052 14.6
      vertex -2.28289 -0.561052 5.6
    endloop
  endfacet
  facet normal 0.555564 -0.831474 0
    outer loop
      vertex -1.51752 1.28671 5.6
      vertex -1.3 1.43205 14.6
      vertex -1.51752 1.28671 14.6
    endloop
  endfacet
  facet normal 0.555564 -0.831474 0
    outer loop
      vertex -1.3 1.43205 14.6
      vertex -1.51752 1.28671 5.6
      vertex -1.3 1.43205 5.6
    endloop
  endfacet
  facet normal 0.195098 -0.980784 0
    outer loop
      vertex -0.817637 1.63185 5.6
      vertex -0.561052 1.68289 14.6
      vertex -0.817637 1.63185 14.6
    endloop
  endfacet
  facet normal 0.195098 -0.980784 0
    outer loop
      vertex -0.561052 1.68289 14.6
      vertex -0.817637 1.63185 5.6
      vertex -0.561052 1.68289 5.6
    endloop
  endfacet
  facet normal -0.321431 0.946933 0
    outer loop
      vertex 0.465366 -2.14776 5.6
      vertex 0.217638 -2.23185 14.6
      vertex 0.465366 -2.14776 14.6
    endloop
  endfacet
  facet normal -0.321431 0.946933 0
    outer loop
      vertex 0.217638 -2.23185 14.6
      vertex 0.465366 -2.14776 5.6
      vertex 0.217638 -2.23185 5.6
    endloop
  endfacet
  facet normal -0.195098 0.980784 0
    outer loop
      vertex 0.217638 -2.23185 5.6
      vertex -0.0389471 -2.28289 14.6
      vertex 0.217638 -2.23185 14.6
    endloop
  endfacet
  facet normal -0.195098 0.980784 0
    outer loop
      vertex -0.0389471 -2.28289 14.6
      vertex 0.217638 -2.23185 5.6
      vertex -0.0389471 -2.28289 5.6
    endloop
  endfacet
  facet normal -0.751826 0.659362 0
    outer loop
      vertex 1.11421 -1.71421 5.6
      vertex 1.28671 -1.51752 14.6
      vertex 1.28671 -1.51752 5.6
    endloop
  endfacet
  facet normal -0.751826 0.659362 0
    outer loop
      vertex 1.28671 -1.51752 14.6
      vertex 1.11421 -1.71421 5.6
      vertex 1.11421 -1.71421 14.6
    endloop
  endfacet
  facet normal -0.555561 0.831476 0
    outer loop
      vertex 0.917522 -1.88671 5.6
      vertex 0.7 -2.03205 14.6
      vertex 0.917522 -1.88671 14.6
    endloop
  endfacet
  facet normal -0.555561 0.831476 0
    outer loop
      vertex 0.7 -2.03205 14.6
      vertex 0.917522 -1.88671 5.6
      vertex 0.7 -2.03205 5.6
    endloop
  endfacet
  facet normal -0.831474 0.555564 0
    outer loop
      vertex 1.28671 -1.51752 5.6
      vertex 1.43205 -1.3 14.6
      vertex 1.43205 -1.3 5.6
    endloop
  endfacet
  facet normal -0.831474 0.555564 0
    outer loop
      vertex 1.43205 -1.3 14.6
      vertex 1.28671 -1.51752 5.6
      vertex 1.28671 -1.51752 14.6
    endloop
  endfacet
  facet normal 0.195098 0.980784 -0
    outer loop
      vertex -0.561052 -2.28289 5.6
      vertex -0.817637 -2.23185 14.6
      vertex -0.561052 -2.28289 14.6
    endloop
  endfacet
  facet normal 0.195098 0.980784 0
    outer loop
      vertex -0.817637 -2.23185 14.6
      vertex -0.561052 -2.28289 5.6
      vertex -0.817637 -2.23185 5.6
    endloop
  endfacet
  facet normal 0.980784 0.195098 0
    outer loop
      vertex -2.23185 -0.817637 14.6
      vertex -2.28289 -0.561052 5.6
      vertex -2.28289 -0.561052 14.6
    endloop
  endfacet
  facet normal 0.980784 0.195098 0
    outer loop
      vertex -2.28289 -0.561052 5.6
      vertex -2.23185 -0.817637 14.6
      vertex -2.23185 -0.817637 5.6
    endloop
  endfacet
  facet normal 0.831474 0.555564 0
    outer loop
      vertex -1.88671 -1.51752 14.6
      vertex -2.03205 -1.3 5.6
      vertex -2.03205 -1.3 14.6
    endloop
  endfacet
  facet normal 0.831474 0.555564 0
    outer loop
      vertex -2.03205 -1.3 5.6
      vertex -1.88671 -1.51752 14.6
      vertex -1.88671 -1.51752 5.6
    endloop
  endfacet
  facet normal -0.831476 -0.555561 0
    outer loop
      vertex 1.43205 0.7 5.6
      vertex 1.28671 0.917522 14.6
      vertex 1.28671 0.917522 5.6
    endloop
  endfacet
  facet normal -0.831476 -0.555561 0
    outer loop
      vertex 1.28671 0.917522 14.6
      vertex 1.43205 0.7 5.6
      vertex 1.43205 0.7 14.6
    endloop
  endfacet
  facet normal -0.751822 -0.659366 0
    outer loop
      vertex 1.28671 0.917522 5.6
      vertex 1.11421 1.11421 14.6
      vertex 1.11421 1.11421 5.6
    endloop
  endfacet
  facet normal -0.751822 -0.659366 0
    outer loop
      vertex 1.11421 1.11421 14.6
      vertex 1.28671 0.917522 5.6
      vertex 1.28671 0.917522 14.6
    endloop
  endfacet
  facet normal 0 0 1
    outer loop
      vertex 1.68289 -0.0389471 5.6
      vertex 1.68289 -0.561052 5.6
      vertex 1.7 -0.299999 5.6
    endloop
  endfacet
  facet normal 0 0 1
    outer loop
      vertex 1.63185 0.217638 5.6
      vertex 1.68289 -0.561052 5.6
      vertex 1.68289 -0.0389471 5.6
    endloop
  endfacet
  facet normal 0 0 1
    outer loop
      vertex 1.63185 0.217638 5.6
      vertex 1.63185 -0.817637 5.6
      vertex 1.68289 -0.561052 5.6
    endloop
  endfacet
  facet normal 0 0 1
    outer loop
      vertex 1.54776 0.465366 5.6
      vertex 1.63185 -0.817637 5.6
      vertex 1.63185 0.217638 5.6
    endloop
  endfacet
  facet normal 0 0 1
    outer loop
      vertex 1.54776 0.465366 5.6
      vertex 1.54776 -1.06537 5.6
      vertex 1.63185 -0.817637 5.6
    endloop
  endfacet
  facet normal 0 0 1
    outer loop
      vertex 1.43205 0.7 5.6
      vertex 1.54776 -1.06537 5.6
      vertex 1.54776 0.465366 5.6
    endloop
  endfacet
  facet normal 0 0 1
    outer loop
      vertex 1.43205 0.7 5.6
      vertex 1.43205 -1.3 5.6
      vertex 1.54776 -1.06537 5.6
    endloop
  endfacet
  facet normal 0 0 1
    outer loop
      vertex 1.28671 0.917522 5.6
      vertex 1.43205 -1.3 5.6
      vertex 1.43205 0.7 5.6
    endloop
  endfacet
  facet normal 0 0 1
    outer loop
      vertex 1.28671 0.917522 5.6
      vertex 1.28671 -1.51752 5.6
      vertex 1.43205 -1.3 5.6
    endloop
  endfacet
  facet normal 0 0 1
    outer loop
      vertex 1.11421 1.11421 5.6
      vertex 1.28671 -1.51752 5.6
      vertex 1.28671 0.917522 5.6
    endloop
  endfacet
  facet normal 0 0 1
    outer loop
      vertex 1.11421 1.11421 5.6
      vertex 1.11421 -1.71421 5.6
      vertex 1.28671 -1.51752 5.6
    endloop
  endfacet
  facet normal 0 0 1
    outer loop
      vertex 0.917522 1.28671 5.6
      vertex 1.11421 -1.71421 5.6
      vertex 1.11421 1.11421 5.6
    endloop
  endfacet
  facet normal 0 0 1
    outer loop
      vertex 0.917522 1.28671 5.6
      vertex 0.917522 -1.88671 5.6
      vertex 1.11421 -1.71421 5.6
    endloop
  endfacet
  facet normal 0 0 1
    outer loop
      vertex 0.7 1.43205 5.6
      vertex 0.917522 -1.88671 5.6
      vertex 0.917522 1.28671 5.6
    endloop
  endfacet
  facet normal 0 0 1
    outer loop
      vertex 0.7 1.43205 5.6
      vertex 0.7 -2.03205 5.6
      vertex 0.917522 -1.88671 5.6
    endloop
  endfacet
  facet normal 0 0 1
    outer loop
      vertex 0.465366 1.54776 5.6
      vertex 0.7 -2.03205 5.6
      vertex 0.7 1.43205 5.6
    endloop
  endfacet
  facet normal 0 0 1
    outer loop
      vertex 0.465366 1.54776 5.6
      vertex 0.465366 -2.14776 5.6
      vertex 0.7 -2.03205 5.6
    endloop
  endfacet
  facet normal 0 0 1
    outer loop
      vertex 0.217638 1.63185 5.6
      vertex 0.465366 -2.14776 5.6
      vertex 0.465366 1.54776 5.6
    endloop
  endfacet
  facet normal 0 0 1
    outer loop
      vertex 0.217638 1.63185 5.6
      vertex 0.217638 -2.23185 5.6
      vertex 0.465366 -2.14776 5.6
    endloop
  endfacet
  facet normal 0 0 1
    outer loop
      vertex -0.0389471 1.68289 5.6
      vertex 0.217638 -2.23185 5.6
      vertex 0.217638 1.63185 5.6
    endloop
  endfacet
  facet normal 0 0 1
    outer loop
      vertex -0.0389471 1.68289 5.6
      vertex -0.0389471 -2.28289 5.6
      vertex 0.217638 -2.23185 5.6
    endloop
  endfacet
  facet normal 0 0 1
    outer loop
      vertex -0.299999 1.7 5.6
      vertex -0.0389471 -2.28289 5.6
      vertex -0.0389471 1.68289 5.6
    endloop
  endfacet
  facet normal 0 0 1
    outer loop
      vertex -0.299999 1.7 5.6
      vertex -0.299999 -2.3 5.6
      vertex -0.0389471 -2.28289 5.6
    endloop
  endfacet
  facet normal -0 0 1
    outer loop
      vertex -0.561052 1.68289 5.6
      vertex -0.299999 -2.3 5.6
      vertex -0.299999 1.7 5.6
    endloop
  endfacet
  facet normal 0 0 1
    outer loop
      vertex -0.561052 1.68289 5.6
      vertex -0.561052 -2.28289 5.6
      vertex -0.299999 -2.3 5.6
    endloop
  endfacet
  facet normal -0 0 1
    outer loop
      vertex -0.817637 1.63185 5.6
      vertex -0.561052 -2.28289 5.6
      vertex -0.561052 1.68289 5.6
    endloop
  endfacet
  facet normal 0 0 1
    outer loop
      vertex -0.817637 1.63185 5.6
      vertex -0.817637 -2.23185 5.6
      vertex -0.561052 -2.28289 5.6
    endloop
  endfacet
  facet normal -0 0 1
    outer loop
      vertex -1.06537 1.54776 5.6
      vertex -0.817637 -2.23185 5.6
      vertex -0.817637 1.63185 5.6
    endloop
  endfacet
  facet normal 0 0 1
    outer loop
      vertex -1.06537 1.54776 5.6
      vertex -1.06537 -2.14776 5.6
      vertex -0.817637 -2.23185 5.6
    endloop
  endfacet
  facet normal -0 0 1
    outer loop
      vertex -1.3 1.43205 5.6
      vertex -1.06537 -2.14776 5.6
      vertex -1.06537 1.54776 5.6
    endloop
  endfacet
  facet normal 0 0 1
    outer loop
      vertex -1.3 1.43205 5.6
      vertex -1.3 -2.03205 5.6
      vertex -1.06537 -2.14776 5.6
    endloop
  endfacet
  facet normal -0 0 1
    outer loop
      vertex -1.51752 1.28671 5.6
      vertex -1.3 -2.03205 5.6
      vertex -1.3 1.43205 5.6
    endloop
  endfacet
  facet normal 0 0 1
    outer loop
      vertex -1.51752 1.28671 5.6
      vertex -1.51752 -1.88671 5.6
      vertex -1.3 -2.03205 5.6
    endloop
  endfacet
  facet normal -0 0 1
    outer loop
      vertex -1.71421 1.11421 5.6
      vertex -1.51752 -1.88671 5.6
      vertex -1.51752 1.28671 5.6
    endloop
  endfacet
  facet normal 0 0 1
    outer loop
      vertex -1.71421 1.11421 5.6
      vertex -1.71421 -1.71421 5.6
      vertex -1.51752 -1.88671 5.6
    endloop
  endfacet
  facet normal -0 0 1
    outer loop
      vertex -1.88671 0.917522 5.6
      vertex -1.71421 -1.71421 5.6
      vertex -1.71421 1.11421 5.6
    endloop
  endfacet
  facet normal 0 0 1
    outer loop
      vertex -1.88671 0.917522 5.6
      vertex -1.88671 -1.51752 5.6
      vertex -1.71421 -1.71421 5.6
    endloop
  endfacet
  facet normal -0 0 1
    outer loop
      vertex -2.03205 0.7 5.6
      vertex -1.88671 -1.51752 5.6
      vertex -1.88671 0.917522 5.6
    endloop
  endfacet
  facet normal 0 0 1
    outer loop
      vertex -2.03205 0.7 5.6
      vertex -2.03205 -1.3 5.6
      vertex -1.88671 -1.51752 5.6
    endloop
  endfacet
  facet normal -0 0 1
    outer loop
      vertex -2.14776 0.465366 5.6
      vertex -2.03205 -1.3 5.6
      vertex -2.03205 0.7 5.6
    endloop
  endfacet
  facet normal 0 0 1
    outer loop
      vertex -2.14776 0.465366 5.6
      vertex -2.14776 -1.06537 5.6
      vertex -2.03205 -1.3 5.6
    endloop
  endfacet
  facet normal -0 0 1
    outer loop
      vertex -2.23185 0.217638 5.6
      vertex -2.14776 -1.06537 5.6
      vertex -2.14776 0.465366 5.6
    endloop
  endfacet
  facet normal 0 0 1
    outer loop
      vertex -2.23185 0.217638 5.6
      vertex -2.23185 -0.817637 5.6
      vertex -2.14776 -1.06537 5.6
    endloop
  endfacet
  facet normal -0 0 1
    outer loop
      vertex -2.28289 -0.0389471 5.6
      vertex -2.23185 -0.817637 5.6
      vertex -2.23185 0.217638 5.6
    endloop
  endfacet
  facet normal 0 0 1
    outer loop
      vertex -2.28289 -0.0389471 5.6
      vertex -2.28289 -0.561052 5.6
      vertex -2.23185 -0.817637 5.6
    endloop
  endfacet
  facet normal 0 -0 1
    outer loop
      vertex -2.28289 -0.561052 5.6
      vertex -2.28289 -0.0389471 5.6
      vertex -2.3 -0.299999 5.6
    endloop
  endfacet
  facet normal 0.946933 -0.321431 0
    outer loop
      vertex -2.23185 0.217638 14.6
      vertex -2.14776 0.465366 5.6
      vertex -2.14776 0.465366 14.6
    endloop
  endfacet
  facet normal 0.946933 -0.321431 0
    outer loop
      vertex -2.14776 0.465366 5.6
      vertex -2.23185 0.217638 14.6
      vertex -2.23185 0.217638 5.6
    endloop
  endfacet
  facet normal 0.321426 -0.946935 0
    outer loop
      vertex -1.06537 1.54776 5.6
      vertex -0.817637 1.63185 14.6
      vertex -1.06537 1.54776 14.6
    endloop
  endfacet
  facet normal 0.321426 -0.946935 0
    outer loop
      vertex -0.817637 1.63185 14.6
      vertex -1.06537 1.54776 5.6
      vertex -0.817637 1.63185 5.6
    endloop
  endfacet
  facet normal -0.659366 0.751822 0
    outer loop
      vertex 1.11421 -1.71421 5.6
      vertex 0.917522 -1.88671 14.6
      vertex 1.11421 -1.71421 14.6
    endloop
  endfacet
  facet normal -0.659366 0.751822 0
    outer loop
      vertex 0.917522 -1.88671 14.6
      vertex 1.11421 -1.71421 5.6
      vertex 0.917522 -1.88671 5.6
    endloop
  endfacet
  facet normal -0.946935 0.321426 0
    outer loop
      vertex 1.54776 -1.06537 5.6
      vertex 1.63185 -0.817637 14.6
      vertex 1.63185 -0.817637 5.6
    endloop
  endfacet
  facet normal -0.946935 0.321426 0
    outer loop
      vertex 1.63185 -0.817637 14.6
      vertex 1.54776 -1.06537 5.6
      vertex 1.54776 -1.06537 14.6
    endloop
  endfacet
  facet normal -0.997859 0.0654019 0
    outer loop
      vertex 1.68289 -0.561052 5.6
      vertex 1.7 -0.299999 14.6
      vertex 1.7 -0.299999 5.6
    endloop
  endfacet
  facet normal -0.997859 0.0654019 0
    outer loop
      vertex 1.7 -0.299999 14.6
      vertex 1.68289 -0.561052 5.6
      vertex 1.68289 -0.561052 14.6
    endloop
  endfacet
  facet normal -0.896868 0.442299 0
    outer loop
      vertex 1.43205 -1.3 5.6
      vertex 1.54776 -1.06537 14.6
      vertex 1.54776 -1.06537 5.6
    endloop
  endfacet
  facet normal -0.896868 0.442299 0
    outer loop
      vertex 1.54776 -1.06537 14.6
      vertex 1.43205 -1.3 5.6
      vertex 1.43205 -1.3 14.6
    endloop
  endfacet
  facet normal 0.0654019 0.997859 -0
    outer loop
      vertex -0.299999 -2.3 5.6
      vertex -0.561052 -2.28289 14.6
      vertex -0.299999 -2.3 14.6
    endloop
  endfacet
  facet normal 0.0654019 0.997859 0
    outer loop
      vertex -0.561052 -2.28289 14.6
      vertex -0.299999 -2.3 5.6
      vertex -0.561052 -2.28289 5.6
    endloop
  endfacet
  facet normal 0.442299 0.896868 -0
    outer loop
      vertex -1.06537 -2.14776 5.6
      vertex -1.3 -2.03205 14.6
      vertex -1.06537 -2.14776 14.6
    endloop
  endfacet
  facet normal 0.442299 0.896868 0
    outer loop
      vertex -1.3 -2.03205 14.6
      vertex -1.06537 -2.14776 5.6
      vertex -1.3 -2.03205 5.6
    endloop
  endfacet
  facet normal 0.555564 0.831474 -0
    outer loop
      vertex -1.3 -2.03205 5.6
      vertex -1.51752 -1.88671 14.6
      vertex -1.3 -2.03205 14.6
    endloop
  endfacet
  facet normal 0.555564 0.831474 0
    outer loop
      vertex -1.51752 -1.88671 14.6
      vertex -1.3 -2.03205 5.6
      vertex -1.51752 -1.88671 5.6
    endloop
  endfacet
  facet normal 0.321426 0.946935 -0
    outer loop
      vertex -0.817637 -2.23185 5.6
      vertex -1.06537 -2.14776 14.6
      vertex -0.817637 -2.23185 14.6
    endloop
  endfacet
  facet normal 0.321426 0.946935 0
    outer loop
      vertex -1.06537 -2.14776 14.6
      vertex -0.817637 -2.23185 5.6
      vertex -1.06537 -2.14776 5.6
    endloop
  endfacet
  facet normal -0.0654022 0.997859 0
    outer loop
      vertex -0.0389471 -2.28289 5.6
      vertex -0.299999 -2.3 14.6
      vertex -0.0389471 -2.28289 14.6
    endloop
  endfacet
  facet normal -0.0654022 0.997859 0
    outer loop
      vertex -0.299999 -2.3 14.6
      vertex -0.0389471 -2.28289 5.6
      vertex -0.299999 -2.3 5.6
    endloop
  endfacet
  facet normal 0.659362 0.751826 -0
    outer loop
      vertex -1.51752 -1.88671 5.6
      vertex -1.71421 -1.71421 14.6
      vertex -1.51752 -1.88671 14.6
    endloop
  endfacet
  facet normal 0.659362 0.751826 0
    outer loop
      vertex -1.71421 -1.71421 14.6
      vertex -1.51752 -1.88671 5.6
      vertex -1.71421 -1.71421 5.6
    endloop
  endfacet
  facet normal 0.946935 0.321426 0
    outer loop
      vertex -2.14776 -1.06537 14.6
      vertex -2.23185 -0.817637 5.6
      vertex -2.23185 -0.817637 14.6
    endloop
  endfacet
  facet normal 0.946935 0.321426 0
    outer loop
      vertex -2.23185 -0.817637 5.6
      vertex -2.14776 -1.06537 14.6
      vertex -2.14776 -1.06537 5.6
    endloop
  endfacet
  facet normal 0.896868 0.442299 0
    outer loop
      vertex -2.03205 -1.3 14.6
      vertex -2.14776 -1.06537 5.6
      vertex -2.14776 -1.06537 14.6
    endloop
  endfacet
  facet normal 0.896868 0.442299 0
    outer loop
      vertex -2.14776 -1.06537 5.6
      vertex -2.03205 -1.3 14.6
      vertex -2.03205 -1.3 5.6
    endloop
  endfacet
  facet normal -0.980784 -0.195098 0
    outer loop
      vertex 1.68289 -0.0389471 5.6
      vertex 1.63185 0.217638 14.6
      vertex 1.63185 0.217638 5.6
    endloop
  endfacet
  facet normal -0.980784 -0.195098 0
    outer loop
      vertex 1.63185 0.217638 14.6
      vertex 1.68289 -0.0389471 5.6
      vertex 1.68289 -0.0389471 14.6
    endloop
  endfacet
  facet normal -0.195098 -0.980784 0
    outer loop
      vertex -0.0389471 1.68289 5.6
      vertex 0.217638 1.63185 14.6
      vertex -0.0389471 1.68289 14.6
    endloop
  endfacet
  facet normal -0.195098 -0.980784 -0
    outer loop
      vertex 0.217638 1.63185 14.6
      vertex -0.0389471 1.68289 5.6
      vertex 0.217638 1.63185 5.6
    endloop
  endfacet
  facet normal -0.442293 -0.896871 0
    outer loop
      vertex 0.465366 1.54776 5.6
      vertex 0.7 1.43205 14.6
      vertex 0.465366 1.54776 14.6
    endloop
  endfacet
  facet normal -0.442293 -0.896871 -0
    outer loop
      vertex 0.7 1.43205 14.6
      vertex 0.465366 1.54776 5.6
      vertex 0.7 1.43205 5.6
    endloop
  endfacet
  facet normal 0.997859 -0.0654022 0
    outer loop
      vertex -2.3 -0.299999 14.6
      vertex -2.28289 -0.0389471 5.6
      vertex -2.28289 -0.0389471 14.6
    endloop
  endfacet
  facet normal 0.997859 -0.0654022 0
    outer loop
      vertex -2.28289 -0.0389471 5.6
      vertex -2.3 -0.299999 14.6
      vertex -2.3 -0.299999 5.6
    endloop
  endfacet
  facet normal 0.659362 -0.751826 0
    outer loop
      vertex -1.71421 1.11421 5.6
      vertex -1.51752 1.28671 14.6
      vertex -1.71421 1.11421 14.6
    endloop
  endfacet
  facet normal 0.659362 -0.751826 0
    outer loop
      vertex -1.51752 1.28671 14.6
      vertex -1.71421 1.11421 5.6
      vertex -1.51752 1.28671 5.6
    endloop
  endfacet
  facet normal -0.442293 0.896871 0
    outer loop
      vertex 0.7 -2.03205 5.6
      vertex 0.465366 -2.14776 14.6
      vertex 0.7 -2.03205 14.6
    endloop
  endfacet
  facet normal -0.442293 0.896871 0
    outer loop
      vertex 0.465366 -2.14776 14.6
      vertex 0.7 -2.03205 5.6
      vertex 0.465366 -2.14776 5.6
    endloop
  endfacet
  facet normal -0.980784 0.195098 0
    outer loop
      vertex 1.63185 -0.817637 5.6
      vertex 1.68289 -0.561052 14.6
      vertex 1.68289 -0.561052 5.6
    endloop
  endfacet
  facet normal -0.980784 0.195098 0
    outer loop
      vertex 1.68289 -0.561052 14.6
      vertex 1.63185 -0.817637 5.6
      vertex 1.63185 -0.817637 14.6
    endloop
  endfacet
  facet normal -0.946961 -0.321348 0
    outer loop
      vertex 1.63185 33.5176 5.6
      vertex 1.54776 33.7654 14.6
      vertex 1.54776 33.7654 5.6
    endloop
  endfacet
  facet normal -0.946961 -0.321348 0
    outer loop
      vertex 1.54776 33.7654 14.6
      vertex 1.63185 33.5176 5.6
      vertex 1.63185 33.5176 14.6
    endloop
  endfacet
  facet normal -0.99786 -0.0653902 0
    outer loop
      vertex 1.7 33 5.6
      vertex 1.68289 33.2611 14.6
      vertex 1.68289 33.2611 5.6
    endloop
  endfacet
  facet normal -0.99786 -0.0653902 0
    outer loop
      vertex 1.68289 33.2611 14.6
      vertex 1.7 33 5.6
      vertex 1.7 33 14.6
    endloop
  endfacet
  facet normal 0.0653639 -0.997861 0
    outer loop
      vertex -0.561052 34.9829 5.6
      vertex -0.299999 35 14.6
      vertex -0.561052 34.9829 14.6
    endloop
  endfacet
  facet normal 0.0653639 -0.997861 0
    outer loop
      vertex -0.299999 35 14.6
      vertex -0.561052 34.9829 5.6
      vertex -0.299999 35 5.6
    endloop
  endfacet
  facet normal -0.659366 -0.751822 0
    outer loop
      vertex 0.917522 34.5867 5.6
      vertex 1.11421 34.4142 14.6
      vertex 0.917522 34.5867 14.6
    endloop
  endfacet
  facet normal -0.659366 -0.751822 -0
    outer loop
      vertex 1.11421 34.4142 14.6
      vertex 0.917522 34.5867 5.6
      vertex 1.11421 34.4142 5.6
    endloop
  endfacet
  facet normal 0.751842 -0.659343 0
    outer loop
      vertex -1.88671 34.2175 14.6
      vertex -1.71421 34.4142 5.6
      vertex -1.71421 34.4142 14.6
    endloop
  endfacet
  facet normal 0.751842 -0.659343 0
    outer loop
      vertex -1.71421 34.4142 5.6
      vertex -1.88671 34.2175 14.6
      vertex -1.88671 34.2175 5.6
    endloop
  endfacet
  facet normal 0.442575 -0.896731 0
    outer loop
      vertex -1.3 34.732 5.6
      vertex -1.06537 34.8478 14.6
      vertex -1.3 34.732 14.6
    endloop
  endfacet
  facet normal 0.442575 -0.896731 0
    outer loop
      vertex -1.06537 34.8478 14.6
      vertex -1.3 34.732 5.6
      vertex -1.06537 34.8478 5.6
    endloop
  endfacet
  facet normal 0.751842 0.659343 0
    outer loop
      vertex -1.71421 31.5858 14.6
      vertex -1.88671 31.7825 5.6
      vertex -1.88671 31.7825 14.6
    endloop
  endfacet
  facet normal 0.751842 0.659343 0
    outer loop
      vertex -1.88671 31.7825 5.6
      vertex -1.71421 31.5858 14.6
      vertex -1.71421 31.5858 5.6
    endloop
  endfacet
  facet normal -0.896845 -0.442344 0
    outer loop
      vertex 1.54776 33.7654 5.6
      vertex 1.43205 34 14.6
      vertex 1.43205 34 5.6
    endloop
  endfacet
  facet normal -0.896845 -0.442344 0
    outer loop
      vertex 1.43205 34 14.6
      vertex 1.54776 33.7654 5.6
      vertex 1.54776 33.7654 14.6
    endloop
  endfacet
  facet normal -0.321466 -0.946921 0
    outer loop
      vertex 0.217638 34.9319 5.6
      vertex 0.465366 34.8478 14.6
      vertex 0.217638 34.9319 14.6
    endloop
  endfacet
  facet normal -0.321466 -0.946921 -0
    outer loop
      vertex 0.465366 34.8478 14.6
      vertex 0.217638 34.9319 5.6
      vertex 0.465366 34.8478 5.6
    endloop
  endfacet
  facet normal -0.0653641 -0.997861 0
    outer loop
      vertex -0.299999 35 5.6
      vertex -0.0389471 34.9829 14.6
      vertex -0.299999 35 14.6
    endloop
  endfacet
  facet normal -0.0653641 -0.997861 -0
    outer loop
      vertex -0.0389471 34.9829 14.6
      vertex -0.299999 35 5.6
      vertex -0.0389471 34.9829 5.6
    endloop
  endfacet
  facet normal -0.555455 -0.831547 0
    outer loop
      vertex 0.7 34.732 5.6
      vertex 0.917522 34.5867 14.6
      vertex 0.7 34.732 14.6
    endloop
  endfacet
  facet normal -0.555455 -0.831547 -0
    outer loop
      vertex 0.917522 34.5867 14.6
      vertex 0.7 34.732 5.6
      vertex 0.917522 34.5867 5.6
    endloop
  endfacet
  facet normal 0.896845 -0.442344 0
    outer loop
      vertex -2.14776 33.7654 14.6
      vertex -2.03205 34 5.6
      vertex -2.03205 34 14.6
    endloop
  endfacet
  facet normal 0.896845 -0.442344 0
    outer loop
      vertex -2.03205 34 5.6
      vertex -2.14776 33.7654 14.6
      vertex -2.14776 33.7654 5.6
    endloop
  endfacet
  facet normal 0.83145 -0.5556 0
    outer loop
      vertex -2.03205 34 14.6
      vertex -1.88671 34.2175 5.6
      vertex -1.88671 34.2175 14.6
    endloop
  endfacet
  facet normal 0.83145 -0.5556 0
    outer loop
      vertex -1.88671 34.2175 5.6
      vertex -2.03205 34 14.6
      vertex -2.03205 34 5.6
    endloop
  endfacet
  facet normal 0.980771 -0.19516 0
    outer loop
      vertex -2.28289 33.2611 14.6
      vertex -2.23185 33.5176 5.6
      vertex -2.23185 33.5176 14.6
    endloop
  endfacet
  facet normal 0.980771 -0.19516 0
    outer loop
      vertex -2.23185 33.5176 5.6
      vertex -2.28289 33.2611 14.6
      vertex -2.28289 33.2611 5.6
    endloop
  endfacet
  facet normal 0.99786 0.0653902 0
    outer loop
      vertex -2.28289 32.7389 14.6
      vertex -2.3 33 5.6
      vertex -2.3 33 14.6
    endloop
  endfacet
  facet normal 0.99786 0.0653902 0
    outer loop
      vertex -2.3 33 5.6
      vertex -2.28289 32.7389 14.6
      vertex -2.28289 32.7389 5.6
    endloop
  endfacet
  facet normal 0.555459 -0.831544 0
    outer loop
      vertex -1.51752 34.5867 5.6
      vertex -1.3 34.732 14.6
      vertex -1.51752 34.5867 14.6
    endloop
  endfacet
  facet normal 0.555459 -0.831544 0
    outer loop
      vertex -1.3 34.732 14.6
      vertex -1.51752 34.5867 5.6
      vertex -1.3 34.732 5.6
    endloop
  endfacet
  facet normal 0.194951 -0.980813 0
    outer loop
      vertex -0.817637 34.9319 5.6
      vertex -0.561052 34.9829 14.6
      vertex -0.817637 34.9319 14.6
    endloop
  endfacet
  facet normal 0.194951 -0.980813 0
    outer loop
      vertex -0.561052 34.9829 14.6
      vertex -0.817637 34.9319 5.6
      vertex -0.561052 34.9829 5.6
    endloop
  endfacet
  facet normal -0.321466 0.946921 0
    outer loop
      vertex 0.465366 31.1522 5.6
      vertex 0.217638 31.0681 14.6
      vertex 0.465366 31.1522 14.6
    endloop
  endfacet
  facet normal -0.321466 0.946921 0
    outer loop
      vertex 0.217638 31.0681 14.6
      vertex 0.465366 31.1522 5.6
      vertex 0.217638 31.0681 5.6
    endloop
  endfacet
  facet normal -0.194951 0.980813 0
    outer loop
      vertex 0.217638 31.0681 5.6
      vertex -0.0389471 31.0171 14.6
      vertex 0.217638 31.0681 14.6
    endloop
  endfacet
  facet normal -0.194951 0.980813 0
    outer loop
      vertex -0.0389471 31.0171 14.6
      vertex 0.217638 31.0681 5.6
      vertex -0.0389471 31.0171 5.6
    endloop
  endfacet
  facet normal -0.751842 0.659343 0
    outer loop
      vertex 1.11421 31.5858 5.6
      vertex 1.28671 31.7825 14.6
      vertex 1.28671 31.7825 5.6
    endloop
  endfacet
  facet normal -0.751842 0.659343 0
    outer loop
      vertex 1.28671 31.7825 14.6
      vertex 1.11421 31.5858 5.6
      vertex 1.11421 31.5858 14.6
    endloop
  endfacet
  facet normal -0.555719 0.83137 0
    outer loop
      vertex 0.917522 31.4133 5.6
      vertex 0.7 31.2679 14.6
      vertex 0.917522 31.4133 14.6
    endloop
  endfacet
  facet normal -0.555719 0.83137 0
    outer loop
      vertex 0.7 31.2679 14.6
      vertex 0.917522 31.4133 5.6
      vertex 0.7 31.2679 5.6
    endloop
  endfacet
  facet normal -0.83145 0.5556 0
    outer loop
      vertex 1.28671 31.7825 5.6
      vertex 1.43205 32 14.6
      vertex 1.43205 32 5.6
    endloop
  endfacet
  facet normal -0.83145 0.5556 0
    outer loop
      vertex 1.43205 32 14.6
      vertex 1.28671 31.7825 5.6
      vertex 1.28671 31.7825 14.6
    endloop
  endfacet
  facet normal 0.194951 0.980813 -0
    outer loop
      vertex -0.561052 31.0171 5.6
      vertex -0.817637 31.0681 14.6
      vertex -0.561052 31.0171 14.6
    endloop
  endfacet
  facet normal 0.194951 0.980813 0
    outer loop
      vertex -0.817637 31.0681 14.6
      vertex -0.561052 31.0171 5.6
      vertex -0.817637 31.0681 5.6
    endloop
  endfacet
  facet normal 0.980771 0.19516 0
    outer loop
      vertex -2.23185 32.4824 14.6
      vertex -2.28289 32.7389 5.6
      vertex -2.28289 32.7389 14.6
    endloop
  endfacet
  facet normal 0.980771 0.19516 0
    outer loop
      vertex -2.28289 32.7389 5.6
      vertex -2.23185 32.4824 14.6
      vertex -2.23185 32.4824 5.6
    endloop
  endfacet
  facet normal 0.83145 0.5556 0
    outer loop
      vertex -1.88671 31.7825 14.6
      vertex -2.03205 32 5.6
      vertex -2.03205 32 14.6
    endloop
  endfacet
  facet normal 0.83145 0.5556 0
    outer loop
      vertex -2.03205 32 5.6
      vertex -1.88671 31.7825 14.6
      vertex -1.88671 31.7825 5.6
    endloop
  endfacet
  facet normal -0.83145 -0.5556 0
    outer loop
      vertex 1.43205 34 5.6
      vertex 1.28671 34.2175 14.6
      vertex 1.28671 34.2175 5.6
    endloop
  endfacet
  facet normal -0.83145 -0.5556 0
    outer loop
      vertex 1.28671 34.2175 14.6
      vertex 1.43205 34 5.6
      vertex 1.43205 34 14.6
    endloop
  endfacet
  facet normal -0.751842 -0.659343 0
    outer loop
      vertex 1.28671 34.2175 5.6
      vertex 1.11421 34.4142 14.6
      vertex 1.11421 34.4142 5.6
    endloop
  endfacet
  facet normal -0.751842 -0.659343 0
    outer loop
      vertex 1.11421 34.4142 14.6
      vertex 1.28671 34.2175 5.6
      vertex 1.28671 34.2175 14.6
    endloop
  endfacet
  facet normal 0 0 1
    outer loop
      vertex 1.68289 33.2611 5.6
      vertex 1.68289 32.7389 5.6
      vertex 1.7 33 5.6
    endloop
  endfacet
  facet normal 0 0 1
    outer loop
      vertex 1.63185 33.5176 5.6
      vertex 1.68289 32.7389 5.6
      vertex 1.68289 33.2611 5.6
    endloop
  endfacet
  facet normal 0 0 1
    outer loop
      vertex 1.63185 33.5176 5.6
      vertex 1.63185 32.4824 5.6
      vertex 1.68289 32.7389 5.6
    endloop
  endfacet
  facet normal 0 0 1
    outer loop
      vertex 1.54776 33.7654 5.6
      vertex 1.63185 32.4824 5.6
      vertex 1.63185 33.5176 5.6
    endloop
  endfacet
  facet normal 0 0 1
    outer loop
      vertex 1.54776 33.7654 5.6
      vertex 1.54776 32.2346 5.6
      vertex 1.63185 32.4824 5.6
    endloop
  endfacet
  facet normal 0 0 1
    outer loop
      vertex 1.43205 34 5.6
      vertex 1.54776 32.2346 5.6
      vertex 1.54776 33.7654 5.6
    endloop
  endfacet
  facet normal 0 0 1
    outer loop
      vertex 1.43205 34 5.6
      vertex 1.43205 32 5.6
      vertex 1.54776 32.2346 5.6
    endloop
  endfacet
  facet normal 0 0 1
    outer loop
      vertex 1.28671 34.2175 5.6
      vertex 1.43205 32 5.6
      vertex 1.43205 34 5.6
    endloop
  endfacet
  facet normal 0 0 1
    outer loop
      vertex 1.28671 34.2175 5.6
      vertex 1.28671 31.7825 5.6
      vertex 1.43205 32 5.6
    endloop
  endfacet
  facet normal 0 0 1
    outer loop
      vertex 1.11421 34.4142 5.6
      vertex 1.28671 31.7825 5.6
      vertex 1.28671 34.2175 5.6
    endloop
  endfacet
  facet normal 0 0 1
    outer loop
      vertex 1.11421 34.4142 5.6
      vertex 1.11421 31.5858 5.6
      vertex 1.28671 31.7825 5.6
    endloop
  endfacet
  facet normal 0 0 1
    outer loop
      vertex 0.917522 34.5867 5.6
      vertex 1.11421 31.5858 5.6
      vertex 1.11421 34.4142 5.6
    endloop
  endfacet
  facet normal 0 0 1
    outer loop
      vertex 0.917522 34.5867 5.6
      vertex 0.917522 31.4133 5.6
      vertex 1.11421 31.5858 5.6
    endloop
  endfacet
  facet normal 0 0 1
    outer loop
      vertex 0.7 34.732 5.6
      vertex 0.917522 31.4133 5.6
      vertex 0.917522 34.5867 5.6
    endloop
  endfacet
  facet normal 0 0 1
    outer loop
      vertex 0.7 34.732 5.6
      vertex 0.7 31.2679 5.6
      vertex 0.917522 31.4133 5.6
    endloop
  endfacet
  facet normal 0 0 1
    outer loop
      vertex 0.465366 34.8478 5.6
      vertex 0.7 31.2679 5.6
      vertex 0.7 34.732 5.6
    endloop
  endfacet
  facet normal 0 0 1
    outer loop
      vertex 0.465366 34.8478 5.6
      vertex 0.465366 31.1522 5.6
      vertex 0.7 31.2679 5.6
    endloop
  endfacet
  facet normal 0 0 1
    outer loop
      vertex 0.217638 34.9319 5.6
      vertex 0.465366 31.1522 5.6
      vertex 0.465366 34.8478 5.6
    endloop
  endfacet
  facet normal 0 0 1
    outer loop
      vertex 0.217638 34.9319 5.6
      vertex 0.217638 31.0681 5.6
      vertex 0.465366 31.1522 5.6
    endloop
  endfacet
  facet normal 0 0 1
    outer loop
      vertex -0.0389471 34.9829 5.6
      vertex 0.217638 31.0681 5.6
      vertex 0.217638 34.9319 5.6
    endloop
  endfacet
  facet normal 0 0 1
    outer loop
      vertex -0.0389471 34.9829 5.6
      vertex -0.0389471 31.0171 5.6
      vertex 0.217638 31.0681 5.6
    endloop
  endfacet
  facet normal 0 0 1
    outer loop
      vertex -0.299999 35 5.6
      vertex -0.0389471 31.0171 5.6
      vertex -0.0389471 34.9829 5.6
    endloop
  endfacet
  facet normal 0 0 1
    outer loop
      vertex -0.299999 35 5.6
      vertex -0.299999 31 5.6
      vertex -0.0389471 31.0171 5.6
    endloop
  endfacet
  facet normal -0 0 1
    outer loop
      vertex -0.561052 34.9829 5.6
      vertex -0.299999 31 5.6
      vertex -0.299999 35 5.6
    endloop
  endfacet
  facet normal 0 0 1
    outer loop
      vertex -0.561052 34.9829 5.6
      vertex -0.561052 31.0171 5.6
      vertex -0.299999 31 5.6
    endloop
  endfacet
  facet normal -0 0 1
    outer loop
      vertex -0.817637 34.9319 5.6
      vertex -0.561052 31.0171 5.6
      vertex -0.561052 34.9829 5.6
    endloop
  endfacet
  facet normal 0 0 1
    outer loop
      vertex -0.817637 34.9319 5.6
      vertex -0.817637 31.0681 5.6
      vertex -0.561052 31.0171 5.6
    endloop
  endfacet
  facet normal -0 0 1
    outer loop
      vertex -1.06537 34.8478 5.6
      vertex -0.817637 31.0681 5.6
      vertex -0.817637 34.9319 5.6
    endloop
  endfacet
  facet normal 0 0 1
    outer loop
      vertex -1.06537 34.8478 5.6
      vertex -1.06537 31.1522 5.6
      vertex -0.817637 31.0681 5.6
    endloop
  endfacet
  facet normal -0 0 1
    outer loop
      vertex -1.3 34.732 5.6
      vertex -1.06537 31.1522 5.6
      vertex -1.06537 34.8478 5.6
    endloop
  endfacet
  facet normal 0 0 1
    outer loop
      vertex -1.3 34.732 5.6
      vertex -1.3 31.2679 5.6
      vertex -1.06537 31.1522 5.6
    endloop
  endfacet
  facet normal -0 0 1
    outer loop
      vertex -1.51752 34.5867 5.6
      vertex -1.3 31.2679 5.6
      vertex -1.3 34.732 5.6
    endloop
  endfacet
  facet normal 0 0 1
    outer loop
      vertex -1.51752 34.5867 5.6
      vertex -1.51752 31.4133 5.6
      vertex -1.3 31.2679 5.6
    endloop
  endfacet
  facet normal -0 0 1
    outer loop
      vertex -1.71421 34.4142 5.6
      vertex -1.51752 31.4133 5.6
      vertex -1.51752 34.5867 5.6
    endloop
  endfacet
  facet normal 0 0 1
    outer loop
      vertex -1.71421 34.4142 5.6
      vertex -1.71421 31.5858 5.6
      vertex -1.51752 31.4133 5.6
    endloop
  endfacet
  facet normal -0 0 1
    outer loop
      vertex -1.88671 34.2175 5.6
      vertex -1.71421 31.5858 5.6
      vertex -1.71421 34.4142 5.6
    endloop
  endfacet
  facet normal 0 0 1
    outer loop
      vertex -1.88671 34.2175 5.6
      vertex -1.88671 31.7825 5.6
      vertex -1.71421 31.5858 5.6
    endloop
  endfacet
  facet normal -0 0 1
    outer loop
      vertex -2.03205 34 5.6
      vertex -1.88671 31.7825 5.6
      vertex -1.88671 34.2175 5.6
    endloop
  endfacet
  facet normal 0 0 1
    outer loop
      vertex -2.03205 34 5.6
      vertex -2.03205 32 5.6
      vertex -1.88671 31.7825 5.6
    endloop
  endfacet
  facet normal -0 0 1
    outer loop
      vertex -2.14776 33.7654 5.6
      vertex -2.03205 32 5.6
      vertex -2.03205 34 5.6
    endloop
  endfacet
  facet normal 0 0 1
    outer loop
      vertex -2.14776 33.7654 5.6
      vertex -2.14776 32.2346 5.6
      vertex -2.03205 32 5.6
    endloop
  endfacet
  facet normal -0 0 1
    outer loop
      vertex -2.23185 33.5176 5.6
      vertex -2.14776 32.2346 5.6
      vertex -2.14776 33.7654 5.6
    endloop
  endfacet
  facet normal 0 0 1
    outer loop
      vertex -2.23185 33.5176 5.6
      vertex -2.23185 32.4824 5.6
      vertex -2.14776 32.2346 5.6
    endloop
  endfacet
  facet normal -0 0 1
    outer loop
      vertex -2.28289 33.2611 5.6
      vertex -2.23185 32.4824 5.6
      vertex -2.23185 33.5176 5.6
    endloop
  endfacet
  facet normal 0 0 1
    outer loop
      vertex -2.28289 33.2611 5.6
      vertex -2.28289 32.7389 5.6
      vertex -2.23185 32.4824 5.6
    endloop
  endfacet
  facet normal 0 -0 1
    outer loop
      vertex -2.28289 32.7389 5.6
      vertex -2.28289 33.2611 5.6
      vertex -2.3 33 5.6
    endloop
  endfacet
  facet normal 0.946961 -0.321348 0
    outer loop
      vertex -2.23185 33.5176 14.6
      vertex -2.14776 33.7654 5.6
      vertex -2.14776 33.7654 14.6
    endloop
  endfacet
  facet normal 0.946961 -0.321348 0
    outer loop
      vertex -2.14776 33.7654 5.6
      vertex -2.23185 33.5176 14.6
      vertex -2.23185 33.5176 5.6
    endloop
  endfacet
  facet normal -0.659366 0.751822 0
    outer loop
      vertex 1.11421 31.5858 5.6
      vertex 0.917522 31.4133 14.6
      vertex 1.11421 31.5858 14.6
    endloop
  endfacet
  facet normal -0.659366 0.751822 0
    outer loop
      vertex 0.917522 31.4133 14.6
      vertex 1.11421 31.5858 5.6
      vertex 0.917522 31.4133 5.6
    endloop
  endfacet
  facet normal -0.946961 0.321348 0
    outer loop
      vertex 1.54776 32.2346 5.6
      vertex 1.63185 32.4824 14.6
      vertex 1.63185 32.4824 5.6
    endloop
  endfacet
  facet normal -0.946961 0.321348 0
    outer loop
      vertex 1.63185 32.4824 14.6
      vertex 1.54776 32.2346 5.6
      vertex 1.54776 32.2346 14.6
    endloop
  endfacet
  facet normal -0.99786 0.0653902 0
    outer loop
      vertex 1.68289 32.7389 5.6
      vertex 1.7 33 14.6
      vertex 1.7 33 5.6
    endloop
  endfacet
  facet normal -0.99786 0.0653902 0
    outer loop
      vertex 1.7 33 14.6
      vertex 1.68289 32.7389 5.6
      vertex 1.68289 32.7389 14.6
    endloop
  endfacet
  facet normal -0.896845 0.442344 0
    outer loop
      vertex 1.43205 32 5.6
      vertex 1.54776 32.2346 14.6
      vertex 1.54776 32.2346 5.6
    endloop
  endfacet
  facet normal -0.896845 0.442344 0
    outer loop
      vertex 1.54776 32.2346 14.6
      vertex 1.43205 32 5.6
      vertex 1.43205 32 14.6
    endloop
  endfacet
  facet normal 0.0653639 0.997861 -0
    outer loop
      vertex -0.299999 31 5.6
      vertex -0.561052 31.0171 14.6
      vertex -0.299999 31 14.6
    endloop
  endfacet
  facet normal 0.0653639 0.997861 0
    outer loop
      vertex -0.561052 31.0171 14.6
      vertex -0.299999 31 5.6
      vertex -0.561052 31.0171 5.6
    endloop
  endfacet
  facet normal 0.442268 0.896883 -0
    outer loop
      vertex -1.06537 31.1522 5.6
      vertex -1.3 31.2679 14.6
      vertex -1.06537 31.1522 14.6
    endloop
  endfacet
  facet normal 0.442268 0.896883 0
    outer loop
      vertex -1.3 31.2679 14.6
      vertex -1.06537 31.1522 5.6
      vertex -1.3 31.2679 5.6
    endloop
  endfacet
  facet normal 0.555723 0.831368 -0
    outer loop
      vertex -1.3 31.2679 5.6
      vertex -1.51752 31.4133 14.6
      vertex -1.3 31.2679 14.6
    endloop
  endfacet
  facet normal 0.555723 0.831368 0
    outer loop
      vertex -1.51752 31.4133 14.6
      vertex -1.3 31.2679 5.6
      vertex -1.51752 31.4133 5.6
    endloop
  endfacet
  facet normal 0.32146 0.946923 -0
    outer loop
      vertex -0.817637 31.0681 5.6
      vertex -1.06537 31.1522 14.6
      vertex -0.817637 31.0681 14.6
    endloop
  endfacet
  facet normal 0.32146 0.946923 0
    outer loop
      vertex -1.06537 31.1522 14.6
      vertex -0.817637 31.0681 5.6
      vertex -1.06537 31.1522 5.6
    endloop
  endfacet
  facet normal -0.0653641 0.997861 0
    outer loop
      vertex -0.0389471 31.0171 5.6
      vertex -0.299999 31 14.6
      vertex -0.0389471 31.0171 14.6
    endloop
  endfacet
  facet normal -0.0653641 0.997861 0
    outer loop
      vertex -0.299999 31 14.6
      vertex -0.0389471 31.0171 5.6
      vertex -0.299999 31 5.6
    endloop
  endfacet
  facet normal 0.659362 0.751826 -0
    outer loop
      vertex -1.51752 31.4133 5.6
      vertex -1.71421 31.5858 14.6
      vertex -1.51752 31.4133 14.6
    endloop
  endfacet
  facet normal 0.659362 0.751826 0
    outer loop
      vertex -1.71421 31.5858 14.6
      vertex -1.51752 31.4133 5.6
      vertex -1.71421 31.5858 5.6
    endloop
  endfacet
  facet normal 0.946961 0.321348 0
    outer loop
      vertex -2.14776 32.2346 14.6
      vertex -2.23185 32.4824 5.6
      vertex -2.23185 32.4824 14.6
    endloop
  endfacet
  facet normal 0.946961 0.321348 0
    outer loop
      vertex -2.23185 32.4824 5.6
      vertex -2.14776 32.2346 14.6
      vertex -2.14776 32.2346 5.6
    endloop
  endfacet
  facet normal 0.896845 0.442344 0
    outer loop
      vertex -2.03205 32 14.6
      vertex -2.14776 32.2346 5.6
      vertex -2.14776 32.2346 14.6
    endloop
  endfacet
  facet normal 0.896845 0.442344 0
    outer loop
      vertex -2.14776 32.2346 5.6
      vertex -2.03205 32 14.6
      vertex -2.03205 32 5.6
    endloop
  endfacet
  facet normal -0.980771 -0.19516 0
    outer loop
      vertex 1.68289 33.2611 5.6
      vertex 1.63185 33.5176 14.6
      vertex 1.63185 33.5176 5.6
    endloop
  endfacet
  facet normal -0.980771 -0.19516 0
    outer loop
      vertex 1.63185 33.5176 14.6
      vertex 1.68289 33.2611 5.6
      vertex 1.68289 33.2611 14.6
    endloop
  endfacet
  facet normal -0.194951 -0.980813 0
    outer loop
      vertex -0.0389471 34.9829 5.6
      vertex 0.217638 34.9319 14.6
      vertex -0.0389471 34.9829 14.6
    endloop
  endfacet
  facet normal -0.194951 -0.980813 -0
    outer loop
      vertex 0.217638 34.9319 14.6
      vertex -0.0389471 34.9829 5.6
      vertex 0.217638 34.9319 5.6
    endloop
  endfacet
  facet normal -0.442569 -0.896734 0
    outer loop
      vertex 0.465366 34.8478 5.6
      vertex 0.7 34.732 14.6
      vertex 0.465366 34.8478 14.6
    endloop
  endfacet
  facet normal -0.442569 -0.896734 -0
    outer loop
      vertex 0.7 34.732 14.6
      vertex 0.465366 34.8478 5.6
      vertex 0.7 34.732 5.6
    endloop
  endfacet
  facet normal 0.99786 -0.0653902 0
    outer loop
      vertex -2.3 33 14.6
      vertex -2.28289 33.2611 5.6
      vertex -2.28289 33.2611 14.6
    endloop
  endfacet
  facet normal 0.99786 -0.0653902 0
    outer loop
      vertex -2.28289 33.2611 5.6
      vertex -2.3 33 14.6
      vertex -2.3 33 5.6
    endloop
  endfacet
  facet normal 0.659362 -0.751826 0
    outer loop
      vertex -1.71421 34.4142 5.6
      vertex -1.51752 34.5867 14.6
      vertex -1.71421 34.4142 14.6
    endloop
  endfacet
  facet normal 0.659362 -0.751826 0
    outer loop
      vertex -1.51752 34.5867 14.6
      vertex -1.71421 34.4142 5.6
      vertex -1.51752 34.5867 5.6
    endloop
  endfacet
  facet normal 0.32146 -0.946923 0
    outer loop
      vertex -1.06537 34.8478 5.6
      vertex -0.817637 34.9319 14.6
      vertex -1.06537 34.8478 14.6
    endloop
  endfacet
  facet normal 0.32146 -0.946923 0
    outer loop
      vertex -0.817637 34.9319 14.6
      vertex -1.06537 34.8478 5.6
      vertex -0.817637 34.9319 5.6
    endloop
  endfacet
  facet normal -0.442262 0.896886 0
    outer loop
      vertex 0.7 31.2679 5.6
      vertex 0.465366 31.1522 14.6
      vertex 0.7 31.2679 14.6
    endloop
  endfacet
  facet normal -0.442262 0.896886 0
    outer loop
      vertex 0.465366 31.1522 14.6
      vertex 0.7 31.2679 5.6
      vertex 0.465366 31.1522 5.6
    endloop
  endfacet
  facet normal -0.980771 0.19516 0
    outer loop
      vertex 1.63185 32.4824 5.6
      vertex 1.68289 32.7389 14.6
      vertex 1.68289 32.7389 5.6
    endloop
  endfacet
  facet normal -0.980771 0.19516 0
    outer loop
      vertex 1.68289 32.7389 14.6
      vertex 1.63185 32.4824 5.6
      vertex 1.63185 32.4824 14.6
    endloop
  endfacet
  facet normal -0.5556 -0.83145 0
    outer loop
      vertex 79.9 7.23205 5.6
      vertex 80.1175 7.08671 14.6
      vertex 79.9 7.23205 14.6
    endloop
  endfacet
  facet normal -0.5556 -0.83145 -0
    outer loop
      vertex 80.1175 7.08671 14.6
      vertex 79.9 7.23205 5.6
      vertex 80.1175 7.08671 5.6
    endloop
  endfacet
  facet normal -0.980741 0.195315 0
    outer loop
      vertex 80.8318 4.98236 5.6
      vertex 80.8829 5.23895 14.6
      vertex 80.8829 5.23895 5.6
    endloop
  endfacet
  facet normal -0.980741 0.195315 0
    outer loop
      vertex 80.8829 5.23895 14.6
      vertex 80.8318 4.98236 5.6
      vertex 80.8318 4.98236 14.6
    endloop
  endfacet
  facet normal 0.19516 0.980771 -0
    outer loop
      vertex 78.6389 3.51711 5.6
      vertex 78.3824 3.56815 14.6
      vertex 78.6389 3.51711 14.6
    endloop
  endfacet
  facet normal 0.19516 0.980771 0
    outer loop
      vertex 78.3824 3.56815 14.6
      vertex 78.6389 3.51711 5.6
      vertex 78.3824 3.56815 5.6
    endloop
  endfacet
  facet normal 0.442344 -0.896845 0
    outer loop
      vertex 77.9 7.23205 5.6
      vertex 78.1346 7.34776 14.6
      vertex 77.9 7.23205 14.6
    endloop
  endfacet
  facet normal 0.442344 -0.896845 0
    outer loop
      vertex 78.1346 7.34776 14.6
      vertex 77.9 7.23205 5.6
      vertex 78.1346 7.34776 5.6
    endloop
  endfacet
  facet normal 0.946922 -0.321463 0
    outer loop
      vertex 76.9681 6.01764 14.6
      vertex 77.0522 6.26537 5.6
      vertex 77.0522 6.26537 14.6
    endloop
  endfacet
  facet normal 0.946922 -0.321463 0
    outer loop
      vertex 77.0522 6.26537 5.6
      vertex 76.9681 6.01764 14.6
      vertex 76.9681 6.01764 5.6
    endloop
  endfacet
  facet normal 0.321348 0.946961 -0
    outer loop
      vertex 78.3824 3.56815 5.6
      vertex 78.1346 3.65224 14.6
      vertex 78.3824 3.56815 14.6
    endloop
  endfacet
  facet normal 0.321348 0.946961 0
    outer loop
      vertex 78.1346 3.65224 14.6
      vertex 78.3824 3.56815 5.6
      vertex 78.1346 3.65224 5.6
    endloop
  endfacet
  facet normal -0.896731 -0.442575 0
    outer loop
      vertex 80.7478 6.26537 5.6
      vertex 80.632 6.5 14.6
      vertex 80.632 6.5 5.6
    endloop
  endfacet
  facet normal -0.896731 -0.442575 0
    outer loop
      vertex 80.632 6.5 14.6
      vertex 80.7478 6.26537 5.6
      vertex 80.7478 6.26537 14.6
    endloop
  endfacet
  facet normal -0.831544 -0.555459 0
    outer loop
      vertex 80.632 6.5 5.6
      vertex 80.4867 6.71752 14.6
      vertex 80.4867 6.71752 5.6
    endloop
  endfacet
  facet normal -0.831544 -0.555459 0
    outer loop
      vertex 80.4867 6.71752 14.6
      vertex 80.632 6.5 5.6
      vertex 80.632 6.5 14.6
    endloop
  endfacet
  facet normal -0.659343 -0.751842 0
    outer loop
      vertex 80.1175 7.08671 5.6
      vertex 80.3142 6.91421 14.6
      vertex 80.1175 7.08671 14.6
    endloop
  endfacet
  facet normal -0.659343 -0.751842 -0
    outer loop
      vertex 80.3142 6.91421 14.6
      vertex 80.1175 7.08671 5.6
      vertex 80.3142 6.91421 5.6
    endloop
  endfacet
  facet normal -0.321348 -0.946961 0
    outer loop
      vertex 79.4176 7.43185 5.6
      vertex 79.6654 7.34776 14.6
      vertex 79.4176 7.43185 14.6
    endloop
  endfacet
  facet normal -0.321348 -0.946961 -0
    outer loop
      vertex 79.6654 7.34776 14.6
      vertex 79.4176 7.43185 5.6
      vertex 79.6654 7.34776 5.6
    endloop
  endfacet
  facet normal 0.0653902 -0.99786 0
    outer loop
      vertex 78.6389 7.48289 5.6
      vertex 78.9 7.5 14.6
      vertex 78.6389 7.48289 14.6
    endloop
  endfacet
  facet normal 0.0653902 -0.99786 0
    outer loop
      vertex 78.9 7.5 14.6
      vertex 78.6389 7.48289 5.6
      vertex 78.9 7.5 5.6
    endloop
  endfacet
  facet normal 0 0 1
    outer loop
      vertex 80.8829 5.76105 5.6
      vertex 80.8829 5.23895 5.6
      vertex 80.9 5.5 5.6
    endloop
  endfacet
  facet normal 0 0 1
    outer loop
      vertex 80.8318 6.01764 5.6
      vertex 80.8829 5.23895 5.6
      vertex 80.8829 5.76105 5.6
    endloop
  endfacet
  facet normal 0 0 1
    outer loop
      vertex 80.8318 6.01764 5.6
      vertex 80.8318 4.98236 5.6
      vertex 80.8829 5.23895 5.6
    endloop
  endfacet
  facet normal 0 0 1
    outer loop
      vertex 80.7478 6.26537 5.6
      vertex 80.8318 4.98236 5.6
      vertex 80.8318 6.01764 5.6
    endloop
  endfacet
  facet normal 0 0 1
    outer loop
      vertex 80.7478 6.26537 5.6
      vertex 80.7478 4.73463 5.6
      vertex 80.8318 4.98236 5.6
    endloop
  endfacet
  facet normal 0 0 1
    outer loop
      vertex 80.632 6.5 5.6
      vertex 80.7478 4.73463 5.6
      vertex 80.7478 6.26537 5.6
    endloop
  endfacet
  facet normal 0 0 1
    outer loop
      vertex 80.632 6.5 5.6
      vertex 80.632 4.5 5.6
      vertex 80.7478 4.73463 5.6
    endloop
  endfacet
  facet normal 0 0 1
    outer loop
      vertex 80.4867 6.71752 5.6
      vertex 80.632 4.5 5.6
      vertex 80.632 6.5 5.6
    endloop
  endfacet
  facet normal 0 0 1
    outer loop
      vertex 80.4867 6.71752 5.6
      vertex 80.4867 4.28248 5.6
      vertex 80.632 4.5 5.6
    endloop
  endfacet
  facet normal 0 0 1
    outer loop
      vertex 80.3142 6.91421 5.6
      vertex 80.4867 4.28248 5.6
      vertex 80.4867 6.71752 5.6
    endloop
  endfacet
  facet normal 0 0 1
    outer loop
      vertex 80.3142 6.91421 5.6
      vertex 80.3142 4.08579 5.6
      vertex 80.4867 4.28248 5.6
    endloop
  endfacet
  facet normal 0 0 1
    outer loop
      vertex 80.1175 7.08671 5.6
      vertex 80.3142 4.08579 5.6
      vertex 80.3142 6.91421 5.6
    endloop
  endfacet
  facet normal 0 0 1
    outer loop
      vertex 80.1175 7.08671 5.6
      vertex 80.1175 3.91329 5.6
      vertex 80.3142 4.08579 5.6
    endloop
  endfacet
  facet normal 0 0 1
    outer loop
      vertex 79.9 7.23205 5.6
      vertex 80.1175 3.91329 5.6
      vertex 80.1175 7.08671 5.6
    endloop
  endfacet
  facet normal 0 0 1
    outer loop
      vertex 79.9 7.23205 5.6
      vertex 79.9 3.76795 5.6
      vertex 80.1175 3.91329 5.6
    endloop
  endfacet
  facet normal 0 0 1
    outer loop
      vertex 79.6654 7.34776 5.6
      vertex 79.9 3.76795 5.6
      vertex 79.9 7.23205 5.6
    endloop
  endfacet
  facet normal 0 0 1
    outer loop
      vertex 79.6654 7.34776 5.6
      vertex 79.6654 3.65224 5.6
      vertex 79.9 3.76795 5.6
    endloop
  endfacet
  facet normal 0 0 1
    outer loop
      vertex 79.4176 7.43185 5.6
      vertex 79.6654 3.65224 5.6
      vertex 79.6654 7.34776 5.6
    endloop
  endfacet
  facet normal 0 0 1
    outer loop
      vertex 79.4176 7.43185 5.6
      vertex 79.4176 3.56815 5.6
      vertex 79.6654 3.65224 5.6
    endloop
  endfacet
  facet normal 0 0 1
    outer loop
      vertex 79.161 7.48289 5.6
      vertex 79.4176 3.56815 5.6
      vertex 79.4176 7.43185 5.6
    endloop
  endfacet
  facet normal 0 0 1
    outer loop
      vertex 79.161 7.48289 5.6
      vertex 79.161 3.51711 5.6
      vertex 79.4176 3.56815 5.6
    endloop
  endfacet
  facet normal 0 0 1
    outer loop
      vertex 78.9 7.5 5.6
      vertex 79.161 3.51711 5.6
      vertex 79.161 7.48289 5.6
    endloop
  endfacet
  facet normal 0 0 1
    outer loop
      vertex 78.9 7.5 5.6
      vertex 78.9 3.5 5.6
      vertex 79.161 3.51711 5.6
    endloop
  endfacet
  facet normal -0 0 1
    outer loop
      vertex 78.6389 7.48289 5.6
      vertex 78.9 3.5 5.6
      vertex 78.9 7.5 5.6
    endloop
  endfacet
  facet normal 0 0 1
    outer loop
      vertex 78.6389 7.48289 5.6
      vertex 78.6389 3.51711 5.6
      vertex 78.9 3.5 5.6
    endloop
  endfacet
  facet normal -0 0 1
    outer loop
      vertex 78.3824 7.43185 5.6
      vertex 78.6389 3.51711 5.6
      vertex 78.6389 7.48289 5.6
    endloop
  endfacet
  facet normal 0 0 1
    outer loop
      vertex 78.3824 7.43185 5.6
      vertex 78.3824 3.56815 5.6
      vertex 78.6389 3.51711 5.6
    endloop
  endfacet
  facet normal -0 0 1
    outer loop
      vertex 78.1346 7.34776 5.6
      vertex 78.3824 3.56815 5.6
      vertex 78.3824 7.43185 5.6
    endloop
  endfacet
  facet normal 0 0 1
    outer loop
      vertex 78.1346 7.34776 5.6
      vertex 78.1346 3.65224 5.6
      vertex 78.3824 3.56815 5.6
    endloop
  endfacet
  facet normal -0 0 1
    outer loop
      vertex 77.9 7.23205 5.6
      vertex 78.1346 3.65224 5.6
      vertex 78.1346 7.34776 5.6
    endloop
  endfacet
  facet normal 0 0 1
    outer loop
      vertex 77.9 7.23205 5.6
      vertex 77.9 3.76795 5.6
      vertex 78.1346 3.65224 5.6
    endloop
  endfacet
  facet normal -0 0 1
    outer loop
      vertex 77.6825 7.08671 5.6
      vertex 77.9 3.76795 5.6
      vertex 77.9 7.23205 5.6
    endloop
  endfacet
  facet normal 0 0 1
    outer loop
      vertex 77.6825 7.08671 5.6
      vertex 77.6825 3.91329 5.6
      vertex 77.9 3.76795 5.6
    endloop
  endfacet
  facet normal -0 0 1
    outer loop
      vertex 77.4858 6.91421 5.6
      vertex 77.6825 3.91329 5.6
      vertex 77.6825 7.08671 5.6
    endloop
  endfacet
  facet normal 0 0 1
    outer loop
      vertex 77.4858 6.91421 5.6
      vertex 77.4858 4.08579 5.6
      vertex 77.6825 3.91329 5.6
    endloop
  endfacet
  facet normal -0 0 1
    outer loop
      vertex 77.3133 6.71752 5.6
      vertex 77.4858 4.08579 5.6
      vertex 77.4858 6.91421 5.6
    endloop
  endfacet
  facet normal 0 0 1
    outer loop
      vertex 77.3133 6.71752 5.6
      vertex 77.3133 4.28248 5.6
      vertex 77.4858 4.08579 5.6
    endloop
  endfacet
  facet normal -0 0 1
    outer loop
      vertex 77.1679 6.5 5.6
      vertex 77.3133 4.28248 5.6
      vertex 77.3133 6.71752 5.6
    endloop
  endfacet
  facet normal 0 0 1
    outer loop
      vertex 77.1679 6.5 5.6
      vertex 77.1679 4.5 5.6
      vertex 77.3133 4.28248 5.6
    endloop
  endfacet
  facet normal -0 0 1
    outer loop
      vertex 77.0522 6.26537 5.6
      vertex 77.1679 4.5 5.6
      vertex 77.1679 6.5 5.6
    endloop
  endfacet
  facet normal 0 0 1
    outer loop
      vertex 77.0522 6.26537 5.6
      vertex 77.0522 4.73463 5.6
      vertex 77.1679 4.5 5.6
    endloop
  endfacet
  facet normal -0 0 1
    outer loop
      vertex 76.9681 6.01764 5.6
      vertex 77.0522 4.73463 5.6
      vertex 77.0522 6.26537 5.6
    endloop
  endfacet
  facet normal 0 0 1
    outer loop
      vertex 76.9681 6.01764 5.6
      vertex 76.9681 4.98236 5.6
      vertex 77.0522 4.73463 5.6
    endloop
  endfacet
  facet normal -0 0 1
    outer loop
      vertex 76.9171 5.76105 5.6
      vertex 76.9681 4.98236 5.6
      vertex 76.9681 6.01764 5.6
    endloop
  endfacet
  facet normal 0 0 1
    outer loop
      vertex 76.9171 5.76105 5.6
      vertex 76.9171 5.23895 5.6
      vertex 76.9681 4.98236 5.6
    endloop
  endfacet
  facet normal 0 -0 1
    outer loop
      vertex 76.9171 5.23895 5.6
      vertex 76.9171 5.76105 5.6
      vertex 76.9 5.5 5.6
    endloop
  endfacet
  facet normal 0.831368 -0.555723 0
    outer loop
      vertex 77.1679 6.5 14.6
      vertex 77.3133 6.71752 5.6
      vertex 77.3133 6.71752 14.6
    endloop
  endfacet
  facet normal 0.831368 -0.555723 0
    outer loop
      vertex 77.3133 6.71752 5.6
      vertex 77.1679 6.5 14.6
      vertex 77.1679 6.5 5.6
    endloop
  endfacet
  facet normal 0.19516 -0.980771 0
    outer loop
      vertex 78.3824 7.43185 5.6
      vertex 78.6389 7.48289 14.6
      vertex 78.3824 7.43185 14.6
    endloop
  endfacet
  facet normal 0.19516 -0.980771 0
    outer loop
      vertex 78.6389 7.48289 14.6
      vertex 78.3824 7.43185 5.6
      vertex 78.6389 7.48289 5.6
    endloop
  endfacet
  facet normal 0.751826 -0.659362 0
    outer loop
      vertex 77.3133 6.71752 14.6
      vertex 77.4858 6.91421 5.6
      vertex 77.4858 6.91421 14.6
    endloop
  endfacet
  facet normal 0.751826 -0.659362 0
    outer loop
      vertex 77.4858 6.91421 5.6
      vertex 77.3133 6.71752 14.6
      vertex 77.3133 6.71752 5.6
    endloop
  endfacet
  facet normal -0.997861 -0.0653646 0
    outer loop
      vertex 80.9 5.5 5.6
      vertex 80.8829 5.76105 14.6
      vertex 80.8829 5.76105 5.6
    endloop
  endfacet
  facet normal -0.997861 -0.0653646 0
    outer loop
      vertex 80.8829 5.76105 14.6
      vertex 80.9 5.5 5.6
      vertex 80.9 5.5 14.6
    endloop
  endfacet
  facet normal -0.195087 0.980786 0
    outer loop
      vertex 79.4176 3.56815 5.6
      vertex 79.161 3.51711 14.6
      vertex 79.4176 3.56815 14.6
    endloop
  endfacet
  facet normal -0.195087 0.980786 0
    outer loop
      vertex 79.161 3.51711 14.6
      vertex 79.4176 3.56815 5.6
      vertex 79.161 3.51711 5.6
    endloop
  endfacet
  facet normal -0.831544 0.555459 0
    outer loop
      vertex 80.4867 4.28248 5.6
      vertex 80.632 4.5 14.6
      vertex 80.632 4.5 5.6
    endloop
  endfacet
  facet normal -0.831544 0.555459 0
    outer loop
      vertex 80.632 4.5 14.6
      vertex 80.4867 4.28248 5.6
      vertex 80.4867 4.28248 14.6
    endloop
  endfacet
  facet normal -0.947038 0.321121 0
    outer loop
      vertex 80.7478 4.73463 5.6
      vertex 80.8318 4.98236 14.6
      vertex 80.8318 4.98236 5.6
    endloop
  endfacet
  facet normal -0.947038 0.321121 0
    outer loop
      vertex 80.8318 4.98236 14.6
      vertex 80.7478 4.73463 5.6
      vertex 80.7478 4.73463 14.6
    endloop
  endfacet
  facet normal -0.442344 0.896845 0
    outer loop
      vertex 79.9 3.76795 5.6
      vertex 79.6654 3.65224 14.6
      vertex 79.9 3.76795 14.6
    endloop
  endfacet
  facet normal -0.442344 0.896845 0
    outer loop
      vertex 79.6654 3.65224 14.6
      vertex 79.9 3.76795 5.6
      vertex 79.6654 3.65224 5.6
    endloop
  endfacet
  facet normal -0.5556 0.83145 0
    outer loop
      vertex 80.1175 3.91329 5.6
      vertex 79.9 3.76795 14.6
      vertex 80.1175 3.91329 14.6
    endloop
  endfacet
  facet normal -0.5556 0.83145 0
    outer loop
      vertex 79.9 3.76795 14.6
      vertex 80.1175 3.91329 5.6
      vertex 79.9 3.76795 5.6
    endloop
  endfacet
  facet normal 0.0653902 0.99786 -0
    outer loop
      vertex 78.9 3.5 5.6
      vertex 78.6389 3.51711 14.6
      vertex 78.9 3.5 14.6
    endloop
  endfacet
  facet normal 0.0653902 0.99786 0
    outer loop
      vertex 78.6389 3.51711 14.6
      vertex 78.9 3.5 5.6
      vertex 78.6389 3.51711 5.6
    endloop
  endfacet
  facet normal 0.5556 0.83145 -0
    outer loop
      vertex 77.9 3.76795 5.6
      vertex 77.6825 3.91329 14.6
      vertex 77.9 3.76795 14.6
    endloop
  endfacet
  facet normal 0.5556 0.83145 0
    outer loop
      vertex 77.6825 3.91329 14.6
      vertex 77.9 3.76795 5.6
      vertex 77.6825 3.91329 5.6
    endloop
  endfacet
  facet normal 0.831368 0.555723 0
    outer loop
      vertex 77.3133 4.28248 14.6
      vertex 77.1679 4.5 5.6
      vertex 77.1679 4.5 14.6
    endloop
  endfacet
  facet normal 0.831368 0.555723 0
    outer loop
      vertex 77.1679 4.5 5.6
      vertex 77.3133 4.28248 14.6
      vertex 77.3133 4.28248 5.6
    endloop
  endfacet
  facet normal 0.946922 0.321463 0
    outer loop
      vertex 77.0522 4.73463 14.6
      vertex 76.9681 4.98236 5.6
      vertex 76.9681 4.98236 14.6
    endloop
  endfacet
  facet normal 0.946922 0.321463 0
    outer loop
      vertex 76.9681 4.98236 5.6
      vertex 77.0522 4.73463 14.6
      vertex 77.0522 4.73463 5.6
    endloop
  endfacet
  facet normal -0.980741 -0.195315 0
    outer loop
      vertex 80.8829 5.76105 5.6
      vertex 80.8318 6.01764 14.6
      vertex 80.8318 6.01764 5.6
    endloop
  endfacet
  facet normal -0.980741 -0.195315 0
    outer loop
      vertex 80.8318 6.01764 14.6
      vertex 80.8829 5.76105 5.6
      vertex 80.8829 5.76105 14.6
    endloop
  endfacet
  facet normal -0.947038 -0.321121 0
    outer loop
      vertex 80.8318 6.01764 5.6
      vertex 80.7478 6.26537 14.6
      vertex 80.7478 6.26537 5.6
    endloop
  endfacet
  facet normal -0.947038 -0.321121 0
    outer loop
      vertex 80.7478 6.26537 14.6
      vertex 80.8318 6.01764 5.6
      vertex 80.8318 6.01764 14.6
    endloop
  endfacet
  facet normal -0.751826 -0.659362 0
    outer loop
      vertex 80.4867 6.71752 5.6
      vertex 80.3142 6.91421 14.6
      vertex 80.3142 6.91421 5.6
    endloop
  endfacet
  facet normal -0.751826 -0.659362 0
    outer loop
      vertex 80.3142 6.91421 14.6
      vertex 80.4867 6.71752 5.6
      vertex 80.4867 6.71752 14.6
    endloop
  endfacet
  facet normal -0.442344 -0.896845 0
    outer loop
      vertex 79.6654 7.34776 5.6
      vertex 79.9 7.23205 14.6
      vertex 79.6654 7.34776 14.6
    endloop
  endfacet
  facet normal -0.442344 -0.896845 -0
    outer loop
      vertex 79.9 7.23205 14.6
      vertex 79.6654 7.34776 5.6
      vertex 79.9 7.23205 5.6
    endloop
  endfacet
  facet normal -0.195087 -0.980786 0
    outer loop
      vertex 79.161 7.48289 5.6
      vertex 79.4176 7.43185 14.6
      vertex 79.161 7.48289 14.6
    endloop
  endfacet
  facet normal -0.195087 -0.980786 -0
    outer loop
      vertex 79.4176 7.43185 14.6
      vertex 79.161 7.48289 5.6
      vertex 79.4176 7.43185 5.6
    endloop
  endfacet
  facet normal -0.0654151 -0.997858 0
    outer loop
      vertex 78.9 7.5 5.6
      vertex 79.161 7.48289 14.6
      vertex 78.9 7.5 14.6
    endloop
  endfacet
  facet normal -0.0654151 -0.997858 -0
    outer loop
      vertex 79.161 7.48289 14.6
      vertex 78.9 7.5 5.6
      vertex 79.161 7.48289 5.6
    endloop
  endfacet
  facet normal 0.997861 0.0653646 0
    outer loop
      vertex 76.9171 5.23895 14.6
      vertex 76.9 5.5 5.6
      vertex 76.9 5.5 14.6
    endloop
  endfacet
  facet normal 0.997861 0.0653646 0
    outer loop
      vertex 76.9 5.5 5.6
      vertex 76.9171 5.23895 14.6
      vertex 76.9171 5.23895 5.6
    endloop
  endfacet
  facet normal 0.980814 -0.194947 0
    outer loop
      vertex 76.9171 5.76105 14.6
      vertex 76.9681 6.01764 5.6
      vertex 76.9681 6.01764 14.6
    endloop
  endfacet
  facet normal 0.980814 -0.194947 0
    outer loop
      vertex 76.9681 6.01764 5.6
      vertex 76.9171 5.76105 14.6
      vertex 76.9171 5.76105 5.6
    endloop
  endfacet
  facet normal 0.896883 -0.442268 0
    outer loop
      vertex 77.0522 6.26537 14.6
      vertex 77.1679 6.5 5.6
      vertex 77.1679 6.5 14.6
    endloop
  endfacet
  facet normal 0.896883 -0.442268 0
    outer loop
      vertex 77.1679 6.5 5.6
      vertex 77.0522 6.26537 14.6
      vertex 77.0522 6.26537 5.6
    endloop
  endfacet
  facet normal 0.321348 -0.946961 0
    outer loop
      vertex 78.1346 7.34776 5.6
      vertex 78.3824 7.43185 14.6
      vertex 78.1346 7.34776 14.6
    endloop
  endfacet
  facet normal 0.321348 -0.946961 0
    outer loop
      vertex 78.3824 7.43185 14.6
      vertex 78.1346 7.34776 5.6
      vertex 78.3824 7.43185 5.6
    endloop
  endfacet
  facet normal 0.659343 -0.751842 0
    outer loop
      vertex 77.4858 6.91421 5.6
      vertex 77.6825 7.08671 14.6
      vertex 77.4858 6.91421 14.6
    endloop
  endfacet
  facet normal 0.659343 -0.751842 0
    outer loop
      vertex 77.6825 7.08671 14.6
      vertex 77.4858 6.91421 5.6
      vertex 77.6825 7.08671 5.6
    endloop
  endfacet
  facet normal 0.5556 -0.83145 0
    outer loop
      vertex 77.6825 7.08671 5.6
      vertex 77.9 7.23205 14.6
      vertex 77.6825 7.08671 14.6
    endloop
  endfacet
  facet normal 0.5556 -0.83145 0
    outer loop
      vertex 77.9 7.23205 14.6
      vertex 77.6825 7.08671 5.6
      vertex 77.9 7.23205 5.6
    endloop
  endfacet
  facet normal -0.997861 0.0653646 0
    outer loop
      vertex 80.8829 5.23895 5.6
      vertex 80.9 5.5 14.6
      vertex 80.9 5.5 5.6
    endloop
  endfacet
  facet normal -0.997861 0.0653646 0
    outer loop
      vertex 80.9 5.5 14.6
      vertex 80.8829 5.23895 5.6
      vertex 80.8829 5.23895 14.6
    endloop
  endfacet
  facet normal -0.321348 0.946961 0
    outer loop
      vertex 79.6654 3.65224 5.6
      vertex 79.4176 3.56815 14.6
      vertex 79.6654 3.65224 14.6
    endloop
  endfacet
  facet normal -0.321348 0.946961 0
    outer loop
      vertex 79.4176 3.56815 14.6
      vertex 79.6654 3.65224 5.6
      vertex 79.4176 3.56815 5.6
    endloop
  endfacet
  facet normal -0.751826 0.659362 0
    outer loop
      vertex 80.3142 4.08579 5.6
      vertex 80.4867 4.28248 14.6
      vertex 80.4867 4.28248 5.6
    endloop
  endfacet
  facet normal -0.751826 0.659362 0
    outer loop
      vertex 80.4867 4.28248 14.6
      vertex 80.3142 4.08579 5.6
      vertex 80.3142 4.08579 14.6
    endloop
  endfacet
  facet normal -0.659343 0.751842 0
    outer loop
      vertex 80.3142 4.08579 5.6
      vertex 80.1175 3.91329 14.6
      vertex 80.3142 4.08579 14.6
    endloop
  endfacet
  facet normal -0.659343 0.751842 0
    outer loop
      vertex 80.1175 3.91329 14.6
      vertex 80.3142 4.08579 5.6
      vertex 80.1175 3.91329 5.6
    endloop
  endfacet
  facet normal -0.0654151 0.997858 0
    outer loop
      vertex 79.161 3.51711 5.6
      vertex 78.9 3.5 14.6
      vertex 79.161 3.51711 14.6
    endloop
  endfacet
  facet normal -0.0654151 0.997858 0
    outer loop
      vertex 78.9 3.5 14.6
      vertex 79.161 3.51711 5.6
      vertex 78.9 3.5 5.6
    endloop
  endfacet
  facet normal 0.442344 0.896845 -0
    outer loop
      vertex 78.1346 3.65224 5.6
      vertex 77.9 3.76795 14.6
      vertex 78.1346 3.65224 14.6
    endloop
  endfacet
  facet normal 0.442344 0.896845 0
    outer loop
      vertex 77.9 3.76795 14.6
      vertex 78.1346 3.65224 5.6
      vertex 77.9 3.76795 5.6
    endloop
  endfacet
  facet normal 0.896883 0.442268 0
    outer loop
      vertex 77.1679 4.5 14.6
      vertex 77.0522 4.73463 5.6
      vertex 77.0522 4.73463 14.6
    endloop
  endfacet
  facet normal 0.896883 0.442268 0
    outer loop
      vertex 77.0522 4.73463 5.6
      vertex 77.1679 4.5 14.6
      vertex 77.1679 4.5 5.6
    endloop
  endfacet
  facet normal 0.980814 0.194947 0
    outer loop
      vertex 76.9681 4.98236 14.6
      vertex 76.9171 5.23895 5.6
      vertex 76.9171 5.23895 14.6
    endloop
  endfacet
  facet normal 0.980814 0.194947 0
    outer loop
      vertex 76.9171 5.23895 5.6
      vertex 76.9681 4.98236 14.6
      vertex 76.9681 4.98236 5.6
    endloop
  endfacet
  facet normal 0.751826 0.659362 0
    outer loop
      vertex 77.4858 4.08579 14.6
      vertex 77.3133 4.28248 5.6
      vertex 77.3133 4.28248 14.6
    endloop
  endfacet
  facet normal 0.751826 0.659362 0
    outer loop
      vertex 77.3133 4.28248 5.6
      vertex 77.4858 4.08579 14.6
      vertex 77.4858 4.08579 5.6
    endloop
  endfacet
  facet normal 0.997861 -0.0653646 0
    outer loop
      vertex 76.9 5.5 14.6
      vertex 76.9171 5.76105 5.6
      vertex 76.9171 5.76105 14.6
    endloop
  endfacet
  facet normal 0.997861 -0.0653646 0
    outer loop
      vertex 76.9171 5.76105 5.6
      vertex 76.9 5.5 14.6
      vertex 76.9 5.5 5.6
    endloop
  endfacet
  facet normal -0.896731 0.442575 0
    outer loop
      vertex 80.632 4.5 5.6
      vertex 80.7478 4.73463 14.6
      vertex 80.7478 4.73463 5.6
    endloop
  endfacet
  facet normal -0.896731 0.442575 0
    outer loop
      vertex 80.7478 4.73463 14.6
      vertex 80.632 4.5 5.6
      vertex 80.632 4.5 14.6
    endloop
  endfacet
  facet normal 0.659343 0.751842 -0
    outer loop
      vertex 77.6825 3.91329 5.6
      vertex 77.4858 4.08579 14.6
      vertex 77.6825 3.91329 14.6
    endloop
  endfacet
  facet normal 0.659343 0.751842 0
    outer loop
      vertex 77.4858 4.08579 14.6
      vertex 77.6825 3.91329 5.6
      vertex 77.4858 4.08579 5.6
    endloop
  endfacet
  facet normal -0.555758 -0.831344 0
    outer loop
      vertex 79.9 28.9321 5.6
      vertex 80.1175 28.7867 14.6
      vertex 79.9 28.9321 14.6
    endloop
  endfacet
  facet normal -0.555758 -0.831344 -0
    outer loop
      vertex 80.1175 28.7867 14.6
      vertex 79.9 28.9321 5.6
      vertex 80.1175 28.7867 5.6
    endloop
  endfacet
  facet normal 0.980801 -0.195013 0
    outer loop
      vertex 76.9171 27.4611 14.6
      vertex 76.9681 27.7176 5.6
      vertex 76.9681 27.7176 14.6
    endloop
  endfacet
  facet normal 0.980801 -0.195013 0
    outer loop
      vertex 76.9681 27.7176 5.6
      vertex 76.9171 27.4611 14.6
      vertex 76.9171 27.4611 5.6
    endloop
  endfacet
  facet normal -0.980727 0.195381 0
    outer loop
      vertex 80.8318 26.6824 5.6
      vertex 80.8829 26.9389 14.6
      vertex 80.8829 26.9389 5.6
    endloop
  endfacet
  facet normal -0.980727 0.195381 0
    outer loop
      vertex 80.8829 26.9389 14.6
      vertex 80.8318 26.6824 5.6
      vertex 80.8318 26.6824 14.6
    endloop
  endfacet
  facet normal 0.195013 0.980801 -0
    outer loop
      vertex 78.6389 25.2171 5.6
      vertex 78.3824 25.2681 14.6
      vertex 78.6389 25.2171 14.6
    endloop
  endfacet
  facet normal 0.195013 0.980801 0
    outer loop
      vertex 78.3824 25.2681 14.6
      vertex 78.6389 25.2171 5.6
      vertex 78.3824 25.2681 5.6
    endloop
  endfacet
  facet normal 0.442314 -0.89686 0
    outer loop
      vertex 77.9 28.9321 5.6
      vertex 78.1346 29.0478 14.6
      vertex 77.9 28.9321 14.6
    endloop
  endfacet
  facet normal 0.442314 -0.89686 0
    outer loop
      vertex 78.1346 29.0478 14.6
      vertex 77.9 28.9321 5.6
      vertex 78.1346 29.0478 5.6
    endloop
  endfacet
  facet normal 0.94695 -0.321382 0
    outer loop
      vertex 76.9681 27.7176 14.6
      vertex 77.0522 27.9654 5.6
      vertex 77.0522 27.9654 14.6
    endloop
  endfacet
  facet normal 0.94695 -0.321382 0
    outer loop
      vertex 77.0522 27.9654 5.6
      vertex 76.9681 27.7176 14.6
      vertex 76.9681 27.7176 5.6
    endloop
  endfacet
  facet normal -0.896709 -0.442621 0
    outer loop
      vertex 80.7478 27.9654 5.6
      vertex 80.632 28.2 14.6
      vertex 80.632 28.2 5.6
    endloop
  endfacet
  facet normal -0.896709 -0.442621 0
    outer loop
      vertex 80.632 28.2 14.6
      vertex 80.7478 27.9654 5.6
      vertex 80.7478 27.9654 14.6
    endloop
  endfacet
  facet normal -0.831521 -0.555494 0
    outer loop
      vertex 80.632 28.2 5.6
      vertex 80.4867 28.4175 14.6
      vertex 80.4867 28.4175 5.6
    endloop
  endfacet
  facet normal -0.831521 -0.555494 0
    outer loop
      vertex 80.4867 28.4175 14.6
      vertex 80.632 28.2 5.6
      vertex 80.632 28.2 14.6
    endloop
  endfacet
  facet normal -0.659343 -0.751842 0
    outer loop
      vertex 80.1175 28.7867 5.6
      vertex 80.3142 28.6142 14.6
      vertex 80.1175 28.7867 14.6
    endloop
  endfacet
  facet normal -0.659343 -0.751842 -0
    outer loop
      vertex 80.3142 28.6142 14.6
      vertex 80.1175 28.7867 5.6
      vertex 80.3142 28.6142 5.6
    endloop
  endfacet
  facet normal -0.321382 -0.94695 0
    outer loop
      vertex 79.4176 29.1319 5.6
      vertex 79.6654 29.0478 14.6
      vertex 79.4176 29.1319 14.6
    endloop
  endfacet
  facet normal -0.321382 -0.94695 -0
    outer loop
      vertex 79.6654 29.0478 14.6
      vertex 79.4176 29.1319 5.6
      vertex 79.6654 29.0478 5.6
    endloop
  endfacet
  facet normal 0.0653521 -0.997862 0
    outer loop
      vertex 78.6389 29.1829 5.6
      vertex 78.9 29.2 14.6
      vertex 78.6389 29.1829 14.6
    endloop
  endfacet
  facet normal 0.0653521 -0.997862 0
    outer loop
      vertex 78.9 29.2 14.6
      vertex 78.6389 29.1829 5.6
      vertex 78.9 29.2 5.6
    endloop
  endfacet
  facet normal 0 0 1
    outer loop
      vertex 80.8829 27.4611 5.6
      vertex 80.8829 26.9389 5.6
      vertex 80.9 27.2 5.6
    endloop
  endfacet
  facet normal 0 0 1
    outer loop
      vertex 80.8318 27.7176 5.6
      vertex 80.8829 26.9389 5.6
      vertex 80.8829 27.4611 5.6
    endloop
  endfacet
  facet normal 0 0 1
    outer loop
      vertex 80.8318 27.7176 5.6
      vertex 80.8318 26.6824 5.6
      vertex 80.8829 26.9389 5.6
    endloop
  endfacet
  facet normal 0 0 1
    outer loop
      vertex 80.7478 27.9654 5.6
      vertex 80.8318 26.6824 5.6
      vertex 80.8318 27.7176 5.6
    endloop
  endfacet
  facet normal 0 0 1
    outer loop
      vertex 80.7478 27.9654 5.6
      vertex 80.7478 26.4346 5.6
      vertex 80.8318 26.6824 5.6
    endloop
  endfacet
  facet normal 0 0 1
    outer loop
      vertex 80.632 28.2 5.6
      vertex 80.7478 26.4346 5.6
      vertex 80.7478 27.9654 5.6
    endloop
  endfacet
  facet normal 0 0 1
    outer loop
      vertex 80.632 28.2 5.6
      vertex 80.632 26.2 5.6
      vertex 80.7478 26.4346 5.6
    endloop
  endfacet
  facet normal 0 0 1
    outer loop
      vertex 80.4867 28.4175 5.6
      vertex 80.632 26.2 5.6
      vertex 80.632 28.2 5.6
    endloop
  endfacet
  facet normal 0 0 1
    outer loop
      vertex 80.4867 28.4175 5.6
      vertex 80.4867 25.9825 5.6
      vertex 80.632 26.2 5.6
    endloop
  endfacet
  facet normal 0 0 1
    outer loop
      vertex 80.3142 28.6142 5.6
      vertex 80.4867 25.9825 5.6
      vertex 80.4867 28.4175 5.6
    endloop
  endfacet
  facet normal 0 0 1
    outer loop
      vertex 80.3142 28.6142 5.6
      vertex 80.3142 25.7858 5.6
      vertex 80.4867 25.9825 5.6
    endloop
  endfacet
  facet normal 0 0 1
    outer loop
      vertex 80.1175 28.7867 5.6
      vertex 80.3142 25.7858 5.6
      vertex 80.3142 28.6142 5.6
    endloop
  endfacet
  facet normal 0 0 1
    outer loop
      vertex 80.1175 28.7867 5.6
      vertex 80.1175 25.6133 5.6
      vertex 80.3142 25.7858 5.6
    endloop
  endfacet
  facet normal 0 0 1
    outer loop
      vertex 79.9 28.9321 5.6
      vertex 80.1175 25.6133 5.6
      vertex 80.1175 28.7867 5.6
    endloop
  endfacet
  facet normal 0 0 1
    outer loop
      vertex 79.9 28.9321 5.6
      vertex 79.9 25.4679 5.6
      vertex 80.1175 25.6133 5.6
    endloop
  endfacet
  facet normal 0 0 1
    outer loop
      vertex 79.6654 29.0478 5.6
      vertex 79.9 25.4679 5.6
      vertex 79.9 28.9321 5.6
    endloop
  endfacet
  facet normal 0 0 1
    outer loop
      vertex 79.6654 29.0478 5.6
      vertex 79.6654 25.3522 5.6
      vertex 79.9 25.4679 5.6
    endloop
  endfacet
  facet normal 0 0 1
    outer loop
      vertex 79.4176 29.1319 5.6
      vertex 79.6654 25.3522 5.6
      vertex 79.6654 29.0478 5.6
    endloop
  endfacet
  facet normal 0 0 1
    outer loop
      vertex 79.4176 29.1319 5.6
      vertex 79.4176 25.2681 5.6
      vertex 79.6654 25.3522 5.6
    endloop
  endfacet
  facet normal 0 0 1
    outer loop
      vertex 79.161 29.1829 5.6
      vertex 79.4176 25.2681 5.6
      vertex 79.4176 29.1319 5.6
    endloop
  endfacet
  facet normal 0 0 1
    outer loop
      vertex 79.161 29.1829 5.6
      vertex 79.161 25.2171 5.6
      vertex 79.4176 25.2681 5.6
    endloop
  endfacet
  facet normal 0 0 1
    outer loop
      vertex 78.9 29.2 5.6
      vertex 79.161 25.2171 5.6
      vertex 79.161 29.1829 5.6
    endloop
  endfacet
  facet normal 0 0 1
    outer loop
      vertex 78.9 29.2 5.6
      vertex 78.9 25.2 5.6
      vertex 79.161 25.2171 5.6
    endloop
  endfacet
  facet normal -0 0 1
    outer loop
      vertex 78.6389 29.1829 5.6
      vertex 78.9 25.2 5.6
      vertex 78.9 29.2 5.6
    endloop
  endfacet
  facet normal 0 0 1
    outer loop
      vertex 78.6389 29.1829 5.6
      vertex 78.6389 25.2171 5.6
      vertex 78.9 25.2 5.6
    endloop
  endfacet
  facet normal -0 0 1
    outer loop
      vertex 78.3824 29.1319 5.6
      vertex 78.6389 25.2171 5.6
      vertex 78.6389 29.1829 5.6
    endloop
  endfacet
  facet normal 0 0 1
    outer loop
      vertex 78.3824 29.1319 5.6
      vertex 78.3824 25.2681 5.6
      vertex 78.6389 25.2171 5.6
    endloop
  endfacet
  facet normal -0 0 1
    outer loop
      vertex 78.1346 29.0478 5.6
      vertex 78.3824 25.2681 5.6
      vertex 78.3824 29.1319 5.6
    endloop
  endfacet
  facet normal 0 0 1
    outer loop
      vertex 78.1346 29.0478 5.6
      vertex 78.1346 25.3522 5.6
      vertex 78.3824 25.2681 5.6
    endloop
  endfacet
  facet normal -0 0 1
    outer loop
      vertex 77.9 28.9321 5.6
      vertex 78.1346 25.3522 5.6
      vertex 78.1346 29.0478 5.6
    endloop
  endfacet
  facet normal 0 0 1
    outer loop
      vertex 77.9 28.9321 5.6
      vertex 77.9 25.4679 5.6
      vertex 78.1346 25.3522 5.6
    endloop
  endfacet
  facet normal -0 0 1
    outer loop
      vertex 77.6825 28.7867 5.6
      vertex 77.9 25.4679 5.6
      vertex 77.9 28.9321 5.6
    endloop
  endfacet
  facet normal 0 0 1
    outer loop
      vertex 77.6825 28.7867 5.6
      vertex 77.6825 25.6133 5.6
      vertex 77.9 25.4679 5.6
    endloop
  endfacet
  facet normal -0 0 1
    outer loop
      vertex 77.4858 28.6142 5.6
      vertex 77.6825 25.6133 5.6
      vertex 77.6825 28.7867 5.6
    endloop
  endfacet
  facet normal 0 0 1
    outer loop
      vertex 77.4858 28.6142 5.6
      vertex 77.4858 25.7858 5.6
      vertex 77.6825 25.6133 5.6
    endloop
  endfacet
  facet normal -0 0 1
    outer loop
      vertex 77.3133 28.4175 5.6
      vertex 77.4858 25.7858 5.6
      vertex 77.4858 28.6142 5.6
    endloop
  endfacet
  facet normal 0 0 1
    outer loop
      vertex 77.3133 28.4175 5.6
      vertex 77.3133 25.9825 5.6
      vertex 77.4858 25.7858 5.6
    endloop
  endfacet
  facet normal -0 0 1
    outer loop
      vertex 77.1679 28.2 5.6
      vertex 77.3133 25.9825 5.6
      vertex 77.3133 28.4175 5.6
    endloop
  endfacet
  facet normal 0 0 1
    outer loop
      vertex 77.1679 28.2 5.6
      vertex 77.1679 26.2 5.6
      vertex 77.3133 25.9825 5.6
    endloop
  endfacet
  facet normal -0 0 1
    outer loop
      vertex 77.0522 27.9654 5.6
      vertex 77.1679 26.2 5.6
      vertex 77.1679 28.2 5.6
    endloop
  endfacet
  facet normal 0 0 1
    outer loop
      vertex 77.0522 27.9654 5.6
      vertex 77.0522 26.4346 5.6
      vertex 77.1679 26.2 5.6
    endloop
  endfacet
  facet normal -0 0 1
    outer loop
      vertex 76.9681 27.7176 5.6
      vertex 77.0522 26.4346 5.6
      vertex 77.0522 27.9654 5.6
    endloop
  endfacet
  facet normal 0 0 1
    outer loop
      vertex 76.9681 27.7176 5.6
      vertex 76.9681 26.6824 5.6
      vertex 77.0522 26.4346 5.6
    endloop
  endfacet
  facet normal -0 0 1
    outer loop
      vertex 76.9171 27.4611 5.6
      vertex 76.9681 26.6824 5.6
      vertex 76.9681 27.7176 5.6
    endloop
  endfacet
  facet normal 0 0 1
    outer loop
      vertex 76.9171 27.4611 5.6
      vertex 76.9171 26.9389 5.6
      vertex 76.9681 26.6824 5.6
    endloop
  endfacet
  facet normal 0 -0 1
    outer loop
      vertex 76.9171 26.9389 5.6
      vertex 76.9171 27.4611 5.6
      vertex 76.9 27.2 5.6
    endloop
  endfacet
  facet normal 0.997862 -0.0653521 0
    outer loop
      vertex 76.9 27.2 14.6
      vertex 76.9171 27.4611 5.6
      vertex 76.9171 27.4611 14.6
    endloop
  endfacet
  facet normal 0.997862 -0.0653521 0
    outer loop
      vertex 76.9171 27.4611 5.6
      vertex 76.9 27.2 14.6
      vertex 76.9 27.2 5.6
    endloop
  endfacet
  facet normal 0.831344 -0.555758 0
    outer loop
      vertex 77.1679 28.2 14.6
      vertex 77.3133 28.4175 5.6
      vertex 77.3133 28.4175 14.6
    endloop
  endfacet
  facet normal 0.831344 -0.555758 0
    outer loop
      vertex 77.3133 28.4175 5.6
      vertex 77.1679 28.2 14.6
      vertex 77.1679 28.2 5.6
    endloop
  endfacet
  facet normal 0.321382 -0.94695 0
    outer loop
      vertex 78.1346 29.0478 5.6
      vertex 78.3824 29.1319 14.6
      vertex 78.1346 29.0478 14.6
    endloop
  endfacet
  facet normal 0.321382 -0.94695 0
    outer loop
      vertex 78.3824 29.1319 14.6
      vertex 78.1346 29.0478 5.6
      vertex 78.3824 29.1319 5.6
    endloop
  endfacet
  facet normal 0.751842 -0.659343 0
    outer loop
      vertex 77.3133 28.4175 14.6
      vertex 77.4858 28.6142 5.6
      vertex 77.4858 28.6142 14.6
    endloop
  endfacet
  facet normal 0.751842 -0.659343 0
    outer loop
      vertex 77.4858 28.6142 5.6
      vertex 77.3133 28.4175 14.6
      vertex 77.3133 28.4175 5.6
    endloop
  endfacet
  facet normal -0.997862 -0.0653521 0
    outer loop
      vertex 80.9 27.2 5.6
      vertex 80.8829 27.4611 14.6
      vertex 80.8829 27.4611 5.6
    endloop
  endfacet
  facet normal -0.997862 -0.0653521 0
    outer loop
      vertex 80.8829 27.4611 14.6
      vertex 80.9 27.2 5.6
      vertex 80.9 27.2 14.6
    endloop
  endfacet
  facet normal -0.19494 0.980815 0
    outer loop
      vertex 79.4176 25.2681 5.6
      vertex 79.161 25.2171 14.6
      vertex 79.4176 25.2681 14.6
    endloop
  endfacet
  facet normal -0.19494 0.980815 0
    outer loop
      vertex 79.161 25.2171 14.6
      vertex 79.4176 25.2681 5.6
      vertex 79.161 25.2171 5.6
    endloop
  endfacet
  facet normal -0.831521 0.555494 0
    outer loop
      vertex 80.4867 25.9825 5.6
      vertex 80.632 26.2 14.6
      vertex 80.632 26.2 5.6
    endloop
  endfacet
  facet normal -0.831521 0.555494 0
    outer loop
      vertex 80.632 26.2 14.6
      vertex 80.4867 25.9825 5.6
      vertex 80.4867 25.9825 14.6
    endloop
  endfacet
  facet normal -0.947066 0.321039 0
    outer loop
      vertex 80.7478 26.4346 5.6
      vertex 80.8318 26.6824 14.6
      vertex 80.8318 26.6824 5.6
    endloop
  endfacet
  facet normal -0.947066 0.321039 0
    outer loop
      vertex 80.8318 26.6824 14.6
      vertex 80.7478 26.4346 5.6
      vertex 80.7478 26.4346 14.6
    endloop
  endfacet
  facet normal -0.555758 0.831344 0
    outer loop
      vertex 80.1175 25.6133 5.6
      vertex 79.9 25.4679 14.6
      vertex 80.1175 25.6133 14.6
    endloop
  endfacet
  facet normal -0.555758 0.831344 0
    outer loop
      vertex 79.9 25.4679 14.6
      vertex 80.1175 25.6133 5.6
      vertex 79.9 25.4679 5.6
    endloop
  endfacet
  facet normal 0.0653521 0.997862 -0
    outer loop
      vertex 78.9 25.2 5.6
      vertex 78.6389 25.2171 14.6
      vertex 78.9 25.2 14.6
    endloop
  endfacet
  facet normal 0.0653521 0.997862 0
    outer loop
      vertex 78.6389 25.2171 14.6
      vertex 78.9 25.2 5.6
      vertex 78.6389 25.2171 5.6
    endloop
  endfacet
  facet normal 0.555758 0.831344 -0
    outer loop
      vertex 77.9 25.4679 5.6
      vertex 77.6825 25.6133 14.6
      vertex 77.9 25.4679 14.6
    endloop
  endfacet
  facet normal 0.555758 0.831344 0
    outer loop
      vertex 77.6825 25.6133 14.6
      vertex 77.9 25.4679 5.6
      vertex 77.6825 25.6133 5.6
    endloop
  endfacet
  facet normal 0.831344 0.555758 0
    outer loop
      vertex 77.3133 25.9825 14.6
      vertex 77.1679 26.2 5.6
      vertex 77.1679 26.2 14.6
    endloop
  endfacet
  facet normal 0.831344 0.555758 0
    outer loop
      vertex 77.1679 26.2 5.6
      vertex 77.3133 25.9825 14.6
      vertex 77.3133 25.9825 5.6
    endloop
  endfacet
  facet normal -0.980727 -0.195381 0
    outer loop
      vertex 80.8829 27.4611 5.6
      vertex 80.8318 27.7176 14.6
      vertex 80.8318 27.7176 5.6
    endloop
  endfacet
  facet normal -0.980727 -0.195381 0
    outer loop
      vertex 80.8318 27.7176 14.6
      vertex 80.8829 27.4611 5.6
      vertex 80.8829 27.4611 14.6
    endloop
  endfacet
  facet normal -0.947066 -0.321039 0
    outer loop
      vertex 80.8318 27.7176 5.6
      vertex 80.7478 27.9654 14.6
      vertex 80.7478 27.9654 5.6
    endloop
  endfacet
  facet normal -0.947066 -0.321039 0
    outer loop
      vertex 80.7478 27.9654 14.6
      vertex 80.8318 27.7176 5.6
      vertex 80.8318 27.7176 14.6
    endloop
  endfacet
  facet normal -0.751842 -0.659343 0
    outer loop
      vertex 80.4867 28.4175 5.6
      vertex 80.3142 28.6142 14.6
      vertex 80.3142 28.6142 5.6
    endloop
  endfacet
  facet normal -0.751842 -0.659343 0
    outer loop
      vertex 80.3142 28.6142 14.6
      vertex 80.4867 28.4175 5.6
      vertex 80.4867 28.4175 14.6
    endloop
  endfacet
  facet normal -0.442314 -0.89686 0
    outer loop
      vertex 79.6654 29.0478 5.6
      vertex 79.9 28.9321 14.6
      vertex 79.6654 29.0478 14.6
    endloop
  endfacet
  facet normal -0.442314 -0.89686 -0
    outer loop
      vertex 79.9 28.9321 14.6
      vertex 79.6654 29.0478 5.6
      vertex 79.9 28.9321 5.6
    endloop
  endfacet
  facet normal -0.19494 -0.980815 0
    outer loop
      vertex 79.161 29.1829 5.6
      vertex 79.4176 29.1319 14.6
      vertex 79.161 29.1829 14.6
    endloop
  endfacet
  facet normal -0.19494 -0.980815 -0
    outer loop
      vertex 79.4176 29.1319 14.6
      vertex 79.161 29.1829 5.6
      vertex 79.4176 29.1319 5.6
    endloop
  endfacet
  facet normal -0.0653771 -0.997861 0
    outer loop
      vertex 78.9 29.2 5.6
      vertex 79.161 29.1829 14.6
      vertex 78.9 29.2 14.6
    endloop
  endfacet
  facet normal -0.0653771 -0.997861 -0
    outer loop
      vertex 79.161 29.1829 14.6
      vertex 78.9 29.2 5.6
      vertex 79.161 29.1829 5.6
    endloop
  endfacet
  facet normal 0.997862 0.0653521 0
    outer loop
      vertex 76.9171 26.9389 14.6
      vertex 76.9 27.2 5.6
      vertex 76.9 27.2 14.6
    endloop
  endfacet
  facet normal 0.997862 0.0653521 0
    outer loop
      vertex 76.9 27.2 5.6
      vertex 76.9171 26.9389 14.6
      vertex 76.9171 26.9389 5.6
    endloop
  endfacet
  facet normal 0.89686 -0.442314 0
    outer loop
      vertex 77.0522 27.9654 14.6
      vertex 77.1679 28.2 5.6
      vertex 77.1679 28.2 14.6
    endloop
  endfacet
  facet normal 0.89686 -0.442314 0
    outer loop
      vertex 77.1679 28.2 5.6
      vertex 77.0522 27.9654 14.6
      vertex 77.0522 27.9654 5.6
    endloop
  endfacet
  facet normal 0.195013 -0.980801 0
    outer loop
      vertex 78.3824 29.1319 5.6
      vertex 78.6389 29.1829 14.6
      vertex 78.3824 29.1319 14.6
    endloop
  endfacet
  facet normal 0.195013 -0.980801 0
    outer loop
      vertex 78.6389 29.1829 14.6
      vertex 78.3824 29.1319 5.6
      vertex 78.6389 29.1829 5.6
    endloop
  endfacet
  facet normal 0.659343 -0.751842 0
    outer loop
      vertex 77.4858 28.6142 5.6
      vertex 77.6825 28.7867 14.6
      vertex 77.4858 28.6142 14.6
    endloop
  endfacet
  facet normal 0.659343 -0.751842 0
    outer loop
      vertex 77.6825 28.7867 14.6
      vertex 77.4858 28.6142 5.6
      vertex 77.6825 28.7867 5.6
    endloop
  endfacet
  facet normal 0.555758 -0.831344 0
    outer loop
      vertex 77.6825 28.7867 5.6
      vertex 77.9 28.9321 14.6
      vertex 77.6825 28.7867 14.6
    endloop
  endfacet
  facet normal 0.555758 -0.831344 0
    outer loop
      vertex 77.9 28.9321 14.6
      vertex 77.6825 28.7867 5.6
      vertex 77.9 28.9321 5.6
    endloop
  endfacet
  facet normal -0.997862 0.0653521 0
    outer loop
      vertex 80.8829 26.9389 5.6
      vertex 80.9 27.2 14.6
      vertex 80.9 27.2 5.6
    endloop
  endfacet
  facet normal -0.997862 0.0653521 0
    outer loop
      vertex 80.9 27.2 14.6
      vertex 80.8829 26.9389 5.6
      vertex 80.8829 26.9389 14.6
    endloop
  endfacet
  facet normal -0.321382 0.94695 0
    outer loop
      vertex 79.6654 25.3522 5.6
      vertex 79.4176 25.2681 14.6
      vertex 79.6654 25.3522 14.6
    endloop
  endfacet
  facet normal -0.321382 0.94695 0
    outer loop
      vertex 79.4176 25.2681 14.6
      vertex 79.6654 25.3522 5.6
      vertex 79.4176 25.2681 5.6
    endloop
  endfacet
  facet normal -0.659343 0.751842 0
    outer loop
      vertex 80.3142 25.7858 5.6
      vertex 80.1175 25.6133 14.6
      vertex 80.3142 25.7858 14.6
    endloop
  endfacet
  facet normal -0.659343 0.751842 0
    outer loop
      vertex 80.1175 25.6133 14.6
      vertex 80.3142 25.7858 5.6
      vertex 80.1175 25.6133 5.6
    endloop
  endfacet
  facet normal -0.0653771 0.997861 0
    outer loop
      vertex 79.161 25.2171 5.6
      vertex 78.9 25.2 14.6
      vertex 79.161 25.2171 14.6
    endloop
  endfacet
  facet normal -0.0653771 0.997861 0
    outer loop
      vertex 78.9 25.2 14.6
      vertex 79.161 25.2171 5.6
      vertex 78.9 25.2 5.6
    endloop
  endfacet
  facet normal 0.442314 0.89686 -0
    outer loop
      vertex 78.1346 25.3522 5.6
      vertex 77.9 25.4679 14.6
      vertex 78.1346 25.3522 14.6
    endloop
  endfacet
  facet normal 0.442314 0.89686 0
    outer loop
      vertex 77.9 25.4679 14.6
      vertex 78.1346 25.3522 5.6
      vertex 77.9 25.4679 5.6
    endloop
  endfacet
  facet normal 0.89686 0.442314 0
    outer loop
      vertex 77.1679 26.2 14.6
      vertex 77.0522 26.4346 5.6
      vertex 77.0522 26.4346 14.6
    endloop
  endfacet
  facet normal 0.89686 0.442314 0
    outer loop
      vertex 77.0522 26.4346 5.6
      vertex 77.1679 26.2 14.6
      vertex 77.1679 26.2 5.6
    endloop
  endfacet
  facet normal 0.980801 0.195013 0
    outer loop
      vertex 76.9681 26.6824 14.6
      vertex 76.9171 26.9389 5.6
      vertex 76.9171 26.9389 14.6
    endloop
  endfacet
  facet normal 0.980801 0.195013 0
    outer loop
      vertex 76.9171 26.9389 5.6
      vertex 76.9681 26.6824 14.6
      vertex 76.9681 26.6824 5.6
    endloop
  endfacet
  facet normal 0.751842 0.659343 0
    outer loop
      vertex 77.4858 25.7858 14.6
      vertex 77.3133 25.9825 5.6
      vertex 77.3133 25.9825 14.6
    endloop
  endfacet
  facet normal 0.751842 0.659343 0
    outer loop
      vertex 77.3133 25.9825 5.6
      vertex 77.4858 25.7858 14.6
      vertex 77.4858 25.7858 5.6
    endloop
  endfacet
  facet normal -0.896709 0.442621 0
    outer loop
      vertex 80.632 26.2 5.6
      vertex 80.7478 26.4346 14.6
      vertex 80.7478 26.4346 5.6
    endloop
  endfacet
  facet normal -0.896709 0.442621 0
    outer loop
      vertex 80.7478 26.4346 14.6
      vertex 80.632 26.2 5.6
      vertex 80.632 26.2 14.6
    endloop
  endfacet
  facet normal -0.442314 0.89686 0
    outer loop
      vertex 79.9 25.4679 5.6
      vertex 79.6654 25.3522 14.6
      vertex 79.9 25.4679 14.6
    endloop
  endfacet
  facet normal -0.442314 0.89686 0
    outer loop
      vertex 79.6654 25.3522 14.6
      vertex 79.9 25.4679 5.6
      vertex 79.6654 25.3522 5.6
    endloop
  endfacet
  facet normal -0.751842 0.659343 0
    outer loop
      vertex 80.3142 25.7858 5.6
      vertex 80.4867 25.9825 14.6
      vertex 80.4867 25.9825 5.6
    endloop
  endfacet
  facet normal -0.751842 0.659343 0
    outer loop
      vertex 80.4867 25.9825 14.6
      vertex 80.3142 25.7858 5.6
      vertex 80.3142 25.7858 14.6
    endloop
  endfacet
  facet normal 0.321382 0.94695 -0
    outer loop
      vertex 78.3824 25.2681 5.6
      vertex 78.1346 25.3522 14.6
      vertex 78.3824 25.2681 14.6
    endloop
  endfacet
  facet normal 0.321382 0.94695 0
    outer loop
      vertex 78.1346 25.3522 14.6
      vertex 78.3824 25.2681 5.6
      vertex 78.1346 25.3522 5.6
    endloop
  endfacet
  facet normal 0.94695 0.321382 0
    outer loop
      vertex 77.0522 26.4346 14.6
      vertex 76.9681 26.6824 5.6
      vertex 76.9681 26.6824 14.6
    endloop
  endfacet
  facet normal 0.94695 0.321382 0
    outer loop
      vertex 76.9681 26.6824 5.6
      vertex 77.0522 26.4346 14.6
      vertex 77.0522 26.4346 5.6
    endloop
  endfacet
  facet normal 0.659343 0.751842 -0
    outer loop
      vertex 77.6825 25.6133 5.6
      vertex 77.4858 25.7858 14.6
      vertex 77.6825 25.6133 14.6
    endloop
  endfacet
  facet normal 0.659343 0.751842 0
    outer loop
      vertex 77.4858 25.7858 14.6
      vertex 77.6825 25.6133 5.6
      vertex 77.4858 25.7858 5.6
    endloop
  endfacet
  facet normal 1 -0 0
    outer loop
      vertex 21.4 0 12.4
      vertex 21.4 2 10.6
      vertex 21.4 2 12.4
    endloop
  endfacet
  facet normal 1 0 0
    outer loop
      vertex 21.4 2 10.6
      vertex 21.4 0 12.4
      vertex 21.4 0 10.6
    endloop
  endfacet
  facet normal 0 0 -1
    outer loop
      vertex 21.4 0 12.4
      vertex 24.4 2 12.4
      vertex 24.4 0 12.4
    endloop
  endfacet
  facet normal -0 0 -1
    outer loop
      vertex 24.4 2 12.4
      vertex 21.4 0 12.4
      vertex 21.4 2 12.4
    endloop
  endfacet
  facet normal -1 0 0
    outer loop
      vertex 24.4 0 10.6
      vertex 24.4 2 12.4
      vertex 24.4 2 10.6
    endloop
  endfacet
  facet normal -1 -0 0
    outer loop
      vertex 24.4 2 12.4
      vertex 24.4 0 10.6
      vertex 24.4 0 12.4
    endloop
  endfacet
  facet normal -0 0 1
    outer loop
      vertex 21.4 2 10.6
      vertex 24.4 0 10.6
      vertex 24.4 2 10.6
    endloop
  endfacet
  facet normal 0 0 1
    outer loop
      vertex 24.4 0 10.6
      vertex 21.4 2 10.6
      vertex 21.4 0 10.6
    endloop
  endfacet
  facet normal 1 -0 0
    outer loop
      vertex 21.4 30.7 12.4
      vertex 21.4 32.7 10.6
      vertex 21.4 32.7 12.4
    endloop
  endfacet
  facet normal 1 0 0
    outer loop
      vertex 21.4 32.7 10.6
      vertex 21.4 30.7 12.4
      vertex 21.4 30.7 10.6
    endloop
  endfacet
  facet normal 0 0 -1
    outer loop
      vertex 21.4 30.7 12.4
      vertex 24.4 32.7 12.4
      vertex 24.4 30.7 12.4
    endloop
  endfacet
  facet normal -0 0 -1
    outer loop
      vertex 24.4 32.7 12.4
      vertex 21.4 30.7 12.4
      vertex 21.4 32.7 12.4
    endloop
  endfacet
  facet normal -1 0 0
    outer loop
      vertex 24.4 30.7 10.6
      vertex 24.4 32.7 12.4
      vertex 24.4 32.7 10.6
    endloop
  endfacet
  facet normal -1 -0 0
    outer loop
      vertex 24.4 32.7 12.4
      vertex 24.4 30.7 10.6
      vertex 24.4 30.7 12.4
    endloop
  endfacet
  facet normal -0 0 1
    outer loop
      vertex 21.4 32.7 10.6
      vertex 24.4 30.7 10.6
      vertex 24.4 32.7 10.6
    endloop
  endfacet
  facet normal 0 0 1
    outer loop
      vertex 24.4 30.7 10.6
      vertex 21.4 32.7 10.6
      vertex 21.4 30.7 10.6
    endloop
  endfacet
  facet normal 1 -0 0
    outer loop
      vertex 28.4 0 12.4
      vertex 28.4 2 10.6
      vertex 28.4 2 12.4
    endloop
  endfacet
  facet normal 1 0 0
    outer loop
      vertex 28.4 2 10.6
      vertex 28.4 0 12.4
      vertex 28.4 0 10.6
    endloop
  endfacet
  facet normal 0 0 -1
    outer loop
      vertex 28.4 0 12.4
      vertex 31.4 2 12.4
      vertex 31.4 0 12.4
    endloop
  endfacet
  facet normal -0 0 -1
    outer loop
      vertex 31.4 2 12.4
      vertex 28.4 0 12.4
      vertex 28.4 2 12.4
    endloop
  endfacet
  facet normal -1 0 0
    outer loop
      vertex 31.4 0 10.6
      vertex 31.4 2 12.4
      vertex 31.4 2 10.6
    endloop
  endfacet
  facet normal -1 -0 0
    outer loop
      vertex 31.4 2 12.4
      vertex 31.4 0 10.6
      vertex 31.4 0 12.4
    endloop
  endfacet
  facet normal -0 0 1
    outer loop
      vertex 28.4 2 10.6
      vertex 31.4 0 10.6
      vertex 31.4 2 10.6
    endloop
  endfacet
  facet normal 0 0 1
    outer loop
      vertex 31.4 0 10.6
      vertex 28.4 2 10.6
      vertex 28.4 0 10.6
    endloop
  endfacet
  facet normal 1 -0 0
    outer loop
      vertex 28.4 30.7 12.4
      vertex 28.4 32.7 10.6
      vertex 28.4 32.7 12.4
    endloop
  endfacet
  facet normal 1 0 0
    outer loop
      vertex 28.4 32.7 10.6
      vertex 28.4 30.7 12.4
      vertex 28.4 30.7 10.6
    endloop
  endfacet
  facet normal 0 0 -1
    outer loop
      vertex 28.4 30.7 12.4
      vertex 31.4 32.7 12.4
      vertex 31.4 30.7 12.4
    endloop
  endfacet
  facet normal -0 0 -1
    outer loop
      vertex 31.4 32.7 12.4
      vertex 28.4 30.7 12.4
      vertex 28.4 32.7 12.4
    endloop
  endfacet
  facet normal -1 0 0
    outer loop
      vertex 31.4 30.7 10.6
      vertex 31.4 32.7 12.4
      vertex 31.4 32.7 10.6
    endloop
  endfacet
  facet normal -1 -0 0
    outer loop
      vertex 31.4 32.7 12.4
      vertex 31.4 30.7 10.6
      vertex 31.4 30.7 12.4
    endloop
  endfacet
  facet normal -0 0 1
    outer loop
      vertex 28.4 32.7 10.6
      vertex 31.4 30.7 10.6
      vertex 31.4 32.7 10.6
    endloop
  endfacet
  facet normal 0 0 1
    outer loop
      vertex 31.4 30.7 10.6
      vertex 28.4 32.7 10.6
      vertex 28.4 30.7 10.6
    endloop
  endfacet
  facet normal 1 -0 0
    outer loop
      vertex 35.4 0 12.4
      vertex 35.4 2 10.6
      vertex 35.4 2 12.4
    endloop
  endfacet
  facet normal 1 0 0
    outer loop
      vertex 35.4 2 10.6
      vertex 35.4 0 12.4
      vertex 35.4 0 10.6
    endloop
  endfacet
  facet normal 0 0 -1
    outer loop
      vertex 35.4 0 12.4
      vertex 38.4 2 12.4
      vertex 38.4 0 12.4
    endloop
  endfacet
  facet normal -0 0 -1
    outer loop
      vertex 38.4 2 12.4
      vertex 35.4 0 12.4
      vertex 35.4 2 12.4
    endloop
  endfacet
  facet normal -1 0 0
    outer loop
      vertex 38.4 0 10.6
      vertex 38.4 2 12.4
      vertex 38.4 2 10.6
    endloop
  endfacet
  facet normal -1 -0 0
    outer loop
      vertex 38.4 2 12.4
      vertex 38.4 0 10.6
      vertex 38.4 0 12.4
    endloop
  endfacet
  facet normal -0 0 1
    outer loop
      vertex 35.4 2 10.6
      vertex 38.4 0 10.6
      vertex 38.4 2 10.6
    endloop
  endfacet
  facet normal 0 0 1
    outer loop
      vertex 38.4 0 10.6
      vertex 35.4 2 10.6
      vertex 35.4 0 10.6
    endloop
  endfacet
  facet normal 1 -0 0
    outer loop
      vertex 35.4 30.7 12.4
      vertex 35.4 32.7 10.6
      vertex 35.4 32.7 12.4
    endloop
  endfacet
  facet normal 1 0 0
    outer loop
      vertex 35.4 32.7 10.6
      vertex 35.4 30.7 12.4
      vertex 35.4 30.7 10.6
    endloop
  endfacet
  facet normal 0 0 -1
    outer loop
      vertex 35.4 30.7 12.4
      vertex 38.4 32.7 12.4
      vertex 38.4 30.7 12.4
    endloop
  endfacet
  facet normal -0 0 -1
    outer loop
      vertex 38.4 32.7 12.4
      vertex 35.4 30.7 12.4
      vertex 35.4 32.7 12.4
    endloop
  endfacet
  facet normal -1 0 0
    outer loop
      vertex 38.4 30.7 10.6
      vertex 38.4 32.7 12.4
      vertex 38.4 32.7 10.6
    endloop
  endfacet
  facet normal -1 -0 0
    outer loop
      vertex 38.4 32.7 12.4
      vertex 38.4 30.7 10.6
      vertex 38.4 30.7 12.4
    endloop
  endfacet
  facet normal -0 0 1
    outer loop
      vertex 35.4 32.7 10.6
      vertex 38.4 30.7 10.6
      vertex 38.4 32.7 10.6
    endloop
  endfacet
  facet normal 0 0 1
    outer loop
      vertex 38.4 30.7 10.6
      vertex 35.4 32.7 10.6
      vertex 35.4 30.7 10.6
    endloop
  endfacet
  facet normal 1 -0 0
    outer loop
      vertex 42.4 0 12.4
      vertex 42.4 2 10.6
      vertex 42.4 2 12.4
    endloop
  endfacet
  facet normal 1 0 0
    outer loop
      vertex 42.4 2 10.6
      vertex 42.4 0 12.4
      vertex 42.4 0 10.6
    endloop
  endfacet
  facet normal 0 0 -1
    outer loop
      vertex 42.4 0 12.4
      vertex 45.4 2 12.4
      vertex 45.4 0 12.4
    endloop
  endfacet
  facet normal -0 0 -1
    outer loop
      vertex 45.4 2 12.4
      vertex 42.4 0 12.4
      vertex 42.4 2 12.4
    endloop
  endfacet
  facet normal -1 0 0
    outer loop
      vertex 45.4 0 10.6
      vertex 45.4 2 12.4
      vertex 45.4 2 10.6
    endloop
  endfacet
  facet normal -1 -0 0
    outer loop
      vertex 45.4 2 12.4
      vertex 45.4 0 10.6
      vertex 45.4 0 12.4
    endloop
  endfacet
  facet normal -0 0 1
    outer loop
      vertex 42.4 2 10.6
      vertex 45.4 0 10.6
      vertex 45.4 2 10.6
    endloop
  endfacet
  facet normal 0 0 1
    outer loop
      vertex 45.4 0 10.6
      vertex 42.4 2 10.6
      vertex 42.4 0 10.6
    endloop
  endfacet
  facet normal 1 -0 0
    outer loop
      vertex 42.4 30.7 12.4
      vertex 42.4 32.7 10.6
      vertex 42.4 32.7 12.4
    endloop
  endfacet
  facet normal 1 0 0
    outer loop
      vertex 42.4 32.7 10.6
      vertex 42.4 30.7 12.4
      vertex 42.4 30.7 10.6
    endloop
  endfacet
  facet normal 0 0 -1
    outer loop
      vertex 42.4 30.7 12.4
      vertex 45.4 32.7 12.4
      vertex 45.4 30.7 12.4
    endloop
  endfacet
  facet normal -0 0 -1
    outer loop
      vertex 45.4 32.7 12.4
      vertex 42.4 30.7 12.4
      vertex 42.4 32.7 12.4
    endloop
  endfacet
  facet normal -1 0 0
    outer loop
      vertex 45.4 30.7 10.6
      vertex 45.4 32.7 12.4
      vertex 45.4 32.7 10.6
    endloop
  endfacet
  facet normal -1 -0 0
    outer loop
      vertex 45.4 32.7 12.4
      vertex 45.4 30.7 10.6
      vertex 45.4 30.7 12.4
    endloop
  endfacet
  facet normal -0 0 1
    outer loop
      vertex 42.4 32.7 10.6
      vertex 45.4 30.7 10.6
      vertex 45.4 32.7 10.6
    endloop
  endfacet
  facet normal 0 0 1
    outer loop
      vertex 45.4 30.7 10.6
      vertex 42.4 32.7 10.6
      vertex 42.4 30.7 10.6
    endloop
  endfacet
  facet normal 0 0.0656309 -0.997844
    outer loop
      vertex 0 12.4934 13.9897
      vertex 2 12.65 14
      vertex 2 12.4934 13.9897
    endloop
  endfacet
  facet normal 0 0.0656309 -0.997844
    outer loop
      vertex 2 12.65 14
      vertex 0 12.4934 13.9897
      vertex 0 12.65 14
    endloop
  endfacet
  facet normal -0 0.0653771 0.997861
    outer loop
      vertex 0 12.65 9.8
      vertex 2 12.4934 9.81026
      vertex 2 12.65 9.8
    endloop
  endfacet
  facet normal 0 0.0653771 0.997861
    outer loop
      vertex 2 12.4934 9.81026
      vertex 0 12.65 9.8
      vertex 0 12.4934 9.81026
    endloop
  endfacet
  facet normal 0 1 -0
    outer loop
      vertex 2 11.45 11
      vertex 0 11.45 12.8
      vertex 2 11.45 12.8
    endloop
  endfacet
  facet normal 0 1 0
    outer loop
      vertex 0 11.45 12.8
      vertex 2 11.45 11
      vertex 0 11.45 11
    endloop
  endfacet
  facet normal -0 0.32148 0.946916
    outer loop
      vertex 0 12.3394 9.84089
      vertex 2 12.1908 9.89134
      vertex 2 12.3394 9.84089
    endloop
  endfacet
  facet normal 0 0.32148 0.946916
    outer loop
      vertex 2 12.1908 9.89134
      vertex 0 12.3394 9.84089
      vertex 0 12.1908 9.89134
    endloop
  endfacet
  facet normal 0 -1 0
    outer loop
      vertex 0 21.25 11
      vertex 2 21.25 12.8
      vertex 0 21.25 12.8
    endloop
  endfacet
  facet normal 0 -1 -0
    outer loop
      vertex 2 21.25 12.8
      vertex 0 21.25 11
      vertex 2 21.25 11
    endloop
  endfacet
  facet normal 0 0.947013 0.321194
    outer loop
      vertex 2 11.5413 10.5408
      vertex 0 11.4909 10.6894
      vertex 2 11.4909 10.6894
    endloop
  endfacet
  facet normal 0 0.947013 0.321194
    outer loop
      vertex 0 11.4909 10.6894
      vertex 2 11.5413 10.5408
      vertex 0 11.5413 10.5408
    endloop
  endfacet
  facet normal 0 0.997844 -0.0656309
    outer loop
      vertex 2 11.45 12.8
      vertex 0 11.4603 12.9566
      vertex 2 11.4603 12.9566
    endloop
  endfacet
  facet normal 0 0.997844 -0.0656309
    outer loop
      vertex 0 11.4603 12.9566
      vertex 2 11.45 12.8
      vertex 0 11.45 12.8
    endloop
  endfacet
  facet normal 0 -0.0653771 0.997861
    outer loop
      vertex 0 20.2066 9.81026
      vertex 2 20.05 9.8
      vertex 2 20.2066 9.81026
    endloop
  endfacet
  facet normal 0 -0.0653771 0.997861
    outer loop
      vertex 2 20.05 9.8
      vertex 0 20.2066 9.81026
      vertex 0 20.05 9.8
    endloop
  endfacet
  facet normal 0 -0.751787 0.659406
    outer loop
      vertex 0 20.8985 10.1515
      vertex 2 21.002 10.2695
      vertex 0 21.002 10.2695
    endloop
  endfacet
  facet normal 0 -0.751787 0.659406
    outer loop
      vertex 2 21.002 10.2695
      vertex 0 20.8985 10.1515
      vertex 2 20.8985 10.1515
    endloop
  endfacet
  facet normal 0 -0.947013 -0.321194
    outer loop
      vertex 0 21.2091 13.1106
      vertex 2 21.1587 13.2592
      vertex 0 21.1587 13.2592
    endloop
  endfacet
  facet normal 0 -0.947013 -0.321194
    outer loop
      vertex 2 21.1587 13.2592
      vertex 0 21.2091 13.1106
      vertex 2 21.2091 13.1106
    endloop
  endfacet
  facet normal -0 0.195075 0.980788
    outer loop
      vertex 0 12.4934 9.81026
      vertex 2 12.3394 9.84089
      vertex 2 12.4934 9.81026
    endloop
  endfacet
  facet normal 0 0.195075 0.980788
    outer loop
      vertex 2 12.3394 9.84089
      vertex 0 12.4934 9.81026
      vertex 0 12.3394 9.84089
    endloop
  endfacet
  facet normal 0 0.896708 0.442622
    outer loop
      vertex 2 11.6108 10.4
      vertex 0 11.5413 10.5408
      vertex 2 11.5413 10.5408
    endloop
  endfacet
  facet normal 0 0.896708 0.442622
    outer loop
      vertex 0 11.5413 10.5408
      vertex 2 11.6108 10.4
      vertex 0 11.6108 10.4
    endloop
  endfacet
  facet normal 0 0.997844 0.0656309
    outer loop
      vertex 2 11.4603 10.8434
      vertex 0 11.45 11
      vertex 2 11.45 11
    endloop
  endfacet
  facet normal 0 0.997844 0.0656309
    outer loop
      vertex 0 11.45 11
      vertex 2 11.4603 10.8434
      vertex 0 11.4603 10.8434
    endloop
  endfacet
  facet normal 0 0.442622 -0.896708
    outer loop
      vertex 0 12.05 13.8392
      vertex 2 12.1908 13.9087
      vertex 2 12.05 13.8392
    endloop
  endfacet
  facet normal 0 0.442622 -0.896708
    outer loop
      vertex 2 12.1908 13.9087
      vertex 0 12.05 13.8392
      vertex 0 12.1908 13.9087
    endloop
  endfacet
  facet normal 0 0 -1
    outer loop
      vertex 0 12.65 14
      vertex 2 20.05 14
      vertex 2 12.65 14
    endloop
  endfacet
  facet normal -0 0 -1
    outer loop
      vertex 2 20.05 14
      vertex 0 12.65 14
      vertex 0 20.05 14
    endloop
  endfacet
  facet normal 0 0.751787 -0.659406
    outer loop
      vertex 2 11.698 13.5305
      vertex 0 11.8015 13.6485
      vertex 2 11.8015 13.6485
    endloop
  endfacet
  facet normal 0 0.751787 -0.659406
    outer loop
      vertex 0 11.8015 13.6485
      vertex 2 11.698 13.5305
      vertex 0 11.698 13.5305
    endloop
  endfacet
  facet normal -0 0 1
    outer loop
      vertex 0 20.05 9.8
      vertex 2 12.65 9.8
      vertex 2 20.05 9.8
    endloop
  endfacet
  facet normal 0 0 1
    outer loop
      vertex 2 12.65 9.8
      vertex 0 20.05 9.8
      vertex 0 12.65 9.8
    endloop
  endfacet
  facet normal 0 -0.751787 -0.659406
    outer loop
      vertex 0 21.002 13.5305
      vertex 2 20.8985 13.6485
      vertex 0 20.8985 13.6485
    endloop
  endfacet
  facet normal 0 -0.751787 -0.659406
    outer loop
      vertex 2 20.8985 13.6485
      vertex 0 21.002 13.5305
      vertex 2 21.002 13.5305
    endloop
  endfacet
  facet normal 0 0.980825 0.194891
    outer loop
      vertex 2 11.4909 10.6894
      vertex 0 11.4603 10.8434
      vertex 2 11.4603 10.8434
    endloop
  endfacet
  facet normal 0 0.980825 0.194891
    outer loop
      vertex 0 11.4603 10.8434
      vertex 2 11.4909 10.6894
      vertex 0 11.4909 10.6894
    endloop
  endfacet
  facet normal 0 0.751787 0.659406
    outer loop
      vertex 2 11.8015 10.1515
      vertex 0 11.698 10.2695
      vertex 2 11.698 10.2695
    endloop
  endfacet
  facet normal 0 0.751787 0.659406
    outer loop
      vertex 0 11.698 10.2695
      vertex 2 11.8015 10.1515
      vertex 0 11.8015 10.1515
    endloop
  endfacet
  facet normal 0 0.831462 0.555582
    outer loop
      vertex 2 11.698 10.2695
      vertex 0 11.6108 10.4
      vertex 2 11.6108 10.4
    endloop
  endfacet
  facet normal 0 0.831462 0.555582
    outer loop
      vertex 0 11.6108 10.4
      vertex 2 11.698 10.2695
      vertex 0 11.698 10.2695
    endloop
  endfacet
  facet normal -0 0.659406 0.751787
    outer loop
      vertex 0 11.9195 10.048
      vertex 2 11.8015 10.1515
      vertex 2 11.9195 10.048
    endloop
  endfacet
  facet normal 0 0.659406 0.751787
    outer loop
      vertex 2 11.8015 10.1515
      vertex 0 11.9195 10.048
      vertex 0 11.8015 10.1515
    endloop
  endfacet
  facet normal -0 0.442264 0.896885
    outer loop
      vertex 0 12.1908 9.89134
      vertex 2 12.05 9.96077
      vertex 2 12.1908 9.89134
    endloop
  endfacet
  facet normal 0 0.442264 0.896885
    outer loop
      vertex 2 12.05 9.96077
      vertex 0 12.1908 9.89134
      vertex 0 12.05 9.96077
    endloop
  endfacet
  facet normal -0 0.555714 0.831373
    outer loop
      vertex 0 12.05 9.96077
      vertex 2 11.9195 10.048
      vertex 2 12.05 9.96077
    endloop
  endfacet
  facet normal 0 0.555714 0.831373
    outer loop
      vertex 2 11.9195 10.048
      vertex 0 12.05 9.96077
      vertex 0 11.9195 10.048
    endloop
  endfacet
  facet normal 0 0.980825 -0.194891
    outer loop
      vertex 2 11.4603 12.9566
      vertex 0 11.4909 13.1106
      vertex 2 11.4909 13.1106
    endloop
  endfacet
  facet normal 0 0.980825 -0.194891
    outer loop
      vertex 0 11.4909 13.1106
      vertex 2 11.4603 12.9566
      vertex 0 11.4603 12.9566
    endloop
  endfacet
  facet normal 0 0.896708 -0.442622
    outer loop
      vertex 2 11.5413 13.2592
      vertex 0 11.6108 13.4
      vertex 2 11.6108 13.4
    endloop
  endfacet
  facet normal 0 0.896708 -0.442622
    outer loop
      vertex 0 11.6108 13.4
      vertex 2 11.5413 13.2592
      vertex 0 11.5413 13.2592
    endloop
  endfacet
  facet normal 0 -0.195075 0.980788
    outer loop
      vertex 0 20.3606 9.84089
      vertex 2 20.2066 9.81026
      vertex 2 20.3606 9.84089
    endloop
  endfacet
  facet normal 0 -0.195075 0.980788
    outer loop
      vertex 2 20.2066 9.81026
      vertex 0 20.3606 9.84089
      vertex 0 20.2066 9.81026
    endloop
  endfacet
  facet normal 0 -0.947013 0.321194
    outer loop
      vertex 0 21.1587 10.5408
      vertex 2 21.2091 10.6894
      vertex 0 21.2091 10.6894
    endloop
  endfacet
  facet normal 0 -0.947013 0.321194
    outer loop
      vertex 2 21.2091 10.6894
      vertex 0 21.1587 10.5408
      vertex 2 21.1587 10.5408
    endloop
  endfacet
  facet normal 0 -0.896708 -0.442622
    outer loop
      vertex 0 21.1587 13.2592
      vertex 2 21.0892 13.4
      vertex 0 21.0892 13.4
    endloop
  endfacet
  facet normal 0 -0.896708 -0.442622
    outer loop
      vertex 2 21.0892 13.4
      vertex 0 21.1587 13.2592
      vertex 2 21.1587 13.2592
    endloop
  endfacet
  facet normal 0 -0.0656309 -0.997844
    outer loop
      vertex 0 20.05 14
      vertex 2 20.2066 13.9897
      vertex 2 20.05 14
    endloop
  endfacet
  facet normal -0 -0.0656309 -0.997844
    outer loop
      vertex 2 20.2066 13.9897
      vertex 0 20.05 14
      vertex 0 20.2066 13.9897
    endloop
  endfacet
  facet normal 0 0.659406 -0.751787
    outer loop
      vertex 0 11.8015 13.6485
      vertex 2 11.9195 13.752
      vertex 2 11.8015 13.6485
    endloop
  endfacet
  facet normal 0 0.659406 -0.751787
    outer loop
      vertex 2 11.9195 13.752
      vertex 0 11.8015 13.6485
      vertex 0 11.9195 13.752
    endloop
  endfacet
  facet normal 0 0.831462 -0.555582
    outer loop
      vertex 2 11.6108 13.4
      vertex 0 11.698 13.5305
      vertex 2 11.698 13.5305
    endloop
  endfacet
  facet normal 0 0.831462 -0.555582
    outer loop
      vertex 0 11.698 13.5305
      vertex 2 11.6108 13.4
      vertex 0 11.6108 13.4
    endloop
  endfacet
  facet normal 0 0.947013 -0.321194
    outer loop
      vertex 2 11.4909 13.1106
      vertex 0 11.5413 13.2592
      vertex 2 11.5413 13.2592
    endloop
  endfacet
  facet normal 0 0.947013 -0.321194
    outer loop
      vertex 0 11.5413 13.2592
      vertex 2 11.4909 13.1106
      vertex 0 11.4909 13.1106
    endloop
  endfacet
  facet normal 0 -0.980825 0.194891
    outer loop
      vertex 0 21.2091 10.6894
      vertex 2 21.2397 10.8434
      vertex 0 21.2397 10.8434
    endloop
  endfacet
  facet normal 0 -0.980825 0.194891
    outer loop
      vertex 2 21.2397 10.8434
      vertex 0 21.2091 10.6894
      vertex 2 21.2091 10.6894
    endloop
  endfacet
  facet normal 0 -0.831462 0.555582
    outer loop
      vertex 0 21.002 10.2695
      vertex 2 21.0892 10.4
      vertex 0 21.0892 10.4
    endloop
  endfacet
  facet normal 0 -0.831462 0.555582
    outer loop
      vertex 2 21.0892 10.4
      vertex 0 21.002 10.2695
      vertex 2 21.002 10.2695
    endloop
  endfacet
  facet normal 0 -0.896708 0.442622
    outer loop
      vertex 0 21.0892 10.4
      vertex 2 21.1587 10.5408
      vertex 0 21.1587 10.5408
    endloop
  endfacet
  facet normal 0 -0.896708 0.442622
    outer loop
      vertex 2 21.1587 10.5408
      vertex 0 21.0892 10.4
      vertex 2 21.0892 10.4
    endloop
  endfacet
  facet normal 0 -0.442622 -0.896708
    outer loop
      vertex 0 20.5092 13.9087
      vertex 2 20.65 13.8392
      vertex 2 20.5092 13.9087
    endloop
  endfacet
  facet normal -0 -0.442622 -0.896708
    outer loop
      vertex 2 20.65 13.8392
      vertex 0 20.5092 13.9087
      vertex 0 20.65 13.8392
    endloop
  endfacet
  facet normal 0 -0.831462 -0.555582
    outer loop
      vertex 0 21.0892 13.4
      vertex 2 21.002 13.5305
      vertex 0 21.002 13.5305
    endloop
  endfacet
  facet normal 0 -0.831462 -0.555582
    outer loop
      vertex 2 21.002 13.5305
      vertex 0 21.0892 13.4
      vertex 2 21.0892 13.4
    endloop
  endfacet
  facet normal 0 -0.980825 -0.194891
    outer loop
      vertex 0 21.2397 12.9566
      vertex 2 21.2091 13.1106
      vertex 0 21.2091 13.1106
    endloop
  endfacet
  facet normal 0 -0.980825 -0.194891
    outer loop
      vertex 2 21.2091 13.1106
      vertex 0 21.2397 12.9566
      vertex 2 21.2397 12.9566
    endloop
  endfacet
  facet normal 0 -0.997844 -0.0656309
    outer loop
      vertex 0 21.25 12.8
      vertex 2 21.2397 12.9566
      vertex 0 21.2397 12.9566
    endloop
  endfacet
  facet normal 0 -0.997844 -0.0656309
    outer loop
      vertex 2 21.2397 12.9566
      vertex 0 21.25 12.8
      vertex 2 21.25 12.8
    endloop
  endfacet
  facet normal 0 -0.194891 -0.980825
    outer loop
      vertex 0 20.2066 13.9897
      vertex 2 20.3606 13.9591
      vertex 2 20.2066 13.9897
    endloop
  endfacet
  facet normal -0 -0.194891 -0.980825
    outer loop
      vertex 2 20.3606 13.9591
      vertex 0 20.2066 13.9897
      vertex 0 20.3606 13.9591
    endloop
  endfacet
  facet normal 0 -0.321194 -0.947013
    outer loop
      vertex 0 20.3606 13.9591
      vertex 2 20.5092 13.9087
      vertex 2 20.3606 13.9591
    endloop
  endfacet
  facet normal -0 -0.321194 -0.947013
    outer loop
      vertex 2 20.5092 13.9087
      vertex 0 20.3606 13.9591
      vertex 0 20.5092 13.9087
    endloop
  endfacet
  facet normal 0 0.321194 -0.947013
    outer loop
      vertex 0 12.1908 13.9087
      vertex 2 12.3394 13.9591
      vertex 2 12.1908 13.9087
    endloop
  endfacet
  facet normal 0 0.321194 -0.947013
    outer loop
      vertex 2 12.3394 13.9591
      vertex 0 12.1908 13.9087
      vertex 0 12.3394 13.9591
    endloop
  endfacet
  facet normal 0 0.555582 -0.831462
    outer loop
      vertex 0 11.9195 13.752
      vertex 2 12.05 13.8392
      vertex 2 11.9195 13.752
    endloop
  endfacet
  facet normal 0 0.555582 -0.831462
    outer loop
      vertex 2 12.05 13.8392
      vertex 0 11.9195 13.752
      vertex 0 12.05 13.8392
    endloop
  endfacet
  facet normal 0 -0.442264 0.896885
    outer loop
      vertex 0 20.65 9.96077
      vertex 2 20.5092 9.89134
      vertex 2 20.65 9.96077
    endloop
  endfacet
  facet normal 0 -0.442264 0.896885
    outer loop
      vertex 2 20.5092 9.89134
      vertex 0 20.65 9.96077
      vertex 0 20.5092 9.89134
    endloop
  endfacet
  facet normal 0 -0.32148 0.946916
    outer loop
      vertex 0 20.5092 9.89134
      vertex 2 20.3606 9.84089
      vertex 2 20.5092 9.89134
    endloop
  endfacet
  facet normal 0 -0.32148 0.946916
    outer loop
      vertex 2 20.3606 9.84089
      vertex 0 20.5092 9.89134
      vertex 0 20.3606 9.84089
    endloop
  endfacet
  facet normal 0 -0.997844 0.0656309
    outer loop
      vertex 0 21.2397 10.8434
      vertex 2 21.25 11
      vertex 0 21.25 11
    endloop
  endfacet
  facet normal 0 -0.997844 0.0656309
    outer loop
      vertex 2 21.25 11
      vertex 0 21.2397 10.8434
      vertex 2 21.2397 10.8434
    endloop
  endfacet
  facet normal 0 -0.555582 -0.831462
    outer loop
      vertex 0 20.65 13.8392
      vertex 2 20.7805 13.752
      vertex 2 20.65 13.8392
    endloop
  endfacet
  facet normal -0 -0.555582 -0.831462
    outer loop
      vertex 2 20.7805 13.752
      vertex 0 20.65 13.8392
      vertex 0 20.7805 13.752
    endloop
  endfacet
  facet normal 0 -0.659406 -0.751787
    outer loop
      vertex 0 20.7805 13.752
      vertex 2 20.8985 13.6485
      vertex 2 20.7805 13.752
    endloop
  endfacet
  facet normal -0 -0.659406 -0.751787
    outer loop
      vertex 2 20.8985 13.6485
      vertex 0 20.7805 13.752
      vertex 0 20.8985 13.6485
    endloop
  endfacet
  facet normal 0 0.194891 -0.980825
    outer loop
      vertex 0 12.3394 13.9591
      vertex 2 12.4934 13.9897
      vertex 2 12.3394 13.9591
    endloop
  endfacet
  facet normal 0 0.194891 -0.980825
    outer loop
      vertex 2 12.4934 13.9897
      vertex 0 12.3394 13.9591
      vertex 0 12.4934 13.9897
    endloop
  endfacet
  facet normal 0 -0.555714 0.831373
    outer loop
      vertex 0 20.7805 10.048
      vertex 2 20.65 9.96077
      vertex 2 20.7805 10.048
    endloop
  endfacet
  facet normal 0 -0.555714 0.831373
    outer loop
      vertex 2 20.65 9.96077
      vertex 0 20.7805 10.048
      vertex 0 20.65 9.96077
    endloop
  endfacet
  facet normal 0 -0.659406 0.751787
    outer loop
      vertex 0 20.8985 10.1515
      vertex 2 20.7805 10.048
      vertex 2 20.8985 10.1515
    endloop
  endfacet
  facet normal 0 -0.659406 0.751787
    outer loop
      vertex 2 20.7805 10.048
      vertex 0 20.8985 10.1515
      vertex 0 20.7805 10.048
    endloop
  endfacet
  facet normal 0 -0.555571 0.831469
    outer loop
      vertex 82.4 18.3589 6.48193
      vertex 84.4 18 6.24212
      vertex 84.4 18.3589 6.48193
    endloop
  endfacet
  facet normal 0 -0.555571 0.831469
    outer loop
      vertex 84.4 18 6.24212
      vertex 82.4 18.3589 6.48193
      vertex 82.4 18 6.24212
    endloop
  endfacet
  facet normal 0 -0.98079 0.195065
    outer loop
      vertex 82.4 19.5376 8.2459
      vertex 84.4 19.6218 8.66926
      vertex 82.4 19.6218 8.66926
    endloop
  endfacet
  facet normal 0 -0.98079 0.195065
    outer loop
      vertex 84.4 19.6218 8.66926
      vertex 82.4 19.5376 8.2459
      vertex 84.4 19.5376 8.2459
    endloop
  endfacet
  facet normal 0 -0.89687 -0.442295
    outer loop
      vertex 82.4 19.3988 10.3629
      vertex 84.4 19.2079 10.75
      vertex 82.4 19.2079 10.75
    endloop
  endfacet
  facet normal 0 -0.89687 -0.442295
    outer loop
      vertex 84.4 19.2079 10.75
      vertex 82.4 19.3988 10.3629
      vertex 84.4 19.3988 10.3629
    endloop
  endfacet
  facet normal 0 -0.321504 -0.946908
    outer loop
      vertex 82.4 17.2041 12.2876
      vertex 84.4 17.6129 12.1488
      vertex 84.4 17.2041 12.2876
    endloop
  endfacet
  facet normal -0 -0.321504 -0.946908
    outer loop
      vertex 84.4 17.6129 12.1488
      vertex 82.4 17.2041 12.2876
      vertex 82.4 17.6129 12.1488
    endloop
  endfacet
  facet normal -0 0.195069 0.980789
    outer loop
      vertex 82.4 15.9193 5.82823
      vertex 84.4 15.4959 5.91244
      vertex 84.4 15.9193 5.82823
    endloop
  endfacet
  facet normal 0 0.195069 0.980789
    outer loop
      vertex 84.4 15.4959 5.91244
      vertex 82.4 15.9193 5.82823
      vertex 82.4 15.4959 5.91244
    endloop
  endfacet
  facet normal 0 -0.195069 0.980789
    outer loop
      vertex 82.4 17.2041 5.91244
      vertex 84.4 16.7807 5.82823
      vertex 84.4 17.2041 5.91244
    endloop
  endfacet
  facet normal 0 -0.195069 0.980789
    outer loop
      vertex 84.4 16.7807 5.82823
      vertex 82.4 17.2041 5.91244
      vertex 82.4 16.7807 5.82823
    endloop
  endfacet
  facet normal 0 -0.997864 0.0653289
    outer loop
      vertex 82.4 19.6218 8.66926
      vertex 84.4 19.65 9.1
      vertex 82.4 19.65 9.1
    endloop
  endfacet
  facet normal 0 -0.997864 0.0653289
    outer loop
      vertex 84.4 19.65 9.1
      vertex 82.4 19.6218 8.66926
      vertex 84.4 19.6218 8.66926
    endloop
  endfacet
  facet normal 0 -0.0653349 -0.997863
    outer loop
      vertex 82.4 16.35 12.4
      vertex 84.4 16.7807 12.3718
      vertex 84.4 16.35 12.4
    endloop
  endfacet
  facet normal -0 -0.0653349 -0.997863
    outer loop
      vertex 84.4 16.7807 12.3718
      vertex 82.4 16.35 12.4
      vertex 82.4 16.7807 12.3718
    endloop
  endfacet
  facet normal 0 -0.555555 -0.83148
    outer loop
      vertex 82.4 18 11.9579
      vertex 84.4 18.3589 11.7181
      vertex 84.4 18 11.9579
    endloop
  endfacet
  facet normal -0 -0.555555 -0.83148
    outer loop
      vertex 84.4 18.3589 11.7181
      vertex 82.4 18 11.9579
      vertex 82.4 18.3589 11.7181
    endloop
  endfacet
  facet normal 0 -0.83148 -0.555555
    outer loop
      vertex 82.4 19.2079 10.75
      vertex 84.4 18.9681 11.1089
      vertex 82.4 18.9681 11.1089
    endloop
  endfacet
  facet normal 0 -0.83148 -0.555555
    outer loop
      vertex 84.4 18.9681 11.1089
      vertex 82.4 19.2079 10.75
      vertex 84.4 19.2079 10.75
    endloop
  endfacet
  facet normal 0 -0.946908 -0.321504
    outer loop
      vertex 82.4 19.5376 9.9541
      vertex 84.4 19.3988 10.3629
      vertex 82.4 19.3988 10.3629
    endloop
  endfacet
  facet normal 0 -0.946908 -0.321504
    outer loop
      vertex 84.4 19.3988 10.3629
      vertex 82.4 19.5376 9.9541
      vertex 84.4 19.5376 9.9541
    endloop
  endfacet
  facet normal 0 -0.0654041 0.997859
    outer loop
      vertex 82.4 16.7807 5.82823
      vertex 84.4 16.35 5.8
      vertex 84.4 16.7807 5.82823
    endloop
  endfacet
  facet normal 0 -0.0654041 0.997859
    outer loop
      vertex 84.4 16.35 5.8
      vertex 82.4 16.7807 5.82823
      vertex 82.4 16.35 5.8
    endloop
  endfacet
  facet normal -0 0.321421 0.946936
    outer loop
      vertex 82.4 15.4959 5.91244
      vertex 84.4 15.0871 6.0512
      vertex 84.4 15.4959 5.91244
    endloop
  endfacet
  facet normal 0 0.321421 0.946936
    outer loop
      vertex 84.4 15.0871 6.0512
      vertex 82.4 15.4959 5.91244
      vertex 82.4 15.0871 6.0512
    endloop
  endfacet
  facet normal 0 0.83148 -0.555555
    outer loop
      vertex 84.4 13.4921 10.75
      vertex 82.4 13.7319 11.1089
      vertex 84.4 13.7319 11.1089
    endloop
  endfacet
  facet normal 0 0.83148 -0.555555
    outer loop
      vertex 82.4 13.7319 11.1089
      vertex 84.4 13.4921 10.75
      vertex 82.4 13.4921 10.75
    endloop
  endfacet
  facet normal 0 0.831487 0.555545
    outer loop
      vertex 84.4 13.7319 7.09109
      vertex 82.4 13.4921 7.45
      vertex 84.4 13.4921 7.45
    endloop
  endfacet
  facet normal 0 0.831487 0.555545
    outer loop
      vertex 82.4 13.4921 7.45
      vertex 84.4 13.7319 7.09109
      vertex 82.4 13.7319 7.09109
    endloop
  endfacet
  facet normal 0 -0.321421 0.946936
    outer loop
      vertex 82.4 17.6129 6.0512
      vertex 84.4 17.2041 5.91244
      vertex 84.4 17.6129 6.0512
    endloop
  endfacet
  facet normal 0 -0.321421 0.946936
    outer loop
      vertex 84.4 17.2041 5.91244
      vertex 82.4 17.6129 6.0512
      vertex 82.4 17.2041 5.91244
    endloop
  endfacet
  facet normal 0 -0.659285 0.751893
    outer loop
      vertex 82.4 18.6835 6.76655
      vertex 84.4 18.3589 6.48193
      vertex 84.4 18.6835 6.76655
    endloop
  endfacet
  facet normal 0 -0.659285 0.751893
    outer loop
      vertex 84.4 18.3589 6.48193
      vertex 82.4 18.6835 6.76655
      vertex 82.4 18.3589 6.48193
    endloop
  endfacet
  facet normal 0 -0.751856 0.659328
    outer loop
      vertex 82.4 18.6835 6.76655
      vertex 84.4 18.9681 7.09109
      vertex 82.4 18.9681 7.09109
    endloop
  endfacet
  facet normal 0 -0.751856 0.659328
    outer loop
      vertex 84.4 18.9681 7.09109
      vertex 82.4 18.6835 6.76655
      vertex 84.4 18.6835 6.76655
    endloop
  endfacet
  facet normal 0 -0.997864 -0.0653289
    outer loop
      vertex 82.4 19.65 9.1
      vertex 84.4 19.6218 9.53074
      vertex 82.4 19.6218 9.53074
    endloop
  endfacet
  facet normal 0 -0.997864 -0.0653289
    outer loop
      vertex 84.4 19.6218 9.53074
      vertex 82.4 19.65 9.1
      vertex 84.4 19.65 9.1
    endloop
  endfacet
  facet normal 0 -0.946899 0.321532
    outer loop
      vertex 82.4 19.3988 7.83714
      vertex 84.4 19.5376 8.2459
      vertex 82.4 19.5376 8.2459
    endloop
  endfacet
  facet normal 0 -0.946899 0.321532
    outer loop
      vertex 84.4 19.5376 8.2459
      vertex 82.4 19.3988 7.83714
      vertex 84.4 19.3988 7.83714
    endloop
  endfacet
  facet normal 0 -0.831487 0.555545
    outer loop
      vertex 82.4 18.9681 7.09109
      vertex 84.4 19.2079 7.45
      vertex 82.4 19.2079 7.45
    endloop
  endfacet
  facet normal 0 -0.831487 0.555545
    outer loop
      vertex 84.4 19.2079 7.45
      vertex 82.4 18.9681 7.09109
      vertex 84.4 18.9681 7.09109
    endloop
  endfacet
  facet normal 0 0.0653349 -0.997863
    outer loop
      vertex 82.4 15.9193 12.3718
      vertex 84.4 16.35 12.4
      vertex 84.4 15.9193 12.3718
    endloop
  endfacet
  facet normal 0 0.0653349 -0.997863
    outer loop
      vertex 84.4 16.35 12.4
      vertex 82.4 15.9193 12.3718
      vertex 82.4 16.35 12.4
    endloop
  endfacet
  facet normal 0 -0.195047 -0.980794
    outer loop
      vertex 82.4 16.7807 12.3718
      vertex 84.4 17.2041 12.2876
      vertex 84.4 16.7807 12.3718
    endloop
  endfacet
  facet normal -0 -0.195047 -0.980794
    outer loop
      vertex 84.4 17.2041 12.2876
      vertex 82.4 16.7807 12.3718
      vertex 82.4 17.2041 12.2876
    endloop
  endfacet
  facet normal 0 -0.442295 -0.89687
    outer loop
      vertex 82.4 17.6129 12.1488
      vertex 84.4 18 11.9579
      vertex 84.4 17.6129 12.1488
    endloop
  endfacet
  facet normal -0 -0.442295 -0.89687
    outer loop
      vertex 84.4 18 11.9579
      vertex 82.4 17.6129 12.1488
      vertex 82.4 18 11.9579
    endloop
  endfacet
  facet normal 0 -0.98079 -0.195065
    outer loop
      vertex 82.4 19.6218 9.53074
      vertex 84.4 19.5376 9.9541
      vertex 82.4 19.5376 9.9541
    endloop
  endfacet
  facet normal 0 -0.98079 -0.195065
    outer loop
      vertex 84.4 19.5376 9.9541
      vertex 82.4 19.6218 9.53074
      vertex 84.4 19.6218 9.53074
    endloop
  endfacet
  facet normal 0 -0.751916 -0.659259
    outer loop
      vertex 82.4 18.9681 11.1089
      vertex 84.4 18.6835 11.4335
      vertex 82.4 18.6835 11.4335
    endloop
  endfacet
  facet normal 0 -0.751916 -0.659259
    outer loop
      vertex 84.4 18.6835 11.4335
      vertex 82.4 18.9681 11.1089
      vertex 84.4 18.9681 11.1089
    endloop
  endfacet
  facet normal 0 -0.659259 -0.751916
    outer loop
      vertex 82.4 18.3589 11.7181
      vertex 84.4 18.6835 11.4335
      vertex 84.4 18.3589 11.7181
    endloop
  endfacet
  facet normal -0 -0.659259 -0.751916
    outer loop
      vertex 84.4 18.6835 11.4335
      vertex 82.4 18.3589 11.7181
      vertex 82.4 18.6835 11.4335
    endloop
  endfacet
  facet normal -0 0.0654041 0.997859
    outer loop
      vertex 82.4 16.35 5.8
      vertex 84.4 15.9193 5.82823
      vertex 84.4 16.35 5.8
    endloop
  endfacet
  facet normal 0 0.0654041 0.997859
    outer loop
      vertex 84.4 15.9193 5.82823
      vertex 82.4 16.35 5.8
      vertex 82.4 15.9193 5.82823
    endloop
  endfacet
  facet normal 0 0.997864 0.0653289
    outer loop
      vertex 84.4 13.0782 8.66926
      vertex 82.4 13.05 9.1
      vertex 84.4 13.05 9.1
    endloop
  endfacet
  facet normal 0 0.997864 0.0653289
    outer loop
      vertex 82.4 13.05 9.1
      vertex 84.4 13.0782 8.66926
      vertex 82.4 13.0782 8.66926
    endloop
  endfacet
  facet normal 0 0.442295 -0.89687
    outer loop
      vertex 82.4 14.7 11.9579
      vertex 84.4 15.0871 12.1488
      vertex 84.4 14.7 11.9579
    endloop
  endfacet
  facet normal 0 0.442295 -0.89687
    outer loop
      vertex 84.4 15.0871 12.1488
      vertex 82.4 14.7 11.9579
      vertex 82.4 15.0871 12.1488
    endloop
  endfacet
  facet normal 0 0.98079 0.195065
    outer loop
      vertex 84.4 13.1624 8.2459
      vertex 82.4 13.0782 8.66926
      vertex 84.4 13.0782 8.66926
    endloop
  endfacet
  facet normal 0 0.98079 0.195065
    outer loop
      vertex 82.4 13.0782 8.66926
      vertex 84.4 13.1624 8.2459
      vertex 82.4 13.1624 8.2459
    endloop
  endfacet
  facet normal -0 0.659285 0.751893
    outer loop
      vertex 82.4 14.3411 6.48193
      vertex 84.4 14.0165 6.76655
      vertex 84.4 14.3411 6.48193
    endloop
  endfacet
  facet normal 0 0.659285 0.751893
    outer loop
      vertex 84.4 14.0165 6.76655
      vertex 82.4 14.3411 6.48193
      vertex 82.4 14.0165 6.76655
    endloop
  endfacet
  facet normal 0 -0.442332 0.896851
    outer loop
      vertex 82.4 18 6.24212
      vertex 84.4 17.6129 6.0512
      vertex 84.4 18 6.24212
    endloop
  endfacet
  facet normal 0 -0.442332 0.896851
    outer loop
      vertex 84.4 17.6129 6.0512
      vertex 82.4 18 6.24212
      vertex 82.4 17.6129 6.0512
    endloop
  endfacet
  facet normal 0 -0.896888 0.442258
    outer loop
      vertex 82.4 19.2079 7.45
      vertex 84.4 19.3988 7.83714
      vertex 82.4 19.3988 7.83714
    endloop
  endfacet
  facet normal 0 -0.896888 0.442258
    outer loop
      vertex 84.4 19.3988 7.83714
      vertex 82.4 19.2079 7.45
      vertex 84.4 19.2079 7.45
    endloop
  endfacet
  facet normal 0 0.946908 -0.321504
    outer loop
      vertex 84.4 13.1624 9.9541
      vertex 82.4 13.3012 10.3629
      vertex 84.4 13.3012 10.3629
    endloop
  endfacet
  facet normal 0 0.946908 -0.321504
    outer loop
      vertex 82.4 13.3012 10.3629
      vertex 84.4 13.1624 9.9541
      vertex 82.4 13.1624 9.9541
    endloop
  endfacet
  facet normal 0 0.98079 -0.195065
    outer loop
      vertex 84.4 13.0782 9.53074
      vertex 82.4 13.1624 9.9541
      vertex 84.4 13.1624 9.9541
    endloop
  endfacet
  facet normal 0 0.98079 -0.195065
    outer loop
      vertex 82.4 13.1624 9.9541
      vertex 84.4 13.0782 9.53074
      vertex 82.4 13.0782 9.53074
    endloop
  endfacet
  facet normal 0 0.555555 -0.83148
    outer loop
      vertex 82.4 14.3411 11.7181
      vertex 84.4 14.7 11.9579
      vertex 84.4 14.3411 11.7181
    endloop
  endfacet
  facet normal 0 0.555555 -0.83148
    outer loop
      vertex 84.4 14.7 11.9579
      vertex 82.4 14.3411 11.7181
      vertex 82.4 14.7 11.9579
    endloop
  endfacet
  facet normal 0 0.751916 -0.659259
    outer loop
      vertex 84.4 13.7319 11.1089
      vertex 82.4 14.0165 11.4335
      vertex 84.4 14.0165 11.4335
    endloop
  endfacet
  facet normal 0 0.751916 -0.659259
    outer loop
      vertex 82.4 14.0165 11.4335
      vertex 84.4 13.7319 11.1089
      vertex 82.4 13.7319 11.1089
    endloop
  endfacet
  facet normal 0 0.896888 0.442258
    outer loop
      vertex 84.4 13.4921 7.45
      vertex 82.4 13.3012 7.83714
      vertex 84.4 13.3012 7.83714
    endloop
  endfacet
  facet normal 0 0.896888 0.442258
    outer loop
      vertex 82.4 13.3012 7.83714
      vertex 84.4 13.4921 7.45
      vertex 82.4 13.4921 7.45
    endloop
  endfacet
  facet normal 0 0.946899 0.321532
    outer loop
      vertex 84.4 13.3012 7.83714
      vertex 82.4 13.1624 8.2459
      vertex 84.4 13.1624 8.2459
    endloop
  endfacet
  facet normal 0 0.946899 0.321532
    outer loop
      vertex 82.4 13.1624 8.2459
      vertex 84.4 13.3012 7.83714
      vertex 82.4 13.3012 7.83714
    endloop
  endfacet
  facet normal 0 0.751856 0.659328
    outer loop
      vertex 84.4 14.0165 6.76655
      vertex 82.4 13.7319 7.09109
      vertex 84.4 13.7319 7.09109
    endloop
  endfacet
  facet normal 0 0.751856 0.659328
    outer loop
      vertex 82.4 13.7319 7.09109
      vertex 84.4 14.0165 6.76655
      vertex 82.4 14.0165 6.76655
    endloop
  endfacet
  facet normal -0 0.442332 0.896851
    outer loop
      vertex 82.4 15.0871 6.0512
      vertex 84.4 14.7 6.24212
      vertex 84.4 15.0871 6.0512
    endloop
  endfacet
  facet normal 0 0.442332 0.896851
    outer loop
      vertex 84.4 14.7 6.24212
      vertex 82.4 15.0871 6.0512
      vertex 82.4 14.7 6.24212
    endloop
  endfacet
  facet normal -0 0.555571 0.831469
    outer loop
      vertex 82.4 14.7 6.24212
      vertex 84.4 14.3411 6.48193
      vertex 84.4 14.7 6.24212
    endloop
  endfacet
  facet normal 0 0.555571 0.831469
    outer loop
      vertex 84.4 14.3411 6.48193
      vertex 82.4 14.7 6.24212
      vertex 82.4 14.3411 6.48193
    endloop
  endfacet
  facet normal 0 0.89687 -0.442295
    outer loop
      vertex 84.4 13.3012 10.3629
      vertex 82.4 13.4921 10.75
      vertex 84.4 13.4921 10.75
    endloop
  endfacet
  facet normal 0 0.89687 -0.442295
    outer loop
      vertex 82.4 13.4921 10.75
      vertex 84.4 13.3012 10.3629
      vertex 82.4 13.3012 10.3629
    endloop
  endfacet
  facet normal 0 0.997864 -0.0653289
    outer loop
      vertex 84.4 13.05 9.1
      vertex 82.4 13.0782 9.53074
      vertex 84.4 13.0782 9.53074
    endloop
  endfacet
  facet normal 0 0.997864 -0.0653289
    outer loop
      vertex 82.4 13.0782 9.53074
      vertex 84.4 13.05 9.1
      vertex 82.4 13.05 9.1
    endloop
  endfacet
  facet normal 0 0.321504 -0.946908
    outer loop
      vertex 82.4 15.0871 12.1488
      vertex 84.4 15.4959 12.2876
      vertex 84.4 15.0871 12.1488
    endloop
  endfacet
  facet normal 0 0.321504 -0.946908
    outer loop
      vertex 84.4 15.4959 12.2876
      vertex 82.4 15.0871 12.1488
      vertex 82.4 15.4959 12.2876
    endloop
  endfacet
  facet normal 0 0.195047 -0.980794
    outer loop
      vertex 82.4 15.4959 12.2876
      vertex 84.4 15.9193 12.3718
      vertex 84.4 15.4959 12.2876
    endloop
  endfacet
  facet normal 0 0.195047 -0.980794
    outer loop
      vertex 84.4 15.9193 12.3718
      vertex 82.4 15.4959 12.2876
      vertex 82.4 15.9193 12.3718
    endloop
  endfacet
  facet normal 0 0.659259 -0.751916
    outer loop
      vertex 82.4 14.0165 11.4335
      vertex 84.4 14.3411 11.7181
      vertex 84.4 14.0165 11.4335
    endloop
  endfacet
  facet normal 0 0.659259 -0.751916
    outer loop
      vertex 84.4 14.3411 11.7181
      vertex 82.4 14.0165 11.4335
      vertex 82.4 14.3411 11.7181
    endloop
  endfacet
endsolid OpenSCAD_Model
