solid OpenSCAD_Model
  facet normal 0 0 -1
    outer loop
      vertex 1.0487 0.734894 0
      vertex 3.7 -0.299999 0
      vertex 3.66578 -0.822104 0
    endloop
  endfacet
  facet normal 0 0 -1
    outer loop
      vertex 88.7 -0.299999 0
      vertex 91 -0.299999 0
      vertex 90.9658 -0.822104 0
    endloop
  endfacet
  facet normal 0 0 -1
    outer loop
      vertex 88.6855 -0.521894 0
      vertex 90.9658 -0.822104 0
      vertex 90.8637 -1.33528 0
    endloop
  endfacet
  facet normal 0 0 -1
    outer loop
      vertex 91 -0.299999 0
      vertex 88.7 -0.299999 0
      vertex 90.9658 0.222104 0
    endloop
  endfacet
  facet normal 0 0 -1
    outer loop
      vertex 88.6421 -0.739992 0
      vertex 90.8637 -1.33528 0
      vertex 90.6955 -1.83073 0
    endloop
  endfacet
  facet normal 0 0 -1
    outer loop
      vertex 88.6855 -0.078105 0
      vertex 90.9658 0.222104 0
      vertex 88.7 -0.299999 0
    endloop
  endfacet
  facet normal 0 0 -1
    outer loop
      vertex 88.5706 -0.950562 0
      vertex 90.6955 -1.83073 0
      vertex 90.4641 -2.3 0
    endloop
  endfacet
  facet normal -0 0 -1
    outer loop
      vertex 90.9658 0.222104 0
      vertex 88.6855 -0.078105 0
      vertex 90.8637 0.735275 0
    endloop
  endfacet
  facet normal 0 0 -1
    outer loop
      vertex 88.4722 -1.15 0
      vertex 90.4641 -2.3 0
      vertex 90.1734 -2.73505 0
    endloop
  endfacet
  facet normal 0 0 -1
    outer loop
      vertex 88.6421 0.139992 0
      vertex 90.8637 0.735275 0
      vertex 88.6855 -0.078105 0
    endloop
  endfacet
  facet normal 0 0 -1
    outer loop
      vertex 88.3487 -1.33489 0
      vertex 90.1734 -2.73505 0
      vertex 89.8284 -3.12843 0
    endloop
  endfacet
  facet normal -0 0 -1
    outer loop
      vertex 90.8637 0.735275 0
      vertex 88.6421 0.139992 0
      vertex 90.6955 1.23073 0
    endloop
  endfacet
  facet normal 0 0 -1
    outer loop
      vertex 88.2021 -1.50208 0
      vertex 89.8284 -3.12843 0
      vertex 89.435 -3.47341 0
    endloop
  endfacet
  facet normal 0 0 -1
    outer loop
      vertex 88.5706 0.350561 0
      vertex 90.6955 1.23073 0
      vertex 88.6421 0.139992 0
    endloop
  endfacet
  facet normal 0 0 -1
    outer loop
      vertex 88.0349 -1.6487 0
      vertex 89.435 -3.47341 0
      vertex 89 -3.7641 0
    endloop
  endfacet
  facet normal -0 0 -1
    outer loop
      vertex 90.6955 1.23073 0
      vertex 88.5706 0.350561 0
      vertex 90.4641 1.7 0
    endloop
  endfacet
  facet normal 0 0 -1
    outer loop
      vertex 88.4722 0.549999 0
      vertex 90.4641 1.7 0
      vertex 88.5706 0.350561 0
    endloop
  endfacet
  facet normal 0 0 -1
    outer loop
      vertex 90.9658 -0.822104 0
      vertex 88.6855 -0.521894 0
      vertex 88.7 -0.299999 0
    endloop
  endfacet
  facet normal 0 0 -1
    outer loop
      vertex 90.8637 -1.33528 0
      vertex 88.6421 -0.739992 0
      vertex 88.6855 -0.521894 0
    endloop
  endfacet
  facet normal 0 0 -1
    outer loop
      vertex 90.6955 -1.83073 0
      vertex 88.5706 -0.950562 0
      vertex 88.6421 -0.739992 0
    endloop
  endfacet
  facet normal 0 0 -1
    outer loop
      vertex 87.85 -1.77224 0
      vertex 89 -3.7641 0
      vertex 88.5307 -3.99552 0
    endloop
  endfacet
  facet normal 0 0 -1
    outer loop
      vertex 90.4641 -2.3 0
      vertex 88.4722 -1.15 0
      vertex 88.5706 -0.950562 0
    endloop
  endfacet
  facet normal 0 0 -1
    outer loop
      vertex 90.1734 -2.73505 0
      vertex 88.3487 -1.33489 0
      vertex 88.4722 -1.15 0
    endloop
  endfacet
  facet normal 0 0 -1
    outer loop
      vertex 89.8284 -3.12843 0
      vertex 88.2021 -1.50208 0
      vertex 88.3487 -1.33489 0
    endloop
  endfacet
  facet normal 0 0 -1
    outer loop
      vertex 87.6506 -1.87059 0
      vertex 88.5307 -3.99552 0
      vertex 88.0353 -4.1637 0
    endloop
  endfacet
  facet normal 0 0 -1
    outer loop
      vertex 89.435 -3.47341 0
      vertex 88.0349 -1.6487 0
      vertex 88.2021 -1.50208 0
    endloop
  endfacet
  facet normal 0 0 -1
    outer loop
      vertex 89 -3.7641 0
      vertex 87.85 -1.77224 0
      vertex 88.0349 -1.6487 0
    endloop
  endfacet
  facet normal 0 0 -1
    outer loop
      vertex 88.5307 -3.99552 0
      vertex 87.6506 -1.87059 0
      vertex 87.85 -1.77224 0
    endloop
  endfacet
  facet normal 0 0 -1
    outer loop
      vertex 87.44 -1.94207 0
      vertex 88.0353 -4.1637 0
      vertex 87.5221 -4.26578 0
    endloop
  endfacet
  facet normal 0 0 -1
    outer loop
      vertex 88.0353 -4.1637 0
      vertex 87.44 -1.94207 0
      vertex 87.6506 -1.87059 0
    endloop
  endfacet
  facet normal 0 0 -1
    outer loop
      vertex 87.5221 -4.26578 0
      vertex 87.2219 -1.98546 0
      vertex 87.44 -1.94207 0
    endloop
  endfacet
  facet normal 0 0 -1
    outer loop
      vertex 87 -4.3 0
      vertex 87.2219 -1.98546 0
      vertex 87.5221 -4.26578 0
    endloop
  endfacet
  facet normal 0 0 -1
    outer loop
      vertex 87 -4.3 0
      vertex 87 -2 0
      vertex 87.2219 -1.98546 0
    endloop
  endfacet
  facet normal 0 0 -1
    outer loop
      vertex 87 -4.3 0
      vertex 86.7781 -1.98546 0
      vertex 87 -2 0
    endloop
  endfacet
  facet normal 0 0 -1
    outer loop
      vertex 86.4779 -4.26578 0
      vertex 86.7781 -1.98546 0
      vertex 87 -4.3 0
    endloop
  endfacet
  facet normal -0 0 -1
    outer loop
      vertex 86.7781 -1.98546 0
      vertex 86.4779 -4.26578 0
      vertex 86.56 -1.94207 0
    endloop
  endfacet
  facet normal 0 0 -1
    outer loop
      vertex 85.9647 -4.1637 0
      vertex 86.56 -1.94207 0
      vertex 86.4779 -4.26578 0
    endloop
  endfacet
  facet normal -0 0 -1
    outer loop
      vertex 86.56 -1.94207 0
      vertex 85.9647 -4.1637 0
      vertex 86.3494 -1.87059 0
    endloop
  endfacet
  facet normal 0 0 -1
    outer loop
      vertex 85.4693 -3.99552 0
      vertex 86.3494 -1.87059 0
      vertex 85.9647 -4.1637 0
    endloop
  endfacet
  facet normal -0 0 -1
    outer loop
      vertex 86.3494 -1.87059 0
      vertex 85.4693 -3.99552 0
      vertex 86.15 -1.77224 0
    endloop
  endfacet
  facet normal 0 0 -1
    outer loop
      vertex 85 -3.7641 0
      vertex 86.15 -1.77224 0
      vertex 85.4693 -3.99552 0
    endloop
  endfacet
  facet normal -0 0 -1
    outer loop
      vertex 86.15 -1.77224 0
      vertex 85 -3.7641 0
      vertex 85.9651 -1.6487 0
    endloop
  endfacet
  facet normal 0 0 -1
    outer loop
      vertex 84.565 -3.47341 0
      vertex 85.9651 -1.6487 0
      vertex 85 -3.7641 0
    endloop
  endfacet
  facet normal -0 0 -1
    outer loop
      vertex 85.9651 -1.6487 0
      vertex 84.565 -3.47341 0
      vertex 85.7979 -1.50208 0
    endloop
  endfacet
  facet normal 0 0 -1
    outer loop
      vertex 84.1716 -3.12843 0
      vertex 85.7979 -1.50208 0
      vertex 84.565 -3.47341 0
    endloop
  endfacet
  facet normal -0 0 -1
    outer loop
      vertex 85.7979 -1.50208 0
      vertex 84.1716 -3.12843 0
      vertex 85.6513 -1.33489 0
    endloop
  endfacet
  facet normal 0 0 -1
    outer loop
      vertex 83.8266 -2.73505 0
      vertex 85.6513 -1.33489 0
      vertex 84.1716 -3.12843 0
    endloop
  endfacet
  facet normal -0 0 -1
    outer loop
      vertex 85.6513 -1.33489 0
      vertex 83.8266 -2.73505 0
      vertex 85.5278 -1.15 0
    endloop
  endfacet
  facet normal 0 0 -1
    outer loop
      vertex 85.4294 32.3494 0
      vertex 83.0197 32.7 0
      vertex 85.3579 32.56 0
    endloop
  endfacet
  facet normal 0 0 -1
    outer loop
      vertex 83.5359 -2.3 0
      vertex 85.5278 -1.15 0
      vertex 83.8266 -2.73505 0
    endloop
  endfacet
  facet normal -0 0 -1
    outer loop
      vertex 90.4641 1.7 0
      vertex 88.4722 0.549999 0
      vertex 90.1734 2.13505 0
    endloop
  endfacet
  facet normal 0 0 -1
    outer loop
      vertex 88.3487 0.734894 0
      vertex 90.1734 2.13505 0
      vertex 88.4722 0.549999 0
    endloop
  endfacet
  facet normal -0 0 -1
    outer loop
      vertex 90.1734 2.13505 0
      vertex 88.3487 0.734894 0
      vertex 89.8284 2.52843 0
    endloop
  endfacet
  facet normal 0 0 -1
    outer loop
      vertex 88.2021 0.902081 0
      vertex 89.8284 2.52843 0
      vertex 88.3487 0.734894 0
    endloop
  endfacet
  facet normal -0 0 -1
    outer loop
      vertex 89.8284 2.52843 0
      vertex 88.2021 0.902081 0
      vertex 89.435 2.87341 0
    endloop
  endfacet
  facet normal 0 0 -1
    outer loop
      vertex 88.0349 1.0487 0
      vertex 89.435 2.87341 0
      vertex 88.2021 0.902081 0
    endloop
  endfacet
  facet normal -0 0 -1
    outer loop
      vertex 89.435 2.87341 0
      vertex 88.0349 1.0487 0
      vertex 89 3.1641 0
    endloop
  endfacet
  facet normal 0 0 -1
    outer loop
      vertex 87.85 1.17224 0
      vertex 89 3.1641 0
      vertex 88.0349 1.0487 0
    endloop
  endfacet
  facet normal -0 0 -1
    outer loop
      vertex 89 3.1641 0
      vertex 87.85 1.17224 0
      vertex 88.5307 3.39552 0
    endloop
  endfacet
  facet normal 0 0 -1
    outer loop
      vertex 87.6506 1.27059 0
      vertex 88.5307 3.39552 0
      vertex 87.85 1.17224 0
    endloop
  endfacet
  facet normal -0 0 -1
    outer loop
      vertex 88.5307 3.39552 0
      vertex 87.6506 1.27059 0
      vertex 88.0353 3.5637 0
    endloop
  endfacet
  facet normal 0 0 -1
    outer loop
      vertex 87.44 1.34207 0
      vertex 88.0353 3.5637 0
      vertex 87.6506 1.27059 0
    endloop
  endfacet
  facet normal -0 0 -1
    outer loop
      vertex 88.0353 3.5637 0
      vertex 87.44 1.34207 0
      vertex 87.5221 3.66578 0
    endloop
  endfacet
  facet normal 0 0 -1
    outer loop
      vertex 87.2219 1.38546 0
      vertex 87.5221 3.66578 0
      vertex 87.44 1.34207 0
    endloop
  endfacet
  facet normal 0 0 -1
    outer loop
      vertex 87 1.4 0
      vertex 87.5221 3.66578 0
      vertex 87.2219 1.38546 0
    endloop
  endfacet
  facet normal 0 0 -1
    outer loop
      vertex 87 1.4 0
      vertex 87 3.7 0
      vertex 87.5221 3.66578 0
    endloop
  endfacet
  facet normal 0 0 -1
    outer loop
      vertex 86.7 3.68034 0
      vertex 87 1.4 0
      vertex 86.7781 1.38546 0
    endloop
  endfacet
  facet normal 0 0 -1
    outer loop
      vertex 87 1.4 0
      vertex 86.7 3.68034 0
      vertex 87 3.7 0
    endloop
  endfacet
  facet normal 0 0 -1
    outer loop
      vertex 86.3494 1.27059 0
      vertex 86.7 3.68034 0
      vertex 86.56 1.34207 0
    endloop
  endfacet
  facet normal 0 0 -1
    outer loop
      vertex 86.56 1.34207 0
      vertex 86.7 3.68034 0
      vertex 86.7781 1.38546 0
    endloop
  endfacet
  facet normal 0 0 -1
    outer loop
      vertex 88.7 33 0
      vertex 91 33 0
      vertex 90.9658 32.4779 0
    endloop
  endfacet
  facet normal 0 0 -1
    outer loop
      vertex 88.6855 32.7781 0
      vertex 90.9658 32.4779 0
      vertex 90.8637 31.9647 0
    endloop
  endfacet
  facet normal 0 0 -1
    outer loop
      vertex 91 33 0
      vertex 88.7 33 0
      vertex 90.9658 33.5221 0
    endloop
  endfacet
  facet normal 0 0 -1
    outer loop
      vertex 88.6421 32.56 0
      vertex 90.8637 31.9647 0
      vertex 90.6955 31.4693 0
    endloop
  endfacet
  facet normal 0 0 -1
    outer loop
      vertex 88.6855 33.2219 0
      vertex 90.9658 33.5221 0
      vertex 88.7 33 0
    endloop
  endfacet
  facet normal 0 0 -1
    outer loop
      vertex 88.5706 32.3494 0
      vertex 90.6955 31.4693 0
      vertex 90.4641 31 0
    endloop
  endfacet
  facet normal -0 0 -1
    outer loop
      vertex 90.9658 33.5221 0
      vertex 88.6855 33.2219 0
      vertex 90.8637 34.0353 0
    endloop
  endfacet
  facet normal 0 0 -1
    outer loop
      vertex 88.4722 32.15 0
      vertex 90.4641 31 0
      vertex 90.1734 30.565 0
    endloop
  endfacet
  facet normal 0 0 -1
    outer loop
      vertex 88.6421 33.44 0
      vertex 90.8637 34.0353 0
      vertex 88.6855 33.2219 0
    endloop
  endfacet
  facet normal 0 0 -1
    outer loop
      vertex 88.3487 31.9651 0
      vertex 90.1734 30.565 0
      vertex 89.8284 30.1716 0
    endloop
  endfacet
  facet normal -0 0 -1
    outer loop
      vertex 90.8637 34.0353 0
      vertex 88.6421 33.44 0
      vertex 90.6955 34.5307 0
    endloop
  endfacet
  facet normal 0 0 -1
    outer loop
      vertex 88.2021 31.7979 0
      vertex 89.8284 30.1716 0
      vertex 89.435 29.8266 0
    endloop
  endfacet
  facet normal 0 0 -1
    outer loop
      vertex 88.5706 33.6506 0
      vertex 90.6955 34.5307 0
      vertex 88.6421 33.44 0
    endloop
  endfacet
  facet normal 0 0 -1
    outer loop
      vertex 88.0349 31.6513 0
      vertex 89.435 29.8266 0
      vertex 89 29.5359 0
    endloop
  endfacet
  facet normal -0 0 -1
    outer loop
      vertex 90.6955 34.5307 0
      vertex 88.5706 33.6506 0
      vertex 90.4641 35 0
    endloop
  endfacet
  facet normal 0 0 -1
    outer loop
      vertex 88.4722 33.85 0
      vertex 90.4641 35 0
      vertex 88.5706 33.6506 0
    endloop
  endfacet
  facet normal 0 0 -1
    outer loop
      vertex 90.9658 32.4779 0
      vertex 88.6855 32.7781 0
      vertex 88.7 33 0
    endloop
  endfacet
  facet normal 0 0 -1
    outer loop
      vertex 90.8637 31.9647 0
      vertex 88.6421 32.56 0
      vertex 88.6855 32.7781 0
    endloop
  endfacet
  facet normal 0 0 -1
    outer loop
      vertex 90.6955 31.4693 0
      vertex 88.5706 32.3494 0
      vertex 88.6421 32.56 0
    endloop
  endfacet
  facet normal 0 0 -1
    outer loop
      vertex 87.85 31.5278 0
      vertex 89 29.5359 0
      vertex 88.5307 29.3045 0
    endloop
  endfacet
  facet normal 0 0 -1
    outer loop
      vertex 90.4641 31 0
      vertex 88.4722 32.15 0
      vertex 88.5706 32.3494 0
    endloop
  endfacet
  facet normal 0 0 -1
    outer loop
      vertex 90.1734 30.565 0
      vertex 88.3487 31.9651 0
      vertex 88.4722 32.15 0
    endloop
  endfacet
  facet normal 0 0 -1
    outer loop
      vertex 89.8284 30.1716 0
      vertex 88.2021 31.7979 0
      vertex 88.3487 31.9651 0
    endloop
  endfacet
  facet normal 0 0 -1
    outer loop
      vertex 87.6506 31.4294 0
      vertex 88.5307 29.3045 0
      vertex 88.0353 29.1363 0
    endloop
  endfacet
  facet normal 0 0 -1
    outer loop
      vertex 89.435 29.8266 0
      vertex 88.0349 31.6513 0
      vertex 88.2021 31.7979 0
    endloop
  endfacet
  facet normal 0 0 -1
    outer loop
      vertex 89 29.5359 0
      vertex 87.85 31.5278 0
      vertex 88.0349 31.6513 0
    endloop
  endfacet
  facet normal 0 0 -1
    outer loop
      vertex 88.5307 29.3045 0
      vertex 87.6506 31.4294 0
      vertex 87.85 31.5278 0
    endloop
  endfacet
  facet normal 0 0 -1
    outer loop
      vertex 87.44 31.3579 0
      vertex 88.0353 29.1363 0
      vertex 87.5221 29.0342 0
    endloop
  endfacet
  facet normal 0 0 -1
    outer loop
      vertex 88.0353 29.1363 0
      vertex 87.44 31.3579 0
      vertex 87.6506 31.4294 0
    endloop
  endfacet
  facet normal 0 0 -1
    outer loop
      vertex 87.5221 29.0342 0
      vertex 87.2219 31.3145 0
      vertex 87.44 31.3579 0
    endloop
  endfacet
  facet normal 0 0 -1
    outer loop
      vertex 87 29 0
      vertex 87.2219 31.3145 0
      vertex 87.5221 29.0342 0
    endloop
  endfacet
  facet normal 0 0 -1
    outer loop
      vertex 87 29 0
      vertex 87 31.3 0
      vertex 87.2219 31.3145 0
    endloop
  endfacet
  facet normal 0 0 -1
    outer loop
      vertex 86.7 29.0197 0
      vertex 87 31.3 0
      vertex 87 29 0
    endloop
  endfacet
  facet normal -0 0 -1
    outer loop
      vertex 87 31.3 0
      vertex 86.7 29.0197 0
      vertex 86.7781 31.3145 0
    endloop
  endfacet
  facet normal 0 0 -1
    outer loop
      vertex 86.7 29.0197 0
      vertex 86.56 31.3579 0
      vertex 86.7781 31.3145 0
    endloop
  endfacet
  facet normal 0 0 -1
    outer loop
      vertex 86.15 1.17224 0
      vertex 86.7 3.68034 0
      vertex 86.3494 1.27059 0
    endloop
  endfacet
  facet normal 0 0 -1
    outer loop
      vertex 85.9651 1.0487 0
      vertex 86.7 3.68034 0
      vertex 86.15 1.17224 0
    endloop
  endfacet
  facet normal 0 0 -1
    outer loop
      vertex 86.7 29.0197 0
      vertex 86.3494 31.4294 0
      vertex 86.56 31.3579 0
    endloop
  endfacet
  facet normal 0 0 -1
    outer loop
      vertex 85.7979 0.902081 0
      vertex 86.7 3.68034 0
      vertex 85.9651 1.0487 0
    endloop
  endfacet
  facet normal 0 0 -1
    outer loop
      vertex 86.7 29.0197 0
      vertex 86.15 31.5278 0
      vertex 86.3494 31.4294 0
    endloop
  endfacet
  facet normal 0 0 -1
    outer loop
      vertex 83.0197 0 0
      vertex 85.7979 0.902081 0
      vertex 85.6513 0.734894 0
    endloop
  endfacet
  facet normal 0 0 -1
    outer loop
      vertex 86.7 29.0197 0
      vertex 85.9651 31.6513 0
      vertex 86.15 31.5278 0
    endloop
  endfacet
  facet normal 0 0 -1
    outer loop
      vertex 83.0197 0 0
      vertex 85.6513 0.734894 0
      vertex 85.5278 0.549999 0
    endloop
  endfacet
  facet normal 0 0 -1
    outer loop
      vertex 86.7 29.0197 0
      vertex 85.7979 31.7979 0
      vertex 85.9651 31.6513 0
    endloop
  endfacet
  facet normal 0 0 -1
    outer loop
      vertex 83.0197 0 0
      vertex 85.5278 0.549999 0
      vertex 85.4294 0.350561 0
    endloop
  endfacet
  facet normal 0 0 -1
    outer loop
      vertex 83.0197 32.7 0
      vertex 85.7979 31.7979 0
      vertex 86.7 29.0197 0
    endloop
  endfacet
  facet normal -0 0 -1
    outer loop
      vertex 85.7979 0.902081 0
      vertex 83.0197 0 0
      vertex 86.7 3.68034 0
    endloop
  endfacet
  facet normal 0 0 -1
    outer loop
      vertex 85.7979 31.7979 0
      vertex 83.0197 32.7 0
      vertex 85.6513 31.9651 0
    endloop
  endfacet
  facet normal -0 0 -1
    outer loop
      vertex 86.7 3.68034 0
      vertex 83.0197 0 0
      vertex 86.7 29.0197 0
    endloop
  endfacet
  facet normal 0 0 -1
    outer loop
      vertex 85.6513 31.9651 0
      vertex 83.0197 32.7 0
      vertex 85.5278 32.15 0
    endloop
  endfacet
  facet normal 0 0 -1
    outer loop
      vertex 83.0197 0 0
      vertex 85.4294 0.350561 0
      vertex 85.3579 0.139992 0
    endloop
  endfacet
  facet normal 0 0 -1
    outer loop
      vertex 83.0197 32.7 0
      vertex 86.7 29.0197 0
      vertex 83.0197 0 0
    endloop
  endfacet
  facet normal 0 0 -1
    outer loop
      vertex 83.0197 0 0
      vertex 85.3579 0.139992 0
      vertex 85.3145 -0.078105 0
    endloop
  endfacet
  facet normal 0 0 -1
    outer loop
      vertex 85.5278 32.15 0
      vertex 83.0197 32.7 0
      vertex 85.4294 32.3494 0
    endloop
  endfacet
  facet normal 0 0 -1
    outer loop
      vertex 85.3145 -0.521894 0
      vertex 83.0197 0 0
      vertex 85.3 -0.299999 0
    endloop
  endfacet
  facet normal 0 0 -1
    outer loop
      vertex 85.3 -0.299999 0
      vertex 83.0197 0 0
      vertex 85.3145 -0.078105 0
    endloop
  endfacet
  facet normal -0 0 -1
    outer loop
      vertex 90.4641 35 0
      vertex 88.4722 33.85 0
      vertex 90.1734 35.435 0
    endloop
  endfacet
  facet normal 0 0 -1
    outer loop
      vertex 88.3487 34.0349 0
      vertex 90.1734 35.435 0
      vertex 88.4722 33.85 0
    endloop
  endfacet
  facet normal -0 0 -1
    outer loop
      vertex 90.1734 35.435 0
      vertex 88.3487 34.0349 0
      vertex 89.8284 35.8284 0
    endloop
  endfacet
  facet normal 0 0 -1
    outer loop
      vertex 88.2021 34.2021 0
      vertex 89.8284 35.8284 0
      vertex 88.3487 34.0349 0
    endloop
  endfacet
  facet normal -0 0 -1
    outer loop
      vertex 89.8284 35.8284 0
      vertex 88.2021 34.2021 0
      vertex 89.435 36.1734 0
    endloop
  endfacet
  facet normal 0 0 -1
    outer loop
      vertex 88.0349 34.3487 0
      vertex 89.435 36.1734 0
      vertex 88.2021 34.2021 0
    endloop
  endfacet
  facet normal -0 0 -1
    outer loop
      vertex 89.435 36.1734 0
      vertex 88.0349 34.3487 0
      vertex 89 36.4641 0
    endloop
  endfacet
  facet normal 0 0 -1
    outer loop
      vertex 87.85 34.4722 0
      vertex 89 36.4641 0
      vertex 88.0349 34.3487 0
    endloop
  endfacet
  facet normal -0 0 -1
    outer loop
      vertex 89 36.4641 0
      vertex 87.85 34.4722 0
      vertex 88.5307 36.6955 0
    endloop
  endfacet
  facet normal 0 0 -1
    outer loop
      vertex 87.6506 34.5706 0
      vertex 88.5307 36.6955 0
      vertex 87.85 34.4722 0
    endloop
  endfacet
  facet normal -0 0 -1
    outer loop
      vertex 88.5307 36.6955 0
      vertex 87.6506 34.5706 0
      vertex 88.0353 36.8637 0
    endloop
  endfacet
  facet normal 0 0 -1
    outer loop
      vertex 87.44 34.6421 0
      vertex 88.0353 36.8637 0
      vertex 87.6506 34.5706 0
    endloop
  endfacet
  facet normal -0 0 -1
    outer loop
      vertex 88.0353 36.8637 0
      vertex 87.44 34.6421 0
      vertex 87.5221 36.9658 0
    endloop
  endfacet
  facet normal 0 0 -1
    outer loop
      vertex 87.2219 34.6855 0
      vertex 87.5221 36.9658 0
      vertex 87.44 34.6421 0
    endloop
  endfacet
  facet normal 0 0 -1
    outer loop
      vertex 87 34.7 0
      vertex 87.5221 36.9658 0
      vertex 87.2219 34.6855 0
    endloop
  endfacet
  facet normal 0 0 -1
    outer loop
      vertex 87 34.7 0
      vertex 87 37 0
      vertex 87.5221 36.9658 0
    endloop
  endfacet
  facet normal 0 0 -1
    outer loop
      vertex 86.7781 34.6855 0
      vertex 87 37 0
      vertex 87 34.7 0
    endloop
  endfacet
  facet normal 0 0 -1
    outer loop
      vertex 86.4779 36.9658 0
      vertex 86.7781 34.6855 0
      vertex 86.56 34.6421 0
    endloop
  endfacet
  facet normal 0 0 -1
    outer loop
      vertex 86.7781 34.6855 0
      vertex 86.4779 36.9658 0
      vertex 87 37 0
    endloop
  endfacet
  facet normal 0 0 -1
    outer loop
      vertex 85.9647 36.8637 0
      vertex 86.56 34.6421 0
      vertex 86.3494 34.5706 0
    endloop
  endfacet
  facet normal 0 0 -1
    outer loop
      vertex 85.4693 36.6955 0
      vertex 86.3494 34.5706 0
      vertex 86.15 34.4722 0
    endloop
  endfacet
  facet normal 0 0 -1
    outer loop
      vertex 85 36.4641 0
      vertex 86.15 34.4722 0
      vertex 85.9651 34.3487 0
    endloop
  endfacet
  facet normal 0 0 -1
    outer loop
      vertex 86.56 34.6421 0
      vertex 85.9647 36.8637 0
      vertex 86.4779 36.9658 0
    endloop
  endfacet
  facet normal 0 0 -1
    outer loop
      vertex 84.565 36.1734 0
      vertex 85.9651 34.3487 0
      vertex 85.7979 34.2021 0
    endloop
  endfacet
  facet normal 0 0 -1
    outer loop
      vertex 84.1716 35.8284 0
      vertex 85.7979 34.2021 0
      vertex 85.6513 34.0349 0
    endloop
  endfacet
  facet normal 0 0 -1
    outer loop
      vertex 83.8266 35.435 0
      vertex 85.6513 34.0349 0
      vertex 85.5278 33.85 0
    endloop
  endfacet
  facet normal 0 0 -1
    outer loop
      vertex 86.3494 34.5706 0
      vertex 85.4693 36.6955 0
      vertex 85.9647 36.8637 0
    endloop
  endfacet
  facet normal 0 0 -1
    outer loop
      vertex 83.5359 35 0
      vertex 85.5278 33.85 0
      vertex 85.4294 33.6506 0
    endloop
  endfacet
  facet normal 0 0 -1
    outer loop
      vertex 83.3045 34.5307 0
      vertex 85.4294 33.6506 0
      vertex 85.3579 33.44 0
    endloop
  endfacet
  facet normal 0 0 -1
    outer loop
      vertex 83.1363 34.0353 0
      vertex 85.3579 33.44 0
      vertex 85.3145 33.2219 0
    endloop
  endfacet
  facet normal 0 0 -1
    outer loop
      vertex 83.0342 33.5221 0
      vertex 85.3145 33.2219 0
      vertex 85.3 33 0
    endloop
  endfacet
  facet normal 0 0 -1
    outer loop
      vertex 86.15 34.4722 0
      vertex 85 36.4641 0
      vertex 85.4693 36.6955 0
    endloop
  endfacet
  facet normal 0 0 -1
    outer loop
      vertex 85.3579 32.56 0
      vertex 83.0197 32.7 0
      vertex 85.3145 32.7781 0
    endloop
  endfacet
  facet normal -0 0 -1
    outer loop
      vertex 85.5278 -1.15 0
      vertex 83.5359 -2.3 0
      vertex 85.4294 -0.950562 0
    endloop
  endfacet
  facet normal -0 0 -1
    outer loop
      vertex 85.3145 32.7781 0
      vertex 83.0197 32.7 0
      vertex 85.3 33 0
    endloop
  endfacet
  facet normal 0 0 -1
    outer loop
      vertex 83.3045 -1.83073 0
      vertex 85.4294 -0.950562 0
      vertex 83.5359 -2.3 0
    endloop
  endfacet
  facet normal 0 0 -1
    outer loop
      vertex 83 33 0
      vertex 85.3 33 0
      vertex 83.0197 32.7 0
    endloop
  endfacet
  facet normal -0 0 -1
    outer loop
      vertex 85.4294 -0.950562 0
      vertex 83.3045 -1.83073 0
      vertex 85.3579 -0.739992 0
    endloop
  endfacet
  facet normal 0 0 -1
    outer loop
      vertex 85.9651 34.3487 0
      vertex 84.565 36.1734 0
      vertex 85 36.4641 0
    endloop
  endfacet
  facet normal 0 0 -1
    outer loop
      vertex 83.1363 -1.33528 0
      vertex 85.3579 -0.739992 0
      vertex 83.3045 -1.83073 0
    endloop
  endfacet
  facet normal 0 0 -1
    outer loop
      vertex 85.7979 34.2021 0
      vertex 84.1716 35.8284 0
      vertex 84.565 36.1734 0
    endloop
  endfacet
  facet normal -0 0 -1
    outer loop
      vertex 85.3579 -0.739992 0
      vertex 83.1363 -1.33528 0
      vertex 85.3145 -0.521894 0
    endloop
  endfacet
  facet normal 0 0 -1
    outer loop
      vertex 85.6513 34.0349 0
      vertex 83.8266 35.435 0
      vertex 84.1716 35.8284 0
    endloop
  endfacet
  facet normal 0 0 -1
    outer loop
      vertex 83.0342 -0.822104 0
      vertex 85.3145 -0.521894 0
      vertex 83.1363 -1.33528 0
    endloop
  endfacet
  facet normal 0 0 -1
    outer loop
      vertex 85.5278 33.85 0
      vertex 83.5359 35 0
      vertex 83.8266 35.435 0
    endloop
  endfacet
  facet normal 0 0 -1
    outer loop
      vertex 83 -0.299999 0
      vertex 85.3145 -0.521894 0
      vertex 83.0342 -0.822104 0
    endloop
  endfacet
  facet normal 0 0 -1
    outer loop
      vertex 85.4294 33.6506 0
      vertex 83.3045 34.5307 0
      vertex 83.5359 35 0
    endloop
  endfacet
  facet normal 0 0 -1
    outer loop
      vertex 85.3579 33.44 0
      vertex 83.1363 34.0353 0
      vertex 83.3045 34.5307 0
    endloop
  endfacet
  facet normal 0 0 -1
    outer loop
      vertex 85.3145 -0.521894 0
      vertex 83 -0.299999 0
      vertex 83.0197 0 0
    endloop
  endfacet
  facet normal 0 0 -1
    outer loop
      vertex 83.0197 0 0
      vertex 37.7 10.8 0
      vertex 83.0197 32.7 0
    endloop
  endfacet
  facet normal 0 0 -1
    outer loop
      vertex 83.0197 0 0
      vertex 37.6914 10.6695 0
      vertex 37.7 10.8 0
    endloop
  endfacet
  facet normal 0 0 -1
    outer loop
      vertex 83.0197 0 0
      vertex 37.6659 10.5412 0
      vertex 37.6914 10.6695 0
    endloop
  endfacet
  facet normal 0 0 -1
    outer loop
      vertex 83.0197 0 0
      vertex 37.6239 10.4173 0
      vertex 37.6659 10.5412 0
    endloop
  endfacet
  facet normal 0 0 -1
    outer loop
      vertex 83.0197 0 0
      vertex 37.566 10.3 0
      vertex 37.6239 10.4173 0
    endloop
  endfacet
  facet normal 0 0 -1
    outer loop
      vertex 83.0197 0 0
      vertex 37.4934 10.1912 0
      vertex 37.566 10.3 0
    endloop
  endfacet
  facet normal 0 0 -1
    outer loop
      vertex 83.0197 0 0
      vertex 37.4071 10.0929 0
      vertex 37.4934 10.1912 0
    endloop
  endfacet
  facet normal 0 0 -1
    outer loop
      vertex 83.0197 0 0
      vertex 37.3088 10.0066 0
      vertex 37.4071 10.0929 0
    endloop
  endfacet
  facet normal 0 0 -1
    outer loop
      vertex 83.0197 0 0
      vertex 37.2 9.93397 0
      vertex 37.3088 10.0066 0
    endloop
  endfacet
  facet normal 0 0 -1
    outer loop
      vertex 83.0197 0 0
      vertex 37.0827 9.87612 0
      vertex 37.2 9.93397 0
    endloop
  endfacet
  facet normal 0 0 -1
    outer loop
      vertex 83.0197 0 0
      vertex 36.9588 9.83407 0
      vertex 37.0827 9.87612 0
    endloop
  endfacet
  facet normal 0 0 -1
    outer loop
      vertex 83.0197 0 0
      vertex 36.8305 9.80855 0
      vertex 36.9588 9.83407 0
    endloop
  endfacet
  facet normal 0 0 -1
    outer loop
      vertex 3.68034 0 0
      vertex 36.8305 9.80855 0
      vertex 83.0197 0 0
    endloop
  endfacet
  facet normal 0 0 -1
    outer loop
      vertex 36.8305 9.80855 0
      vertex 3.68034 0 0
      vertex 36.7 9.8 0
    endloop
  endfacet
  facet normal -0 0 -1
    outer loop
      vertex 36.7 9.8 0
      vertex 3.68034 0 0
      vertex 14.7 9.8 0
    endloop
  endfacet
  facet normal -0 0 -1
    outer loop
      vertex 13.7341 10.5412 0
      vertex 7.55185 9.11764 0
      vertex 13.7086 10.6695 0
    endloop
  endfacet
  facet normal 0 0 -1
    outer loop
      vertex 7.55185 9.11764 0
      vertex 13.7341 10.5412 0
      vertex 7.60289 8.86105 0
    endloop
  endfacet
  facet normal -0 0 -1
    outer loop
      vertex 13.7761 10.4173 0
      vertex 7.60289 8.86105 0
      vertex 13.7341 10.5412 0
    endloop
  endfacet
  facet normal 0 0 -1
    outer loop
      vertex 7.60289 8.86105 0
      vertex 13.7761 10.4173 0
      vertex 7.62 8.6 0
    endloop
  endfacet
  facet normal -0 0 -1
    outer loop
      vertex 13.834 10.3 0
      vertex 7.62 8.6 0
      vertex 13.7761 10.4173 0
    endloop
  endfacet
  facet normal -0 0 -1
    outer loop
      vertex 13.9066 10.1912 0
      vertex 7.62 8.6 0
      vertex 13.834 10.3 0
    endloop
  endfacet
  facet normal 0 0 -1
    outer loop
      vertex 7.60289 8.33895 0
      vertex 13.9066 10.1912 0
      vertex 13.9929 10.0929 0
    endloop
  endfacet
  facet normal 0 0 -1
    outer loop
      vertex 7.55185 8.08236 0
      vertex 13.9929 10.0929 0
      vertex 14.0912 10.0066 0
    endloop
  endfacet
  facet normal 0 0 -1
    outer loop
      vertex 7.46776 7.83463 0
      vertex 14.0912 10.0066 0
      vertex 14.2 9.93397 0
    endloop
  endfacet
  facet normal 0 0 -1
    outer loop
      vertex 7.35205 7.6 0
      vertex 14.2 9.93397 0
      vertex 14.3173 9.87612 0
    endloop
  endfacet
  facet normal 0 0 -1
    outer loop
      vertex 7.20671 7.38248 0
      vertex 14.3173 9.87612 0
      vertex 14.4412 9.83407 0
    endloop
  endfacet
  facet normal 0 0 -1
    outer loop
      vertex 7.20671 7.38248 0
      vertex 14.4412 9.83407 0
      vertex 14.5695 9.80855 0
    endloop
  endfacet
  facet normal -0 0 -1
    outer loop
      vertex 14.7 9.8 0
      vertex 3.68034 0 0
      vertex 14.5695 9.80855 0
    endloop
  endfacet
  facet normal 0 0 -1
    outer loop
      vertex 13.9066 10.1912 0
      vertex 7.60289 8.33895 0
      vertex 7.62 8.6 0
    endloop
  endfacet
  facet normal 0 0 -1
    outer loop
      vertex 13.9929 10.0929 0
      vertex 7.55185 8.08236 0
      vertex 7.60289 8.33895 0
    endloop
  endfacet
  facet normal 0 0 -1
    outer loop
      vertex 14.0912 10.0066 0
      vertex 7.46776 7.83463 0
      vertex 7.55185 8.08236 0
    endloop
  endfacet
  facet normal 0 0 -1
    outer loop
      vertex 14.2 9.93397 0
      vertex 7.35205 7.6 0
      vertex 7.46776 7.83463 0
    endloop
  endfacet
  facet normal 0 -0 -1
    outer loop
      vertex 7.03421 7.18579 0
      vertex 14.5695 9.80855 0
      vertex 3.68034 0 0
    endloop
  endfacet
  facet normal 0 0 -1
    outer loop
      vertex 14.3173 9.87612 0
      vertex 7.20671 7.38248 0
      vertex 7.35205 7.6 0
    endloop
  endfacet
  facet normal 0 0 -1
    outer loop
      vertex 14.5695 9.80855 0
      vertex 7.03421 7.18579 0
      vertex 7.20671 7.38248 0
    endloop
  endfacet
  facet normal 0 0 -1
    outer loop
      vertex 7.03421 7.18579 0
      vertex 3.68034 0 0
      vertex 6.83752 7.01329 0
    endloop
  endfacet
  facet normal 0 0 -1
    outer loop
      vertex 6.83752 7.01329 0
      vertex 3.68034 0 0
      vertex 6.62 6.86795 0
    endloop
  endfacet
  facet normal 0 0 -1
    outer loop
      vertex 6.62 6.86795 0
      vertex 3.68034 0 0
      vertex 6.38537 6.75224 0
    endloop
  endfacet
  facet normal 0 0 -1
    outer loop
      vertex 6.38537 6.75224 0
      vertex 3.68034 0 0
      vertex 6.13764 6.66815 0
    endloop
  endfacet
  facet normal 0 0 -1
    outer loop
      vertex 6.13764 6.66815 0
      vertex 3.68034 0 0
      vertex 5.88105 6.61711 0
    endloop
  endfacet
  facet normal 0 0 -1
    outer loop
      vertex 5.88105 6.61711 0
      vertex 3.68034 0 0
      vertex 5.62 6.6 0
    endloop
  endfacet
  facet normal -0 0 -1
    outer loop
      vertex 5.62 6.6 0
      vertex 3.68034 0 0
      vertex 5.35895 6.61711 0
    endloop
  endfacet
  facet normal 0 0 -1
    outer loop
      vertex 3.68034 0 0
      vertex 5.10236 6.66815 0
      vertex 5.35895 6.61711 0
    endloop
  endfacet
  facet normal 0 0 -1
    outer loop
      vertex 3.68034 0 0
      vertex 4.85463 6.75224 0
      vertex 5.10236 6.66815 0
    endloop
  endfacet
  facet normal 0 0 -1
    outer loop
      vertex 0 3.68034 0
      vertex 4.85463 6.75224 0
      vertex 3.68034 0 0
    endloop
  endfacet
  facet normal -0 0 -1
    outer loop
      vertex 4.85463 6.75224 0
      vertex 0 3.68034 0
      vertex 4.62 6.86795 0
    endloop
  endfacet
  facet normal -0 0 -1
    outer loop
      vertex 4.62 6.86795 0
      vertex 0 3.68034 0
      vertex 4.40248 7.01329 0
    endloop
  endfacet
  facet normal -0 0 -1
    outer loop
      vertex 4.40248 7.01329 0
      vertex 0 3.68034 0
      vertex 4.20579 7.18579 0
    endloop
  endfacet
  facet normal -0 0 -1
    outer loop
      vertex 4.20579 7.18579 0
      vertex 0 3.68034 0
      vertex 4.03329 7.38248 0
    endloop
  endfacet
  facet normal -0 0 -1
    outer loop
      vertex 4.03329 7.38248 0
      vertex 0 3.68034 0
      vertex 3.88795 7.6 0
    endloop
  endfacet
  facet normal -0 0 -1
    outer loop
      vertex 3.88795 7.6 0
      vertex 0 3.68034 0
      vertex 3.77224 7.83463 0
    endloop
  endfacet
  facet normal 0 0 -1
    outer loop
      vertex 3.7 -0.299999 0
      vertex 1.0487 0.734894 0
      vertex 3.68034 0 0
    endloop
  endfacet
  facet normal -0 0 -1
    outer loop
      vertex 3.77224 7.83463 0
      vertex 0 3.68034 0
      vertex 3.68815 8.08236 0
    endloop
  endfacet
  facet normal -0 0 -1
    outer loop
      vertex 3.68815 8.08236 0
      vertex 0 3.68034 0
      vertex 3.63711 8.33895 0
    endloop
  endfacet
  facet normal 0 0 -1
    outer loop
      vertex 0.902081 0.902081 0
      vertex 3.68034 0 0
      vertex 1.0487 0.734894 0
    endloop
  endfacet
  facet normal 0 0 -1
    outer loop
      vertex 1.0487 0.734894 0
      vertex 3.66578 -0.822104 0
      vertex 3.5637 -1.33528 0
    endloop
  endfacet
  facet normal 0 0 -1
    outer loop
      vertex 85.3145 33.2219 0
      vertex 83.0342 33.5221 0
      vertex 83.1363 34.0353 0
    endloop
  endfacet
  facet normal 0 0 -1
    outer loop
      vertex 85.3 33 0
      vertex 83 33 0
      vertex 83.0342 33.5221 0
    endloop
  endfacet
  facet normal -0 0 -1
    outer loop
      vertex 13.7086 10.6695 0
      vertex 7.46776 9.36537 0
      vertex 13.7 10.8 0
    endloop
  endfacet
  facet normal 0 0 -1
    outer loop
      vertex 13.7 21.9 0
      vertex 7.60289 23.8389 0
      vertex 7.62 24.1 0
    endloop
  endfacet
  facet normal 0 0 -1
    outer loop
      vertex 7.35205 9.6 0
      vertex 13.7 10.8 0
      vertex 7.46776 9.36537 0
    endloop
  endfacet
  facet normal 0 0 -1
    outer loop
      vertex 13.7 21.9 0
      vertex 7.55185 23.5824 0
      vertex 7.60289 23.8389 0
    endloop
  endfacet
  facet normal 0 0 -1
    outer loop
      vertex 7.20671 9.81752 0
      vertex 13.7 10.8 0
      vertex 7.35205 9.6 0
    endloop
  endfacet
  facet normal 0 0 -1
    outer loop
      vertex 13.7 21.9 0
      vertex 7.46776 23.3346 0
      vertex 7.55185 23.5824 0
    endloop
  endfacet
  facet normal 0 0 -1
    outer loop
      vertex 7.03421 10.0142 0
      vertex 13.7 10.8 0
      vertex 7.20671 9.81752 0
    endloop
  endfacet
  facet normal 0 0 -1
    outer loop
      vertex 13.7 21.9 0
      vertex 7.35205 23.1 0
      vertex 7.46776 23.3346 0
    endloop
  endfacet
  facet normal 0 0 -1
    outer loop
      vertex 6.83752 10.1867 0
      vertex 13.7 10.8 0
      vertex 7.03421 10.0142 0
    endloop
  endfacet
  facet normal 0 0 -1
    outer loop
      vertex 13.7 21.9 0
      vertex 7.20671 22.8825 0
      vertex 7.35205 23.1 0
    endloop
  endfacet
  facet normal 0 0 -1
    outer loop
      vertex 6.62 10.3321 0
      vertex 13.7 10.8 0
      vertex 6.83752 10.1867 0
    endloop
  endfacet
  facet normal 0 0 -1
    outer loop
      vertex 13.7 21.9 0
      vertex 7.03421 22.6858 0
      vertex 7.20671 22.8825 0
    endloop
  endfacet
  facet normal -0 0 -1
    outer loop
      vertex 13.7 10.8 0
      vertex 6.62 10.3321 0
      vertex 13.7 21.9 0
    endloop
  endfacet
  facet normal 0 0 -1
    outer loop
      vertex 13.7 21.9 0
      vertex 6.83752 22.5133 0
      vertex 7.03421 22.6858 0
    endloop
  endfacet
  facet normal 0 0 -1
    outer loop
      vertex 6.62 22.3679 0
      vertex 13.7 21.9 0
      vertex 6.62 10.3321 0
    endloop
  endfacet
  facet normal 0 0 -1
    outer loop
      vertex 13.7 21.9 0
      vertex 6.62 22.3679 0
      vertex 6.83752 22.5133 0
    endloop
  endfacet
  facet normal 0 0 -1
    outer loop
      vertex 6.38537 10.4478 0
      vertex 6.62 22.3679 0
      vertex 6.62 10.3321 0
    endloop
  endfacet
  facet normal 0 0 -1
    outer loop
      vertex 6.38537 10.4478 0
      vertex 6.38537 22.2522 0
      vertex 6.62 22.3679 0
    endloop
  endfacet
  facet normal 0 0 -1
    outer loop
      vertex 6.13764 10.5319 0
      vertex 6.38537 22.2522 0
      vertex 6.38537 10.4478 0
    endloop
  endfacet
  facet normal 0 0 -1
    outer loop
      vertex 6.13764 10.5319 0
      vertex 6.13764 22.1681 0
      vertex 6.38537 22.2522 0
    endloop
  endfacet
  facet normal 0 0 -1
    outer loop
      vertex 5.88105 10.5829 0
      vertex 6.13764 22.1681 0
      vertex 6.13764 10.5319 0
    endloop
  endfacet
  facet normal 0 0 -1
    outer loop
      vertex 5.88105 10.5829 0
      vertex 5.88105 22.1171 0
      vertex 6.13764 22.1681 0
    endloop
  endfacet
  facet normal 0 0 -1
    outer loop
      vertex 5.62 10.6 0
      vertex 5.88105 22.1171 0
      vertex 5.88105 10.5829 0
    endloop
  endfacet
  facet normal 0 0 -1
    outer loop
      vertex 5.62 10.6 0
      vertex 5.62 22.1 0
      vertex 5.88105 22.1171 0
    endloop
  endfacet
  facet normal 0 0 -1
    outer loop
      vertex 5.35895 10.5829 0
      vertex 5.62 22.1 0
      vertex 5.62 10.6 0
    endloop
  endfacet
  facet normal 0 0 -1
    outer loop
      vertex 5.35895 10.5829 0
      vertex 5.35895 22.1171 0
      vertex 5.62 22.1 0
    endloop
  endfacet
  facet normal 0 0 -1
    outer loop
      vertex 5.10236 10.5319 0
      vertex 5.35895 22.1171 0
      vertex 5.35895 10.5829 0
    endloop
  endfacet
  facet normal 0 0 -1
    outer loop
      vertex 5.10236 10.5319 0
      vertex 5.10236 22.1681 0
      vertex 5.35895 22.1171 0
    endloop
  endfacet
  facet normal 0 0 -1
    outer loop
      vertex 4.85463 10.4478 0
      vertex 5.10236 22.1681 0
      vertex 5.10236 10.5319 0
    endloop
  endfacet
  facet normal 0 0 -1
    outer loop
      vertex 4.85463 10.4478 0
      vertex 4.85463 22.2522 0
      vertex 5.10236 22.1681 0
    endloop
  endfacet
  facet normal 0 0 -1
    outer loop
      vertex 4.62 10.3321 0
      vertex 4.85463 22.2522 0
      vertex 4.85463 10.4478 0
    endloop
  endfacet
  facet normal 0 0 -1
    outer loop
      vertex 4.62 10.3321 0
      vertex 4.62 22.3679 0
      vertex 4.85463 22.2522 0
    endloop
  endfacet
  facet normal 0 0 -1
    outer loop
      vertex 4.40248 10.1867 0
      vertex 4.62 22.3679 0
      vertex 4.62 10.3321 0
    endloop
  endfacet
  facet normal 0 0 -1
    outer loop
      vertex 4.40248 10.1867 0
      vertex 4.40248 22.5133 0
      vertex 4.62 22.3679 0
    endloop
  endfacet
  facet normal 0 0 -1
    outer loop
      vertex 4.20579 10.0142 0
      vertex 4.40248 22.5133 0
      vertex 4.40248 10.1867 0
    endloop
  endfacet
  facet normal 0 0 -1
    outer loop
      vertex 4.20579 10.0142 0
      vertex 4.20579 22.6858 0
      vertex 4.40248 22.5133 0
    endloop
  endfacet
  facet normal 0 0 -1
    outer loop
      vertex 4.03329 9.81752 0
      vertex 4.20579 22.6858 0
      vertex 4.20579 10.0142 0
    endloop
  endfacet
  facet normal 0 0 -1
    outer loop
      vertex 4.03329 9.81752 0
      vertex 4.03329 22.8825 0
      vertex 4.20579 22.6858 0
    endloop
  endfacet
  facet normal 0 0 -1
    outer loop
      vertex 3.88795 9.6 0
      vertex 4.03329 22.8825 0
      vertex 4.03329 9.81752 0
    endloop
  endfacet
  facet normal 0 0 -1
    outer loop
      vertex 3.88795 9.6 0
      vertex 3.88795 23.1 0
      vertex 4.03329 22.8825 0
    endloop
  endfacet
  facet normal 0 0 -1
    outer loop
      vertex 3.77224 9.36537 0
      vertex 3.88795 23.1 0
      vertex 3.88795 9.6 0
    endloop
  endfacet
  facet normal 0 0 -1
    outer loop
      vertex 3.77224 9.36537 0
      vertex 3.77224 23.3346 0
      vertex 3.88795 23.1 0
    endloop
  endfacet
  facet normal 0 0 -1
    outer loop
      vertex 3.68815 9.11764 0
      vertex 3.77224 23.3346 0
      vertex 3.77224 9.36537 0
    endloop
  endfacet
  facet normal 0 0 -1
    outer loop
      vertex 3.68815 9.11764 0
      vertex 3.68815 23.5824 0
      vertex 3.77224 23.3346 0
    endloop
  endfacet
  facet normal 0 0 -1
    outer loop
      vertex 3.63711 8.86105 0
      vertex 3.68815 23.5824 0
      vertex 3.68815 9.11764 0
    endloop
  endfacet
  facet normal 0 0 -1
    outer loop
      vertex 3.63711 8.86105 0
      vertex 3.63711 23.8389 0
      vertex 3.68815 23.5824 0
    endloop
  endfacet
  facet normal 0 0 -1
    outer loop
      vertex 3.62 8.6 0
      vertex 3.63711 23.8389 0
      vertex 3.63711 8.86105 0
    endloop
  endfacet
  facet normal -0 0 -1
    outer loop
      vertex 3.63711 23.8389 0
      vertex 3.62 8.6 0
      vertex 3.62 24.1 0
    endloop
  endfacet
  facet normal 0 0 -1
    outer loop
      vertex 37.7 21.9 0
      vertex 83.0197 32.7 0
      vertex 37.7 10.8 0
    endloop
  endfacet
  facet normal 0 0 -1
    outer loop
      vertex 37.6914 22.0305 0
      vertex 83.0197 32.7 0
      vertex 37.7 21.9 0
    endloop
  endfacet
  facet normal 0 0 -1
    outer loop
      vertex 37.6659 22.1588 0
      vertex 83.0197 32.7 0
      vertex 37.6914 22.0305 0
    endloop
  endfacet
  facet normal 0 0 -1
    outer loop
      vertex 37.6239 22.2827 0
      vertex 83.0197 32.7 0
      vertex 37.6659 22.1588 0
    endloop
  endfacet
  facet normal 0 0 -1
    outer loop
      vertex 37.566 22.4 0
      vertex 83.0197 32.7 0
      vertex 37.6239 22.2827 0
    endloop
  endfacet
  facet normal 0 0 -1
    outer loop
      vertex 37.4934 22.5088 0
      vertex 83.0197 32.7 0
      vertex 37.566 22.4 0
    endloop
  endfacet
  facet normal 0 0 -1
    outer loop
      vertex 37.4071 22.6071 0
      vertex 83.0197 32.7 0
      vertex 37.4934 22.5088 0
    endloop
  endfacet
  facet normal 0 0 -1
    outer loop
      vertex 37.3088 22.6934 0
      vertex 83.0197 32.7 0
      vertex 37.4071 22.6071 0
    endloop
  endfacet
  facet normal 0 0 -1
    outer loop
      vertex 37.2 22.766 0
      vertex 83.0197 32.7 0
      vertex 37.3088 22.6934 0
    endloop
  endfacet
  facet normal 0 0 -1
    outer loop
      vertex 37.0827 22.8239 0
      vertex 83.0197 32.7 0
      vertex 37.2 22.766 0
    endloop
  endfacet
  facet normal 0 0 -1
    outer loop
      vertex 36.9588 22.8659 0
      vertex 83.0197 32.7 0
      vertex 37.0827 22.8239 0
    endloop
  endfacet
  facet normal 0 0 -1
    outer loop
      vertex 36.8305 22.8914 0
      vertex 83.0197 32.7 0
      vertex 36.9588 22.8659 0
    endloop
  endfacet
  facet normal 0 0 -1
    outer loop
      vertex 3.68034 32.7 0
      vertex 36.8305 22.8914 0
      vertex 36.7 22.9 0
    endloop
  endfacet
  facet normal 0 0 -1
    outer loop
      vertex 3.68034 32.7 0
      vertex 36.7 22.9 0
      vertex 14.7 22.9 0
    endloop
  endfacet
  facet normal 0 0 -1
    outer loop
      vertex 3.68034 32.7 0
      vertex 14.7 22.9 0
      vertex 14.5695 22.8914 0
    endloop
  endfacet
  facet normal 0 0 -1
    outer loop
      vertex 7.46776 9.36537 0
      vertex 13.7086 10.6695 0
      vertex 7.55185 9.11764 0
    endloop
  endfacet
  facet normal 0 0 -1
    outer loop
      vertex 13.7 21.9 0
      vertex 7.62 24.1 0
      vertex 13.7086 22.0305 0
    endloop
  endfacet
  facet normal 0 0 -1
    outer loop
      vertex 13.7086 22.0305 0
      vertex 7.62 24.1 0
      vertex 13.7341 22.1588 0
    endloop
  endfacet
  facet normal 0 0 -1
    outer loop
      vertex 13.7341 22.1588 0
      vertex 7.62 24.1 0
      vertex 13.7761 22.2827 0
    endloop
  endfacet
  facet normal 0 0 -1
    outer loop
      vertex 7.62 24.1 0
      vertex 13.834 22.4 0
      vertex 13.7761 22.2827 0
    endloop
  endfacet
  facet normal 0 0 -1
    outer loop
      vertex 7.62 24.1 0
      vertex 13.9066 22.5088 0
      vertex 13.834 22.4 0
    endloop
  endfacet
  facet normal 0 0 -1
    outer loop
      vertex 7.60289 24.3611 0
      vertex 13.9066 22.5088 0
      vertex 7.62 24.1 0
    endloop
  endfacet
  facet normal 0 0 -1
    outer loop
      vertex 13.9066 22.5088 0
      vertex 7.60289 24.3611 0
      vertex 13.9929 22.6071 0
    endloop
  endfacet
  facet normal 0 0 -1
    outer loop
      vertex 7.55185 24.6176 0
      vertex 13.9929 22.6071 0
      vertex 7.60289 24.3611 0
    endloop
  endfacet
  facet normal 0 0 -1
    outer loop
      vertex 13.9929 22.6071 0
      vertex 7.55185 24.6176 0
      vertex 14.0912 22.6934 0
    endloop
  endfacet
  facet normal 0 0 -1
    outer loop
      vertex 7.46776 24.8654 0
      vertex 14.0912 22.6934 0
      vertex 7.55185 24.6176 0
    endloop
  endfacet
  facet normal 0 0 -1
    outer loop
      vertex 14.0912 22.6934 0
      vertex 7.46776 24.8654 0
      vertex 14.2 22.766 0
    endloop
  endfacet
  facet normal 0 0 -1
    outer loop
      vertex 7.35205 25.1 0
      vertex 14.2 22.766 0
      vertex 7.46776 24.8654 0
    endloop
  endfacet
  facet normal 0 0 -1
    outer loop
      vertex 14.2 22.766 0
      vertex 7.35205 25.1 0
      vertex 14.3173 22.8239 0
    endloop
  endfacet
  facet normal 0 0 -1
    outer loop
      vertex 7.20671 25.3175 0
      vertex 14.3173 22.8239 0
      vertex 7.35205 25.1 0
    endloop
  endfacet
  facet normal 0 0 -1
    outer loop
      vertex 14.3173 22.8239 0
      vertex 7.20671 25.3175 0
      vertex 14.4412 22.8659 0
    endloop
  endfacet
  facet normal 0 0 -1
    outer loop
      vertex 14.4412 22.8659 0
      vertex 7.20671 25.3175 0
      vertex 14.5695 22.8914 0
    endloop
  endfacet
  facet normal 0 0 -1
    outer loop
      vertex 7.03421 25.5142 0
      vertex 14.5695 22.8914 0
      vertex 7.20671 25.3175 0
    endloop
  endfacet
  facet normal 0 0 -1
    outer loop
      vertex 14.5695 22.8914 0
      vertex 7.03421 25.5142 0
      vertex 3.68034 32.7 0
    endloop
  endfacet
  facet normal 0 0 -1
    outer loop
      vertex 3.68034 32.7 0
      vertex 7.03421 25.5142 0
      vertex 6.83752 25.6867 0
    endloop
  endfacet
  facet normal 0 0 -1
    outer loop
      vertex 3.68034 32.7 0
      vertex 6.83752 25.6867 0
      vertex 6.62 25.8321 0
    endloop
  endfacet
  facet normal 0 0 -1
    outer loop
      vertex 3.68034 32.7 0
      vertex 6.62 25.8321 0
      vertex 6.38537 25.9478 0
    endloop
  endfacet
  facet normal 0 0 -1
    outer loop
      vertex 3.68034 32.7 0
      vertex 6.38537 25.9478 0
      vertex 6.13764 26.0319 0
    endloop
  endfacet
  facet normal 0 0 -1
    outer loop
      vertex 3.68034 32.7 0
      vertex 6.13764 26.0319 0
      vertex 5.88105 26.0829 0
    endloop
  endfacet
  facet normal 0 0 -1
    outer loop
      vertex 3.68034 32.7 0
      vertex 5.88105 26.0829 0
      vertex 5.62 26.1 0
    endloop
  endfacet
  facet normal 0 0 -1
    outer loop
      vertex 3.68034 32.7 0
      vertex 5.62 26.1 0
      vertex 5.35895 26.0829 0
    endloop
  endfacet
  facet normal 0 0 -1
    outer loop
      vertex 36.8305 22.8914 0
      vertex 3.68034 32.7 0
      vertex 83.0197 32.7 0
    endloop
  endfacet
  facet normal 0 0 -1
    outer loop
      vertex 5.10236 26.0319 0
      vertex 3.68034 32.7 0
      vertex 5.35895 26.0829 0
    endloop
  endfacet
  facet normal 0 0 -1
    outer loop
      vertex 4.85463 25.9478 0
      vertex 3.68034 32.7 0
      vertex 5.10236 26.0319 0
    endloop
  endfacet
  facet normal 0 0 -1
    outer loop
      vertex 0 29.0197 0
      vertex 4.85463 25.9478 0
      vertex 4.62 25.8321 0
    endloop
  endfacet
  facet normal 0 0 -1
    outer loop
      vertex 0 29.0197 0
      vertex 4.62 25.8321 0
      vertex 4.40248 25.6867 0
    endloop
  endfacet
  facet normal 0 0 -1
    outer loop
      vertex 0 29.0197 0
      vertex 4.40248 25.6867 0
      vertex 4.20579 25.5142 0
    endloop
  endfacet
  facet normal 0 0 -1
    outer loop
      vertex 0 29.0197 0
      vertex 4.20579 25.5142 0
      vertex 4.03329 25.3175 0
    endloop
  endfacet
  facet normal 0 0 -1
    outer loop
      vertex 0 29.0197 0
      vertex 4.03329 25.3175 0
      vertex 3.88795 25.1 0
    endloop
  endfacet
  facet normal 0 0 -1
    outer loop
      vertex 0 29.0197 0
      vertex 3.88795 25.1 0
      vertex 3.77224 24.8654 0
    endloop
  endfacet
  facet normal 0 0 -1
    outer loop
      vertex 0 29.0197 0
      vertex 3.77224 24.8654 0
      vertex 3.68815 24.6176 0
    endloop
  endfacet
  facet normal 0 0 -1
    outer loop
      vertex 4.85463 25.9478 0
      vertex 0 29.0197 0
      vertex 3.68034 32.7 0
    endloop
  endfacet
  facet normal 0 0 -1
    outer loop
      vertex 0 29.0197 0
      vertex 3.68815 24.6176 0
      vertex 3.63711 24.3611 0
    endloop
  endfacet
  facet normal 0 0 -1
    outer loop
      vertex 0 29.0197 0
      vertex 3.63711 24.3611 0
      vertex 3.62 24.1 0
    endloop
  endfacet
  facet normal 0 -0 -1
    outer loop
      vertex 0.902081 31.7979 0
      vertex 3.68034 32.7 0
      vertex 0 29.0197 0
    endloop
  endfacet
  facet normal -0 0 -1
    outer loop
      vertex 3.62 8.6 0
      vertex 0 3.68034 0
      vertex 3.62 24.1 0
    endloop
  endfacet
  facet normal 0 0 -1
    outer loop
      vertex 1.34207 -0.739992 0
      vertex 3.5637 -1.33528 0
      vertex 3.39552 -1.83073 0
    endloop
  endfacet
  facet normal 0 0 -1
    outer loop
      vertex 0 29.0197 0
      vertex 3.62 24.1 0
      vertex 0 3.68034 0
    endloop
  endfacet
  facet normal 0 0 -1
    outer loop
      vertex 1.27059 -0.950562 0
      vertex 3.39552 -1.83073 0
      vertex 3.1641 -2.3 0
    endloop
  endfacet
  facet normal 0 -0 -1
    outer loop
      vertex 1.17224 32.15 0
      vertex 3.68034 32.7 0
      vertex 1.0487 31.9651 0
    endloop
  endfacet
  facet normal 0 0 -1
    outer loop
      vertex 1.17224 -1.15 0
      vertex 3.1641 -2.3 0
      vertex 2.87341 -2.73505 0
    endloop
  endfacet
  facet normal 0 -0 -1
    outer loop
      vertex 1.27059 32.3494 0
      vertex 3.68034 32.7 0
      vertex 1.17224 32.15 0
    endloop
  endfacet
  facet normal 0 0 -1
    outer loop
      vertex 1.0487 -1.33489 0
      vertex 2.87341 -2.73505 0
      vertex 2.52843 -3.12843 0
    endloop
  endfacet
  facet normal 0 0 -1
    outer loop
      vertex 3.5637 -1.33528 0
      vertex 1.34207 0.139992 0
      vertex 1.27059 0.350561 0
    endloop
  endfacet
  facet normal 0 0 -1
    outer loop
      vertex 0.902081 -1.50208 0
      vertex 2.52843 -3.12843 0
      vertex 2.13505 -3.47341 0
    endloop
  endfacet
  facet normal 0 0 -1
    outer loop
      vertex 3.5637 -1.33528 0
      vertex 1.38546 -0.078105 0
      vertex 1.34207 0.139992 0
    endloop
  endfacet
  facet normal 0 0 -1
    outer loop
      vertex 0.734894 -1.6487 0
      vertex 2.13505 -3.47341 0
      vertex 1.7 -3.7641 0
    endloop
  endfacet
  facet normal 0 0 -1
    outer loop
      vertex 3.5637 -1.33528 0
      vertex 1.27059 0.350561 0
      vertex 1.17224 0.549999 0
    endloop
  endfacet
  facet normal 0 0 -1
    outer loop
      vertex 3.5637 -1.33528 0
      vertex 1.4 -0.299999 0
      vertex 1.38546 -0.078105 0
    endloop
  endfacet
  facet normal 0 0 -1
    outer loop
      vertex 3.5637 -1.33528 0
      vertex 1.38546 -0.521894 0
      vertex 1.4 -0.299999 0
    endloop
  endfacet
  facet normal 0 0 -1
    outer loop
      vertex 3.5637 -1.33528 0
      vertex 1.34207 -0.739992 0
      vertex 1.38546 -0.521894 0
    endloop
  endfacet
  facet normal 0 0 -1
    outer loop
      vertex 3.39552 -1.83073 0
      vertex 1.27059 -0.950562 0
      vertex 1.34207 -0.739992 0
    endloop
  endfacet
  facet normal 0 0 -1
    outer loop
      vertex 0.549999 -1.77224 0
      vertex 1.7 -3.7641 0
      vertex 1.23073 -3.99552 0
    endloop
  endfacet
  facet normal 0 0 -1
    outer loop
      vertex 3.1641 -2.3 0
      vertex 1.17224 -1.15 0
      vertex 1.27059 -0.950562 0
    endloop
  endfacet
  facet normal 0 0 -1
    outer loop
      vertex 2.87341 -2.73505 0
      vertex 1.0487 -1.33489 0
      vertex 1.17224 -1.15 0
    endloop
  endfacet
  facet normal 0 0 -1
    outer loop
      vertex 2.52843 -3.12843 0
      vertex 0.902081 -1.50208 0
      vertex 1.0487 -1.33489 0
    endloop
  endfacet
  facet normal 0 0 -1
    outer loop
      vertex 0.350561 -1.87059 0
      vertex 1.23073 -3.99552 0
      vertex 0.735275 -4.1637 0
    endloop
  endfacet
  facet normal 0 0 -1
    outer loop
      vertex 2.13505 -3.47341 0
      vertex 0.734894 -1.6487 0
      vertex 0.902081 -1.50208 0
    endloop
  endfacet
  facet normal 0 0 -1
    outer loop
      vertex 1.7 -3.7641 0
      vertex 0.549999 -1.77224 0
      vertex 0.734894 -1.6487 0
    endloop
  endfacet
  facet normal 0 0 -1
    outer loop
      vertex 1.23073 -3.99552 0
      vertex 0.350561 -1.87059 0
      vertex 0.549999 -1.77224 0
    endloop
  endfacet
  facet normal 0 0 -1
    outer loop
      vertex 0.139992 -1.94207 0
      vertex 0.735275 -4.1637 0
      vertex 0.222104 -4.26578 0
    endloop
  endfacet
  facet normal 0 0 -1
    outer loop
      vertex 0.735275 -4.1637 0
      vertex 0.139992 -1.94207 0
      vertex 0.350561 -1.87059 0
    endloop
  endfacet
  facet normal 0 0 -1
    outer loop
      vertex 0.222104 -4.26578 0
      vertex -0.078105 -1.98546 0
      vertex 0.139992 -1.94207 0
    endloop
  endfacet
  facet normal 0 0 -1
    outer loop
      vertex -0.299999 -4.3 0
      vertex -0.078105 -1.98546 0
      vertex 0.222104 -4.26578 0
    endloop
  endfacet
  facet normal 0 0 -1
    outer loop
      vertex -0.299999 -4.3 0
      vertex -0.299999 -2 0
      vertex -0.078105 -1.98546 0
    endloop
  endfacet
  facet normal 0 0 -1
    outer loop
      vertex -0.299999 -4.3 0
      vertex -0.521894 -1.98546 0
      vertex -0.299999 -2 0
    endloop
  endfacet
  facet normal 0 0 -1
    outer loop
      vertex -0.822104 -4.26578 0
      vertex -0.521894 -1.98546 0
      vertex -0.299999 -4.3 0
    endloop
  endfacet
  facet normal -0 0 -1
    outer loop
      vertex -0.521894 -1.98546 0
      vertex -0.822104 -4.26578 0
      vertex -0.739992 -1.94207 0
    endloop
  endfacet
  facet normal 0 0 -1
    outer loop
      vertex -1.33528 -4.1637 0
      vertex -0.739992 -1.94207 0
      vertex -0.822104 -4.26578 0
    endloop
  endfacet
  facet normal -0 0 -1
    outer loop
      vertex -0.739992 -1.94207 0
      vertex -1.33528 -4.1637 0
      vertex -0.950562 -1.87059 0
    endloop
  endfacet
  facet normal 0 0 -1
    outer loop
      vertex -1.83073 -3.99552 0
      vertex -0.950562 -1.87059 0
      vertex -1.33528 -4.1637 0
    endloop
  endfacet
  facet normal -0 0 -1
    outer loop
      vertex -0.950562 -1.87059 0
      vertex -1.83073 -3.99552 0
      vertex -1.15 -1.77224 0
    endloop
  endfacet
  facet normal 0 0 -1
    outer loop
      vertex -2.3 -3.7641 0
      vertex -1.15 -1.77224 0
      vertex -1.83073 -3.99552 0
    endloop
  endfacet
  facet normal -0 0 -1
    outer loop
      vertex -1.15 -1.77224 0
      vertex -2.3 -3.7641 0
      vertex -1.33489 -1.6487 0
    endloop
  endfacet
  facet normal 0 0 -1
    outer loop
      vertex -2.73505 -3.47341 0
      vertex -1.33489 -1.6487 0
      vertex -2.3 -3.7641 0
    endloop
  endfacet
  facet normal -0 0 -1
    outer loop
      vertex -1.33489 -1.6487 0
      vertex -2.73505 -3.47341 0
      vertex -1.50208 -1.50208 0
    endloop
  endfacet
  facet normal 0 0 -1
    outer loop
      vertex -3.12843 -3.12843 0
      vertex -1.50208 -1.50208 0
      vertex -2.73505 -3.47341 0
    endloop
  endfacet
  facet normal -0 0 -1
    outer loop
      vertex -1.50208 -1.50208 0
      vertex -3.12843 -3.12843 0
      vertex -1.6487 -1.33489 0
    endloop
  endfacet
  facet normal 0 0 -1
    outer loop
      vertex -3.47341 -2.73505 0
      vertex -1.6487 -1.33489 0
      vertex -3.12843 -3.12843 0
    endloop
  endfacet
  facet normal -0 0 -1
    outer loop
      vertex -1.6487 -1.33489 0
      vertex -3.47341 -2.73505 0
      vertex -1.77224 -1.15 0
    endloop
  endfacet
  facet normal 0 0 -1
    outer loop
      vertex -3.7641 -2.3 0
      vertex -1.77224 -1.15 0
      vertex -3.47341 -2.73505 0
    endloop
  endfacet
  facet normal -0 0 -1
    outer loop
      vertex 3.39552 34.5307 0
      vertex 1.27059 33.6506 0
      vertex 3.1641 35 0
    endloop
  endfacet
  facet normal 0 0 -1
    outer loop
      vertex 1.17224 33.85 0
      vertex 3.1641 35 0
      vertex 1.27059 33.6506 0
    endloop
  endfacet
  facet normal 0 0 -1
    outer loop
      vertex 1.34207 33.44 0
      vertex 3.5637 34.0353 0
      vertex 1.38546 33.2219 0
    endloop
  endfacet
  facet normal -0 0 -1
    outer loop
      vertex 3.5637 34.0353 0
      vertex 1.34207 33.44 0
      vertex 3.39552 34.5307 0
    endloop
  endfacet
  facet normal 0 -0 -1
    outer loop
      vertex 1.38546 32.7781 0
      vertex 3.68034 32.7 0
      vertex 1.34207 32.56 0
    endloop
  endfacet
  facet normal -0 0 -1
    outer loop
      vertex 3.66578 33.5221 0
      vertex 1.38546 33.2219 0
      vertex 3.5637 34.0353 0
    endloop
  endfacet
  facet normal 0 0 -1
    outer loop
      vertex 1.0487 0.734894 0
      vertex 3.5637 -1.33528 0
      vertex 1.17224 0.549999 0
    endloop
  endfacet
  facet normal 0 -0 -1
    outer loop
      vertex 1.4 33 0
      vertex 3.68034 32.7 0
      vertex 1.38546 32.7781 0
    endloop
  endfacet
  facet normal -0 0 -1
    outer loop
      vertex 3.63711 8.33895 0
      vertex 0 3.68034 0
      vertex 3.62 8.6 0
    endloop
  endfacet
  facet normal 0 0 -1
    outer loop
      vertex 1.38546 33.2219 0
      vertex 3.66578 33.5221 0
      vertex 1.4 33 0
    endloop
  endfacet
  facet normal 0 0 -1
    outer loop
      vertex 3.68034 0 0
      vertex 0.902081 0.902081 0
      vertex 0 3.68034 0
    endloop
  endfacet
  facet normal 0 0 -1
    outer loop
      vertex 3.68034 32.7 0
      vertex 1.4 33 0
      vertex 3.66578 33.5221 0
    endloop
  endfacet
  facet normal 0 0 -1
    outer loop
      vertex 0 3.68034 0
      vertex 0.902081 0.902081 0
      vertex 0.734894 1.0487 0
    endloop
  endfacet
  facet normal 0 -0 -1
    outer loop
      vertex 1.34207 32.56 0
      vertex 3.68034 32.7 0
      vertex 1.27059 32.3494 0
    endloop
  endfacet
  facet normal 0 0 -1
    outer loop
      vertex 0 3.68034 0
      vertex 0.734894 1.0487 0
      vertex 0.549999 1.17224 0
    endloop
  endfacet
  facet normal 0 0 -1
    outer loop
      vertex 3.68034 32.7 0
      vertex 0.902081 31.7979 0
      vertex 1.0487 31.9651 0
    endloop
  endfacet
  facet normal 0 0 -1
    outer loop
      vertex 0 3.68034 0
      vertex 0.549999 1.17224 0
      vertex 0.350561 1.27059 0
    endloop
  endfacet
  facet normal 0 0 -1
    outer loop
      vertex 0.902081 31.7979 0
      vertex 0 29.0197 0
      vertex 0.734894 31.6513 0
    endloop
  endfacet
  facet normal 0 0 -1
    outer loop
      vertex 0 3.68034 0
      vertex 0.350561 1.27059 0
      vertex 0.139992 1.34207 0
    endloop
  endfacet
  facet normal 0 0 -1
    outer loop
      vertex 0.734894 31.6513 0
      vertex 0 29.0197 0
      vertex 0.549999 31.5278 0
    endloop
  endfacet
  facet normal 0 0 -1
    outer loop
      vertex 0.549999 31.5278 0
      vertex 0 29.0197 0
      vertex 0.350561 31.4294 0
    endloop
  endfacet
  facet normal 0 0 -1
    outer loop
      vertex -0.078105 1.38546 0
      vertex 0 3.68034 0
      vertex 0.139992 1.34207 0
    endloop
  endfacet
  facet normal 0 0 -1
    outer loop
      vertex -0.299999 1.4 0
      vertex 0 3.68034 0
      vertex -0.078105 1.38546 0
    endloop
  endfacet
  facet normal 0 0 -1
    outer loop
      vertex -0.299999 1.4 0
      vertex -0.299999 3.7 0
      vertex 0 3.68034 0
    endloop
  endfacet
  facet normal 0 0 -1
    outer loop
      vertex -0.521894 1.38546 0
      vertex -0.299999 3.7 0
      vertex -0.299999 1.4 0
    endloop
  endfacet
  facet normal 0 0 -1
    outer loop
      vertex -0.822104 3.66578 0
      vertex -0.521894 1.38546 0
      vertex -0.739992 1.34207 0
    endloop
  endfacet
  facet normal 0 0 -1
    outer loop
      vertex -0.521894 1.38546 0
      vertex -0.822104 3.66578 0
      vertex -0.299999 3.7 0
    endloop
  endfacet
  facet normal 0 0 -1
    outer loop
      vertex -1.33528 3.5637 0
      vertex -0.739992 1.34207 0
      vertex -0.950562 1.27059 0
    endloop
  endfacet
  facet normal 0 0 -1
    outer loop
      vertex -1.83073 3.39552 0
      vertex -0.950562 1.27059 0
      vertex -1.15 1.17224 0
    endloop
  endfacet
  facet normal 0 0 -1
    outer loop
      vertex -2.3 3.1641 0
      vertex -1.15 1.17224 0
      vertex -1.33489 1.0487 0
    endloop
  endfacet
  facet normal 0 0 -1
    outer loop
      vertex -0.739992 1.34207 0
      vertex -1.33528 3.5637 0
      vertex -0.822104 3.66578 0
    endloop
  endfacet
  facet normal 0 0 -1
    outer loop
      vertex -2.73505 2.87341 0
      vertex -1.33489 1.0487 0
      vertex -1.50208 0.902081 0
    endloop
  endfacet
  facet normal 0 0 -1
    outer loop
      vertex -3.12843 2.52843 0
      vertex -1.50208 0.902081 0
      vertex -1.6487 0.734894 0
    endloop
  endfacet
  facet normal 0 0 -1
    outer loop
      vertex -3.47341 2.13505 0
      vertex -1.6487 0.734894 0
      vertex -1.77224 0.549999 0
    endloop
  endfacet
  facet normal 0 0 -1
    outer loop
      vertex -0.950562 1.27059 0
      vertex -1.83073 3.39552 0
      vertex -1.33528 3.5637 0
    endloop
  endfacet
  facet normal 0 0 -1
    outer loop
      vertex -3.7641 1.7 0
      vertex -1.77224 0.549999 0
      vertex -1.87059 0.350561 0
    endloop
  endfacet
  facet normal 0 0 -1
    outer loop
      vertex -3.99552 1.23073 0
      vertex -1.87059 0.350561 0
      vertex -1.94207 0.139992 0
    endloop
  endfacet
  facet normal 0 0 -1
    outer loop
      vertex -4.1637 0.735275 0
      vertex -1.94207 0.139992 0
      vertex -1.98546 -0.078105 0
    endloop
  endfacet
  facet normal 0 0 -1
    outer loop
      vertex -4.26578 0.222104 0
      vertex -1.98546 -0.078105 0
      vertex -2 -0.299999 0
    endloop
  endfacet
  facet normal -0 0 -1
    outer loop
      vertex -1.77224 -1.15 0
      vertex -3.7641 -2.3 0
      vertex -1.87059 -0.950562 0
    endloop
  endfacet
  facet normal 0 0 -1
    outer loop
      vertex -1.15 1.17224 0
      vertex -2.3 3.1641 0
      vertex -1.83073 3.39552 0
    endloop
  endfacet
  facet normal 0 0 -1
    outer loop
      vertex -3.99552 -1.83073 0
      vertex -1.87059 -0.950562 0
      vertex -3.7641 -2.3 0
    endloop
  endfacet
  facet normal 0 0 -1
    outer loop
      vertex -1.33489 1.0487 0
      vertex -2.73505 2.87341 0
      vertex -2.3 3.1641 0
    endloop
  endfacet
  facet normal -0 0 -1
    outer loop
      vertex -1.87059 -0.950562 0
      vertex -3.99552 -1.83073 0
      vertex -1.94207 -0.739992 0
    endloop
  endfacet
  facet normal 0 0 -1
    outer loop
      vertex -1.50208 0.902081 0
      vertex -3.12843 2.52843 0
      vertex -2.73505 2.87341 0
    endloop
  endfacet
  facet normal 0 0 -1
    outer loop
      vertex -4.1637 -1.33528 0
      vertex -1.94207 -0.739992 0
      vertex -3.99552 -1.83073 0
    endloop
  endfacet
  facet normal 0 0 -1
    outer loop
      vertex -1.6487 0.734894 0
      vertex -3.47341 2.13505 0
      vertex -3.12843 2.52843 0
    endloop
  endfacet
  facet normal -0 0 -1
    outer loop
      vertex -1.94207 -0.739992 0
      vertex -4.1637 -1.33528 0
      vertex -1.98546 -0.521894 0
    endloop
  endfacet
  facet normal 0 0 -1
    outer loop
      vertex -1.77224 0.549999 0
      vertex -3.7641 1.7 0
      vertex -3.47341 2.13505 0
    endloop
  endfacet
  facet normal 0 0 -1
    outer loop
      vertex -4.26578 -0.822104 0
      vertex -1.98546 -0.521894 0
      vertex -4.1637 -1.33528 0
    endloop
  endfacet
  facet normal 0 0 -1
    outer loop
      vertex -1.87059 0.350561 0
      vertex -3.99552 1.23073 0
      vertex -3.7641 1.7 0
    endloop
  endfacet
  facet normal -0 0 -1
    outer loop
      vertex -1.98546 -0.521894 0
      vertex -4.26578 -0.822104 0
      vertex -2 -0.299999 0
    endloop
  endfacet
  facet normal 0 0 -1
    outer loop
      vertex -1.94207 0.139992 0
      vertex -4.1637 0.735275 0
      vertex -3.99552 1.23073 0
    endloop
  endfacet
  facet normal 0 0 -1
    outer loop
      vertex -4.3 -0.299999 0
      vertex -2 -0.299999 0
      vertex -4.26578 -0.822104 0
    endloop
  endfacet
  facet normal 0 0 -1
    outer loop
      vertex -1.98546 -0.078105 0
      vertex -4.26578 0.222104 0
      vertex -4.1637 0.735275 0
    endloop
  endfacet
  facet normal 0 0 -1
    outer loop
      vertex -2 -0.299999 0
      vertex -4.3 -0.299999 0
      vertex -4.26578 0.222104 0
    endloop
  endfacet
  facet normal 0 0 -1
    outer loop
      vertex 1.27059 33.6506 0
      vertex 3.39552 34.5307 0
      vertex 1.34207 33.44 0
    endloop
  endfacet
  facet normal -0 0 -1
    outer loop
      vertex 3.1641 35 0
      vertex 1.17224 33.85 0
      vertex 2.87341 35.435 0
    endloop
  endfacet
  facet normal 0 0 -1
    outer loop
      vertex 1.0487 34.0349 0
      vertex 2.87341 35.435 0
      vertex 1.17224 33.85 0
    endloop
  endfacet
  facet normal -0 0 -1
    outer loop
      vertex 2.87341 35.435 0
      vertex 1.0487 34.0349 0
      vertex 2.52843 35.8284 0
    endloop
  endfacet
  facet normal 0 0 -1
    outer loop
      vertex 0.902081 34.2021 0
      vertex 2.52843 35.8284 0
      vertex 1.0487 34.0349 0
    endloop
  endfacet
  facet normal -0 0 -1
    outer loop
      vertex 2.52843 35.8284 0
      vertex 0.902081 34.2021 0
      vertex 2.13505 36.1734 0
    endloop
  endfacet
  facet normal 0 0 -1
    outer loop
      vertex 0.734894 34.3487 0
      vertex 2.13505 36.1734 0
      vertex 0.902081 34.2021 0
    endloop
  endfacet
  facet normal -0 0 -1
    outer loop
      vertex 2.13505 36.1734 0
      vertex 0.734894 34.3487 0
      vertex 1.7 36.4641 0
    endloop
  endfacet
  facet normal 0 0 -1
    outer loop
      vertex 0.549999 34.4722 0
      vertex 1.7 36.4641 0
      vertex 0.734894 34.3487 0
    endloop
  endfacet
  facet normal -0 0 -1
    outer loop
      vertex 1.7 36.4641 0
      vertex 0.549999 34.4722 0
      vertex 1.23073 36.6955 0
    endloop
  endfacet
  facet normal 0 0 -1
    outer loop
      vertex 0.350561 34.5706 0
      vertex 1.23073 36.6955 0
      vertex 0.549999 34.4722 0
    endloop
  endfacet
  facet normal -0 0 -1
    outer loop
      vertex 1.23073 36.6955 0
      vertex 0.350561 34.5706 0
      vertex 0.735275 36.8637 0
    endloop
  endfacet
  facet normal 0 0 -1
    outer loop
      vertex 0.139992 34.6421 0
      vertex 0.735275 36.8637 0
      vertex 0.350561 34.5706 0
    endloop
  endfacet
  facet normal -0 0 -1
    outer loop
      vertex 0.735275 36.8637 0
      vertex 0.139992 34.6421 0
      vertex 0.222104 36.9658 0
    endloop
  endfacet
  facet normal 0 0 -1
    outer loop
      vertex -0.078105 34.6855 0
      vertex 0.222104 36.9658 0
      vertex 0.139992 34.6421 0
    endloop
  endfacet
  facet normal 0 0 -1
    outer loop
      vertex -0.299999 34.7 0
      vertex 0.222104 36.9658 0
      vertex -0.078105 34.6855 0
    endloop
  endfacet
  facet normal 0 0 -1
    outer loop
      vertex -0.299999 34.7 0
      vertex -0.299999 37 0
      vertex 0.222104 36.9658 0
    endloop
  endfacet
  facet normal 0 0 -1
    outer loop
      vertex -0.521894 34.6855 0
      vertex -0.299999 37 0
      vertex -0.299999 34.7 0
    endloop
  endfacet
  facet normal 0 0 -1
    outer loop
      vertex -0.822104 36.9658 0
      vertex -0.521894 34.6855 0
      vertex -0.739992 34.6421 0
    endloop
  endfacet
  facet normal 0 0 -1
    outer loop
      vertex -0.521894 34.6855 0
      vertex -0.822104 36.9658 0
      vertex -0.299999 37 0
    endloop
  endfacet
  facet normal 0 0 -1
    outer loop
      vertex -1.33528 36.8637 0
      vertex -0.739992 34.6421 0
      vertex -0.950562 34.5706 0
    endloop
  endfacet
  facet normal 0 0 -1
    outer loop
      vertex -1.83073 36.6955 0
      vertex -0.950562 34.5706 0
      vertex -1.15 34.4722 0
    endloop
  endfacet
  facet normal 0 0 -1
    outer loop
      vertex -2.3 36.4641 0
      vertex -1.15 34.4722 0
      vertex -1.33489 34.3487 0
    endloop
  endfacet
  facet normal 0 0 -1
    outer loop
      vertex -0.739992 34.6421 0
      vertex -1.33528 36.8637 0
      vertex -0.822104 36.9658 0
    endloop
  endfacet
  facet normal 0 0 -1
    outer loop
      vertex -2.73505 36.1734 0
      vertex -1.33489 34.3487 0
      vertex -1.50208 34.2021 0
    endloop
  endfacet
  facet normal 0 0 -1
    outer loop
      vertex -3.12843 35.8284 0
      vertex -1.50208 34.2021 0
      vertex -1.6487 34.0349 0
    endloop
  endfacet
  facet normal 0 0 -1
    outer loop
      vertex -3.47341 35.435 0
      vertex -1.6487 34.0349 0
      vertex -1.77224 33.85 0
    endloop
  endfacet
  facet normal 0 0 -1
    outer loop
      vertex -0.950562 34.5706 0
      vertex -1.83073 36.6955 0
      vertex -1.33528 36.8637 0
    endloop
  endfacet
  facet normal 0 0 -1
    outer loop
      vertex -3.7641 35 0
      vertex -1.77224 33.85 0
      vertex -1.87059 33.6506 0
    endloop
  endfacet
  facet normal 0 0 -1
    outer loop
      vertex -3.99552 34.5307 0
      vertex -1.87059 33.6506 0
      vertex -1.94207 33.44 0
    endloop
  endfacet
  facet normal 0 0 -1
    outer loop
      vertex -4.1637 34.0353 0
      vertex -1.94207 33.44 0
      vertex -1.98546 33.2219 0
    endloop
  endfacet
  facet normal 0 0 -1
    outer loop
      vertex -4.26578 33.5221 0
      vertex -1.98546 33.2219 0
      vertex -2 33 0
    endloop
  endfacet
  facet normal -0 0 -1
    outer loop
      vertex -1.77224 32.15 0
      vertex -3.7641 31 0
      vertex -1.87059 32.3494 0
    endloop
  endfacet
  facet normal 0 0 -1
    outer loop
      vertex -1.15 34.4722 0
      vertex -2.3 36.4641 0
      vertex -1.83073 36.6955 0
    endloop
  endfacet
  facet normal 0 0 -1
    outer loop
      vertex -3.99552 31.4693 0
      vertex -1.87059 32.3494 0
      vertex -3.7641 31 0
    endloop
  endfacet
  facet normal 0 0 -1
    outer loop
      vertex -1.33489 34.3487 0
      vertex -2.73505 36.1734 0
      vertex -2.3 36.4641 0
    endloop
  endfacet
  facet normal -0 0 -1
    outer loop
      vertex -1.87059 32.3494 0
      vertex -3.99552 31.4693 0
      vertex -1.94207 32.56 0
    endloop
  endfacet
  facet normal 0 0 -1
    outer loop
      vertex -1.50208 34.2021 0
      vertex -3.12843 35.8284 0
      vertex -2.73505 36.1734 0
    endloop
  endfacet
  facet normal 0 0 -1
    outer loop
      vertex -4.1637 31.9647 0
      vertex -1.94207 32.56 0
      vertex -3.99552 31.4693 0
    endloop
  endfacet
  facet normal 0 0 -1
    outer loop
      vertex -1.6487 34.0349 0
      vertex -3.47341 35.435 0
      vertex -3.12843 35.8284 0
    endloop
  endfacet
  facet normal -0 0 -1
    outer loop
      vertex -1.94207 32.56 0
      vertex -4.1637 31.9647 0
      vertex -1.98546 32.7781 0
    endloop
  endfacet
  facet normal 0 0 -1
    outer loop
      vertex -1.77224 33.85 0
      vertex -3.7641 35 0
      vertex -3.47341 35.435 0
    endloop
  endfacet
  facet normal 0 0 -1
    outer loop
      vertex -4.26578 32.4779 0
      vertex -1.98546 32.7781 0
      vertex -4.1637 31.9647 0
    endloop
  endfacet
  facet normal 0 0 -1
    outer loop
      vertex -1.87059 33.6506 0
      vertex -3.99552 34.5307 0
      vertex -3.7641 35 0
    endloop
  endfacet
  facet normal -0 0 -1
    outer loop
      vertex -1.98546 32.7781 0
      vertex -4.26578 32.4779 0
      vertex -2 33 0
    endloop
  endfacet
  facet normal 0 0 -1
    outer loop
      vertex -1.94207 33.44 0
      vertex -4.1637 34.0353 0
      vertex -3.99552 34.5307 0
    endloop
  endfacet
  facet normal 0 0 -1
    outer loop
      vertex -4.3 33 0
      vertex -2 33 0
      vertex -4.26578 32.4779 0
    endloop
  endfacet
  facet normal 0 0 -1
    outer loop
      vertex -1.98546 33.2219 0
      vertex -4.26578 33.5221 0
      vertex -4.1637 34.0353 0
    endloop
  endfacet
  facet normal 0 0 -1
    outer loop
      vertex -2 33 0
      vertex -4.3 33 0
      vertex -4.26578 33.5221 0
    endloop
  endfacet
  facet normal 0 0 -1
    outer loop
      vertex 0.350561 31.4294 0
      vertex 0 29.0197 0
      vertex 0.139992 31.3579 0
    endloop
  endfacet
  facet normal 0 0 -1
    outer loop
      vertex 0 29.0197 0
      vertex -0.078105 31.3145 0
      vertex 0.139992 31.3579 0
    endloop
  endfacet
  facet normal 0 0 -1
    outer loop
      vertex -0.299999 31.3 0
      vertex 0 29.0197 0
      vertex -0.299999 29 0
    endloop
  endfacet
  facet normal 0 0 -1
    outer loop
      vertex 0 29.0197 0
      vertex -0.299999 31.3 0
      vertex -0.078105 31.3145 0
    endloop
  endfacet
  facet normal 0 0 -1
    outer loop
      vertex -0.299999 29 0
      vertex -0.521894 31.3145 0
      vertex -0.299999 31.3 0
    endloop
  endfacet
  facet normal 0 0 -1
    outer loop
      vertex -0.822104 29.0342 0
      vertex -0.521894 31.3145 0
      vertex -0.299999 29 0
    endloop
  endfacet
  facet normal -0 0 -1
    outer loop
      vertex -0.521894 31.3145 0
      vertex -0.822104 29.0342 0
      vertex -0.739992 31.3579 0
    endloop
  endfacet
  facet normal 0 0 -1
    outer loop
      vertex -1.33528 29.1363 0
      vertex -0.739992 31.3579 0
      vertex -0.822104 29.0342 0
    endloop
  endfacet
  facet normal -0 0 -1
    outer loop
      vertex -0.739992 31.3579 0
      vertex -1.33528 29.1363 0
      vertex -0.950562 31.4294 0
    endloop
  endfacet
  facet normal 0 0 -1
    outer loop
      vertex -1.83073 29.3045 0
      vertex -0.950562 31.4294 0
      vertex -1.33528 29.1363 0
    endloop
  endfacet
  facet normal -0 0 -1
    outer loop
      vertex -0.950562 31.4294 0
      vertex -1.83073 29.3045 0
      vertex -1.15 31.5278 0
    endloop
  endfacet
  facet normal 0 0 -1
    outer loop
      vertex -2.3 29.5359 0
      vertex -1.15 31.5278 0
      vertex -1.83073 29.3045 0
    endloop
  endfacet
  facet normal -0 0 -1
    outer loop
      vertex -1.15 31.5278 0
      vertex -2.3 29.5359 0
      vertex -1.33489 31.6513 0
    endloop
  endfacet
  facet normal 0 0 -1
    outer loop
      vertex -2.73505 29.8266 0
      vertex -1.33489 31.6513 0
      vertex -2.3 29.5359 0
    endloop
  endfacet
  facet normal -0 0 -1
    outer loop
      vertex -1.33489 31.6513 0
      vertex -2.73505 29.8266 0
      vertex -1.50208 31.7979 0
    endloop
  endfacet
  facet normal 0 0 -1
    outer loop
      vertex -3.12843 30.1716 0
      vertex -1.50208 31.7979 0
      vertex -2.73505 29.8266 0
    endloop
  endfacet
  facet normal -0 0 -1
    outer loop
      vertex -1.50208 31.7979 0
      vertex -3.12843 30.1716 0
      vertex -1.6487 31.9651 0
    endloop
  endfacet
  facet normal 0 0 -1
    outer loop
      vertex -3.47341 30.565 0
      vertex -1.6487 31.9651 0
      vertex -3.12843 30.1716 0
    endloop
  endfacet
  facet normal -0 0 -1
    outer loop
      vertex -1.6487 31.9651 0
      vertex -3.47341 30.565 0
      vertex -1.77224 32.15 0
    endloop
  endfacet
  facet normal 0 0 -1
    outer loop
      vertex -3.7641 31 0
      vertex -1.77224 32.15 0
      vertex -3.47341 30.565 0
    endloop
  endfacet
  facet normal -0 0 -1
    outer loop
      vertex 3.7 33 0
      vertex 3.68034 32.7 0
      vertex 3.66578 33.5221 0
    endloop
  endfacet
  facet normal 0.555582 0.831462 -0
    outer loop
      vertex 2.13505 36.1734 0
      vertex 1.7 36.4641 1.6
      vertex 2.13505 36.1734 1.6
    endloop
  endfacet
  facet normal 0.555582 0.831462 0
    outer loop
      vertex 1.7 36.4641 1.6
      vertex 2.13505 36.1734 0
      vertex 1.7 36.4641 0
    endloop
  endfacet
  facet normal -0.195133 -0.980777 0
    outer loop
      vertex -1.33528 29.1363 0
      vertex -0.822104 29.0342 1.6
      vertex -1.33528 29.1363 1.6
    endloop
  endfacet
  facet normal -0.195133 -0.980777 -0
    outer loop
      vertex -0.822104 29.0342 1.6
      vertex -1.33528 29.1363 0
      vertex -0.822104 29.0342 0
    endloop
  endfacet
  facet normal -0.44226 0.896887 0
    outer loop
      vertex -1.83073 36.6955 0
      vertex -2.3 36.4641 1.6
      vertex -1.83073 36.6955 1.6
    endloop
  endfacet
  facet normal -0.44226 0.896887 0
    outer loop
      vertex -2.3 36.4641 1.6
      vertex -1.83073 36.6955 0
      vertex -2.3 36.4641 0
    endloop
  endfacet
  facet normal -0.946922 0.321464 0
    outer loop
      vertex -4.1637 34.0353 0
      vertex -3.99552 34.5307 1.6
      vertex -3.99552 34.5307 0
    endloop
  endfacet
  facet normal -0.946922 0.321464 0
    outer loop
      vertex -3.99552 34.5307 1.6
      vertex -4.1637 34.0353 0
      vertex -4.1637 34.0353 1.6
    endloop
  endfacet
  facet normal 0.896883 0.442268 0
    outer loop
      vertex 3.39552 34.5307 1.6
      vertex 3.1641 35 0
      vertex 3.1641 35 1.6
    endloop
  endfacet
  facet normal 0.896883 0.442268 0
    outer loop
      vertex 3.1641 35 0
      vertex 3.39552 34.5307 1.6
      vertex 3.39552 34.5307 0
    endloop
  endfacet
  facet normal 0.980786 0.195087 0
    outer loop
      vertex 3.66578 33.5221 1.6
      vertex 3.5637 34.0353 0
      vertex 3.5637 34.0353 1.6
    endloop
  endfacet
  facet normal 0.980786 0.195087 0
    outer loop
      vertex 3.5637 34.0353 0
      vertex 3.66578 33.5221 1.6
      vertex 3.66578 33.5221 0
    endloop
  endfacet
  facet normal 0.831441 0.555613 0
    outer loop
      vertex 3.1641 35 1.6
      vertex 2.87341 35.435 0
      vertex 2.87341 35.435 1.6
    endloop
  endfacet
  facet normal 0.831441 0.555613 0
    outer loop
      vertex 2.87341 35.435 0
      vertex 3.1641 35 1.6
      vertex 3.1641 35 0
    endloop
  endfacet
  facet normal 0.659362 0.751826 -0
    outer loop
      vertex 2.52843 35.8284 0
      vertex 2.13505 36.1734 1.6
      vertex 2.52843 35.8284 1.6
    endloop
  endfacet
  facet normal 0.659362 0.751826 0
    outer loop
      vertex 2.13505 36.1734 1.6
      vertex 2.52843 35.8284 0
      vertex 2.13505 36.1734 0
    endloop
  endfacet
  facet normal 0.321466 0.946921 -0
    outer loop
      vertex 1.23073 36.6955 0
      vertex 0.735275 36.8637 1.6
      vertex 1.23073 36.6955 1.6
    endloop
  endfacet
  facet normal 0.321466 0.946921 0
    outer loop
      vertex 0.735275 36.8637 1.6
      vertex 1.23073 36.6955 0
      vertex 0.735275 36.8637 0
    endloop
  endfacet
  facet normal -0.065364 0.997861 0
    outer loop
      vertex -0.299999 37 0
      vertex -0.822104 36.9658 1.6
      vertex -0.299999 37 1.6
    endloop
  endfacet
  facet normal -0.065364 0.997861 0
    outer loop
      vertex -0.822104 36.9658 1.6
      vertex -0.299999 37 0
      vertex -0.822104 36.9658 0
    endloop
  endfacet
  facet normal -0.997859 -0.0654027 0
    outer loop
      vertex -4.26578 32.4779 0
      vertex -4.3 33 1.6
      vertex -4.3 33 0
    endloop
  endfacet
  facet normal -0.997859 -0.0654027 0
    outer loop
      vertex -4.3 33 1.6
      vertex -4.26578 32.4779 0
      vertex -4.26578 32.4779 1.6
    endloop
  endfacet
  facet normal -0.831441 0.555613 0
    outer loop
      vertex -3.7641 35 0
      vertex -3.47341 35.435 1.6
      vertex -3.47341 35.435 0
    endloop
  endfacet
  facet normal -0.831441 0.555613 0
    outer loop
      vertex -3.47341 35.435 1.6
      vertex -3.7641 35 0
      vertex -3.7641 35 1.6
    endloop
  endfacet
  facet normal -0.555582 0.831462 0
    outer loop
      vertex -2.3 36.4641 0
      vertex -2.73505 36.1734 1.6
      vertex -2.3 36.4641 1.6
    endloop
  endfacet
  facet normal -0.555582 0.831462 0
    outer loop
      vertex -2.73505 36.1734 1.6
      vertex -2.3 36.4641 0
      vertex -2.73505 36.1734 0
    endloop
  endfacet
  facet normal -0.321469 0.94692 0
    outer loop
      vertex -1.33528 36.8637 0
      vertex -1.83073 36.6955 1.6
      vertex -1.33528 36.8637 1.6
    endloop
  endfacet
  facet normal -0.321469 0.94692 0
    outer loop
      vertex -1.83073 36.6955 1.6
      vertex -1.33528 36.8637 0
      vertex -1.83073 36.6955 0
    endloop
  endfacet
  facet normal 0.99786 -0.0653931 0
    outer loop
      vertex 3.68034 32.7 1.6
      vertex 3.7 33 0
      vertex 3.7 33 1.6
    endloop
  endfacet
  facet normal 0.99786 -0.0653931 0
    outer loop
      vertex 3.7 33 0
      vertex 3.68034 32.7 1.6
      vertex 3.68034 32.7 0
    endloop
  endfacet
  facet normal -0.065364 -0.997861 0
    outer loop
      vertex -0.822104 29.0342 0
      vertex -0.299999 29 1.6
      vertex -0.822104 29.0342 1.6
    endloop
  endfacet
  facet normal -0.065364 -0.997861 -0
    outer loop
      vertex -0.299999 29 1.6
      vertex -0.822104 29.0342 0
      vertex -0.299999 29 0
    endloop
  endfacet
  facet normal -0.555582 -0.831462 0
    outer loop
      vertex -2.73505 29.8266 0
      vertex -2.3 29.5359 1.6
      vertex -2.73505 29.8266 1.6
    endloop
  endfacet
  facet normal -0.555582 -0.831462 -0
    outer loop
      vertex -2.3 29.5359 1.6
      vertex -2.73505 29.8266 0
      vertex -2.3 29.5359 0
    endloop
  endfacet
  facet normal -0.831441 -0.555613 0
    outer loop
      vertex -3.47341 30.565 0
      vertex -3.7641 31 1.6
      vertex -3.7641 31 0
    endloop
  endfacet
  facet normal -0.831441 -0.555613 0
    outer loop
      vertex -3.7641 31 1.6
      vertex -3.47341 30.565 0
      vertex -3.47341 30.565 1.6
    endloop
  endfacet
  facet normal -0.980786 -0.195087 0
    outer loop
      vertex -4.1637 31.9647 0
      vertex -4.26578 32.4779 1.6
      vertex -4.26578 32.4779 0
    endloop
  endfacet
  facet normal -0.980786 -0.195087 0
    outer loop
      vertex -4.26578 32.4779 1.6
      vertex -4.1637 31.9647 0
      vertex -4.1637 31.9647 1.6
    endloop
  endfacet
  facet normal 0.946922 0.321464 0
    outer loop
      vertex 3.5637 34.0353 1.6
      vertex 3.39552 34.5307 0
      vertex 3.39552 34.5307 1.6
    endloop
  endfacet
  facet normal 0.946922 0.321464 0
    outer loop
      vertex 3.39552 34.5307 0
      vertex 3.5637 34.0353 1.6
      vertex 3.5637 34.0353 0
    endloop
  endfacet
  facet normal 0.751861 0.659321 0
    outer loop
      vertex 2.87341 35.435 1.6
      vertex 2.52843 35.8284 0
      vertex 2.52843 35.8284 1.6
    endloop
  endfacet
  facet normal 0.751861 0.659321 0
    outer loop
      vertex 2.52843 35.8284 0
      vertex 2.87341 35.435 1.6
      vertex 2.87341 35.435 0
    endloop
  endfacet
  facet normal 0.44226 0.896887 -0
    outer loop
      vertex 1.7 36.4641 0
      vertex 1.23073 36.6955 1.6
      vertex 1.7 36.4641 1.6
    endloop
  endfacet
  facet normal 0.44226 0.896887 0
    outer loop
      vertex 1.23073 36.6955 1.6
      vertex 1.7 36.4641 0
      vertex 1.23073 36.6955 0
    endloop
  endfacet
  facet normal 0.195134 0.980777 -0
    outer loop
      vertex 0.735275 36.8637 0
      vertex 0.222104 36.9658 1.6
      vertex 0.735275 36.8637 1.6
    endloop
  endfacet
  facet normal 0.195134 0.980777 0
    outer loop
      vertex 0.222104 36.9658 1.6
      vertex 0.735275 36.8637 0
      vertex 0.222104 36.9658 0
    endloop
  endfacet
  facet normal 0.0653642 0.997861 -0
    outer loop
      vertex 0.222104 36.9658 0
      vertex -0.299999 37 1.6
      vertex 0.222104 36.9658 1.6
    endloop
  endfacet
  facet normal 0.0653642 0.997861 0
    outer loop
      vertex -0.299999 37 1.6
      vertex 0.222104 36.9658 0
      vertex -0.299999 37 0
    endloop
  endfacet
  facet normal -0.980786 0.195087 0
    outer loop
      vertex -4.26578 33.5221 0
      vertex -4.1637 34.0353 1.6
      vertex -4.1637 34.0353 0
    endloop
  endfacet
  facet normal -0.980786 0.195087 0
    outer loop
      vertex -4.1637 34.0353 1.6
      vertex -4.26578 33.5221 0
      vertex -4.26578 33.5221 1.6
    endloop
  endfacet
  facet normal -0.997859 0.0654027 0
    outer loop
      vertex -4.3 33 0
      vertex -4.26578 33.5221 1.6
      vertex -4.26578 33.5221 0
    endloop
  endfacet
  facet normal -0.997859 0.0654027 0
    outer loop
      vertex -4.26578 33.5221 1.6
      vertex -4.3 33 0
      vertex -4.3 33 1.6
    endloop
  endfacet
  facet normal -0.896883 0.442268 0
    outer loop
      vertex -3.99552 34.5307 0
      vertex -3.7641 35 1.6
      vertex -3.7641 35 0
    endloop
  endfacet
  facet normal -0.896883 0.442268 0
    outer loop
      vertex -3.7641 35 1.6
      vertex -3.99552 34.5307 0
      vertex -3.99552 34.5307 1.6
    endloop
  endfacet
  facet normal -0.195133 0.980777 0
    outer loop
      vertex -0.822104 36.9658 0
      vertex -1.33528 36.8637 1.6
      vertex -0.822104 36.9658 1.6
    endloop
  endfacet
  facet normal -0.195133 0.980777 0
    outer loop
      vertex -1.33528 36.8637 1.6
      vertex -0.822104 36.9658 0
      vertex -1.33528 36.8637 0
    endloop
  endfacet
  facet normal -0.659362 0.751826 0
    outer loop
      vertex -2.73505 36.1734 0
      vertex -3.12843 35.8284 1.6
      vertex -2.73505 36.1734 1.6
    endloop
  endfacet
  facet normal -0.659362 0.751826 0
    outer loop
      vertex -3.12843 35.8284 1.6
      vertex -2.73505 36.1734 0
      vertex -3.12843 35.8284 0
    endloop
  endfacet
  facet normal -0.751861 0.659321 0
    outer loop
      vertex -3.47341 35.435 0
      vertex -3.12843 35.8284 1.6
      vertex -3.12843 35.8284 0
    endloop
  endfacet
  facet normal -0.751861 0.659321 0
    outer loop
      vertex -3.12843 35.8284 1.6
      vertex -3.47341 35.435 0
      vertex -3.47341 35.435 1.6
    endloop
  endfacet
  facet normal 0.997859 0.0654027 0
    outer loop
      vertex 3.7 33 1.6
      vertex 3.66578 33.5221 0
      vertex 3.66578 33.5221 1.6
    endloop
  endfacet
  facet normal 0.997859 0.0654027 0
    outer loop
      vertex 3.66578 33.5221 0
      vertex 3.7 33 1.6
      vertex 3.7 33 0
    endloop
  endfacet
  facet normal 0.0655258 -0.997851 0
    outer loop
      vertex -0.299999 29 0
      vertex 0 29.0197 1.6
      vertex -0.299999 29 1.6
    endloop
  endfacet
  facet normal 0.0655258 -0.997851 0
    outer loop
      vertex 0 29.0197 1.6
      vertex -0.299999 29 0
      vertex 0 29.0197 0
    endloop
  endfacet
  facet normal -0.321469 -0.94692 0
    outer loop
      vertex -1.83073 29.3045 0
      vertex -1.33528 29.1363 1.6
      vertex -1.83073 29.3045 1.6
    endloop
  endfacet
  facet normal -0.321469 -0.94692 -0
    outer loop
      vertex -1.33528 29.1363 1.6
      vertex -1.83073 29.3045 0
      vertex -1.33528 29.1363 0
    endloop
  endfacet
  facet normal -0.946922 -0.321464 0
    outer loop
      vertex -3.99552 31.4693 0
      vertex -4.1637 31.9647 1.6
      vertex -4.1637 31.9647 0
    endloop
  endfacet
  facet normal -0.946922 -0.321464 0
    outer loop
      vertex -4.1637 31.9647 1.6
      vertex -3.99552 31.4693 0
      vertex -3.99552 31.4693 1.6
    endloop
  endfacet
  facet normal -0.751861 -0.659321 0
    outer loop
      vertex -3.12843 30.1716 0
      vertex -3.47341 30.565 1.6
      vertex -3.47341 30.565 0
    endloop
  endfacet
  facet normal -0.751861 -0.659321 0
    outer loop
      vertex -3.47341 30.565 1.6
      vertex -3.12843 30.1716 0
      vertex -3.12843 30.1716 1.6
    endloop
  endfacet
  facet normal 0 0 1
    outer loop
      vertex 1.38546 32.7781 1.6
      vertex 3.7 33 1.6
      vertex 3.66578 33.5221 1.6
    endloop
  endfacet
  facet normal 0 0 1
    outer loop
      vertex 88.7 33 1.6
      vertex 91 33 1.6
      vertex 90.9658 33.5221 1.6
    endloop
  endfacet
  facet normal 0 0 1
    outer loop
      vertex 88.6855 33.2219 1.6
      vertex 90.9658 33.5221 1.6
      vertex 90.8637 34.0353 1.6
    endloop
  endfacet
  facet normal 0 0 1
    outer loop
      vertex 91 33 1.6
      vertex 88.7 33 1.6
      vertex 90.9658 32.4779 1.6
    endloop
  endfacet
  facet normal 0 0 1
    outer loop
      vertex 88.6421 33.44 1.6
      vertex 90.8637 34.0353 1.6
      vertex 90.6955 34.5307 1.6
    endloop
  endfacet
  facet normal -0 0 1
    outer loop
      vertex 88.6855 32.7781 1.6
      vertex 90.9658 32.4779 1.6
      vertex 88.7 33 1.6
    endloop
  endfacet
  facet normal 0 0 1
    outer loop
      vertex 88.5706 33.6506 1.6
      vertex 90.6955 34.5307 1.6
      vertex 90.4641 35 1.6
    endloop
  endfacet
  facet normal 0 0 1
    outer loop
      vertex 90.9658 32.4779 1.6
      vertex 88.6855 32.7781 1.6
      vertex 90.8637 31.9647 1.6
    endloop
  endfacet
  facet normal 0 0 1
    outer loop
      vertex 88.4722 33.85 1.6
      vertex 90.4641 35 1.6
      vertex 90.1734 35.435 1.6
    endloop
  endfacet
  facet normal -0 0 1
    outer loop
      vertex 88.6421 32.56 1.6
      vertex 90.8637 31.9647 1.6
      vertex 88.6855 32.7781 1.6
    endloop
  endfacet
  facet normal 0 0 1
    outer loop
      vertex 88.3487 34.0349 1.6
      vertex 90.1734 35.435 1.6
      vertex 89.8284 35.8284 1.6
    endloop
  endfacet
  facet normal 0 0 1
    outer loop
      vertex 90.8637 31.9647 1.6
      vertex 88.6421 32.56 1.6
      vertex 90.6955 31.4693 1.6
    endloop
  endfacet
  facet normal 0 0 1
    outer loop
      vertex 88.2021 34.2021 1.6
      vertex 89.8284 35.8284 1.6
      vertex 89.435 36.1734 1.6
    endloop
  endfacet
  facet normal -0 0 1
    outer loop
      vertex 88.5706 32.3494 1.6
      vertex 90.6955 31.4693 1.6
      vertex 88.6421 32.56 1.6
    endloop
  endfacet
  facet normal 0 0 1
    outer loop
      vertex 88.0349 34.3487 1.6
      vertex 89.435 36.1734 1.6
      vertex 89 36.4641 1.6
    endloop
  endfacet
  facet normal 0 0 1
    outer loop
      vertex 90.6955 31.4693 1.6
      vertex 88.5706 32.3494 1.6
      vertex 90.4641 31 1.6
    endloop
  endfacet
  facet normal -0 0 1
    outer loop
      vertex 88.4722 32.15 1.6
      vertex 90.4641 31 1.6
      vertex 88.5706 32.3494 1.6
    endloop
  endfacet
  facet normal 0 0 1
    outer loop
      vertex 90.9658 33.5221 1.6
      vertex 88.6855 33.2219 1.6
      vertex 88.7 33 1.6
    endloop
  endfacet
  facet normal 0 0 1
    outer loop
      vertex 90.8637 34.0353 1.6
      vertex 88.6421 33.44 1.6
      vertex 88.6855 33.2219 1.6
    endloop
  endfacet
  facet normal 0 0 1
    outer loop
      vertex 90.6955 34.5307 1.6
      vertex 88.5706 33.6506 1.6
      vertex 88.6421 33.44 1.6
    endloop
  endfacet
  facet normal 0 0 1
    outer loop
      vertex 87.85 34.4722 1.6
      vertex 89 36.4641 1.6
      vertex 88.5307 36.6955 1.6
    endloop
  endfacet
  facet normal 0 0 1
    outer loop
      vertex 90.4641 35 1.6
      vertex 88.4722 33.85 1.6
      vertex 88.5706 33.6506 1.6
    endloop
  endfacet
  facet normal 0 0 1
    outer loop
      vertex 90.1734 35.435 1.6
      vertex 88.3487 34.0349 1.6
      vertex 88.4722 33.85 1.6
    endloop
  endfacet
  facet normal 0 0 1
    outer loop
      vertex 89.8284 35.8284 1.6
      vertex 88.2021 34.2021 1.6
      vertex 88.3487 34.0349 1.6
    endloop
  endfacet
  facet normal 0 0 1
    outer loop
      vertex 87.6506 34.5706 1.6
      vertex 88.5307 36.6955 1.6
      vertex 88.0353 36.8637 1.6
    endloop
  endfacet
  facet normal 0 0 1
    outer loop
      vertex 89.435 36.1734 1.6
      vertex 88.0349 34.3487 1.6
      vertex 88.2021 34.2021 1.6
    endloop
  endfacet
  facet normal 0 0 1
    outer loop
      vertex 89 36.4641 1.6
      vertex 87.85 34.4722 1.6
      vertex 88.0349 34.3487 1.6
    endloop
  endfacet
  facet normal 0 0 1
    outer loop
      vertex 88.5307 36.6955 1.6
      vertex 87.6506 34.5706 1.6
      vertex 87.85 34.4722 1.6
    endloop
  endfacet
  facet normal 0 0 1
    outer loop
      vertex 87.44 34.6421 1.6
      vertex 88.0353 36.8637 1.6
      vertex 87.5221 36.9658 1.6
    endloop
  endfacet
  facet normal 0 0 1
    outer loop
      vertex 88.0353 36.8637 1.6
      vertex 87.44 34.6421 1.6
      vertex 87.6506 34.5706 1.6
    endloop
  endfacet
  facet normal 0 0 1
    outer loop
      vertex 87.5221 36.9658 1.6
      vertex 87.2219 34.6855 1.6
      vertex 87.44 34.6421 1.6
    endloop
  endfacet
  facet normal 0 0 1
    outer loop
      vertex 87 37 1.6
      vertex 87.2219 34.6855 1.6
      vertex 87.5221 36.9658 1.6
    endloop
  endfacet
  facet normal 0 0 1
    outer loop
      vertex 87 37 1.6
      vertex 87 34.7 1.6
      vertex 87.2219 34.6855 1.6
    endloop
  endfacet
  facet normal 0 0 1
    outer loop
      vertex 87 37 1.6
      vertex 86.7781 34.6855 1.6
      vertex 87 34.7 1.6
    endloop
  endfacet
  facet normal -0 0 1
    outer loop
      vertex 86.4779 36.9658 1.6
      vertex 86.7781 34.6855 1.6
      vertex 87 37 1.6
    endloop
  endfacet
  facet normal 0 0 1
    outer loop
      vertex 86.7781 34.6855 1.6
      vertex 86.4779 36.9658 1.6
      vertex 86.56 34.6421 1.6
    endloop
  endfacet
  facet normal -0 0 1
    outer loop
      vertex 85.9647 36.8637 1.6
      vertex 86.56 34.6421 1.6
      vertex 86.4779 36.9658 1.6
    endloop
  endfacet
  facet normal 0 0 1
    outer loop
      vertex 86.56 34.6421 1.6
      vertex 85.9647 36.8637 1.6
      vertex 86.3494 34.5706 1.6
    endloop
  endfacet
  facet normal -0 0 1
    outer loop
      vertex 85.4693 36.6955 1.6
      vertex 86.3494 34.5706 1.6
      vertex 85.9647 36.8637 1.6
    endloop
  endfacet
  facet normal 0 0 1
    outer loop
      vertex 86.3494 34.5706 1.6
      vertex 85.4693 36.6955 1.6
      vertex 86.15 34.4722 1.6
    endloop
  endfacet
  facet normal -0 0 1
    outer loop
      vertex 85 36.4641 1.6
      vertex 86.15 34.4722 1.6
      vertex 85.4693 36.6955 1.6
    endloop
  endfacet
  facet normal 0 0 1
    outer loop
      vertex 86.15 34.4722 1.6
      vertex 85 36.4641 1.6
      vertex 85.9651 34.3487 1.6
    endloop
  endfacet
  facet normal -0 0 1
    outer loop
      vertex 84.565 36.1734 1.6
      vertex 85.9651 34.3487 1.6
      vertex 85 36.4641 1.6
    endloop
  endfacet
  facet normal 0 0 1
    outer loop
      vertex 85.9651 34.3487 1.6
      vertex 84.565 36.1734 1.6
      vertex 85.7979 34.2021 1.6
    endloop
  endfacet
  facet normal -0 0 1
    outer loop
      vertex 84.1716 35.8284 1.6
      vertex 85.7979 34.2021 1.6
      vertex 84.565 36.1734 1.6
    endloop
  endfacet
  facet normal 0 0 1
    outer loop
      vertex 85.7979 34.2021 1.6
      vertex 84.1716 35.8284 1.6
      vertex 85.6513 34.0349 1.6
    endloop
  endfacet
  facet normal -0 0 1
    outer loop
      vertex 83.8266 35.435 1.6
      vertex 85.6513 34.0349 1.6
      vertex 84.1716 35.8284 1.6
    endloop
  endfacet
  facet normal 0 0 1
    outer loop
      vertex 85.6513 34.0349 1.6
      vertex 83.8266 35.435 1.6
      vertex 85.5278 33.85 1.6
    endloop
  endfacet
  facet normal 0 0 1
    outer loop
      vertex 85.4294 0.350561 1.6
      vertex 83.0197 0 1.6
      vertex 85.3579 0.139992 1.6
    endloop
  endfacet
  facet normal -0 0 1
    outer loop
      vertex 83.5359 35 1.6
      vertex 85.5278 33.85 1.6
      vertex 83.8266 35.435 1.6
    endloop
  endfacet
  facet normal 0 0 1
    outer loop
      vertex 90.4641 31 1.6
      vertex 88.4722 32.15 1.6
      vertex 90.1734 30.565 1.6
    endloop
  endfacet
  facet normal -0 0 1
    outer loop
      vertex 88.3487 31.9651 1.6
      vertex 90.1734 30.565 1.6
      vertex 88.4722 32.15 1.6
    endloop
  endfacet
  facet normal 0 0 1
    outer loop
      vertex 90.1734 30.565 1.6
      vertex 88.3487 31.9651 1.6
      vertex 89.8284 30.1716 1.6
    endloop
  endfacet
  facet normal -0 0 1
    outer loop
      vertex 88.2021 31.7979 1.6
      vertex 89.8284 30.1716 1.6
      vertex 88.3487 31.9651 1.6
    endloop
  endfacet
  facet normal 0 0 1
    outer loop
      vertex 89.8284 30.1716 1.6
      vertex 88.2021 31.7979 1.6
      vertex 89.435 29.8266 1.6
    endloop
  endfacet
  facet normal -0 0 1
    outer loop
      vertex 88.0349 31.6513 1.6
      vertex 89.435 29.8266 1.6
      vertex 88.2021 31.7979 1.6
    endloop
  endfacet
  facet normal 0 0 1
    outer loop
      vertex 89.435 29.8266 1.6
      vertex 88.0349 31.6513 1.6
      vertex 89 29.5359 1.6
    endloop
  endfacet
  facet normal -0 0 1
    outer loop
      vertex 87.85 31.5278 1.6
      vertex 89 29.5359 1.6
      vertex 88.0349 31.6513 1.6
    endloop
  endfacet
  facet normal 0 0 1
    outer loop
      vertex 89 29.5359 1.6
      vertex 87.85 31.5278 1.6
      vertex 88.5307 29.3045 1.6
    endloop
  endfacet
  facet normal -0 0 1
    outer loop
      vertex 87.6506 31.4294 1.6
      vertex 88.5307 29.3045 1.6
      vertex 87.85 31.5278 1.6
    endloop
  endfacet
  facet normal 0 0 1
    outer loop
      vertex 88.5307 29.3045 1.6
      vertex 87.6506 31.4294 1.6
      vertex 88.0353 29.1363 1.6
    endloop
  endfacet
  facet normal -0 0 1
    outer loop
      vertex 87.44 31.3579 1.6
      vertex 88.0353 29.1363 1.6
      vertex 87.6506 31.4294 1.6
    endloop
  endfacet
  facet normal 0 0 1
    outer loop
      vertex 88.0353 29.1363 1.6
      vertex 87.44 31.3579 1.6
      vertex 87.5221 29.0342 1.6
    endloop
  endfacet
  facet normal -0 0 1
    outer loop
      vertex 87.2219 31.3145 1.6
      vertex 87.5221 29.0342 1.6
      vertex 87.44 31.3579 1.6
    endloop
  endfacet
  facet normal -0 0 1
    outer loop
      vertex 87 31.3 1.6
      vertex 87.5221 29.0342 1.6
      vertex 87.2219 31.3145 1.6
    endloop
  endfacet
  facet normal 0 0 1
    outer loop
      vertex 87 31.3 1.6
      vertex 87 29 1.6
      vertex 87.5221 29.0342 1.6
    endloop
  endfacet
  facet normal 0 0 1
    outer loop
      vertex 86.7 29.0197 1.6
      vertex 87 31.3 1.6
      vertex 86.7781 31.3145 1.6
    endloop
  endfacet
  facet normal 0 0 1
    outer loop
      vertex 87 31.3 1.6
      vertex 86.7 29.0197 1.6
      vertex 87 29 1.6
    endloop
  endfacet
  facet normal 0 0 1
    outer loop
      vertex 86.3494 31.4294 1.6
      vertex 86.7 29.0197 1.6
      vertex 86.56 31.3579 1.6
    endloop
  endfacet
  facet normal 0 0 1
    outer loop
      vertex 86.56 31.3579 1.6
      vertex 86.7 29.0197 1.6
      vertex 86.7781 31.3145 1.6
    endloop
  endfacet
  facet normal 0 0 1
    outer loop
      vertex 88.7 -0.299999 1.6
      vertex 91 -0.299999 1.6
      vertex 90.9658 0.222104 1.6
    endloop
  endfacet
  facet normal 0 0 1
    outer loop
      vertex 88.6855 -0.078105 1.6
      vertex 90.9658 0.222104 1.6
      vertex 90.8637 0.735275 1.6
    endloop
  endfacet
  facet normal 0 0 1
    outer loop
      vertex 91 -0.299999 1.6
      vertex 88.7 -0.299999 1.6
      vertex 90.9658 -0.822104 1.6
    endloop
  endfacet
  facet normal 0 0 1
    outer loop
      vertex 88.6421 0.139992 1.6
      vertex 90.8637 0.735275 1.6
      vertex 90.6955 1.23073 1.6
    endloop
  endfacet
  facet normal -0 0 1
    outer loop
      vertex 88.6855 -0.521894 1.6
      vertex 90.9658 -0.822104 1.6
      vertex 88.7 -0.299999 1.6
    endloop
  endfacet
  facet normal 0 0 1
    outer loop
      vertex 88.5706 0.350561 1.6
      vertex 90.6955 1.23073 1.6
      vertex 90.4641 1.7 1.6
    endloop
  endfacet
  facet normal 0 0 1
    outer loop
      vertex 90.9658 -0.822104 1.6
      vertex 88.6855 -0.521894 1.6
      vertex 90.8637 -1.33528 1.6
    endloop
  endfacet
  facet normal 0 0 1
    outer loop
      vertex 88.4722 0.549999 1.6
      vertex 90.4641 1.7 1.6
      vertex 90.1734 2.13505 1.6
    endloop
  endfacet
  facet normal -0 0 1
    outer loop
      vertex 88.6421 -0.739992 1.6
      vertex 90.8637 -1.33528 1.6
      vertex 88.6855 -0.521894 1.6
    endloop
  endfacet
  facet normal 0 0 1
    outer loop
      vertex 88.3487 0.734894 1.6
      vertex 90.1734 2.13505 1.6
      vertex 89.8284 2.52843 1.6
    endloop
  endfacet
  facet normal 0 0 1
    outer loop
      vertex 90.8637 -1.33528 1.6
      vertex 88.6421 -0.739992 1.6
      vertex 90.6955 -1.83073 1.6
    endloop
  endfacet
  facet normal 0 0 1
    outer loop
      vertex 88.2021 0.902081 1.6
      vertex 89.8284 2.52843 1.6
      vertex 89.435 2.87341 1.6
    endloop
  endfacet
  facet normal -0 0 1
    outer loop
      vertex 88.5706 -0.950562 1.6
      vertex 90.6955 -1.83073 1.6
      vertex 88.6421 -0.739992 1.6
    endloop
  endfacet
  facet normal 0 0 1
    outer loop
      vertex 88.0349 1.0487 1.6
      vertex 89.435 2.87341 1.6
      vertex 89 3.1641 1.6
    endloop
  endfacet
  facet normal 0 0 1
    outer loop
      vertex 90.6955 -1.83073 1.6
      vertex 88.5706 -0.950562 1.6
      vertex 90.4641 -2.3 1.6
    endloop
  endfacet
  facet normal -0 0 1
    outer loop
      vertex 88.4722 -1.15 1.6
      vertex 90.4641 -2.3 1.6
      vertex 88.5706 -0.950562 1.6
    endloop
  endfacet
  facet normal 0 0 1
    outer loop
      vertex 90.9658 0.222104 1.6
      vertex 88.6855 -0.078105 1.6
      vertex 88.7 -0.299999 1.6
    endloop
  endfacet
  facet normal 0 0 1
    outer loop
      vertex 90.8637 0.735275 1.6
      vertex 88.6421 0.139992 1.6
      vertex 88.6855 -0.078105 1.6
    endloop
  endfacet
  facet normal 0 0 1
    outer loop
      vertex 90.6955 1.23073 1.6
      vertex 88.5706 0.350561 1.6
      vertex 88.6421 0.139992 1.6
    endloop
  endfacet
  facet normal 0 0 1
    outer loop
      vertex 87.85 1.17224 1.6
      vertex 89 3.1641 1.6
      vertex 88.5307 3.39552 1.6
    endloop
  endfacet
  facet normal 0 0 1
    outer loop
      vertex 90.4641 1.7 1.6
      vertex 88.4722 0.549999 1.6
      vertex 88.5706 0.350561 1.6
    endloop
  endfacet
  facet normal 0 0 1
    outer loop
      vertex 90.1734 2.13505 1.6
      vertex 88.3487 0.734894 1.6
      vertex 88.4722 0.549999 1.6
    endloop
  endfacet
  facet normal 0 0 1
    outer loop
      vertex 89.8284 2.52843 1.6
      vertex 88.2021 0.902081 1.6
      vertex 88.3487 0.734894 1.6
    endloop
  endfacet
  facet normal 0 0 1
    outer loop
      vertex 87.6506 1.27059 1.6
      vertex 88.5307 3.39552 1.6
      vertex 88.0353 3.5637 1.6
    endloop
  endfacet
  facet normal 0 0 1
    outer loop
      vertex 89.435 2.87341 1.6
      vertex 88.0349 1.0487 1.6
      vertex 88.2021 0.902081 1.6
    endloop
  endfacet
  facet normal 0 0 1
    outer loop
      vertex 89 3.1641 1.6
      vertex 87.85 1.17224 1.6
      vertex 88.0349 1.0487 1.6
    endloop
  endfacet
  facet normal 0 0 1
    outer loop
      vertex 88.5307 3.39552 1.6
      vertex 87.6506 1.27059 1.6
      vertex 87.85 1.17224 1.6
    endloop
  endfacet
  facet normal 0 0 1
    outer loop
      vertex 87.44 1.34207 1.6
      vertex 88.0353 3.5637 1.6
      vertex 87.5221 3.66578 1.6
    endloop
  endfacet
  facet normal 0 0 1
    outer loop
      vertex 88.0353 3.5637 1.6
      vertex 87.44 1.34207 1.6
      vertex 87.6506 1.27059 1.6
    endloop
  endfacet
  facet normal 0 0 1
    outer loop
      vertex 87.5221 3.66578 1.6
      vertex 87.2219 1.38546 1.6
      vertex 87.44 1.34207 1.6
    endloop
  endfacet
  facet normal 0 0 1
    outer loop
      vertex 87 3.7 1.6
      vertex 87.2219 1.38546 1.6
      vertex 87.5221 3.66578 1.6
    endloop
  endfacet
  facet normal 0 0 1
    outer loop
      vertex 87 3.7 1.6
      vertex 87 1.4 1.6
      vertex 87.2219 1.38546 1.6
    endloop
  endfacet
  facet normal -0 0 1
    outer loop
      vertex 86.7 3.68034 1.6
      vertex 87 1.4 1.6
      vertex 87 3.7 1.6
    endloop
  endfacet
  facet normal 0 0 1
    outer loop
      vertex 87 1.4 1.6
      vertex 86.7 3.68034 1.6
      vertex 86.7781 1.38546 1.6
    endloop
  endfacet
  facet normal 0 0 1
    outer loop
      vertex 86.7 3.68034 1.6
      vertex 86.56 1.34207 1.6
      vertex 86.7781 1.38546 1.6
    endloop
  endfacet
  facet normal 0 0 1
    outer loop
      vertex 86.15 31.5278 1.6
      vertex 86.7 29.0197 1.6
      vertex 86.3494 31.4294 1.6
    endloop
  endfacet
  facet normal 0 0 1
    outer loop
      vertex 85.9651 31.6513 1.6
      vertex 86.7 29.0197 1.6
      vertex 86.15 31.5278 1.6
    endloop
  endfacet
  facet normal 0 0 1
    outer loop
      vertex 86.7 3.68034 1.6
      vertex 86.3494 1.27059 1.6
      vertex 86.56 1.34207 1.6
    endloop
  endfacet
  facet normal 0 0 1
    outer loop
      vertex 85.7979 31.7979 1.6
      vertex 86.7 29.0197 1.6
      vertex 85.9651 31.6513 1.6
    endloop
  endfacet
  facet normal 0 0 1
    outer loop
      vertex 86.7 3.68034 1.6
      vertex 86.15 1.17224 1.6
      vertex 86.3494 1.27059 1.6
    endloop
  endfacet
  facet normal 0 0 1
    outer loop
      vertex 83.0197 32.7 1.6
      vertex 85.7979 31.7979 1.6
      vertex 85.6513 31.9651 1.6
    endloop
  endfacet
  facet normal 0 0 1
    outer loop
      vertex 86.7 3.68034 1.6
      vertex 85.9651 1.0487 1.6
      vertex 86.15 1.17224 1.6
    endloop
  endfacet
  facet normal 0 0 1
    outer loop
      vertex 83.0197 32.7 1.6
      vertex 85.6513 31.9651 1.6
      vertex 85.5278 32.15 1.6
    endloop
  endfacet
  facet normal 0 0 1
    outer loop
      vertex 86.7 3.68034 1.6
      vertex 85.7979 0.902081 1.6
      vertex 85.9651 1.0487 1.6
    endloop
  endfacet
  facet normal 0 0 1
    outer loop
      vertex 83.0197 32.7 1.6
      vertex 85.5278 32.15 1.6
      vertex 85.4294 32.3494 1.6
    endloop
  endfacet
  facet normal 0 0 1
    outer loop
      vertex 83.0197 0 1.6
      vertex 85.7979 0.902081 1.6
      vertex 86.7 3.68034 1.6
    endloop
  endfacet
  facet normal 0 0 1
    outer loop
      vertex 85.7979 31.7979 1.6
      vertex 83.0197 32.7 1.6
      vertex 86.7 29.0197 1.6
    endloop
  endfacet
  facet normal 0 0 1
    outer loop
      vertex 85.7979 0.902081 1.6
      vertex 83.0197 0 1.6
      vertex 85.6513 0.734894 1.6
    endloop
  endfacet
  facet normal 0 0 1
    outer loop
      vertex 86.7 29.0197 1.6
      vertex 83.0197 32.7 1.6
      vertex 86.7 3.68034 1.6
    endloop
  endfacet
  facet normal 0 0 1
    outer loop
      vertex 85.6513 0.734894 1.6
      vertex 83.0197 0 1.6
      vertex 85.5278 0.549999 1.6
    endloop
  endfacet
  facet normal 0 0 1
    outer loop
      vertex 83.0197 32.7 1.6
      vertex 85.4294 32.3494 1.6
      vertex 85.3579 32.56 1.6
    endloop
  endfacet
  facet normal 0 0 1
    outer loop
      vertex 83.0197 0 1.6
      vertex 86.7 3.68034 1.6
      vertex 83.0197 32.7 1.6
    endloop
  endfacet
  facet normal -0 0 1
    outer loop
      vertex 83.0197 32.7 1.6
      vertex 85.3579 32.56 1.6
      vertex 85.3145 32.7781 1.6
    endloop
  endfacet
  facet normal 0 0 1
    outer loop
      vertex 85.5278 0.549999 1.6
      vertex 83.0197 0 1.6
      vertex 85.4294 0.350561 1.6
    endloop
  endfacet
  facet normal 0 0 1
    outer loop
      vertex 85.3145 33.2219 1.6
      vertex 83.0197 32.7 1.6
      vertex 85.3 33 1.6
    endloop
  endfacet
  facet normal 0 0 1
    outer loop
      vertex 85.3 33 1.6
      vertex 83.0197 32.7 1.6
      vertex 85.3145 32.7781 1.6
    endloop
  endfacet
  facet normal 0 0 1
    outer loop
      vertex 90.4641 -2.3 1.6
      vertex 88.4722 -1.15 1.6
      vertex 90.1734 -2.73505 1.6
    endloop
  endfacet
  facet normal -0 0 1
    outer loop
      vertex 88.3487 -1.33489 1.6
      vertex 90.1734 -2.73505 1.6
      vertex 88.4722 -1.15 1.6
    endloop
  endfacet
  facet normal 0 0 1
    outer loop
      vertex 90.1734 -2.73505 1.6
      vertex 88.3487 -1.33489 1.6
      vertex 89.8284 -3.12843 1.6
    endloop
  endfacet
  facet normal -0 0 1
    outer loop
      vertex 88.2021 -1.50208 1.6
      vertex 89.8284 -3.12843 1.6
      vertex 88.3487 -1.33489 1.6
    endloop
  endfacet
  facet normal 0 0 1
    outer loop
      vertex 89.8284 -3.12843 1.6
      vertex 88.2021 -1.50208 1.6
      vertex 89.435 -3.47341 1.6
    endloop
  endfacet
  facet normal -0 0 1
    outer loop
      vertex 88.0349 -1.6487 1.6
      vertex 89.435 -3.47341 1.6
      vertex 88.2021 -1.50208 1.6
    endloop
  endfacet
  facet normal 0 0 1
    outer loop
      vertex 89.435 -3.47341 1.6
      vertex 88.0349 -1.6487 1.6
      vertex 89 -3.7641 1.6
    endloop
  endfacet
  facet normal -0 0 1
    outer loop
      vertex 87.85 -1.77224 1.6
      vertex 89 -3.7641 1.6
      vertex 88.0349 -1.6487 1.6
    endloop
  endfacet
  facet normal 0 0 1
    outer loop
      vertex 89 -3.7641 1.6
      vertex 87.85 -1.77224 1.6
      vertex 88.5307 -3.99552 1.6
    endloop
  endfacet
  facet normal -0 0 1
    outer loop
      vertex 87.6506 -1.87059 1.6
      vertex 88.5307 -3.99552 1.6
      vertex 87.85 -1.77224 1.6
    endloop
  endfacet
  facet normal 0 0 1
    outer loop
      vertex 88.5307 -3.99552 1.6
      vertex 87.6506 -1.87059 1.6
      vertex 88.0353 -4.1637 1.6
    endloop
  endfacet
  facet normal -0 0 1
    outer loop
      vertex 87.44 -1.94207 1.6
      vertex 88.0353 -4.1637 1.6
      vertex 87.6506 -1.87059 1.6
    endloop
  endfacet
  facet normal 0 0 1
    outer loop
      vertex 88.0353 -4.1637 1.6
      vertex 87.44 -1.94207 1.6
      vertex 87.5221 -4.26578 1.6
    endloop
  endfacet
  facet normal -0 0 1
    outer loop
      vertex 87.2219 -1.98546 1.6
      vertex 87.5221 -4.26578 1.6
      vertex 87.44 -1.94207 1.6
    endloop
  endfacet
  facet normal -0 0 1
    outer loop
      vertex 87 -2 1.6
      vertex 87.5221 -4.26578 1.6
      vertex 87.2219 -1.98546 1.6
    endloop
  endfacet
  facet normal 0 0 1
    outer loop
      vertex 87 -2 1.6
      vertex 87 -4.3 1.6
      vertex 87.5221 -4.26578 1.6
    endloop
  endfacet
  facet normal 0 0 1
    outer loop
      vertex 86.7781 -1.98546 1.6
      vertex 87 -4.3 1.6
      vertex 87 -2 1.6
    endloop
  endfacet
  facet normal 0 0 1
    outer loop
      vertex 86.4779 -4.26578 1.6
      vertex 86.7781 -1.98546 1.6
      vertex 86.56 -1.94207 1.6
    endloop
  endfacet
  facet normal 0 0 1
    outer loop
      vertex 86.7781 -1.98546 1.6
      vertex 86.4779 -4.26578 1.6
      vertex 87 -4.3 1.6
    endloop
  endfacet
  facet normal 0 0 1
    outer loop
      vertex 85.9647 -4.1637 1.6
      vertex 86.56 -1.94207 1.6
      vertex 86.3494 -1.87059 1.6
    endloop
  endfacet
  facet normal 0 0 1
    outer loop
      vertex 85.4693 -3.99552 1.6
      vertex 86.3494 -1.87059 1.6
      vertex 86.15 -1.77224 1.6
    endloop
  endfacet
  facet normal 0 0 1
    outer loop
      vertex 85 -3.7641 1.6
      vertex 86.15 -1.77224 1.6
      vertex 85.9651 -1.6487 1.6
    endloop
  endfacet
  facet normal 0 0 1
    outer loop
      vertex 86.56 -1.94207 1.6
      vertex 85.9647 -4.1637 1.6
      vertex 86.4779 -4.26578 1.6
    endloop
  endfacet
  facet normal 0 0 1
    outer loop
      vertex 84.565 -3.47341 1.6
      vertex 85.9651 -1.6487 1.6
      vertex 85.7979 -1.50208 1.6
    endloop
  endfacet
  facet normal 0 0 1
    outer loop
      vertex 84.1716 -3.12843 1.6
      vertex 85.7979 -1.50208 1.6
      vertex 85.6513 -1.33489 1.6
    endloop
  endfacet
  facet normal 0 0 1
    outer loop
      vertex 83.8266 -2.73505 1.6
      vertex 85.6513 -1.33489 1.6
      vertex 85.5278 -1.15 1.6
    endloop
  endfacet
  facet normal 0 0 1
    outer loop
      vertex 86.3494 -1.87059 1.6
      vertex 85.4693 -3.99552 1.6
      vertex 85.9647 -4.1637 1.6
    endloop
  endfacet
  facet normal 0 0 1
    outer loop
      vertex 83.5359 -2.3 1.6
      vertex 85.5278 -1.15 1.6
      vertex 85.4294 -0.950562 1.6
    endloop
  endfacet
  facet normal 0 0 1
    outer loop
      vertex 83.3045 -1.83073 1.6
      vertex 85.4294 -0.950562 1.6
      vertex 85.3579 -0.739992 1.6
    endloop
  endfacet
  facet normal 0 0 1
    outer loop
      vertex 83.1363 -1.33528 1.6
      vertex 85.3579 -0.739992 1.6
      vertex 85.3145 -0.521894 1.6
    endloop
  endfacet
  facet normal 0 0 1
    outer loop
      vertex 83.0342 -0.822104 1.6
      vertex 85.3145 -0.521894 1.6
      vertex 85.3 -0.299999 1.6
    endloop
  endfacet
  facet normal 0 0 1
    outer loop
      vertex 86.15 -1.77224 1.6
      vertex 85 -3.7641 1.6
      vertex 85.4693 -3.99552 1.6
    endloop
  endfacet
  facet normal 0 0 1
    outer loop
      vertex 85.3579 0.139992 1.6
      vertex 83.0197 0 1.6
      vertex 85.3145 -0.078105 1.6
    endloop
  endfacet
  facet normal 0 0 1
    outer loop
      vertex 85.5278 33.85 1.6
      vertex 83.5359 35 1.6
      vertex 85.4294 33.6506 1.6
    endloop
  endfacet
  facet normal 0 0 1
    outer loop
      vertex 85.3145 -0.078105 1.6
      vertex 83.0197 0 1.6
      vertex 85.3 -0.299999 1.6
    endloop
  endfacet
  facet normal -0 0 1
    outer loop
      vertex 83.3045 34.5307 1.6
      vertex 85.4294 33.6506 1.6
      vertex 83.5359 35 1.6
    endloop
  endfacet
  facet normal 0 0 1
    outer loop
      vertex 83 -0.299999 1.6
      vertex 85.3 -0.299999 1.6
      vertex 83.0197 0 1.6
    endloop
  endfacet
  facet normal 0 0 1
    outer loop
      vertex 85.4294 33.6506 1.6
      vertex 83.3045 34.5307 1.6
      vertex 85.3579 33.44 1.6
    endloop
  endfacet
  facet normal 0 0 1
    outer loop
      vertex 85.9651 -1.6487 1.6
      vertex 84.565 -3.47341 1.6
      vertex 85 -3.7641 1.6
    endloop
  endfacet
  facet normal -0 0 1
    outer loop
      vertex 83.1363 34.0353 1.6
      vertex 85.3579 33.44 1.6
      vertex 83.3045 34.5307 1.6
    endloop
  endfacet
  facet normal 0 0 1
    outer loop
      vertex 85.7979 -1.50208 1.6
      vertex 84.1716 -3.12843 1.6
      vertex 84.565 -3.47341 1.6
    endloop
  endfacet
  facet normal 0 0 1
    outer loop
      vertex 85.3579 33.44 1.6
      vertex 83.1363 34.0353 1.6
      vertex 85.3145 33.2219 1.6
    endloop
  endfacet
  facet normal 0 0 1
    outer loop
      vertex 85.6513 -1.33489 1.6
      vertex 83.8266 -2.73505 1.6
      vertex 84.1716 -3.12843 1.6
    endloop
  endfacet
  facet normal -0 0 1
    outer loop
      vertex 83.0342 33.5221 1.6
      vertex 85.3145 33.2219 1.6
      vertex 83.1363 34.0353 1.6
    endloop
  endfacet
  facet normal 0 0 1
    outer loop
      vertex 85.5278 -1.15 1.6
      vertex 83.5359 -2.3 1.6
      vertex 83.8266 -2.73505 1.6
    endloop
  endfacet
  facet normal 0 0 1
    outer loop
      vertex 83 33 1.6
      vertex 85.3145 33.2219 1.6
      vertex 83.0342 33.5221 1.6
    endloop
  endfacet
  facet normal 0 0 1
    outer loop
      vertex 85.4294 -0.950562 1.6
      vertex 83.3045 -1.83073 1.6
      vertex 83.5359 -2.3 1.6
    endloop
  endfacet
  facet normal 0 0 1
    outer loop
      vertex 85.3579 -0.739992 1.6
      vertex 83.1363 -1.33528 1.6
      vertex 83.3045 -1.83073 1.6
    endloop
  endfacet
  facet normal 0 0 1
    outer loop
      vertex 85.3145 33.2219 1.6
      vertex 83 33 1.6
      vertex 83.0197 32.7 1.6
    endloop
  endfacet
  facet normal 0 0 1
    outer loop
      vertex 64.5393 28.1368 1.6
      vertex 83.0197 32.7 1.6
      vertex 64.55 28.3 1.6
    endloop
  endfacet
  facet normal 0 0 1
    outer loop
      vertex 83.0197 32.7 1.6
      vertex 64.5393 28.4632 1.6
      vertex 64.55 28.3 1.6
    endloop
  endfacet
  facet normal 0 0 1
    outer loop
      vertex 83.0197 32.7 1.6
      vertex 64.5074 28.6235 1.6
      vertex 64.5393 28.4632 1.6
    endloop
  endfacet
  facet normal 0 0 1
    outer loop
      vertex 83.0197 32.7 1.6
      vertex 64.4548 28.7784 1.6
      vertex 64.5074 28.6235 1.6
    endloop
  endfacet
  facet normal 0 0 1
    outer loop
      vertex 83.0197 32.7 1.6
      vertex 64.3825 28.925 1.6
      vertex 64.4548 28.7784 1.6
    endloop
  endfacet
  facet normal 0 0 1
    outer loop
      vertex 83.0197 32.7 1.6
      vertex 64.2917 29.061 1.6
      vertex 64.3825 28.925 1.6
    endloop
  endfacet
  facet normal 0 0 1
    outer loop
      vertex 83.0197 32.7 1.6
      vertex 64.1839 29.1839 1.6
      vertex 64.2917 29.061 1.6
    endloop
  endfacet
  facet normal 0 0 1
    outer loop
      vertex 83.0197 32.7 1.6
      vertex 64.061 29.2917 1.6
      vertex 64.1839 29.1839 1.6
    endloop
  endfacet
  facet normal 0 0 1
    outer loop
      vertex 83.0197 32.7 1.6
      vertex 63.925 29.3825 1.6
      vertex 64.061 29.2917 1.6
    endloop
  endfacet
  facet normal 0 0 1
    outer loop
      vertex 83.0197 32.7 1.6
      vertex 63.7784 29.4548 1.6
      vertex 63.925 29.3825 1.6
    endloop
  endfacet
  facet normal 0 0 1
    outer loop
      vertex 83.0197 32.7 1.6
      vertex 63.6235 29.5074 1.6
      vertex 63.7784 29.4548 1.6
    endloop
  endfacet
  facet normal -0 0 1
    outer loop
      vertex 61 30.45 1.6
      vertex 63.6235 29.5074 1.6
      vertex 83.0197 32.7 1.6
    endloop
  endfacet
  facet normal 0 0 1
    outer loop
      vertex 63.6235 29.5074 1.6
      vertex 61 30.45 1.6
      vertex 63.4632 29.5393 1.6
    endloop
  endfacet
  facet normal 0 0 1
    outer loop
      vertex 63.4632 29.5393 1.6
      vertex 61 30.45 1.6
      vertex 63.3 29.55 1.6
    endloop
  endfacet
  facet normal 0 -0 1
    outer loop
      vertex 61 3.45 1.6
      vertex 62.2175 5.025 1.6
      vertex 45.4 9.3 1.6
    endloop
  endfacet
  facet normal 0 0 1
    outer loop
      vertex 62.0926 28.6235 1.6
      vertex 61 29.25 1.6
      vertex 62.0607 28.4632 1.6
    endloop
  endfacet
  facet normal 0 0 1
    outer loop
      vertex 62.1451 28.7784 1.6
      vertex 61 29.25 1.6
      vertex 62.0926 28.6235 1.6
    endloop
  endfacet
  facet normal 0 0 1
    outer loop
      vertex 62.2175 28.925 1.6
      vertex 61 29.25 1.6
      vertex 62.1451 28.7784 1.6
    endloop
  endfacet
  facet normal 0 0 1
    outer loop
      vertex 62.3083 29.061 1.6
      vertex 61 29.25 1.6
      vertex 62.2175 28.925 1.6
    endloop
  endfacet
  facet normal 0 0 1
    outer loop
      vertex 62.4161 29.1839 1.6
      vertex 61 29.25 1.6
      vertex 62.3083 29.061 1.6
    endloop
  endfacet
  facet normal -0 0 1
    outer loop
      vertex 61 29.25 1.6
      vertex 62.4161 29.1839 1.6
      vertex 61 30.45 1.6
    endloop
  endfacet
  facet normal 0 0 1
    outer loop
      vertex 62.539 29.2917 1.6
      vertex 61 30.45 1.6
      vertex 62.4161 29.1839 1.6
    endloop
  endfacet
  facet normal 0 0 1
    outer loop
      vertex 62.675 29.3825 1.6
      vertex 61 30.45 1.6
      vertex 62.539 29.2917 1.6
    endloop
  endfacet
  facet normal 0 0 1
    outer loop
      vertex 62.8216 29.4548 1.6
      vertex 61 30.45 1.6
      vertex 62.675 29.3825 1.6
    endloop
  endfacet
  facet normal 0 0 1
    outer loop
      vertex 62.9765 29.5074 1.6
      vertex 61 30.45 1.6
      vertex 62.8216 29.4548 1.6
    endloop
  endfacet
  facet normal 0 0 1
    outer loop
      vertex 63.1368 29.5393 1.6
      vertex 61 30.45 1.6
      vertex 62.9765 29.5074 1.6
    endloop
  endfacet
  facet normal 0 0 1
    outer loop
      vertex 63.3 29.55 1.6
      vertex 61 30.45 1.6
      vertex 63.1368 29.5393 1.6
    endloop
  endfacet
  facet normal -0 0 1
    outer loop
      vertex 3.68034 32.7 1.6
      vertex 61 30.45 1.6
      vertex 83.0197 32.7 1.6
    endloop
  endfacet
  facet normal 0 0 1
    outer loop
      vertex 1.38546 32.7781 1.6
      vertex 3.66578 33.5221 1.6
      vertex 3.5637 34.0353 1.6
    endloop
  endfacet
  facet normal 0 0 1
    outer loop
      vertex 3.68034 32.7 1.6
      vertex 3.4 30.45 1.6
      vertex 61 30.45 1.6
    endloop
  endfacet
  facet normal 0 0 1
    outer loop
      vertex 3.7 33 1.6
      vertex 1.38546 32.7781 1.6
      vertex 3.68034 32.7 1.6
    endloop
  endfacet
  facet normal 0 0 1
    outer loop
      vertex 0 29.0197 1.6
      vertex 3.4 29.25 1.6
      vertex 3.4 30.45 1.6
    endloop
  endfacet
  facet normal 0 0 1
    outer loop
      vertex 3.4 29.25 1.6
      vertex 0 29.0197 1.6
      vertex 3.4 3.45 1.6
    endloop
  endfacet
  facet normal 0 0 1
    outer loop
      vertex 3.68034 32.7 1.6
      vertex 1.38546 32.7781 1.6
      vertex 1.34207 32.56 1.6
    endloop
  endfacet
  facet normal 0 0 1
    outer loop
      vertex 1.38546 32.7781 1.6
      vertex 3.5637 34.0353 1.6
      vertex 3.39552 34.5307 1.6
    endloop
  endfacet
  facet normal 0 0 1
    outer loop
      vertex 85.3145 -0.521894 1.6
      vertex 83.0342 -0.822104 1.6
      vertex 83.1363 -1.33528 1.6
    endloop
  endfacet
  facet normal 0 0 1
    outer loop
      vertex 85.3 -0.299999 1.6
      vertex 83 -0.299999 1.6
      vertex 83.0342 -0.822104 1.6
    endloop
  endfacet
  facet normal 0 0 1
    outer loop
      vertex 7.46776 23.3346 1.6
      vertex 11.9 23.4 1.6
      vertex 7.55185 23.5824 1.6
    endloop
  endfacet
  facet normal 0 0 1
    outer loop
      vertex 11.9 9.3 1.6
      vertex 7.60289 8.86105 1.6
      vertex 7.62 8.6 1.6
    endloop
  endfacet
  facet normal 0 0 1
    outer loop
      vertex 7.35205 23.1 1.6
      vertex 11.9 23.4 1.6
      vertex 7.46776 23.3346 1.6
    endloop
  endfacet
  facet normal 0 0 1
    outer loop
      vertex 11.9 9.3 1.6
      vertex 7.55185 9.11764 1.6
      vertex 7.60289 8.86105 1.6
    endloop
  endfacet
  facet normal 0 0 1
    outer loop
      vertex 7.20671 22.8825 1.6
      vertex 11.9 23.4 1.6
      vertex 7.35205 23.1 1.6
    endloop
  endfacet
  facet normal 0 0 1
    outer loop
      vertex 11.9 9.3 1.6
      vertex 7.46776 9.36537 1.6
      vertex 7.55185 9.11764 1.6
    endloop
  endfacet
  facet normal 0 0 1
    outer loop
      vertex 7.03421 22.6858 1.6
      vertex 11.9 23.4 1.6
      vertex 7.20671 22.8825 1.6
    endloop
  endfacet
  facet normal 0 0 1
    outer loop
      vertex 11.9 9.3 1.6
      vertex 7.35205 9.6 1.6
      vertex 7.46776 9.36537 1.6
    endloop
  endfacet
  facet normal 0 0 1
    outer loop
      vertex 6.83752 22.5133 1.6
      vertex 11.9 23.4 1.6
      vertex 7.03421 22.6858 1.6
    endloop
  endfacet
  facet normal 0 0 1
    outer loop
      vertex 11.9 9.3 1.6
      vertex 7.20671 9.81752 1.6
      vertex 7.35205 9.6 1.6
    endloop
  endfacet
  facet normal 0 0 1
    outer loop
      vertex 6.62 22.3679 1.6
      vertex 11.9 23.4 1.6
      vertex 6.83752 22.5133 1.6
    endloop
  endfacet
  facet normal 0 0 1
    outer loop
      vertex 11.9 9.3 1.6
      vertex 7.03421 10.0142 1.6
      vertex 7.20671 9.81752 1.6
    endloop
  endfacet
  facet normal 0 0 1
    outer loop
      vertex 11.9 23.4 1.6
      vertex 6.62 22.3679 1.6
      vertex 11.9 9.3 1.6
    endloop
  endfacet
  facet normal 0 0 1
    outer loop
      vertex 11.9 9.3 1.6
      vertex 6.83752 10.1867 1.6
      vertex 7.03421 10.0142 1.6
    endloop
  endfacet
  facet normal -0 0 1
    outer loop
      vertex 6.62 10.3321 1.6
      vertex 11.9 9.3 1.6
      vertex 6.62 22.3679 1.6
    endloop
  endfacet
  facet normal 0 0 1
    outer loop
      vertex 11.9 9.3 1.6
      vertex 6.62 10.3321 1.6
      vertex 6.83752 10.1867 1.6
    endloop
  endfacet
  facet normal -0 0 1
    outer loop
      vertex 6.38537 22.2522 1.6
      vertex 6.62 10.3321 1.6
      vertex 6.62 22.3679 1.6
    endloop
  endfacet
  facet normal 0 0 1
    outer loop
      vertex 6.38537 22.2522 1.6
      vertex 6.38537 10.4478 1.6
      vertex 6.62 10.3321 1.6
    endloop
  endfacet
  facet normal -0 0 1
    outer loop
      vertex 6.13764 22.1681 1.6
      vertex 6.38537 10.4478 1.6
      vertex 6.38537 22.2522 1.6
    endloop
  endfacet
  facet normal 0 0 1
    outer loop
      vertex 6.13764 22.1681 1.6
      vertex 6.13764 10.5319 1.6
      vertex 6.38537 10.4478 1.6
    endloop
  endfacet
  facet normal -0 0 1
    outer loop
      vertex 5.88105 22.1171 1.6
      vertex 6.13764 10.5319 1.6
      vertex 6.13764 22.1681 1.6
    endloop
  endfacet
  facet normal 0 0 1
    outer loop
      vertex 5.88105 22.1171 1.6
      vertex 5.88105 10.5829 1.6
      vertex 6.13764 10.5319 1.6
    endloop
  endfacet
  facet normal -0 0 1
    outer loop
      vertex 5.62 22.1 1.6
      vertex 5.88105 10.5829 1.6
      vertex 5.88105 22.1171 1.6
    endloop
  endfacet
  facet normal 0 0 1
    outer loop
      vertex 5.62 22.1 1.6
      vertex 5.62 10.6 1.6
      vertex 5.88105 10.5829 1.6
    endloop
  endfacet
  facet normal 0 0 1
    outer loop
      vertex 5.35895 22.1171 1.6
      vertex 5.62 10.6 1.6
      vertex 5.62 22.1 1.6
    endloop
  endfacet
  facet normal 0 0 1
    outer loop
      vertex 5.35895 22.1171 1.6
      vertex 5.35895 10.5829 1.6
      vertex 5.62 10.6 1.6
    endloop
  endfacet
  facet normal 0 0 1
    outer loop
      vertex 5.10236 22.1681 1.6
      vertex 5.35895 10.5829 1.6
      vertex 5.35895 22.1171 1.6
    endloop
  endfacet
  facet normal 0 0 1
    outer loop
      vertex 5.10236 22.1681 1.6
      vertex 5.10236 10.5319 1.6
      vertex 5.35895 10.5829 1.6
    endloop
  endfacet
  facet normal 0 0 1
    outer loop
      vertex 4.85463 22.2522 1.6
      vertex 5.10236 10.5319 1.6
      vertex 5.10236 22.1681 1.6
    endloop
  endfacet
  facet normal 0 0 1
    outer loop
      vertex 4.85463 22.2522 1.6
      vertex 4.85463 10.4478 1.6
      vertex 5.10236 10.5319 1.6
    endloop
  endfacet
  facet normal 0 0 1
    outer loop
      vertex 4.62 22.3679 1.6
      vertex 4.85463 10.4478 1.6
      vertex 4.85463 22.2522 1.6
    endloop
  endfacet
  facet normal 0 0 1
    outer loop
      vertex 4.62 22.3679 1.6
      vertex 4.62 10.3321 1.6
      vertex 4.85463 10.4478 1.6
    endloop
  endfacet
  facet normal 0 0 1
    outer loop
      vertex 4.40248 22.5133 1.6
      vertex 4.62 10.3321 1.6
      vertex 4.62 22.3679 1.6
    endloop
  endfacet
  facet normal 0 0 1
    outer loop
      vertex 4.40248 22.5133 1.6
      vertex 4.40248 10.1867 1.6
      vertex 4.62 10.3321 1.6
    endloop
  endfacet
  facet normal 0 0 1
    outer loop
      vertex 4.20579 22.6858 1.6
      vertex 4.40248 10.1867 1.6
      vertex 4.40248 22.5133 1.6
    endloop
  endfacet
  facet normal 0 0 1
    outer loop
      vertex 4.20579 22.6858 1.6
      vertex 4.20579 10.0142 1.6
      vertex 4.40248 10.1867 1.6
    endloop
  endfacet
  facet normal 0 0 1
    outer loop
      vertex 4.03329 22.8825 1.6
      vertex 4.20579 10.0142 1.6
      vertex 4.20579 22.6858 1.6
    endloop
  endfacet
  facet normal 0 0 1
    outer loop
      vertex 4.03329 22.8825 1.6
      vertex 4.03329 9.81752 1.6
      vertex 4.20579 10.0142 1.6
    endloop
  endfacet
  facet normal 0 0 1
    outer loop
      vertex 3.88795 23.1 1.6
      vertex 4.03329 9.81752 1.6
      vertex 4.03329 22.8825 1.6
    endloop
  endfacet
  facet normal 0 0 1
    outer loop
      vertex 3.88795 23.1 1.6
      vertex 3.88795 9.6 1.6
      vertex 4.03329 9.81752 1.6
    endloop
  endfacet
  facet normal 0 0 1
    outer loop
      vertex 3.77224 23.3346 1.6
      vertex 3.88795 9.6 1.6
      vertex 3.88795 23.1 1.6
    endloop
  endfacet
  facet normal 0 0 1
    outer loop
      vertex 3.77224 23.3346 1.6
      vertex 3.77224 9.36537 1.6
      vertex 3.88795 9.6 1.6
    endloop
  endfacet
  facet normal 0 0 1
    outer loop
      vertex 3.68815 23.5824 1.6
      vertex 3.77224 9.36537 1.6
      vertex 3.77224 23.3346 1.6
    endloop
  endfacet
  facet normal 0 0 1
    outer loop
      vertex 3.68815 23.5824 1.6
      vertex 3.68815 9.11764 1.6
      vertex 3.77224 9.36537 1.6
    endloop
  endfacet
  facet normal 0 0 1
    outer loop
      vertex 3.63711 23.8389 1.6
      vertex 3.68815 9.11764 1.6
      vertex 3.68815 23.5824 1.6
    endloop
  endfacet
  facet normal 0 0 1
    outer loop
      vertex 3.63711 23.8389 1.6
      vertex 3.63711 8.86105 1.6
      vertex 3.68815 9.11764 1.6
    endloop
  endfacet
  facet normal 0 0 1
    outer loop
      vertex 3.62 24.1 1.6
      vertex 3.63711 8.86105 1.6
      vertex 3.63711 23.8389 1.6
    endloop
  endfacet
  facet normal 0 0 1
    outer loop
      vertex 3.63711 8.86105 1.6
      vertex 3.62 24.1 1.6
      vertex 3.62 8.6 1.6
    endloop
  endfacet
  facet normal 0 0 1
    outer loop
      vertex 62.0926 4.72352 1.6
      vertex 61 3.45 1.6
      vertex 62.0607 4.56316 1.6
    endloop
  endfacet
  facet normal 0 0 1
    outer loop
      vertex 61 29.25 1.6
      vertex 45.3872 23.5958 1.6
      vertex 45.4 23.4 1.6
    endloop
  endfacet
  facet normal 0 0 1
    outer loop
      vertex 61 29.25 1.6
      vertex 45.3489 23.7882 1.6
      vertex 45.3872 23.5958 1.6
    endloop
  endfacet
  facet normal 0 0 1
    outer loop
      vertex 61 29.25 1.6
      vertex 45.2858 23.974 1.6
      vertex 45.3489 23.7882 1.6
    endloop
  endfacet
  facet normal 0 0 1
    outer loop
      vertex 61 29.25 1.6
      vertex 45.199 24.15 1.6
      vertex 45.2858 23.974 1.6
    endloop
  endfacet
  facet normal 0 0 1
    outer loop
      vertex 61 29.25 1.6
      vertex 45.09 24.3131 1.6
      vertex 45.199 24.15 1.6
    endloop
  endfacet
  facet normal 0 0 1
    outer loop
      vertex 61 29.25 1.6
      vertex 44.9607 24.4607 1.6
      vertex 45.09 24.3131 1.6
    endloop
  endfacet
  facet normal 0 0 1
    outer loop
      vertex 61 29.25 1.6
      vertex 44.8131 24.59 1.6
      vertex 44.9607 24.4607 1.6
    endloop
  endfacet
  facet normal 0 0 1
    outer loop
      vertex 61 29.25 1.6
      vertex 44.65 24.699 1.6
      vertex 44.8131 24.59 1.6
    endloop
  endfacet
  facet normal 0 0 1
    outer loop
      vertex 61 29.25 1.6
      vertex 44.474 24.7858 1.6
      vertex 44.65 24.699 1.6
    endloop
  endfacet
  facet normal 0 0 1
    outer loop
      vertex 61 29.25 1.6
      vertex 44.2882 24.8489 1.6
      vertex 44.474 24.7858 1.6
    endloop
  endfacet
  facet normal 0 0 1
    outer loop
      vertex 61 29.25 1.6
      vertex 44.0958 24.8872 1.6
      vertex 44.2882 24.8489 1.6
    endloop
  endfacet
  facet normal 0 0 1
    outer loop
      vertex 61 29.25 1.6
      vertex 43.9 24.9 1.6
      vertex 44.0958 24.8872 1.6
    endloop
  endfacet
  facet normal -0 0 1
    outer loop
      vertex 3.4 29.25 1.6
      vertex 43.9 24.9 1.6
      vertex 61 29.25 1.6
    endloop
  endfacet
  facet normal 0 0 1
    outer loop
      vertex 43.9 24.9 1.6
      vertex 3.4 29.25 1.6
      vertex 13.4 24.9 1.6
    endloop
  endfacet
  facet normal 0 0 1
    outer loop
      vertex 11.9128 23.5958 1.6
      vertex 7.60289 23.8389 1.6
      vertex 11.9 23.4 1.6
    endloop
  endfacet
  facet normal -0 0 1
    outer loop
      vertex 7.60289 23.8389 1.6
      vertex 11.9128 23.5958 1.6
      vertex 7.62 24.1 1.6
    endloop
  endfacet
  facet normal 0 0 1
    outer loop
      vertex 11.9511 23.7882 1.6
      vertex 7.62 24.1 1.6
      vertex 11.9128 23.5958 1.6
    endloop
  endfacet
  facet normal 0 0 1
    outer loop
      vertex 7.60289 24.3611 1.6
      vertex 11.9511 23.7882 1.6
      vertex 12.0142 23.974 1.6
    endloop
  endfacet
  facet normal 0 0 1
    outer loop
      vertex 7.55185 24.6176 1.6
      vertex 12.0142 23.974 1.6
      vertex 12.101 24.15 1.6
    endloop
  endfacet
  facet normal 0 0 1
    outer loop
      vertex 7.46776 24.8654 1.6
      vertex 12.101 24.15 1.6
      vertex 12.21 24.3131 1.6
    endloop
  endfacet
  facet normal 0 0 1
    outer loop
      vertex 7.35205 25.1 1.6
      vertex 12.21 24.3131 1.6
      vertex 12.3393 24.4607 1.6
    endloop
  endfacet
  facet normal 0 0 1
    outer loop
      vertex 7.35205 25.1 1.6
      vertex 12.3393 24.4607 1.6
      vertex 12.4869 24.59 1.6
    endloop
  endfacet
  facet normal 0 0 1
    outer loop
      vertex 7.20671 25.3175 1.6
      vertex 12.4869 24.59 1.6
      vertex 12.65 24.699 1.6
    endloop
  endfacet
  facet normal 0 0 1
    outer loop
      vertex 7.03421 25.5142 1.6
      vertex 12.65 24.699 1.6
      vertex 12.826 24.7858 1.6
    endloop
  endfacet
  facet normal 0 0 1
    outer loop
      vertex 6.83752 25.6867 1.6
      vertex 12.826 24.7858 1.6
      vertex 13.0118 24.8489 1.6
    endloop
  endfacet
  facet normal 0 0 1
    outer loop
      vertex 3.4 29.25 1.6
      vertex 13.0118 24.8489 1.6
      vertex 13.2042 24.8872 1.6
    endloop
  endfacet
  facet normal 0 0 1
    outer loop
      vertex 11.9511 23.7882 1.6
      vertex 7.60289 24.3611 1.6
      vertex 7.62 24.1 1.6
    endloop
  endfacet
  facet normal 0 0 1
    outer loop
      vertex 12.0142 23.974 1.6
      vertex 7.55185 24.6176 1.6
      vertex 7.60289 24.3611 1.6
    endloop
  endfacet
  facet normal 0 0 1
    outer loop
      vertex 13.4 24.9 1.6
      vertex 3.4 29.25 1.6
      vertex 13.2042 24.8872 1.6
    endloop
  endfacet
  facet normal 0 0 1
    outer loop
      vertex 12.101 24.15 1.6
      vertex 7.46776 24.8654 1.6
      vertex 7.55185 24.6176 1.6
    endloop
  endfacet
  facet normal 0 0 1
    outer loop
      vertex 12.21 24.3131 1.6
      vertex 7.35205 25.1 1.6
      vertex 7.46776 24.8654 1.6
    endloop
  endfacet
  facet normal 0 0 1
    outer loop
      vertex 12.4869 24.59 1.6
      vertex 7.20671 25.3175 1.6
      vertex 7.35205 25.1 1.6
    endloop
  endfacet
  facet normal 0 0 1
    outer loop
      vertex 12.65 24.699 1.6
      vertex 7.03421 25.5142 1.6
      vertex 7.20671 25.3175 1.6
    endloop
  endfacet
  facet normal 0 0 1
    outer loop
      vertex 13.0118 24.8489 1.6
      vertex 3.4 29.25 1.6
      vertex 6.62 25.8321 1.6
    endloop
  endfacet
  facet normal 0 0 1
    outer loop
      vertex 12.826 24.7858 1.6
      vertex 6.83752 25.6867 1.6
      vertex 7.03421 25.5142 1.6
    endloop
  endfacet
  facet normal 0 0 1
    outer loop
      vertex 13.0118 24.8489 1.6
      vertex 6.62 25.8321 1.6
      vertex 6.83752 25.6867 1.6
    endloop
  endfacet
  facet normal 0 0 1
    outer loop
      vertex 6.62 25.8321 1.6
      vertex 3.4 29.25 1.6
      vertex 6.38537 25.9478 1.6
    endloop
  endfacet
  facet normal 0 0 1
    outer loop
      vertex 6.38537 25.9478 1.6
      vertex 3.4 29.25 1.6
      vertex 6.13764 26.0319 1.6
    endloop
  endfacet
  facet normal 0 0 1
    outer loop
      vertex 6.13764 26.0319 1.6
      vertex 3.4 29.25 1.6
      vertex 5.88105 26.0829 1.6
    endloop
  endfacet
  facet normal 0 0 1
    outer loop
      vertex 3.62 24.1 1.6
      vertex 3.4 29.25 1.6
      vertex 3.62 8.6 1.6
    endloop
  endfacet
  facet normal 0 0 1
    outer loop
      vertex 3.63711 24.3611 1.6
      vertex 3.4 29.25 1.6
      vertex 3.62 24.1 1.6
    endloop
  endfacet
  facet normal 0 0 1
    outer loop
      vertex 3.68815 24.6176 1.6
      vertex 3.4 29.25 1.6
      vertex 3.63711 24.3611 1.6
    endloop
  endfacet
  facet normal 0 0 1
    outer loop
      vertex 3.77224 24.8654 1.6
      vertex 3.4 29.25 1.6
      vertex 3.68815 24.6176 1.6
    endloop
  endfacet
  facet normal 0 0 1
    outer loop
      vertex 3.88795 25.1 1.6
      vertex 3.4 29.25 1.6
      vertex 3.77224 24.8654 1.6
    endloop
  endfacet
  facet normal 0 0 1
    outer loop
      vertex 4.03329 25.3175 1.6
      vertex 3.4 29.25 1.6
      vertex 3.88795 25.1 1.6
    endloop
  endfacet
  facet normal 0 0 1
    outer loop
      vertex 4.20579 25.5142 1.6
      vertex 3.4 29.25 1.6
      vertex 4.03329 25.3175 1.6
    endloop
  endfacet
  facet normal 0 0 1
    outer loop
      vertex 4.40248 25.6867 1.6
      vertex 3.4 29.25 1.6
      vertex 4.20579 25.5142 1.6
    endloop
  endfacet
  facet normal 0 0 1
    outer loop
      vertex 4.62 25.8321 1.6
      vertex 3.4 29.25 1.6
      vertex 4.40248 25.6867 1.6
    endloop
  endfacet
  facet normal 0 0 1
    outer loop
      vertex 4.85463 25.9478 1.6
      vertex 3.4 29.25 1.6
      vertex 4.62 25.8321 1.6
    endloop
  endfacet
  facet normal 0 0 1
    outer loop
      vertex 5.10236 26.0319 1.6
      vertex 3.4 29.25 1.6
      vertex 4.85463 25.9478 1.6
    endloop
  endfacet
  facet normal 0 0 1
    outer loop
      vertex 5.35895 26.0829 1.6
      vertex 3.4 29.25 1.6
      vertex 5.10236 26.0319 1.6
    endloop
  endfacet
  facet normal 0 0 1
    outer loop
      vertex 5.62 26.1 1.6
      vertex 3.4 29.25 1.6
      vertex 5.35895 26.0829 1.6
    endloop
  endfacet
  facet normal 0 0 1
    outer loop
      vertex 5.88105 26.0829 1.6
      vertex 3.4 29.25 1.6
      vertex 5.62 26.1 1.6
    endloop
  endfacet
  facet normal 0 0 1
    outer loop
      vertex 64.4548 27.8216 1.6
      vertex 83.0197 32.7 1.6
      vertex 64.5074 27.9765 1.6
    endloop
  endfacet
  facet normal 0 0 1
    outer loop
      vertex 83.0197 0 1.6
      vertex 64.5393 4.56316 1.6
      vertex 64.55 4.4 1.6
    endloop
  endfacet
  facet normal 0 0 1
    outer loop
      vertex 64.3825 27.675 1.6
      vertex 83.0197 32.7 1.6
      vertex 64.4548 27.8216 1.6
    endloop
  endfacet
  facet normal 0 0 1
    outer loop
      vertex 83.0197 0 1.6
      vertex 64.5074 4.72352 1.6
      vertex 64.5393 4.56316 1.6
    endloop
  endfacet
  facet normal 0 0 1
    outer loop
      vertex 64.2917 27.539 1.6
      vertex 83.0197 32.7 1.6
      vertex 64.3825 27.675 1.6
    endloop
  endfacet
  facet normal 0 0 1
    outer loop
      vertex 83.0197 0 1.6
      vertex 64.4548 4.87835 1.6
      vertex 64.5074 4.72352 1.6
    endloop
  endfacet
  facet normal 0 0 1
    outer loop
      vertex 83.0197 32.7 1.6
      vertex 64.2917 27.539 1.6
      vertex 83.0197 0 1.6
    endloop
  endfacet
  facet normal 0 0 1
    outer loop
      vertex 83.0197 0 1.6
      vertex 64.3825 5.025 1.6
      vertex 64.4548 4.87835 1.6
    endloop
  endfacet
  facet normal -0 0 1
    outer loop
      vertex 64.2917 5.16095 1.6
      vertex 83.0197 0 1.6
      vertex 64.2917 27.539 1.6
    endloop
  endfacet
  facet normal 0 0 1
    outer loop
      vertex 83.0197 0 1.6
      vertex 64.2917 5.16095 1.6
      vertex 64.3825 5.025 1.6
    endloop
  endfacet
  facet normal -0 0 1
    outer loop
      vertex 64.1839 27.4161 1.6
      vertex 64.2917 5.16095 1.6
      vertex 64.2917 27.539 1.6
    endloop
  endfacet
  facet normal 0 0 1
    outer loop
      vertex 64.1839 27.4161 1.6
      vertex 64.1839 5.28388 1.6
      vertex 64.2917 5.16095 1.6
    endloop
  endfacet
  facet normal -0 0 1
    outer loop
      vertex 64.061 27.3083 1.6
      vertex 64.1839 5.28388 1.6
      vertex 64.1839 27.4161 1.6
    endloop
  endfacet
  facet normal 0 0 1
    outer loop
      vertex 64.061 27.3083 1.6
      vertex 64.061 5.39169 1.6
      vertex 64.1839 5.28388 1.6
    endloop
  endfacet
  facet normal -0 0 1
    outer loop
      vertex 63.925 27.2175 1.6
      vertex 64.061 5.39169 1.6
      vertex 64.061 27.3083 1.6
    endloop
  endfacet
  facet normal 0 0 1
    outer loop
      vertex 63.925 27.2175 1.6
      vertex 63.925 5.48253 1.6
      vertex 64.061 5.39169 1.6
    endloop
  endfacet
  facet normal -0 0 1
    outer loop
      vertex 63.7784 27.1451 1.6
      vertex 63.925 5.48253 1.6
      vertex 63.925 27.2175 1.6
    endloop
  endfacet
  facet normal 0 0 1
    outer loop
      vertex 63.7784 27.1451 1.6
      vertex 63.7784 5.55485 1.6
      vertex 63.925 5.48253 1.6
    endloop
  endfacet
  facet normal -0 0 1
    outer loop
      vertex 63.6235 27.0926 1.6
      vertex 63.7784 5.55485 1.6
      vertex 63.7784 27.1451 1.6
    endloop
  endfacet
  facet normal 0 0 1
    outer loop
      vertex 63.6235 27.0926 1.6
      vertex 63.6235 5.60741 1.6
      vertex 63.7784 5.55485 1.6
    endloop
  endfacet
  facet normal -0 0 1
    outer loop
      vertex 63.4632 27.0607 1.6
      vertex 63.6235 5.60741 1.6
      vertex 63.6235 27.0926 1.6
    endloop
  endfacet
  facet normal 0 0 1
    outer loop
      vertex 63.4632 27.0607 1.6
      vertex 63.4632 5.63931 1.6
      vertex 63.6235 5.60741 1.6
    endloop
  endfacet
  facet normal -0 0 1
    outer loop
      vertex 63.3 27.05 1.6
      vertex 63.4632 5.63931 1.6
      vertex 63.4632 27.0607 1.6
    endloop
  endfacet
  facet normal 0 0 1
    outer loop
      vertex 63.3 27.05 1.6
      vertex 63.3 5.65 1.6
      vertex 63.4632 5.63931 1.6
    endloop
  endfacet
  facet normal 0 0 1
    outer loop
      vertex 63.1368 27.0607 1.6
      vertex 63.3 5.65 1.6
      vertex 63.3 27.05 1.6
    endloop
  endfacet
  facet normal 0 0 1
    outer loop
      vertex 63.1368 27.0607 1.6
      vertex 63.1368 5.63931 1.6
      vertex 63.3 5.65 1.6
    endloop
  endfacet
  facet normal 0 0 1
    outer loop
      vertex 62.9765 27.0926 1.6
      vertex 63.1368 5.63931 1.6
      vertex 63.1368 27.0607 1.6
    endloop
  endfacet
  facet normal 0 0 1
    outer loop
      vertex 62.9765 27.0926 1.6
      vertex 62.9765 5.60741 1.6
      vertex 63.1368 5.63931 1.6
    endloop
  endfacet
  facet normal 0 0 1
    outer loop
      vertex 62.8216 27.1451 1.6
      vertex 62.9765 5.60741 1.6
      vertex 62.9765 27.0926 1.6
    endloop
  endfacet
  facet normal 0 0 1
    outer loop
      vertex 62.8216 27.1451 1.6
      vertex 62.8216 5.55485 1.6
      vertex 62.9765 5.60741 1.6
    endloop
  endfacet
  facet normal 0 0 1
    outer loop
      vertex 62.675 27.2175 1.6
      vertex 62.8216 5.55485 1.6
      vertex 62.8216 27.1451 1.6
    endloop
  endfacet
  facet normal 0 0 1
    outer loop
      vertex 62.675 27.2175 1.6
      vertex 62.675 5.48253 1.6
      vertex 62.8216 5.55485 1.6
    endloop
  endfacet
  facet normal 0 0 1
    outer loop
      vertex 45.4 23.4 1.6
      vertex 62.675 27.2175 1.6
      vertex 62.539 27.3083 1.6
    endloop
  endfacet
  facet normal 0 0 1
    outer loop
      vertex 62.675 27.2175 1.6
      vertex 45.4 23.4 1.6
      vertex 62.675 5.48253 1.6
    endloop
  endfacet
  facet normal 0 0 1
    outer loop
      vertex 45.4 23.4 1.6
      vertex 62.539 27.3083 1.6
      vertex 62.4161 27.4161 1.6
    endloop
  endfacet
  facet normal -0 0 1
    outer loop
      vertex 45.4 9.3 1.6
      vertex 62.675 5.48253 1.6
      vertex 45.4 23.4 1.6
    endloop
  endfacet
  facet normal 0 0 1
    outer loop
      vertex 45.4 23.4 1.6
      vertex 62.4161 27.4161 1.6
      vertex 62.3083 27.539 1.6
    endloop
  endfacet
  facet normal 0 0 1
    outer loop
      vertex 62.675 5.48253 1.6
      vertex 45.4 9.3 1.6
      vertex 62.539 5.39169 1.6
    endloop
  endfacet
  facet normal 0 0 1
    outer loop
      vertex 45.4 23.4 1.6
      vertex 62.2175 27.675 1.6
      vertex 61 29.25 1.6
    endloop
  endfacet
  facet normal 0 0 1
    outer loop
      vertex 62.2175 27.675 1.6
      vertex 45.4 23.4 1.6
      vertex 62.3083 27.539 1.6
    endloop
  endfacet
  facet normal 0 0 1
    outer loop
      vertex 61 29.25 1.6
      vertex 62.2175 27.675 1.6
      vertex 62.1451 27.8216 1.6
    endloop
  endfacet
  facet normal 0 0 1
    outer loop
      vertex 62.539 5.39169 1.6
      vertex 45.4 9.3 1.6
      vertex 62.4161 5.28388 1.6
    endloop
  endfacet
  facet normal 0 0 1
    outer loop
      vertex 62.0607 28.1368 1.6
      vertex 61 29.25 1.6
      vertex 62.0926 27.9765 1.6
    endloop
  endfacet
  facet normal 0 0 1
    outer loop
      vertex 62.0926 27.9765 1.6
      vertex 61 29.25 1.6
      vertex 62.1451 27.8216 1.6
    endloop
  endfacet
  facet normal 0 0 1
    outer loop
      vertex 62.05 28.3 1.6
      vertex 61 29.25 1.6
      vertex 62.0607 28.1368 1.6
    endloop
  endfacet
  facet normal 0 0 1
    outer loop
      vertex 62.4161 5.28388 1.6
      vertex 45.4 9.3 1.6
      vertex 62.3083 5.16095 1.6
    endloop
  endfacet
  facet normal 0 0 1
    outer loop
      vertex 62.0607 28.4632 1.6
      vertex 61 29.25 1.6
      vertex 62.05 28.3 1.6
    endloop
  endfacet
  facet normal 0 0 1
    outer loop
      vertex 62.3083 5.16095 1.6
      vertex 45.4 9.3 1.6
      vertex 62.2175 5.025 1.6
    endloop
  endfacet
  facet normal 0 0 1
    outer loop
      vertex 64.5074 27.9765 1.6
      vertex 83.0197 32.7 1.6
      vertex 64.5393 28.1368 1.6
    endloop
  endfacet
  facet normal -0 0 1
    outer loop
      vertex 64.5393 4.23684 1.6
      vertex 83.0197 0 1.6
      vertex 64.55 4.4 1.6
    endloop
  endfacet
  facet normal -0 0 1
    outer loop
      vertex 64.5074 4.07648 1.6
      vertex 83.0197 0 1.6
      vertex 64.5393 4.23684 1.6
    endloop
  endfacet
  facet normal -0 0 1
    outer loop
      vertex 64.4548 3.92165 1.6
      vertex 83.0197 0 1.6
      vertex 64.5074 4.07648 1.6
    endloop
  endfacet
  facet normal -0 0 1
    outer loop
      vertex 64.3825 3.775 1.6
      vertex 83.0197 0 1.6
      vertex 64.4548 3.92165 1.6
    endloop
  endfacet
  facet normal -0 0 1
    outer loop
      vertex 64.2917 3.63905 1.6
      vertex 83.0197 0 1.6
      vertex 64.3825 3.775 1.6
    endloop
  endfacet
  facet normal -0 0 1
    outer loop
      vertex 64.1839 3.51612 1.6
      vertex 83.0197 0 1.6
      vertex 64.2917 3.63905 1.6
    endloop
  endfacet
  facet normal -0 0 1
    outer loop
      vertex 64.061 3.40831 1.6
      vertex 83.0197 0 1.6
      vertex 64.1839 3.51612 1.6
    endloop
  endfacet
  facet normal -0 0 1
    outer loop
      vertex 63.925 3.31747 1.6
      vertex 83.0197 0 1.6
      vertex 64.061 3.40831 1.6
    endloop
  endfacet
  facet normal -0 0 1
    outer loop
      vertex 63.7784 3.24515 1.6
      vertex 83.0197 0 1.6
      vertex 63.925 3.31747 1.6
    endloop
  endfacet
  facet normal -0 0 1
    outer loop
      vertex 63.6235 3.19259 1.6
      vertex 83.0197 0 1.6
      vertex 63.7784 3.24515 1.6
    endloop
  endfacet
  facet normal 0 0 1
    outer loop
      vertex 61 2.25 1.6
      vertex 63.6235 3.19259 1.6
      vertex 63.4632 3.16069 1.6
    endloop
  endfacet
  facet normal 0 0 1
    outer loop
      vertex 61 2.25 1.6
      vertex 63.4632 3.16069 1.6
      vertex 63.3 3.15 1.6
    endloop
  endfacet
  facet normal 0 0 1
    outer loop
      vertex 61 2.25 1.6
      vertex 63.3 3.15 1.6
      vertex 63.1368 3.16069 1.6
    endloop
  endfacet
  facet normal 0 0 1
    outer loop
      vertex 62.2175 5.025 1.6
      vertex 61 3.45 1.6
      vertex 62.1451 4.87835 1.6
    endloop
  endfacet
  facet normal 0 0 1
    outer loop
      vertex 62.1451 4.87835 1.6
      vertex 61 3.45 1.6
      vertex 62.0926 4.72352 1.6
    endloop
  endfacet
  facet normal 0 0 1
    outer loop
      vertex 61 3.45 1.6
      vertex 62.0607 4.23684 1.6
      vertex 62.05 4.4 1.6
    endloop
  endfacet
  facet normal 0 0 1
    outer loop
      vertex 61 3.45 1.6
      vertex 62.0926 4.07648 1.6
      vertex 62.0607 4.23684 1.6
    endloop
  endfacet
  facet normal 0 0 1
    outer loop
      vertex 61 3.45 1.6
      vertex 62.1451 3.92165 1.6
      vertex 62.0926 4.07648 1.6
    endloop
  endfacet
  facet normal 0 0 1
    outer loop
      vertex 61 3.45 1.6
      vertex 62.2175 3.775 1.6
      vertex 62.1451 3.92165 1.6
    endloop
  endfacet
  facet normal 0 0 1
    outer loop
      vertex 61 3.45 1.6
      vertex 62.3083 3.63905 1.6
      vertex 62.2175 3.775 1.6
    endloop
  endfacet
  facet normal 0 0 1
    outer loop
      vertex 61 3.45 1.6
      vertex 62.4161 3.51612 1.6
      vertex 62.3083 3.63905 1.6
    endloop
  endfacet
  facet normal 0 0 1
    outer loop
      vertex 61 2.25 1.6
      vertex 62.4161 3.51612 1.6
      vertex 61 3.45 1.6
    endloop
  endfacet
  facet normal 0 0 1
    outer loop
      vertex 62.4161 3.51612 1.6
      vertex 61 2.25 1.6
      vertex 62.539 3.40831 1.6
    endloop
  endfacet
  facet normal 0 0 1
    outer loop
      vertex 62.539 3.40831 1.6
      vertex 61 2.25 1.6
      vertex 62.675 3.31747 1.6
    endloop
  endfacet
  facet normal 0 0 1
    outer loop
      vertex 62.675 3.31747 1.6
      vertex 61 2.25 1.6
      vertex 62.8216 3.24515 1.6
    endloop
  endfacet
  facet normal 0 0 1
    outer loop
      vertex 62.8216 3.24515 1.6
      vertex 61 2.25 1.6
      vertex 62.9765 3.19259 1.6
    endloop
  endfacet
  facet normal 0 0 1
    outer loop
      vertex 62.9765 3.19259 1.6
      vertex 61 2.25 1.6
      vertex 63.1368 3.16069 1.6
    endloop
  endfacet
  facet normal 0 0 1
    outer loop
      vertex 63.6235 3.19259 1.6
      vertex 61 2.25 1.6
      vertex 83.0197 0 1.6
    endloop
  endfacet
  facet normal 0 0 1
    outer loop
      vertex 61 2.25 1.6
      vertex 3.68034 0 1.6
      vertex 83.0197 0 1.6
    endloop
  endfacet
  facet normal 0 0 1
    outer loop
      vertex 3.7 -0.299999 1.6
      vertex 1.4 -0.299999 1.6
      vertex 3.66578 -0.822104 1.6
    endloop
  endfacet
  facet normal -0 0 1
    outer loop
      vertex 3.4 2.25 1.6
      vertex 3.68034 0 1.6
      vertex 61 2.25 1.6
    endloop
  endfacet
  facet normal -0 0 1
    outer loop
      vertex 1.27059 0.350561 1.6
      vertex 3.68034 0 1.6
      vertex 3.4 2.25 1.6
    endloop
  endfacet
  facet normal 0 -0 1
    outer loop
      vertex 1.38546 -0.078105 1.6
      vertex 3.68034 0 1.6
      vertex 1.34207 0.139992 1.6
    endloop
  endfacet
  facet normal -0 0 1
    outer loop
      vertex 0 3.68034 1.6
      vertex 3.4 3.45 1.6
      vertex 0 29.0197 1.6
    endloop
  endfacet
  facet normal 0 0 1
    outer loop
      vertex 1.27059 33.6506 1.6
      vertex 3.39552 34.5307 1.6
      vertex 3.1641 35 1.6
    endloop
  endfacet
  facet normal 0 0 1
    outer loop
      vertex 3.4 3.45 1.6
      vertex 0 3.68034 1.6
      vertex 3.4 2.25 1.6
    endloop
  endfacet
  facet normal 0 0 1
    outer loop
      vertex 1.17224 33.85 1.6
      vertex 3.1641 35 1.6
      vertex 2.87341 35.435 1.6
    endloop
  endfacet
  facet normal 0 -0 1
    outer loop
      vertex 0.549999 1.17224 1.6
      vertex 3.4 2.25 1.6
      vertex 0 3.68034 1.6
    endloop
  endfacet
  facet normal 0 0 1
    outer loop
      vertex 1.0487 34.0349 1.6
      vertex 2.87341 35.435 1.6
      vertex 2.52843 35.8284 1.6
    endloop
  endfacet
  facet normal 0 0 1
    outer loop
      vertex 3.68034 32.7 1.6
      vertex 1.27059 32.3494 1.6
      vertex 3.4 30.45 1.6
    endloop
  endfacet
  facet normal 0 0 1
    outer loop
      vertex 0.902081 34.2021 1.6
      vertex 2.52843 35.8284 1.6
      vertex 2.13505 36.1734 1.6
    endloop
  endfacet
  facet normal 0 0 1
    outer loop
      vertex 1.27059 32.3494 1.6
      vertex 3.68034 32.7 1.6
      vertex 1.34207 32.56 1.6
    endloop
  endfacet
  facet normal 0 0 1
    outer loop
      vertex 0.734894 34.3487 1.6
      vertex 2.13505 36.1734 1.6
      vertex 1.7 36.4641 1.6
    endloop
  endfacet
  facet normal 0 0 1
    outer loop
      vertex 3.4 30.45 1.6
      vertex 1.27059 32.3494 1.6
      vertex 1.17224 32.15 1.6
    endloop
  endfacet
  facet normal 0 0 1
    outer loop
      vertex 3.39552 34.5307 1.6
      vertex 1.4 33 1.6
      vertex 1.38546 32.7781 1.6
    endloop
  endfacet
  facet normal 0 0 1
    outer loop
      vertex 3.39552 34.5307 1.6
      vertex 1.38546 33.2219 1.6
      vertex 1.4 33 1.6
    endloop
  endfacet
  facet normal 0 0 1
    outer loop
      vertex 3.39552 34.5307 1.6
      vertex 1.34207 33.44 1.6
      vertex 1.38546 33.2219 1.6
    endloop
  endfacet
  facet normal 0 0 1
    outer loop
      vertex 3.39552 34.5307 1.6
      vertex 1.27059 33.6506 1.6
      vertex 1.34207 33.44 1.6
    endloop
  endfacet
  facet normal 0 0 1
    outer loop
      vertex 0.549999 34.4722 1.6
      vertex 1.7 36.4641 1.6
      vertex 1.23073 36.6955 1.6
    endloop
  endfacet
  facet normal 0 0 1
    outer loop
      vertex 3.1641 35 1.6
      vertex 1.17224 33.85 1.6
      vertex 1.27059 33.6506 1.6
    endloop
  endfacet
  facet normal 0 0 1
    outer loop
      vertex 2.87341 35.435 1.6
      vertex 1.0487 34.0349 1.6
      vertex 1.17224 33.85 1.6
    endloop
  endfacet
  facet normal 0 0 1
    outer loop
      vertex 2.52843 35.8284 1.6
      vertex 0.902081 34.2021 1.6
      vertex 1.0487 34.0349 1.6
    endloop
  endfacet
  facet normal 0 0 1
    outer loop
      vertex 0.350561 34.5706 1.6
      vertex 1.23073 36.6955 1.6
      vertex 0.735275 36.8637 1.6
    endloop
  endfacet
  facet normal 0 0 1
    outer loop
      vertex 2.13505 36.1734 1.6
      vertex 0.734894 34.3487 1.6
      vertex 0.902081 34.2021 1.6
    endloop
  endfacet
  facet normal 0 0 1
    outer loop
      vertex 1.7 36.4641 1.6
      vertex 0.549999 34.4722 1.6
      vertex 0.734894 34.3487 1.6
    endloop
  endfacet
  facet normal 0 0 1
    outer loop
      vertex 1.23073 36.6955 1.6
      vertex 0.350561 34.5706 1.6
      vertex 0.549999 34.4722 1.6
    endloop
  endfacet
  facet normal 0 0 1
    outer loop
      vertex 0.139992 34.6421 1.6
      vertex 0.735275 36.8637 1.6
      vertex 0.222104 36.9658 1.6
    endloop
  endfacet
  facet normal 0 0 1
    outer loop
      vertex 0.735275 36.8637 1.6
      vertex 0.139992 34.6421 1.6
      vertex 0.350561 34.5706 1.6
    endloop
  endfacet
  facet normal 0 0 1
    outer loop
      vertex 0.222104 36.9658 1.6
      vertex -0.078105 34.6855 1.6
      vertex 0.139992 34.6421 1.6
    endloop
  endfacet
  facet normal 0 0 1
    outer loop
      vertex -0.299999 37 1.6
      vertex -0.078105 34.6855 1.6
      vertex 0.222104 36.9658 1.6
    endloop
  endfacet
  facet normal 0 0 1
    outer loop
      vertex -0.299999 37 1.6
      vertex -0.299999 34.7 1.6
      vertex -0.078105 34.6855 1.6
    endloop
  endfacet
  facet normal 0 0 1
    outer loop
      vertex -0.299999 37 1.6
      vertex -0.521894 34.6855 1.6
      vertex -0.299999 34.7 1.6
    endloop
  endfacet
  facet normal -0 0 1
    outer loop
      vertex -0.822104 36.9658 1.6
      vertex -0.521894 34.6855 1.6
      vertex -0.299999 37 1.6
    endloop
  endfacet
  facet normal 0 0 1
    outer loop
      vertex -0.521894 34.6855 1.6
      vertex -0.822104 36.9658 1.6
      vertex -0.739992 34.6421 1.6
    endloop
  endfacet
  facet normal -0 0 1
    outer loop
      vertex -1.33528 36.8637 1.6
      vertex -0.739992 34.6421 1.6
      vertex -0.822104 36.9658 1.6
    endloop
  endfacet
  facet normal 0 0 1
    outer loop
      vertex -0.739992 34.6421 1.6
      vertex -1.33528 36.8637 1.6
      vertex -0.950562 34.5706 1.6
    endloop
  endfacet
  facet normal -0 0 1
    outer loop
      vertex -1.83073 36.6955 1.6
      vertex -0.950562 34.5706 1.6
      vertex -1.33528 36.8637 1.6
    endloop
  endfacet
  facet normal 0 0 1
    outer loop
      vertex -0.950562 34.5706 1.6
      vertex -1.83073 36.6955 1.6
      vertex -1.15 34.4722 1.6
    endloop
  endfacet
  facet normal -0 0 1
    outer loop
      vertex -2.3 36.4641 1.6
      vertex -1.15 34.4722 1.6
      vertex -1.83073 36.6955 1.6
    endloop
  endfacet
  facet normal 0 0 1
    outer loop
      vertex -1.15 34.4722 1.6
      vertex -2.3 36.4641 1.6
      vertex -1.33489 34.3487 1.6
    endloop
  endfacet
  facet normal -0 0 1
    outer loop
      vertex -2.73505 36.1734 1.6
      vertex -1.33489 34.3487 1.6
      vertex -2.3 36.4641 1.6
    endloop
  endfacet
  facet normal 0 0 1
    outer loop
      vertex -1.33489 34.3487 1.6
      vertex -2.73505 36.1734 1.6
      vertex -1.50208 34.2021 1.6
    endloop
  endfacet
  facet normal -0 0 1
    outer loop
      vertex -3.12843 35.8284 1.6
      vertex -1.50208 34.2021 1.6
      vertex -2.73505 36.1734 1.6
    endloop
  endfacet
  facet normal 0 0 1
    outer loop
      vertex -1.50208 34.2021 1.6
      vertex -3.12843 35.8284 1.6
      vertex -1.6487 34.0349 1.6
    endloop
  endfacet
  facet normal -0 0 1
    outer loop
      vertex -3.47341 35.435 1.6
      vertex -1.6487 34.0349 1.6
      vertex -3.12843 35.8284 1.6
    endloop
  endfacet
  facet normal 0 0 1
    outer loop
      vertex -1.6487 34.0349 1.6
      vertex -3.47341 35.435 1.6
      vertex -1.77224 33.85 1.6
    endloop
  endfacet
  facet normal -0 0 1
    outer loop
      vertex -3.7641 35 1.6
      vertex -1.77224 33.85 1.6
      vertex -3.47341 35.435 1.6
    endloop
  endfacet
  facet normal 0 0 1
    outer loop
      vertex 62.0607 4.56316 1.6
      vertex 61 3.45 1.6
      vertex 62.05 4.4 1.6
    endloop
  endfacet
  facet normal -0 0 1
    outer loop
      vertex 45.3872 9.10421 1.6
      vertex 61 3.45 1.6
      vertex 45.4 9.3 1.6
    endloop
  endfacet
  facet normal -0 0 1
    outer loop
      vertex 45.3489 8.91177 1.6
      vertex 61 3.45 1.6
      vertex 45.3872 9.10421 1.6
    endloop
  endfacet
  facet normal -0 0 1
    outer loop
      vertex 45.2858 8.72597 1.6
      vertex 61 3.45 1.6
      vertex 45.3489 8.91177 1.6
    endloop
  endfacet
  facet normal -0 0 1
    outer loop
      vertex 45.199 8.55 1.6
      vertex 61 3.45 1.6
      vertex 45.2858 8.72597 1.6
    endloop
  endfacet
  facet normal -0 0 1
    outer loop
      vertex 45.09 8.38686 1.6
      vertex 61 3.45 1.6
      vertex 45.199 8.55 1.6
    endloop
  endfacet
  facet normal -0 0 1
    outer loop
      vertex 44.9607 8.23934 1.6
      vertex 61 3.45 1.6
      vertex 45.09 8.38686 1.6
    endloop
  endfacet
  facet normal -0 0 1
    outer loop
      vertex 44.8131 8.10997 1.6
      vertex 61 3.45 1.6
      vertex 44.9607 8.23934 1.6
    endloop
  endfacet
  facet normal -0 0 1
    outer loop
      vertex 44.65 8.00096 1.6
      vertex 61 3.45 1.6
      vertex 44.8131 8.10997 1.6
    endloop
  endfacet
  facet normal -0 0 1
    outer loop
      vertex 44.474 7.91418 1.6
      vertex 61 3.45 1.6
      vertex 44.65 8.00096 1.6
    endloop
  endfacet
  facet normal -0 0 1
    outer loop
      vertex 44.2882 7.85111 1.6
      vertex 61 3.45 1.6
      vertex 44.474 7.91418 1.6
    endloop
  endfacet
  facet normal -0 0 1
    outer loop
      vertex 44.0958 7.81283 1.6
      vertex 61 3.45 1.6
      vertex 44.2882 7.85111 1.6
    endloop
  endfacet
  facet normal -0 0 1
    outer loop
      vertex 43.9 7.8 1.6
      vertex 61 3.45 1.6
      vertex 44.0958 7.81283 1.6
    endloop
  endfacet
  facet normal 0 0 1
    outer loop
      vertex 3.4 3.45 1.6
      vertex 43.9 7.8 1.6
      vertex 13.4 7.8 1.6
    endloop
  endfacet
  facet normal 0 0 1
    outer loop
      vertex 3.4 3.45 1.6
      vertex 13.4 7.8 1.6
      vertex 13.2042 7.81283 1.6
    endloop
  endfacet
  facet normal -0 0 1
    outer loop
      vertex 7.55185 23.5824 1.6
      vertex 11.9 23.4 1.6
      vertex 7.60289 23.8389 1.6
    endloop
  endfacet
  facet normal 0 0 1
    outer loop
      vertex 11.9 9.3 1.6
      vertex 7.62 8.6 1.6
      vertex 11.9128 9.10421 1.6
    endloop
  endfacet
  facet normal 0 0 1
    outer loop
      vertex 11.9128 9.10421 1.6
      vertex 7.62 8.6 1.6
      vertex 11.9511 8.91177 1.6
    endloop
  endfacet
  facet normal 0 0 1
    outer loop
      vertex 7.60289 8.33895 1.6
      vertex 11.9511 8.91177 1.6
      vertex 7.62 8.6 1.6
    endloop
  endfacet
  facet normal 0 0 1
    outer loop
      vertex 11.9511 8.91177 1.6
      vertex 7.60289 8.33895 1.6
      vertex 12.0142 8.72597 1.6
    endloop
  endfacet
  facet normal 0 0 1
    outer loop
      vertex 7.55185 8.08236 1.6
      vertex 12.0142 8.72597 1.6
      vertex 7.60289 8.33895 1.6
    endloop
  endfacet
  facet normal 0 0 1
    outer loop
      vertex 12.0142 8.72597 1.6
      vertex 7.55185 8.08236 1.6
      vertex 12.101 8.55 1.6
    endloop
  endfacet
  facet normal 0 0 1
    outer loop
      vertex 7.46776 7.83463 1.6
      vertex 12.101 8.55 1.6
      vertex 7.55185 8.08236 1.6
    endloop
  endfacet
  facet normal 0 0 1
    outer loop
      vertex 12.101 8.55 1.6
      vertex 7.46776 7.83463 1.6
      vertex 12.21 8.38686 1.6
    endloop
  endfacet
  facet normal 0 0 1
    outer loop
      vertex 7.35205 7.6 1.6
      vertex 12.21 8.38686 1.6
      vertex 7.46776 7.83463 1.6
    endloop
  endfacet
  facet normal 0 0 1
    outer loop
      vertex 12.21 8.38686 1.6
      vertex 7.35205 7.6 1.6
      vertex 12.3393 8.23934 1.6
    endloop
  endfacet
  facet normal 0 0 1
    outer loop
      vertex 12.3393 8.23934 1.6
      vertex 7.35205 7.6 1.6
      vertex 12.4869 8.10997 1.6
    endloop
  endfacet
  facet normal 0 0 1
    outer loop
      vertex 7.20671 7.38248 1.6
      vertex 12.4869 8.10997 1.6
      vertex 7.35205 7.6 1.6
    endloop
  endfacet
  facet normal 0 0 1
    outer loop
      vertex 12.4869 8.10997 1.6
      vertex 7.20671 7.38248 1.6
      vertex 12.65 8.00096 1.6
    endloop
  endfacet
  facet normal 0 0 1
    outer loop
      vertex 7.03421 7.18579 1.6
      vertex 12.65 8.00096 1.6
      vertex 7.20671 7.38248 1.6
    endloop
  endfacet
  facet normal 0 0 1
    outer loop
      vertex 12.65 8.00096 1.6
      vertex 7.03421 7.18579 1.6
      vertex 12.826 7.91418 1.6
    endloop
  endfacet
  facet normal 0 0 1
    outer loop
      vertex 6.83752 7.01329 1.6
      vertex 12.826 7.91418 1.6
      vertex 7.03421 7.18579 1.6
    endloop
  endfacet
  facet normal 0 0 1
    outer loop
      vertex 12.826 7.91418 1.6
      vertex 6.83752 7.01329 1.6
      vertex 13.0118 7.85111 1.6
    endloop
  endfacet
  facet normal 0 0 1
    outer loop
      vertex 6.62 6.86795 1.6
      vertex 13.0118 7.85111 1.6
      vertex 6.83752 7.01329 1.6
    endloop
  endfacet
  facet normal 0 0 1
    outer loop
      vertex 3.4 3.45 1.6
      vertex 13.0118 7.85111 1.6
      vertex 6.62 6.86795 1.6
    endloop
  endfacet
  facet normal 0 0 1
    outer loop
      vertex 13.0118 7.85111 1.6
      vertex 3.4 3.45 1.6
      vertex 13.2042 7.81283 1.6
    endloop
  endfacet
  facet normal 0 0 1
    outer loop
      vertex 3.4 3.45 1.6
      vertex 6.62 6.86795 1.6
      vertex 6.38537 6.75224 1.6
    endloop
  endfacet
  facet normal 0 0 1
    outer loop
      vertex 3.4 3.45 1.6
      vertex 6.38537 6.75224 1.6
      vertex 6.13764 6.66815 1.6
    endloop
  endfacet
  facet normal 0 0 1
    outer loop
      vertex 3.4 3.45 1.6
      vertex 6.13764 6.66815 1.6
      vertex 5.88105 6.61711 1.6
    endloop
  endfacet
  facet normal 0 0 1
    outer loop
      vertex 3.4 3.45 1.6
      vertex 5.88105 6.61711 1.6
      vertex 5.62 6.6 1.6
    endloop
  endfacet
  facet normal 0 0 1
    outer loop
      vertex 43.9 7.8 1.6
      vertex 3.4 3.45 1.6
      vertex 61 3.45 1.6
    endloop
  endfacet
  facet normal 0 0 1
    outer loop
      vertex 5.35895 6.61711 1.6
      vertex 3.4 3.45 1.6
      vertex 5.62 6.6 1.6
    endloop
  endfacet
  facet normal 0 0 1
    outer loop
      vertex 5.10236 6.66815 1.6
      vertex 3.4 3.45 1.6
      vertex 5.35895 6.61711 1.6
    endloop
  endfacet
  facet normal 0 0 1
    outer loop
      vertex 4.85463 6.75224 1.6
      vertex 3.4 3.45 1.6
      vertex 5.10236 6.66815 1.6
    endloop
  endfacet
  facet normal 0 0 1
    outer loop
      vertex 4.62 6.86795 1.6
      vertex 3.4 3.45 1.6
      vertex 4.85463 6.75224 1.6
    endloop
  endfacet
  facet normal 0 0 1
    outer loop
      vertex 4.40248 7.01329 1.6
      vertex 3.4 3.45 1.6
      vertex 4.62 6.86795 1.6
    endloop
  endfacet
  facet normal 0 0 1
    outer loop
      vertex 4.20579 7.18579 1.6
      vertex 3.4 3.45 1.6
      vertex 4.40248 7.01329 1.6
    endloop
  endfacet
  facet normal 0 0 1
    outer loop
      vertex 4.03329 7.38248 1.6
      vertex 3.4 3.45 1.6
      vertex 4.20579 7.18579 1.6
    endloop
  endfacet
  facet normal 0 0 1
    outer loop
      vertex 3.88795 7.6 1.6
      vertex 3.4 3.45 1.6
      vertex 4.03329 7.38248 1.6
    endloop
  endfacet
  facet normal 0 0 1
    outer loop
      vertex 3.77224 7.83463 1.6
      vertex 3.4 3.45 1.6
      vertex 3.88795 7.6 1.6
    endloop
  endfacet
  facet normal 0 0 1
    outer loop
      vertex 3.68815 8.08236 1.6
      vertex 3.4 3.45 1.6
      vertex 3.77224 7.83463 1.6
    endloop
  endfacet
  facet normal 0 0 1
    outer loop
      vertex 3.63711 8.33895 1.6
      vertex 3.4 3.45 1.6
      vertex 3.68815 8.08236 1.6
    endloop
  endfacet
  facet normal 0 0 1
    outer loop
      vertex 3.62 8.6 1.6
      vertex 3.4 3.45 1.6
      vertex 3.63711 8.33895 1.6
    endloop
  endfacet
  facet normal 0 0 1
    outer loop
      vertex 3.4 3.45 1.6
      vertex 3.62 8.6 1.6
      vertex 3.4 29.25 1.6
    endloop
  endfacet
  facet normal 0 0 1
    outer loop
      vertex 3.39552 -1.83073 1.6
      vertex 1.27059 -0.950562 1.6
      vertex 3.1641 -2.3 1.6
    endloop
  endfacet
  facet normal -0 0 1
    outer loop
      vertex 1.17224 -1.15 1.6
      vertex 3.1641 -2.3 1.6
      vertex 1.27059 -0.950562 1.6
    endloop
  endfacet
  facet normal -0 0 1
    outer loop
      vertex 1.34207 -0.739992 1.6
      vertex 3.5637 -1.33528 1.6
      vertex 1.38546 -0.521894 1.6
    endloop
  endfacet
  facet normal 0 0 1
    outer loop
      vertex 3.5637 -1.33528 1.6
      vertex 1.34207 -0.739992 1.6
      vertex 3.39552 -1.83073 1.6
    endloop
  endfacet
  facet normal 0 -0 1
    outer loop
      vertex 1.27059 0.350561 1.6
      vertex 3.4 2.25 1.6
      vertex 1.17224 0.549999 1.6
    endloop
  endfacet
  facet normal 0 0 1
    outer loop
      vertex 3.66578 -0.822104 1.6
      vertex 1.38546 -0.521894 1.6
      vertex 3.5637 -1.33528 1.6
    endloop
  endfacet
  facet normal -0 0 1
    outer loop
      vertex 1.0487 31.9651 1.6
      vertex 3.4 30.45 1.6
      vertex 1.17224 32.15 1.6
    endloop
  endfacet
  facet normal 0 0 1
    outer loop
      vertex 3.68034 0 1.6
      vertex 1.27059 0.350561 1.6
      vertex 1.34207 0.139992 1.6
    endloop
  endfacet
  facet normal -0 0 1
    outer loop
      vertex 0.902081 31.7979 1.6
      vertex 3.4 30.45 1.6
      vertex 1.0487 31.9651 1.6
    endloop
  endfacet
  facet normal 0 0 1
    outer loop
      vertex 3.66578 -0.822104 1.6
      vertex 1.4 -0.299999 1.6
      vertex 1.38546 -0.521894 1.6
    endloop
  endfacet
  facet normal -0 0 1
    outer loop
      vertex 0.734894 31.6513 1.6
      vertex 3.4 30.45 1.6
      vertex 0.902081 31.7979 1.6
    endloop
  endfacet
  facet normal 0 -0 1
    outer loop
      vertex 1.4 -0.299999 1.6
      vertex 3.68034 0 1.6
      vertex 1.38546 -0.078105 1.6
    endloop
  endfacet
  facet normal -0 0 1
    outer loop
      vertex 0.549999 31.5278 1.6
      vertex 3.4 30.45 1.6
      vertex 0.734894 31.6513 1.6
    endloop
  endfacet
  facet normal 0 0 1
    outer loop
      vertex 3.4 2.25 1.6
      vertex 1.0487 0.734894 1.6
      vertex 1.17224 0.549999 1.6
    endloop
  endfacet
  facet normal 0 0 1
    outer loop
      vertex 3.4 30.45 1.6
      vertex 0.549999 31.5278 1.6
      vertex 0 29.0197 1.6
    endloop
  endfacet
  facet normal 0 0 1
    outer loop
      vertex 3.4 2.25 1.6
      vertex 0.902081 0.902081 1.6
      vertex 1.0487 0.734894 1.6
    endloop
  endfacet
  facet normal 0 0 1
    outer loop
      vertex 0 29.0197 1.6
      vertex 0.549999 31.5278 1.6
      vertex 0.350561 31.4294 1.6
    endloop
  endfacet
  facet normal 0 0 1
    outer loop
      vertex 3.4 2.25 1.6
      vertex 0.734894 1.0487 1.6
      vertex 0.902081 0.902081 1.6
    endloop
  endfacet
  facet normal 0 0 1
    outer loop
      vertex 0 29.0197 1.6
      vertex 0.350561 31.4294 1.6
      vertex 0.139992 31.3579 1.6
    endloop
  endfacet
  facet normal 0 0 1
    outer loop
      vertex 3.4 2.25 1.6
      vertex 0.549999 1.17224 1.6
      vertex 0.734894 1.0487 1.6
    endloop
  endfacet
  facet normal 0 0 1
    outer loop
      vertex 0.549999 1.17224 1.6
      vertex 0 3.68034 1.6
      vertex 0.350561 1.27059 1.6
    endloop
  endfacet
  facet normal -0 0 1
    outer loop
      vertex -0.078105 31.3145 1.6
      vertex 0 29.0197 1.6
      vertex 0.139992 31.3579 1.6
    endloop
  endfacet
  facet normal -0 0 1
    outer loop
      vertex -0.299999 31.3 1.6
      vertex 0 29.0197 1.6
      vertex -0.078105 31.3145 1.6
    endloop
  endfacet
  facet normal 0 0 1
    outer loop
      vertex -0.299999 31.3 1.6
      vertex -0.299999 29 1.6
      vertex 0 29.0197 1.6
    endloop
  endfacet
  facet normal 0 0 1
    outer loop
      vertex -0.521894 31.3145 1.6
      vertex -0.299999 29 1.6
      vertex -0.299999 31.3 1.6
    endloop
  endfacet
  facet normal 0 0 1
    outer loop
      vertex -0.822104 29.0342 1.6
      vertex -0.521894 31.3145 1.6
      vertex -0.739992 31.3579 1.6
    endloop
  endfacet
  facet normal 0 0 1
    outer loop
      vertex -0.521894 31.3145 1.6
      vertex -0.822104 29.0342 1.6
      vertex -0.299999 29 1.6
    endloop
  endfacet
  facet normal 0 0 1
    outer loop
      vertex -1.33528 29.1363 1.6
      vertex -0.739992 31.3579 1.6
      vertex -0.950562 31.4294 1.6
    endloop
  endfacet
  facet normal 0 0 1
    outer loop
      vertex -1.83073 29.3045 1.6
      vertex -0.950562 31.4294 1.6
      vertex -1.15 31.5278 1.6
    endloop
  endfacet
  facet normal 0 0 1
    outer loop
      vertex -2.3 29.5359 1.6
      vertex -1.15 31.5278 1.6
      vertex -1.33489 31.6513 1.6
    endloop
  endfacet
  facet normal 0 0 1
    outer loop
      vertex -0.739992 31.3579 1.6
      vertex -1.33528 29.1363 1.6
      vertex -0.822104 29.0342 1.6
    endloop
  endfacet
  facet normal 0 0 1
    outer loop
      vertex -2.73505 29.8266 1.6
      vertex -1.33489 31.6513 1.6
      vertex -1.50208 31.7979 1.6
    endloop
  endfacet
  facet normal 0 0 1
    outer loop
      vertex -3.12843 30.1716 1.6
      vertex -1.50208 31.7979 1.6
      vertex -1.6487 31.9651 1.6
    endloop
  endfacet
  facet normal 0 0 1
    outer loop
      vertex -3.47341 30.565 1.6
      vertex -1.6487 31.9651 1.6
      vertex -1.77224 32.15 1.6
    endloop
  endfacet
  facet normal 0 0 1
    outer loop
      vertex -0.950562 31.4294 1.6
      vertex -1.83073 29.3045 1.6
      vertex -1.33528 29.1363 1.6
    endloop
  endfacet
  facet normal 0 0 1
    outer loop
      vertex -3.7641 31 1.6
      vertex -1.77224 32.15 1.6
      vertex -1.87059 32.3494 1.6
    endloop
  endfacet
  facet normal 0 0 1
    outer loop
      vertex -3.99552 31.4693 1.6
      vertex -1.87059 32.3494 1.6
      vertex -1.94207 32.56 1.6
    endloop
  endfacet
  facet normal 0 0 1
    outer loop
      vertex -4.1637 31.9647 1.6
      vertex -1.94207 32.56 1.6
      vertex -1.98546 32.7781 1.6
    endloop
  endfacet
  facet normal 0 0 1
    outer loop
      vertex -4.26578 32.4779 1.6
      vertex -1.98546 32.7781 1.6
      vertex -2 33 1.6
    endloop
  endfacet
  facet normal 0 0 1
    outer loop
      vertex -1.77224 33.85 1.6
      vertex -3.7641 35 1.6
      vertex -1.87059 33.6506 1.6
    endloop
  endfacet
  facet normal 0 0 1
    outer loop
      vertex -1.15 31.5278 1.6
      vertex -2.3 29.5359 1.6
      vertex -1.83073 29.3045 1.6
    endloop
  endfacet
  facet normal -0 0 1
    outer loop
      vertex -3.99552 34.5307 1.6
      vertex -1.87059 33.6506 1.6
      vertex -3.7641 35 1.6
    endloop
  endfacet
  facet normal 0 0 1
    outer loop
      vertex -1.33489 31.6513 1.6
      vertex -2.73505 29.8266 1.6
      vertex -2.3 29.5359 1.6
    endloop
  endfacet
  facet normal 0 0 1
    outer loop
      vertex -1.87059 33.6506 1.6
      vertex -3.99552 34.5307 1.6
      vertex -1.94207 33.44 1.6
    endloop
  endfacet
  facet normal 0 0 1
    outer loop
      vertex -1.50208 31.7979 1.6
      vertex -3.12843 30.1716 1.6
      vertex -2.73505 29.8266 1.6
    endloop
  endfacet
  facet normal -0 0 1
    outer loop
      vertex -4.1637 34.0353 1.6
      vertex -1.94207 33.44 1.6
      vertex -3.99552 34.5307 1.6
    endloop
  endfacet
  facet normal 0 0 1
    outer loop
      vertex -1.6487 31.9651 1.6
      vertex -3.47341 30.565 1.6
      vertex -3.12843 30.1716 1.6
    endloop
  endfacet
  facet normal 0 0 1
    outer loop
      vertex -1.94207 33.44 1.6
      vertex -4.1637 34.0353 1.6
      vertex -1.98546 33.2219 1.6
    endloop
  endfacet
  facet normal 0 0 1
    outer loop
      vertex -1.77224 32.15 1.6
      vertex -3.7641 31 1.6
      vertex -3.47341 30.565 1.6
    endloop
  endfacet
  facet normal -0 0 1
    outer loop
      vertex -4.26578 33.5221 1.6
      vertex -1.98546 33.2219 1.6
      vertex -4.1637 34.0353 1.6
    endloop
  endfacet
  facet normal 0 0 1
    outer loop
      vertex -1.87059 32.3494 1.6
      vertex -3.99552 31.4693 1.6
      vertex -3.7641 31 1.6
    endloop
  endfacet
  facet normal 0 0 1
    outer loop
      vertex -1.98546 33.2219 1.6
      vertex -4.26578 33.5221 1.6
      vertex -2 33 1.6
    endloop
  endfacet
  facet normal 0 0 1
    outer loop
      vertex -1.94207 32.56 1.6
      vertex -4.1637 31.9647 1.6
      vertex -3.99552 31.4693 1.6
    endloop
  endfacet
  facet normal 0 0 1
    outer loop
      vertex -4.3 33 1.6
      vertex -2 33 1.6
      vertex -4.26578 33.5221 1.6
    endloop
  endfacet
  facet normal 0 0 1
    outer loop
      vertex -1.98546 32.7781 1.6
      vertex -4.26578 32.4779 1.6
      vertex -4.1637 31.9647 1.6
    endloop
  endfacet
  facet normal 0 0 1
    outer loop
      vertex -2 33 1.6
      vertex -4.3 33 1.6
      vertex -4.26578 32.4779 1.6
    endloop
  endfacet
  facet normal -0 0 1
    outer loop
      vertex 1.27059 -0.950562 1.6
      vertex 3.39552 -1.83073 1.6
      vertex 1.34207 -0.739992 1.6
    endloop
  endfacet
  facet normal 0 0 1
    outer loop
      vertex 3.1641 -2.3 1.6
      vertex 1.17224 -1.15 1.6
      vertex 2.87341 -2.73505 1.6
    endloop
  endfacet
  facet normal -0 0 1
    outer loop
      vertex 1.0487 -1.33489 1.6
      vertex 2.87341 -2.73505 1.6
      vertex 1.17224 -1.15 1.6
    endloop
  endfacet
  facet normal 0 0 1
    outer loop
      vertex 2.87341 -2.73505 1.6
      vertex 1.0487 -1.33489 1.6
      vertex 2.52843 -3.12843 1.6
    endloop
  endfacet
  facet normal -0 0 1
    outer loop
      vertex 0.902081 -1.50208 1.6
      vertex 2.52843 -3.12843 1.6
      vertex 1.0487 -1.33489 1.6
    endloop
  endfacet
  facet normal 0 0 1
    outer loop
      vertex 2.52843 -3.12843 1.6
      vertex 0.902081 -1.50208 1.6
      vertex 2.13505 -3.47341 1.6
    endloop
  endfacet
  facet normal -0 0 1
    outer loop
      vertex 0.734894 -1.6487 1.6
      vertex 2.13505 -3.47341 1.6
      vertex 0.902081 -1.50208 1.6
    endloop
  endfacet
  facet normal 0 0 1
    outer loop
      vertex 2.13505 -3.47341 1.6
      vertex 0.734894 -1.6487 1.6
      vertex 1.7 -3.7641 1.6
    endloop
  endfacet
  facet normal -0 0 1
    outer loop
      vertex 0.549999 -1.77224 1.6
      vertex 1.7 -3.7641 1.6
      vertex 0.734894 -1.6487 1.6
    endloop
  endfacet
  facet normal 0 0 1
    outer loop
      vertex 1.7 -3.7641 1.6
      vertex 0.549999 -1.77224 1.6
      vertex 1.23073 -3.99552 1.6
    endloop
  endfacet
  facet normal -0 0 1
    outer loop
      vertex 0.350561 -1.87059 1.6
      vertex 1.23073 -3.99552 1.6
      vertex 0.549999 -1.77224 1.6
    endloop
  endfacet
  facet normal 0 0 1
    outer loop
      vertex 1.23073 -3.99552 1.6
      vertex 0.350561 -1.87059 1.6
      vertex 0.735275 -4.1637 1.6
    endloop
  endfacet
  facet normal -0 0 1
    outer loop
      vertex 0.139992 -1.94207 1.6
      vertex 0.735275 -4.1637 1.6
      vertex 0.350561 -1.87059 1.6
    endloop
  endfacet
  facet normal 0 0 1
    outer loop
      vertex 0.735275 -4.1637 1.6
      vertex 0.139992 -1.94207 1.6
      vertex 0.222104 -4.26578 1.6
    endloop
  endfacet
  facet normal -0 0 1
    outer loop
      vertex -0.078105 -1.98546 1.6
      vertex 0.222104 -4.26578 1.6
      vertex 0.139992 -1.94207 1.6
    endloop
  endfacet
  facet normal -0 0 1
    outer loop
      vertex -0.299999 -2 1.6
      vertex 0.222104 -4.26578 1.6
      vertex -0.078105 -1.98546 1.6
    endloop
  endfacet
  facet normal 0 0 1
    outer loop
      vertex -0.299999 -2 1.6
      vertex -0.299999 -4.3 1.6
      vertex 0.222104 -4.26578 1.6
    endloop
  endfacet
  facet normal 0 0 1
    outer loop
      vertex -0.521894 -1.98546 1.6
      vertex -0.299999 -4.3 1.6
      vertex -0.299999 -2 1.6
    endloop
  endfacet
  facet normal 0 0 1
    outer loop
      vertex -0.822104 -4.26578 1.6
      vertex -0.521894 -1.98546 1.6
      vertex -0.739992 -1.94207 1.6
    endloop
  endfacet
  facet normal 0 0 1
    outer loop
      vertex -0.521894 -1.98546 1.6
      vertex -0.822104 -4.26578 1.6
      vertex -0.299999 -4.3 1.6
    endloop
  endfacet
  facet normal 0 0 1
    outer loop
      vertex -1.33528 -4.1637 1.6
      vertex -0.739992 -1.94207 1.6
      vertex -0.950562 -1.87059 1.6
    endloop
  endfacet
  facet normal 0 0 1
    outer loop
      vertex -1.83073 -3.99552 1.6
      vertex -0.950562 -1.87059 1.6
      vertex -1.15 -1.77224 1.6
    endloop
  endfacet
  facet normal 0 0 1
    outer loop
      vertex -2.3 -3.7641 1.6
      vertex -1.15 -1.77224 1.6
      vertex -1.33489 -1.6487 1.6
    endloop
  endfacet
  facet normal 0 0 1
    outer loop
      vertex -0.739992 -1.94207 1.6
      vertex -1.33528 -4.1637 1.6
      vertex -0.822104 -4.26578 1.6
    endloop
  endfacet
  facet normal 0 0 1
    outer loop
      vertex -2.73505 -3.47341 1.6
      vertex -1.33489 -1.6487 1.6
      vertex -1.50208 -1.50208 1.6
    endloop
  endfacet
  facet normal 0 0 1
    outer loop
      vertex -3.12843 -3.12843 1.6
      vertex -1.50208 -1.50208 1.6
      vertex -1.6487 -1.33489 1.6
    endloop
  endfacet
  facet normal 0 0 1
    outer loop
      vertex -3.47341 -2.73505 1.6
      vertex -1.6487 -1.33489 1.6
      vertex -1.77224 -1.15 1.6
    endloop
  endfacet
  facet normal 0 0 1
    outer loop
      vertex -0.950562 -1.87059 1.6
      vertex -1.83073 -3.99552 1.6
      vertex -1.33528 -4.1637 1.6
    endloop
  endfacet
  facet normal 0 0 1
    outer loop
      vertex -3.7641 -2.3 1.6
      vertex -1.77224 -1.15 1.6
      vertex -1.87059 -0.950562 1.6
    endloop
  endfacet
  facet normal 0 0 1
    outer loop
      vertex -3.99552 -1.83073 1.6
      vertex -1.87059 -0.950562 1.6
      vertex -1.94207 -0.739992 1.6
    endloop
  endfacet
  facet normal 0 0 1
    outer loop
      vertex -4.1637 -1.33528 1.6
      vertex -1.94207 -0.739992 1.6
      vertex -1.98546 -0.521894 1.6
    endloop
  endfacet
  facet normal 0 0 1
    outer loop
      vertex -4.26578 -0.822104 1.6
      vertex -1.98546 -0.521894 1.6
      vertex -2 -0.299999 1.6
    endloop
  endfacet
  facet normal 0 0 1
    outer loop
      vertex -1.77224 0.549999 1.6
      vertex -3.7641 1.7 1.6
      vertex -1.87059 0.350561 1.6
    endloop
  endfacet
  facet normal 0 0 1
    outer loop
      vertex -1.15 -1.77224 1.6
      vertex -2.3 -3.7641 1.6
      vertex -1.83073 -3.99552 1.6
    endloop
  endfacet
  facet normal -0 0 1
    outer loop
      vertex -3.99552 1.23073 1.6
      vertex -1.87059 0.350561 1.6
      vertex -3.7641 1.7 1.6
    endloop
  endfacet
  facet normal 0 0 1
    outer loop
      vertex -1.33489 -1.6487 1.6
      vertex -2.73505 -3.47341 1.6
      vertex -2.3 -3.7641 1.6
    endloop
  endfacet
  facet normal 0 0 1
    outer loop
      vertex -1.87059 0.350561 1.6
      vertex -3.99552 1.23073 1.6
      vertex -1.94207 0.139992 1.6
    endloop
  endfacet
  facet normal 0 0 1
    outer loop
      vertex -1.50208 -1.50208 1.6
      vertex -3.12843 -3.12843 1.6
      vertex -2.73505 -3.47341 1.6
    endloop
  endfacet
  facet normal -0 0 1
    outer loop
      vertex -4.1637 0.735275 1.6
      vertex -1.94207 0.139992 1.6
      vertex -3.99552 1.23073 1.6
    endloop
  endfacet
  facet normal 0 0 1
    outer loop
      vertex -1.6487 -1.33489 1.6
      vertex -3.47341 -2.73505 1.6
      vertex -3.12843 -3.12843 1.6
    endloop
  endfacet
  facet normal 0 0 1
    outer loop
      vertex -1.94207 0.139992 1.6
      vertex -4.1637 0.735275 1.6
      vertex -1.98546 -0.078105 1.6
    endloop
  endfacet
  facet normal 0 0 1
    outer loop
      vertex -1.77224 -1.15 1.6
      vertex -3.7641 -2.3 1.6
      vertex -3.47341 -2.73505 1.6
    endloop
  endfacet
  facet normal -0 0 1
    outer loop
      vertex -4.26578 0.222104 1.6
      vertex -1.98546 -0.078105 1.6
      vertex -4.1637 0.735275 1.6
    endloop
  endfacet
  facet normal 0 0 1
    outer loop
      vertex -1.87059 -0.950562 1.6
      vertex -3.99552 -1.83073 1.6
      vertex -3.7641 -2.3 1.6
    endloop
  endfacet
  facet normal 0 0 1
    outer loop
      vertex -1.98546 -0.078105 1.6
      vertex -4.26578 0.222104 1.6
      vertex -2 -0.299999 1.6
    endloop
  endfacet
  facet normal 0 0 1
    outer loop
      vertex -1.94207 -0.739992 1.6
      vertex -4.1637 -1.33528 1.6
      vertex -3.99552 -1.83073 1.6
    endloop
  endfacet
  facet normal 0 0 1
    outer loop
      vertex -4.3 -0.299999 1.6
      vertex -2 -0.299999 1.6
      vertex -4.26578 0.222104 1.6
    endloop
  endfacet
  facet normal 0 0 1
    outer loop
      vertex -1.98546 -0.521894 1.6
      vertex -4.26578 -0.822104 1.6
      vertex -4.1637 -1.33528 1.6
    endloop
  endfacet
  facet normal 0 0 1
    outer loop
      vertex -2 -0.299999 1.6
      vertex -4.3 -0.299999 1.6
      vertex -4.26578 -0.822104 1.6
    endloop
  endfacet
  facet normal 0 0 1
    outer loop
      vertex 0.350561 1.27059 1.6
      vertex 0 3.68034 1.6
      vertex 0.139992 1.34207 1.6
    endloop
  endfacet
  facet normal 0 0 1
    outer loop
      vertex 0 3.68034 1.6
      vertex -0.078105 1.38546 1.6
      vertex 0.139992 1.34207 1.6
    endloop
  endfacet
  facet normal 0 0 1
    outer loop
      vertex -0.299999 1.4 1.6
      vertex 0 3.68034 1.6
      vertex -0.299999 3.7 1.6
    endloop
  endfacet
  facet normal 0 0 1
    outer loop
      vertex 0 3.68034 1.6
      vertex -0.299999 1.4 1.6
      vertex -0.078105 1.38546 1.6
    endloop
  endfacet
  facet normal 0 0 1
    outer loop
      vertex -0.299999 3.7 1.6
      vertex -0.521894 1.38546 1.6
      vertex -0.299999 1.4 1.6
    endloop
  endfacet
  facet normal -0 0 1
    outer loop
      vertex -0.822104 3.66578 1.6
      vertex -0.521894 1.38546 1.6
      vertex -0.299999 3.7 1.6
    endloop
  endfacet
  facet normal 0 0 1
    outer loop
      vertex -0.521894 1.38546 1.6
      vertex -0.822104 3.66578 1.6
      vertex -0.739992 1.34207 1.6
    endloop
  endfacet
  facet normal -0 0 1
    outer loop
      vertex -1.33528 3.5637 1.6
      vertex -0.739992 1.34207 1.6
      vertex -0.822104 3.66578 1.6
    endloop
  endfacet
  facet normal 0 0 1
    outer loop
      vertex -0.739992 1.34207 1.6
      vertex -1.33528 3.5637 1.6
      vertex -0.950562 1.27059 1.6
    endloop
  endfacet
  facet normal -0 0 1
    outer loop
      vertex -1.83073 3.39552 1.6
      vertex -0.950562 1.27059 1.6
      vertex -1.33528 3.5637 1.6
    endloop
  endfacet
  facet normal 0 0 1
    outer loop
      vertex -0.950562 1.27059 1.6
      vertex -1.83073 3.39552 1.6
      vertex -1.15 1.17224 1.6
    endloop
  endfacet
  facet normal -0 0 1
    outer loop
      vertex -2.3 3.1641 1.6
      vertex -1.15 1.17224 1.6
      vertex -1.83073 3.39552 1.6
    endloop
  endfacet
  facet normal 0 0 1
    outer loop
      vertex -1.15 1.17224 1.6
      vertex -2.3 3.1641 1.6
      vertex -1.33489 1.0487 1.6
    endloop
  endfacet
  facet normal -0 0 1
    outer loop
      vertex -2.73505 2.87341 1.6
      vertex -1.33489 1.0487 1.6
      vertex -2.3 3.1641 1.6
    endloop
  endfacet
  facet normal 0 0 1
    outer loop
      vertex -1.33489 1.0487 1.6
      vertex -2.73505 2.87341 1.6
      vertex -1.50208 0.902081 1.6
    endloop
  endfacet
  facet normal -0 0 1
    outer loop
      vertex -3.12843 2.52843 1.6
      vertex -1.50208 0.902081 1.6
      vertex -2.73505 2.87341 1.6
    endloop
  endfacet
  facet normal 0 0 1
    outer loop
      vertex -1.50208 0.902081 1.6
      vertex -3.12843 2.52843 1.6
      vertex -1.6487 0.734894 1.6
    endloop
  endfacet
  facet normal -0 0 1
    outer loop
      vertex -3.47341 2.13505 1.6
      vertex -1.6487 0.734894 1.6
      vertex -3.12843 2.52843 1.6
    endloop
  endfacet
  facet normal 0 0 1
    outer loop
      vertex -1.6487 0.734894 1.6
      vertex -3.47341 2.13505 1.6
      vertex -1.77224 0.549999 1.6
    endloop
  endfacet
  facet normal -0 0 1
    outer loop
      vertex -3.7641 1.7 1.6
      vertex -1.77224 0.549999 1.6
      vertex -3.47341 2.13505 1.6
    endloop
  endfacet
  facet normal 0 0 1
    outer loop
      vertex 1.4 -0.299999 1.6
      vertex 3.7 -0.299999 1.6
      vertex 3.68034 0 1.6
    endloop
  endfacet
  facet normal -0.44226 -0.896887 0
    outer loop
      vertex -2.3 29.5359 0
      vertex -1.83073 29.3045 1.6
      vertex -2.3 29.5359 1.6
    endloop
  endfacet
  facet normal -0.44226 -0.896887 -0
    outer loop
      vertex -1.83073 29.3045 1.6
      vertex -2.3 29.5359 0
      vertex -1.83073 29.3045 0
    endloop
  endfacet
  facet normal -0.896883 -0.442268 0
    outer loop
      vertex -3.7641 31 0
      vertex -3.99552 31.4693 1.6
      vertex -3.99552 31.4693 0
    endloop
  endfacet
  facet normal -0.896883 -0.442268 0
    outer loop
      vertex -3.99552 31.4693 1.6
      vertex -3.7641 31 0
      vertex -3.7641 31 1.6
    endloop
  endfacet
  facet normal -0.659362 -0.751826 0
    outer loop
      vertex -3.12843 30.1716 0
      vertex -2.73505 29.8266 1.6
      vertex -3.12843 30.1716 1.6
    endloop
  endfacet
  facet normal -0.659362 -0.751826 -0
    outer loop
      vertex -2.73505 29.8266 1.6
      vertex -3.12843 30.1716 0
      vertex -2.73505 29.8266 0
    endloop
  endfacet
  facet normal -0.442291 0.896871 0
    outer loop
      vertex -1.83073 3.39552 0
      vertex -2.3 3.1641 1.6
      vertex -1.83073 3.39552 1.6
    endloop
  endfacet
  facet normal -0.442291 0.896871 0
    outer loop
      vertex -2.3 3.1641 1.6
      vertex -1.83073 3.39552 0
      vertex -2.3 3.1641 0
    endloop
  endfacet
  facet normal -0.946933 0.321432 0
    outer loop
      vertex -4.1637 0.735275 0
      vertex -3.99552 1.23073 1.6
      vertex -3.99552 1.23073 0
    endloop
  endfacet
  facet normal -0.946933 0.321432 0
    outer loop
      vertex -3.99552 1.23073 1.6
      vertex -4.1637 0.735275 0
      vertex -4.1637 0.735275 1.6
    endloop
  endfacet
  facet normal 0.997859 -0.065402 0
    outer loop
      vertex 3.66578 -0.822104 1.6
      vertex 3.7 -0.299999 0
      vertex 3.7 -0.299999 1.6
    endloop
  endfacet
  facet normal 0.997859 -0.065402 0
    outer loop
      vertex 3.7 -0.299999 0
      vertex 3.66578 -0.822104 1.6
      vertex 3.66578 -0.822104 0
    endloop
  endfacet
  facet normal 0.442291 -0.896871 0
    outer loop
      vertex 1.23073 -3.99552 0
      vertex 1.7 -3.7641 1.6
      vertex 1.23073 -3.99552 1.6
    endloop
  endfacet
  facet normal 0.442291 -0.896871 0
    outer loop
      vertex 1.7 -3.7641 1.6
      vertex 1.23073 -3.99552 0
      vertex 1.7 -3.7641 0
    endloop
  endfacet
  facet normal -0.065402 0.997859 0
    outer loop
      vertex -0.299999 3.7 0
      vertex -0.822104 3.66578 1.6
      vertex -0.299999 3.7 1.6
    endloop
  endfacet
  facet normal -0.065402 0.997859 0
    outer loop
      vertex -0.822104 3.66578 1.6
      vertex -0.299999 3.7 0
      vertex -0.822104 3.66578 0
    endloop
  endfacet
  facet normal -0.997859 0.0654023 0
    outer loop
      vertex -4.3 -0.299999 0
      vertex -4.26578 0.222104 1.6
      vertex -4.26578 0.222104 0
    endloop
  endfacet
  facet normal -0.997859 0.0654023 0
    outer loop
      vertex -4.26578 0.222104 1.6
      vertex -4.3 -0.299999 0
      vertex -4.3 -0.299999 1.6
    endloop
  endfacet
  facet normal -0.831471 0.555569 0
    outer loop
      vertex -3.7641 1.7 0
      vertex -3.47341 2.13505 1.6
      vertex -3.47341 2.13505 0
    endloop
  endfacet
  facet normal -0.831471 0.555569 0
    outer loop
      vertex -3.47341 2.13505 1.6
      vertex -3.7641 1.7 0
      vertex -3.7641 1.7 1.6
    endloop
  endfacet
  facet normal -0.195096 0.980784 0
    outer loop
      vertex -0.822104 3.66578 0
      vertex -1.33528 3.5637 1.6
      vertex -0.822104 3.66578 1.6
    endloop
  endfacet
  facet normal -0.195096 0.980784 0
    outer loop
      vertex -1.33528 3.5637 1.6
      vertex -0.822104 3.66578 0
      vertex -1.33528 3.5637 0
    endloop
  endfacet
  facet normal -0.751845 0.65934 0
    outer loop
      vertex -3.47341 2.13505 0
      vertex -3.12843 2.52843 1.6
      vertex -3.12843 2.52843 0
    endloop
  endfacet
  facet normal -0.751845 0.65934 0
    outer loop
      vertex -3.12843 2.52843 1.6
      vertex -3.47341 2.13505 0
      vertex -3.47341 2.13505 1.6
    endloop
  endfacet
  facet normal 0.980784 -0.195096 0
    outer loop
      vertex 3.5637 -1.33528 1.6
      vertex 3.66578 -0.822104 0
      vertex 3.66578 -0.822104 1.6
    endloop
  endfacet
  facet normal 0.980784 -0.195096 0
    outer loop
      vertex 3.66578 -0.822104 0
      vertex 3.5637 -1.33528 1.6
      vertex 3.5637 -1.33528 0
    endloop
  endfacet
  facet normal 0.321432 -0.946933 0
    outer loop
      vertex 0.735275 -4.1637 0
      vertex 1.23073 -3.99552 1.6
      vertex 0.735275 -4.1637 1.6
    endloop
  endfacet
  facet normal 0.321432 -0.946933 0
    outer loop
      vertex 1.23073 -3.99552 1.6
      vertex 0.735275 -4.1637 0
      vertex 1.23073 -3.99552 0
    endloop
  endfacet
  facet normal 0.0653933 0.99786 -0
    outer loop
      vertex 0 3.68034 0
      vertex -0.299999 3.7 1.6
      vertex 0 3.68034 1.6
    endloop
  endfacet
  facet normal 0.0653933 0.99786 0
    outer loop
      vertex -0.299999 3.7 1.6
      vertex 0 3.68034 0
      vertex -0.299999 3.7 0
    endloop
  endfacet
  facet normal -0.997859 -0.065402 0
    outer loop
      vertex -4.26578 -0.822104 0
      vertex -4.3 -0.299999 1.6
      vertex -4.3 -0.299999 0
    endloop
  endfacet
  facet normal -0.997859 -0.065402 0
    outer loop
      vertex -4.3 -0.299999 1.6
      vertex -4.26578 -0.822104 0
      vertex -4.26578 -0.822104 1.6
    endloop
  endfacet
  facet normal -0.555569 0.831471 0
    outer loop
      vertex -2.3 3.1641 0
      vertex -2.73505 2.87341 1.6
      vertex -2.3 3.1641 1.6
    endloop
  endfacet
  facet normal -0.555569 0.831471 0
    outer loop
      vertex -2.73505 2.87341 1.6
      vertex -2.3 3.1641 0
      vertex -2.73505 2.87341 0
    endloop
  endfacet
  facet normal -0.65934 0.751845 0
    outer loop
      vertex -2.73505 2.87341 0
      vertex -3.12843 2.52843 1.6
      vertex -2.73505 2.87341 1.6
    endloop
  endfacet
  facet normal -0.65934 0.751845 0
    outer loop
      vertex -3.12843 2.52843 1.6
      vertex -2.73505 2.87341 0
      vertex -3.12843 2.52843 0
    endloop
  endfacet
  facet normal 0.99786 0.0653933 0
    outer loop
      vertex 3.7 -0.299999 1.6
      vertex 3.68034 0 0
      vertex 3.68034 0 1.6
    endloop
  endfacet
  facet normal 0.99786 0.0653933 0
    outer loop
      vertex 3.68034 0 0
      vertex 3.7 -0.299999 1.6
      vertex 3.7 -0.299999 0
    endloop
  endfacet
  facet normal -0.980784 -0.195096 0
    outer loop
      vertex -4.1637 -1.33528 0
      vertex -4.26578 -0.822104 1.6
      vertex -4.26578 -0.822104 0
    endloop
  endfacet
  facet normal -0.980784 -0.195096 0
    outer loop
      vertex -4.26578 -0.822104 1.6
      vertex -4.1637 -1.33528 0
      vertex -4.1637 -1.33528 1.6
    endloop
  endfacet
  facet normal -0.751845 -0.65934 0
    outer loop
      vertex -3.12843 -3.12843 0
      vertex -3.47341 -2.73505 1.6
      vertex -3.47341 -2.73505 0
    endloop
  endfacet
  facet normal -0.751845 -0.65934 0
    outer loop
      vertex -3.47341 -2.73505 1.6
      vertex -3.12843 -3.12843 0
      vertex -3.12843 -3.12843 1.6
    endloop
  endfacet
  facet normal -0.946932 -0.321435 0
    outer loop
      vertex -3.99552 -1.83073 0
      vertex -4.1637 -1.33528 1.6
      vertex -4.1637 -1.33528 0
    endloop
  endfacet
  facet normal -0.946932 -0.321435 0
    outer loop
      vertex -4.1637 -1.33528 1.6
      vertex -3.99552 -1.83073 0
      vertex -3.99552 -1.83073 1.6
    endloop
  endfacet
  facet normal -0.831471 -0.555569 0
    outer loop
      vertex -3.47341 -2.73505 0
      vertex -3.7641 -2.3 1.6
      vertex -3.7641 -2.3 0
    endloop
  endfacet
  facet normal -0.831471 -0.555569 0
    outer loop
      vertex -3.7641 -2.3 1.6
      vertex -3.47341 -2.73505 0
      vertex -3.47341 -2.73505 1.6
    endloop
  endfacet
  facet normal 0.195098 -0.980784 0
    outer loop
      vertex 0.222104 -4.26578 0
      vertex 0.735275 -4.1637 1.6
      vertex 0.222104 -4.26578 1.6
    endloop
  endfacet
  facet normal 0.195098 -0.980784 0
    outer loop
      vertex 0.735275 -4.1637 1.6
      vertex 0.222104 -4.26578 0
      vertex 0.735275 -4.1637 0
    endloop
  endfacet
  facet normal -0.980784 0.195098 0
    outer loop
      vertex -4.26578 0.222104 0
      vertex -4.1637 0.735275 1.6
      vertex -4.1637 0.735275 0
    endloop
  endfacet
  facet normal -0.980784 0.195098 0
    outer loop
      vertex -4.1637 0.735275 1.6
      vertex -4.26578 0.222104 0
      vertex -4.26578 0.222104 1.6
    endloop
  endfacet
  facet normal -0.896871 0.442291 0
    outer loop
      vertex -3.99552 1.23073 0
      vertex -3.7641 1.7 1.6
      vertex -3.7641 1.7 0
    endloop
  endfacet
  facet normal -0.896871 0.442291 0
    outer loop
      vertex -3.7641 1.7 1.6
      vertex -3.99552 1.23073 0
      vertex -3.99552 1.23073 1.6
    endloop
  endfacet
  facet normal -0.321435 0.946932 0
    outer loop
      vertex -1.33528 3.5637 0
      vertex -1.83073 3.39552 1.6
      vertex -1.33528 3.5637 1.6
    endloop
  endfacet
  facet normal -0.321435 0.946932 0
    outer loop
      vertex -1.83073 3.39552 1.6
      vertex -1.33528 3.5637 0
      vertex -1.83073 3.39552 0
    endloop
  endfacet
  facet normal 0.946932 -0.321435 0
    outer loop
      vertex 3.39552 -1.83073 1.6
      vertex 3.5637 -1.33528 0
      vertex 3.5637 -1.33528 1.6
    endloop
  endfacet
  facet normal 0.946932 -0.321435 0
    outer loop
      vertex 3.5637 -1.33528 0
      vertex 3.39552 -1.83073 1.6
      vertex 3.39552 -1.83073 0
    endloop
  endfacet
  facet normal 0.555569 -0.831471 0
    outer loop
      vertex 1.7 -3.7641 0
      vertex 2.13505 -3.47341 1.6
      vertex 1.7 -3.7641 1.6
    endloop
  endfacet
  facet normal 0.555569 -0.831471 0
    outer loop
      vertex 2.13505 -3.47341 1.6
      vertex 1.7 -3.7641 0
      vertex 2.13505 -3.47341 0
    endloop
  endfacet
  facet normal 0.751845 -0.65934 0
    outer loop
      vertex 2.52843 -3.12843 1.6
      vertex 2.87341 -2.73505 0
      vertex 2.87341 -2.73505 1.6
    endloop
  endfacet
  facet normal 0.751845 -0.65934 0
    outer loop
      vertex 2.87341 -2.73505 0
      vertex 2.52843 -3.12843 1.6
      vertex 2.52843 -3.12843 0
    endloop
  endfacet
  facet normal 0.831471 -0.555569 0
    outer loop
      vertex 2.87341 -2.73505 1.6
      vertex 3.1641 -2.3 0
      vertex 3.1641 -2.3 1.6
    endloop
  endfacet
  facet normal 0.831471 -0.555569 0
    outer loop
      vertex 3.1641 -2.3 0
      vertex 2.87341 -2.73505 1.6
      vertex 2.87341 -2.73505 0
    endloop
  endfacet
  facet normal 0.896871 -0.442291 0
    outer loop
      vertex 3.1641 -2.3 1.6
      vertex 3.39552 -1.83073 0
      vertex 3.39552 -1.83073 1.6
    endloop
  endfacet
  facet normal 0.896871 -0.442291 0
    outer loop
      vertex 3.39552 -1.83073 0
      vertex 3.1641 -2.3 1.6
      vertex 3.1641 -2.3 0
    endloop
  endfacet
  facet normal 0.0654023 -0.997859 0
    outer loop
      vertex -0.299999 -4.3 0
      vertex 0.222104 -4.26578 1.6
      vertex -0.299999 -4.3 1.6
    endloop
  endfacet
  facet normal 0.0654023 -0.997859 0
    outer loop
      vertex 0.222104 -4.26578 1.6
      vertex -0.299999 -4.3 0
      vertex 0.222104 -4.26578 0
    endloop
  endfacet
  facet normal -0.321435 -0.946932 0
    outer loop
      vertex -1.83073 -3.99552 0
      vertex -1.33528 -4.1637 1.6
      vertex -1.83073 -3.99552 1.6
    endloop
  endfacet
  facet normal -0.321435 -0.946932 -0
    outer loop
      vertex -1.33528 -4.1637 1.6
      vertex -1.83073 -3.99552 0
      vertex -1.33528 -4.1637 0
    endloop
  endfacet
  facet normal -0.896871 -0.442291 0
    outer loop
      vertex -3.7641 -2.3 0
      vertex -3.99552 -1.83073 1.6
      vertex -3.99552 -1.83073 0
    endloop
  endfacet
  facet normal -0.896871 -0.442291 0
    outer loop
      vertex -3.99552 -1.83073 1.6
      vertex -3.7641 -2.3 0
      vertex -3.7641 -2.3 1.6
    endloop
  endfacet
  facet normal 0.65934 -0.751845 0
    outer loop
      vertex 2.13505 -3.47341 0
      vertex 2.52843 -3.12843 1.6
      vertex 2.13505 -3.47341 1.6
    endloop
  endfacet
  facet normal 0.65934 -0.751845 0
    outer loop
      vertex 2.52843 -3.12843 1.6
      vertex 2.13505 -3.47341 0
      vertex 2.52843 -3.12843 0
    endloop
  endfacet
  facet normal -0.555569 -0.831471 0
    outer loop
      vertex -2.73505 -3.47341 0
      vertex -2.3 -3.7641 1.6
      vertex -2.73505 -3.47341 1.6
    endloop
  endfacet
  facet normal -0.555569 -0.831471 -0
    outer loop
      vertex -2.3 -3.7641 1.6
      vertex -2.73505 -3.47341 0
      vertex -2.3 -3.7641 0
    endloop
  endfacet
  facet normal -0.195096 -0.980784 0
    outer loop
      vertex -1.33528 -4.1637 0
      vertex -0.822104 -4.26578 1.6
      vertex -1.33528 -4.1637 1.6
    endloop
  endfacet
  facet normal -0.195096 -0.980784 -0
    outer loop
      vertex -0.822104 -4.26578 1.6
      vertex -1.33528 -4.1637 0
      vertex -0.822104 -4.26578 0
    endloop
  endfacet
  facet normal -0.442291 -0.896871 0
    outer loop
      vertex -2.3 -3.7641 0
      vertex -1.83073 -3.99552 1.6
      vertex -2.3 -3.7641 1.6
    endloop
  endfacet
  facet normal -0.442291 -0.896871 -0
    outer loop
      vertex -1.83073 -3.99552 1.6
      vertex -2.3 -3.7641 0
      vertex -1.83073 -3.99552 0
    endloop
  endfacet
  facet normal -0.65934 -0.751845 0
    outer loop
      vertex -3.12843 -3.12843 0
      vertex -2.73505 -3.47341 1.6
      vertex -3.12843 -3.12843 1.6
    endloop
  endfacet
  facet normal -0.65934 -0.751845 -0
    outer loop
      vertex -2.73505 -3.47341 1.6
      vertex -3.12843 -3.12843 0
      vertex -2.73505 -3.47341 0
    endloop
  endfacet
  facet normal -0.065402 -0.997859 0
    outer loop
      vertex -0.822104 -4.26578 0
      vertex -0.299999 -4.3 1.6
      vertex -0.822104 -4.26578 1.6
    endloop
  endfacet
  facet normal -0.065402 -0.997859 -0
    outer loop
      vertex -0.299999 -4.3 1.6
      vertex -0.822104 -4.26578 0
      vertex -0.299999 -4.3 0
    endloop
  endfacet
  facet normal 0.997861 0.0653646 0
    outer loop
      vertex 91 33 1.6
      vertex 90.9658 33.5221 0
      vertex 90.9658 33.5221 1.6
    endloop
  endfacet
  facet normal 0.997861 0.0653646 0
    outer loop
      vertex 90.9658 33.5221 0
      vertex 91 33 1.6
      vertex 91 33 0
    endloop
  endfacet
  facet normal -0.0653646 0.997861 0
    outer loop
      vertex 87 37 0
      vertex 86.4779 36.9658 1.6
      vertex 87 37 1.6
    endloop
  endfacet
  facet normal -0.0653646 0.997861 0
    outer loop
      vertex 86.4779 36.9658 1.6
      vertex 87 37 0
      vertex 86.4779 36.9658 0
    endloop
  endfacet
  facet normal 0.659343 0.751842 -0
    outer loop
      vertex 89.8284 35.8284 0
      vertex 89.435 36.1734 1.6
      vertex 89.8284 35.8284 1.6
    endloop
  endfacet
  facet normal 0.659343 0.751842 0
    outer loop
      vertex 89.435 36.1734 1.6
      vertex 89.8284 35.8284 0
      vertex 89.435 36.1734 0
    endloop
  endfacet
  facet normal -0.751842 0.659343 0
    outer loop
      vertex 83.8266 35.435 0
      vertex 84.1716 35.8284 1.6
      vertex 84.1716 35.8284 0
    endloop
  endfacet
  facet normal -0.751842 0.659343 0
    outer loop
      vertex 84.1716 35.8284 1.6
      vertex 83.8266 35.435 0
      vertex 83.8266 35.435 1.6
    endloop
  endfacet
  facet normal -0.442238 0.896898 0
    outer loop
      vertex 85.4693 36.6955 0
      vertex 85 36.4641 1.6
      vertex 85.4693 36.6955 1.6
    endloop
  endfacet
  facet normal -0.442238 0.896898 0
    outer loop
      vertex 85 36.4641 1.6
      vertex 85.4693 36.6955 0
      vertex 85 36.4641 0
    endloop
  endfacet
  facet normal 0.896898 0.442238 0
    outer loop
      vertex 90.6955 34.5307 1.6
      vertex 90.4641 35 0
      vertex 90.4641 35 1.6
    endloop
  endfacet
  facet normal 0.896898 0.442238 0
    outer loop
      vertex 90.4641 35 0
      vertex 90.6955 34.5307 1.6
      vertex 90.6955 34.5307 0
    endloop
  endfacet
  facet normal 0.831432 0.555626 0
    outer loop
      vertex 90.4641 35 1.6
      vertex 90.1734 35.435 0
      vertex 90.1734 35.435 1.6
    endloop
  endfacet
  facet normal 0.831432 0.555626 0
    outer loop
      vertex 90.1734 35.435 0
      vertex 90.4641 35 1.6
      vertex 90.4641 35 0
    endloop
  endfacet
  facet normal 0.321498 0.94691 -0
    outer loop
      vertex 88.5307 36.6955 0
      vertex 88.0353 36.8637 1.6
      vertex 88.5307 36.6955 1.6
    endloop
  endfacet
  facet normal 0.321498 0.94691 0
    outer loop
      vertex 88.0353 36.8637 1.6
      vertex 88.5307 36.6955 0
      vertex 88.0353 36.8637 0
    endloop
  endfacet
  facet normal 0.442238 0.896898 -0
    outer loop
      vertex 89 36.4641 0
      vertex 88.5307 36.6955 1.6
      vertex 89 36.4641 1.6
    endloop
  endfacet
  facet normal 0.442238 0.896898 0
    outer loop
      vertex 88.5307 36.6955 1.6
      vertex 89 36.4641 0
      vertex 88.5307 36.6955 0
    endloop
  endfacet
  facet normal -0.94691 0.321498 0
    outer loop
      vertex 83.1363 34.0353 0
      vertex 83.3045 34.5307 1.6
      vertex 83.3045 34.5307 0
    endloop
  endfacet
  facet normal -0.94691 0.321498 0
    outer loop
      vertex 83.3045 34.5307 1.6
      vertex 83.1363 34.0353 0
      vertex 83.1363 34.0353 1.6
    endloop
  endfacet
  facet normal -0.896898 0.442238 0
    outer loop
      vertex 83.3045 34.5307 0
      vertex 83.5359 35 1.6
      vertex 83.5359 35 0
    endloop
  endfacet
  facet normal -0.896898 0.442238 0
    outer loop
      vertex 83.5359 35 1.6
      vertex 83.3045 34.5307 0
      vertex 83.3045 34.5307 1.6
    endloop
  endfacet
  facet normal -0.980779 0.195124 0
    outer loop
      vertex 83.0342 33.5221 0
      vertex 83.1363 34.0353 1.6
      vertex 83.1363 34.0353 0
    endloop
  endfacet
  facet normal -0.980779 0.195124 0
    outer loop
      vertex 83.1363 34.0353 1.6
      vertex 83.0342 33.5221 0
      vertex 83.0342 33.5221 1.6
    endloop
  endfacet
  facet normal -0.555626 0.831432 0
    outer loop
      vertex 85 36.4641 0
      vertex 84.565 36.1734 1.6
      vertex 85 36.4641 1.6
    endloop
  endfacet
  facet normal -0.555626 0.831432 0
    outer loop
      vertex 84.565 36.1734 1.6
      vertex 85 36.4641 0
      vertex 84.565 36.1734 0
    endloop
  endfacet
  facet normal -0.321498 0.94691 0
    outer loop
      vertex 85.9647 36.8637 0
      vertex 85.4693 36.6955 1.6
      vertex 85.9647 36.8637 1.6
    endloop
  endfacet
  facet normal -0.321498 0.94691 0
    outer loop
      vertex 85.4693 36.6955 1.6
      vertex 85.9647 36.8637 0
      vertex 85.4693 36.6955 0
    endloop
  endfacet
  facet normal 0.751842 -0.659343 0
    outer loop
      vertex 89.8284 30.1716 1.6
      vertex 90.1734 30.565 0
      vertex 90.1734 30.565 1.6
    endloop
  endfacet
  facet normal 0.751842 -0.659343 0
    outer loop
      vertex 90.1734 30.565 0
      vertex 89.8284 30.1716 1.6
      vertex 89.8284 30.1716 0
    endloop
  endfacet
  facet normal 0.555626 -0.831432 0
    outer loop
      vertex 89 29.5359 0
      vertex 89.435 29.8266 1.6
      vertex 89 29.5359 1.6
    endloop
  endfacet
  facet normal 0.555626 -0.831432 0
    outer loop
      vertex 89.435 29.8266 1.6
      vertex 89 29.5359 0
      vertex 89.435 29.8266 0
    endloop
  endfacet
  facet normal 0.980779 -0.195124 0
    outer loop
      vertex 90.8637 31.9647 1.6
      vertex 90.9658 32.4779 0
      vertex 90.9658 32.4779 1.6
    endloop
  endfacet
  facet normal 0.980779 -0.195124 0
    outer loop
      vertex 90.9658 32.4779 0
      vertex 90.8637 31.9647 1.6
      vertex 90.8637 31.9647 0
    endloop
  endfacet
  facet normal 0.94691 0.321498 0
    outer loop
      vertex 90.8637 34.0353 1.6
      vertex 90.6955 34.5307 0
      vertex 90.6955 34.5307 1.6
    endloop
  endfacet
  facet normal 0.94691 0.321498 0
    outer loop
      vertex 90.6955 34.5307 0
      vertex 90.8637 34.0353 1.6
      vertex 90.8637 34.0353 0
    endloop
  endfacet
  facet normal 0.980779 0.195124 0
    outer loop
      vertex 90.9658 33.5221 1.6
      vertex 90.8637 34.0353 0
      vertex 90.8637 34.0353 1.6
    endloop
  endfacet
  facet normal 0.980779 0.195124 0
    outer loop
      vertex 90.8637 34.0353 0
      vertex 90.9658 33.5221 1.6
      vertex 90.9658 33.5221 0
    endloop
  endfacet
  facet normal 0.751842 0.659343 0
    outer loop
      vertex 90.1734 35.435 1.6
      vertex 89.8284 35.8284 0
      vertex 89.8284 35.8284 1.6
    endloop
  endfacet
  facet normal 0.751842 0.659343 0
    outer loop
      vertex 89.8284 35.8284 0
      vertex 90.1734 35.435 1.6
      vertex 90.1734 35.435 0
    endloop
  endfacet
  facet normal 0.195124 0.980779 -0
    outer loop
      vertex 88.0353 36.8637 0
      vertex 87.5221 36.9658 1.6
      vertex 88.0353 36.8637 1.6
    endloop
  endfacet
  facet normal 0.195124 0.980779 0
    outer loop
      vertex 87.5221 36.9658 1.6
      vertex 88.0353 36.8637 0
      vertex 87.5221 36.9658 0
    endloop
  endfacet
  facet normal 0.0653646 0.997861 -0
    outer loop
      vertex 87.5221 36.9658 0
      vertex 87 37 1.6
      vertex 87.5221 36.9658 1.6
    endloop
  endfacet
  facet normal 0.0653646 0.997861 0
    outer loop
      vertex 87 37 1.6
      vertex 87.5221 36.9658 0
      vertex 87 37 0
    endloop
  endfacet
  facet normal 0.555626 0.831432 -0
    outer loop
      vertex 89.435 36.1734 0
      vertex 89 36.4641 1.6
      vertex 89.435 36.1734 1.6
    endloop
  endfacet
  facet normal 0.555626 0.831432 0
    outer loop
      vertex 89 36.4641 1.6
      vertex 89.435 36.1734 0
      vertex 89 36.4641 0
    endloop
  endfacet
  facet normal -0.997861 0.0653646 0
    outer loop
      vertex 83 33 0
      vertex 83.0342 33.5221 1.6
      vertex 83.0342 33.5221 0
    endloop
  endfacet
  facet normal -0.997861 0.0653646 0
    outer loop
      vertex 83.0342 33.5221 1.6
      vertex 83 33 0
      vertex 83 33 1.6
    endloop
  endfacet
  facet normal -0.659343 0.751842 0
    outer loop
      vertex 84.565 36.1734 0
      vertex 84.1716 35.8284 1.6
      vertex 84.565 36.1734 1.6
    endloop
  endfacet
  facet normal -0.659343 0.751842 0
    outer loop
      vertex 84.1716 35.8284 1.6
      vertex 84.565 36.1734 0
      vertex 84.1716 35.8284 0
    endloop
  endfacet
  facet normal -0.195124 0.980779 0
    outer loop
      vertex 86.4779 36.9658 0
      vertex 85.9647 36.8637 1.6
      vertex 86.4779 36.9658 1.6
    endloop
  endfacet
  facet normal -0.195124 0.980779 0
    outer loop
      vertex 85.9647 36.8637 1.6
      vertex 86.4779 36.9658 0
      vertex 85.9647 36.8637 0
    endloop
  endfacet
  facet normal 0.997861 -0.0653646 0
    outer loop
      vertex 90.9658 32.4779 1.6
      vertex 91 33 0
      vertex 91 33 1.6
    endloop
  endfacet
  facet normal 0.997861 -0.0653646 0
    outer loop
      vertex 91 33 0
      vertex 90.9658 32.4779 1.6
      vertex 90.9658 32.4779 0
    endloop
  endfacet
  facet normal 0.195124 -0.980779 0
    outer loop
      vertex 87.5221 29.0342 0
      vertex 88.0353 29.1363 1.6
      vertex 87.5221 29.0342 1.6
    endloop
  endfacet
  facet normal 0.195124 -0.980779 0
    outer loop
      vertex 88.0353 29.1363 1.6
      vertex 87.5221 29.0342 0
      vertex 88.0353 29.1363 0
    endloop
  endfacet
  facet normal 0.442238 -0.896898 0
    outer loop
      vertex 88.5307 29.3045 0
      vertex 89 29.5359 1.6
      vertex 88.5307 29.3045 1.6
    endloop
  endfacet
  facet normal 0.442238 -0.896898 0
    outer loop
      vertex 89 29.5359 1.6
      vertex 88.5307 29.3045 0
      vertex 89 29.5359 0
    endloop
  endfacet
  facet normal 0.659343 -0.751842 0
    outer loop
      vertex 89.435 29.8266 0
      vertex 89.8284 30.1716 1.6
      vertex 89.435 29.8266 1.6
    endloop
  endfacet
  facet normal 0.659343 -0.751842 0
    outer loop
      vertex 89.8284 30.1716 1.6
      vertex 89.435 29.8266 0
      vertex 89.8284 30.1716 0
    endloop
  endfacet
  facet normal 0.94691 -0.321498 0
    outer loop
      vertex 90.6955 31.4693 1.6
      vertex 90.8637 31.9647 0
      vertex 90.8637 31.9647 1.6
    endloop
  endfacet
  facet normal 0.94691 -0.321498 0
    outer loop
      vertex 90.8637 31.9647 0
      vertex 90.6955 31.4693 1.6
      vertex 90.6955 31.4693 0
    endloop
  endfacet
  facet normal 0.831432 -0.555626 0
    outer loop
      vertex 90.1734 30.565 1.6
      vertex 90.4641 31 0
      vertex 90.4641 31 1.6
    endloop
  endfacet
  facet normal 0.831432 -0.555626 0
    outer loop
      vertex 90.4641 31 0
      vertex 90.1734 30.565 1.6
      vertex 90.1734 30.565 0
    endloop
  endfacet
  facet normal 0.896898 -0.442238 0
    outer loop
      vertex 90.4641 31 1.6
      vertex 90.6955 31.4693 0
      vertex 90.6955 31.4693 1.6
    endloop
  endfacet
  facet normal 0.896898 -0.442238 0
    outer loop
      vertex 90.6955 31.4693 0
      vertex 90.4641 31 1.6
      vertex 90.4641 31 0
    endloop
  endfacet
  facet normal -0.0655255 -0.997851 0
    outer loop
      vertex 86.7 29.0197 0
      vertex 87 29 1.6
      vertex 86.7 29.0197 1.6
    endloop
  endfacet
  facet normal -0.0655255 -0.997851 -0
    outer loop
      vertex 87 29 1.6
      vertex 86.7 29.0197 0
      vertex 87 29 0
    endloop
  endfacet
  facet normal -0.831432 0.555626 0
    outer loop
      vertex 83.5359 35 0
      vertex 83.8266 35.435 1.6
      vertex 83.8266 35.435 0
    endloop
  endfacet
  facet normal -0.831432 0.555626 0
    outer loop
      vertex 83.8266 35.435 1.6
      vertex 83.5359 35 0
      vertex 83.5359 35 1.6
    endloop
  endfacet
  facet normal -0.997851 -0.0655255 0
    outer loop
      vertex 83.0197 32.7 0
      vertex 83 33 1.6
      vertex 83 33 0
    endloop
  endfacet
  facet normal -0.997851 -0.0655255 0
    outer loop
      vertex 83 33 1.6
      vertex 83.0197 32.7 0
      vertex 83.0197 32.7 1.6
    endloop
  endfacet
  facet normal 0.321498 -0.94691 0
    outer loop
      vertex 88.0353 29.1363 0
      vertex 88.5307 29.3045 1.6
      vertex 88.0353 29.1363 1.6
    endloop
  endfacet
  facet normal 0.321498 -0.94691 0
    outer loop
      vertex 88.5307 29.3045 1.6
      vertex 88.0353 29.1363 0
      vertex 88.5307 29.3045 0
    endloop
  endfacet
  facet normal 0.0653646 -0.997861 0
    outer loop
      vertex 87 29 0
      vertex 87.5221 29.0342 1.6
      vertex 87 29 1.6
    endloop
  endfacet
  facet normal 0.0653646 -0.997861 0
    outer loop
      vertex 87.5221 29.0342 1.6
      vertex 87 29 0
      vertex 87.5221 29.0342 0
    endloop
  endfacet
  facet normal 0.896887 0.44226 0
    outer loop
      vertex 90.6955 1.23073 1.6
      vertex 90.4641 1.7 0
      vertex 90.4641 1.7 1.6
    endloop
  endfacet
  facet normal 0.896887 0.44226 0
    outer loop
      vertex 90.4641 1.7 0
      vertex 90.6955 1.23073 1.6
      vertex 90.6955 1.23073 0
    endloop
  endfacet
  facet normal 0.831462 0.555582 0
    outer loop
      vertex 90.4641 1.7 1.6
      vertex 90.1734 2.13505 0
      vertex 90.1734 2.13505 1.6
    endloop
  endfacet
  facet normal 0.831462 0.555582 0
    outer loop
      vertex 90.1734 2.13505 0
      vertex 90.4641 1.7 1.6
      vertex 90.4641 1.7 0
    endloop
  endfacet
  facet normal 0.321464 0.946922 -0
    outer loop
      vertex 88.5307 3.39552 0
      vertex 88.0353 3.5637 1.6
      vertex 88.5307 3.39552 1.6
    endloop
  endfacet
  facet normal 0.321464 0.946922 0
    outer loop
      vertex 88.0353 3.5637 1.6
      vertex 88.5307 3.39552 0
      vertex 88.0353 3.5637 0
    endloop
  endfacet
  facet normal 0.980777 -0.195133 0
    outer loop
      vertex 90.8637 -1.33528 1.6
      vertex 90.9658 -0.822104 0
      vertex 90.9658 -0.822104 1.6
    endloop
  endfacet
  facet normal 0.980777 -0.195133 0
    outer loop
      vertex 90.9658 -0.822104 0
      vertex 90.8637 -1.33528 1.6
      vertex 90.8637 -1.33528 0
    endloop
  endfacet
  facet normal 0.442268 -0.896883 0
    outer loop
      vertex 88.5307 -3.99552 0
      vertex 89 -3.7641 1.6
      vertex 88.5307 -3.99552 1.6
    endloop
  endfacet
  facet normal 0.442268 -0.896883 0
    outer loop
      vertex 89 -3.7641 1.6
      vertex 88.5307 -3.99552 0
      vertex 89 -3.7641 0
    endloop
  endfacet
  facet normal -0.0653931 0.99786 0
    outer loop
      vertex 87 3.7 0
      vertex 86.7 3.68034 1.6
      vertex 87 3.7 1.6
    endloop
  endfacet
  facet normal -0.0653931 0.99786 0
    outer loop
      vertex 86.7 3.68034 1.6
      vertex 87 3.7 0
      vertex 86.7 3.68034 0
    endloop
  endfacet
  facet normal 0.555613 0.831441 -0
    outer loop
      vertex 89.435 2.87341 0
      vertex 89 3.1641 1.6
      vertex 89.435 2.87341 1.6
    endloop
  endfacet
  facet normal 0.555613 0.831441 0
    outer loop
      vertex 89 3.1641 1.6
      vertex 89.435 2.87341 0
      vertex 89 3.1641 0
    endloop
  endfacet
  facet normal -0.997861 -0.065364 0
    outer loop
      vertex 83.0342 -0.822104 0
      vertex 83 -0.299999 1.6
      vertex 83 -0.299999 0
    endloop
  endfacet
  facet normal -0.997861 -0.065364 0
    outer loop
      vertex 83 -0.299999 1.6
      vertex 83.0342 -0.822104 0
      vertex 83.0342 -0.822104 1.6
    endloop
  endfacet
  facet normal 0.555613 -0.831441 0
    outer loop
      vertex 89 -3.7641 0
      vertex 89.435 -3.47341 1.6
      vertex 89 -3.7641 1.6
    endloop
  endfacet
  facet normal 0.555613 -0.831441 0
    outer loop
      vertex 89.435 -3.47341 1.6
      vertex 89 -3.7641 0
      vertex 89.435 -3.47341 0
    endloop
  endfacet
  facet normal 0.94692 -0.321469 0
    outer loop
      vertex 90.6955 -1.83073 1.6
      vertex 90.8637 -1.33528 0
      vertex 90.8637 -1.33528 1.6
    endloop
  endfacet
  facet normal 0.94692 -0.321469 0
    outer loop
      vertex 90.8637 -1.33528 0
      vertex 90.6955 -1.83073 1.6
      vertex 90.6955 -1.83073 0
    endloop
  endfacet
  facet normal 0.321464 -0.946922 0
    outer loop
      vertex 88.0353 -4.1637 0
      vertex 88.5307 -3.99552 1.6
      vertex 88.0353 -4.1637 1.6
    endloop
  endfacet
  facet normal 0.321464 -0.946922 0
    outer loop
      vertex 88.5307 -3.99552 1.6
      vertex 88.0353 -4.1637 0
      vertex 88.5307 -3.99552 0
    endloop
  endfacet
  facet normal 0.980777 0.195134 0
    outer loop
      vertex 90.9658 0.222104 1.6
      vertex 90.8637 0.735275 0
      vertex 90.8637 0.735275 1.6
    endloop
  endfacet
  facet normal 0.980777 0.195134 0
    outer loop
      vertex 90.8637 0.735275 0
      vertex 90.9658 0.222104 1.6
      vertex 90.9658 0.222104 0
    endloop
  endfacet
  facet normal 0.946921 0.321466 0
    outer loop
      vertex 90.8637 0.735275 1.6
      vertex 90.6955 1.23073 0
      vertex 90.6955 1.23073 1.6
    endloop
  endfacet
  facet normal 0.946921 0.321466 0
    outer loop
      vertex 90.6955 1.23073 0
      vertex 90.8637 0.735275 1.6
      vertex 90.8637 0.735275 0
    endloop
  endfacet
  facet normal 0.659321 0.751861 -0
    outer loop
      vertex 89.8284 2.52843 0
      vertex 89.435 2.87341 1.6
      vertex 89.8284 2.52843 1.6
    endloop
  endfacet
  facet normal 0.659321 0.751861 0
    outer loop
      vertex 89.435 2.87341 1.6
      vertex 89.8284 2.52843 0
      vertex 89.435 2.87341 0
    endloop
  endfacet
  facet normal 0.751826 0.659362 0
    outer loop
      vertex 90.1734 2.13505 1.6
      vertex 89.8284 2.52843 0
      vertex 89.8284 2.52843 1.6
    endloop
  endfacet
  facet normal 0.751826 0.659362 0
    outer loop
      vertex 89.8284 2.52843 0
      vertex 90.1734 2.13505 1.6
      vertex 90.1734 2.13505 0
    endloop
  endfacet
  facet normal 0.195087 0.980786 -0
    outer loop
      vertex 88.0353 3.5637 0
      vertex 87.5221 3.66578 1.6
      vertex 88.0353 3.5637 1.6
    endloop
  endfacet
  facet normal 0.195087 0.980786 0
    outer loop
      vertex 87.5221 3.66578 1.6
      vertex 88.0353 3.5637 0
      vertex 87.5221 3.66578 0
    endloop
  endfacet
  facet normal 0.0654027 0.997859 -0
    outer loop
      vertex 87.5221 3.66578 0
      vertex 87 3.7 1.6
      vertex 87.5221 3.66578 1.6
    endloop
  endfacet
  facet normal 0.0654027 0.997859 0
    outer loop
      vertex 87 3.7 1.6
      vertex 87.5221 3.66578 0
      vertex 87 3.7 0
    endloop
  endfacet
  facet normal 0.997861 0.0653642 0
    outer loop
      vertex 91 -0.299999 1.6
      vertex 90.9658 0.222104 0
      vertex 90.9658 0.222104 1.6
    endloop
  endfacet
  facet normal 0.997861 0.0653642 0
    outer loop
      vertex 90.9658 0.222104 0
      vertex 91 -0.299999 1.6
      vertex 91 -0.299999 0
    endloop
  endfacet
  facet normal 0.831462 -0.555582 0
    outer loop
      vertex 90.1734 -2.73505 1.6
      vertex 90.4641 -2.3 0
      vertex 90.4641 -2.3 1.6
    endloop
  endfacet
  facet normal 0.831462 -0.555582 0
    outer loop
      vertex 90.4641 -2.3 0
      vertex 90.1734 -2.73505 1.6
      vertex 90.1734 -2.73505 0
    endloop
  endfacet
  facet normal 0.896887 -0.44226 0
    outer loop
      vertex 90.4641 -2.3 1.6
      vertex 90.6955 -1.83073 0
      vertex 90.6955 -1.83073 1.6
    endloop
  endfacet
  facet normal 0.896887 -0.44226 0
    outer loop
      vertex 90.6955 -1.83073 0
      vertex 90.4641 -2.3 1.6
      vertex 90.4641 -2.3 0
    endloop
  endfacet
  facet normal 0.195087 -0.980786 0
    outer loop
      vertex 87.5221 -4.26578 0
      vertex 88.0353 -4.1637 1.6
      vertex 87.5221 -4.26578 1.6
    endloop
  endfacet
  facet normal 0.195087 -0.980786 0
    outer loop
      vertex 88.0353 -4.1637 1.6
      vertex 87.5221 -4.26578 0
      vertex 88.0353 -4.1637 0
    endloop
  endfacet
  facet normal 0.442268 0.896883 -0
    outer loop
      vertex 89 3.1641 0
      vertex 88.5307 3.39552 1.6
      vertex 89 3.1641 1.6
    endloop
  endfacet
  facet normal 0.442268 0.896883 0
    outer loop
      vertex 88.5307 3.39552 1.6
      vertex 89 3.1641 0
      vertex 88.5307 3.39552 0
    endloop
  endfacet
  facet normal -0.997851 0.0655258 0
    outer loop
      vertex 83 -0.299999 0
      vertex 83.0197 0 1.6
      vertex 83.0197 0 0
    endloop
  endfacet
  facet normal -0.997851 0.0655258 0
    outer loop
      vertex 83.0197 0 1.6
      vertex 83 -0.299999 0
      vertex 83 -0.299999 1.6
    endloop
  endfacet
  facet normal 0.997861 -0.065364 0
    outer loop
      vertex 90.9658 -0.822104 1.6
      vertex 91 -0.299999 0
      vertex 91 -0.299999 1.6
    endloop
  endfacet
  facet normal 0.997861 -0.065364 0
    outer loop
      vertex 91 -0.299999 0
      vertex 90.9658 -0.822104 1.6
      vertex 90.9658 -0.822104 0
    endloop
  endfacet
  facet normal 0.0654027 -0.997859 0
    outer loop
      vertex 87 -4.3 0
      vertex 87.5221 -4.26578 1.6
      vertex 87 -4.3 1.6
    endloop
  endfacet
  facet normal 0.0654027 -0.997859 0
    outer loop
      vertex 87.5221 -4.26578 1.6
      vertex 87 -4.3 0
      vertex 87.5221 -4.26578 0
    endloop
  endfacet
  facet normal -0.321464 -0.946922 0
    outer loop
      vertex 85.4693 -3.99552 0
      vertex 85.9647 -4.1637 1.6
      vertex 85.4693 -3.99552 1.6
    endloop
  endfacet
  facet normal -0.321464 -0.946922 -0
    outer loop
      vertex 85.9647 -4.1637 1.6
      vertex 85.4693 -3.99552 0
      vertex 85.9647 -4.1637 0
    endloop
  endfacet
  facet normal -0.980777 -0.195133 0
    outer loop
      vertex 83.1363 -1.33528 0
      vertex 83.0342 -0.822104 1.6
      vertex 83.0342 -0.822104 0
    endloop
  endfacet
  facet normal -0.980777 -0.195133 0
    outer loop
      vertex 83.0342 -0.822104 1.6
      vertex 83.1363 -1.33528 0
      vertex 83.1363 -1.33528 1.6
    endloop
  endfacet
  facet normal -0.896887 -0.44226 0
    outer loop
      vertex 83.5359 -2.3 0
      vertex 83.3045 -1.83073 1.6
      vertex 83.3045 -1.83073 0
    endloop
  endfacet
  facet normal -0.896887 -0.44226 0
    outer loop
      vertex 83.3045 -1.83073 1.6
      vertex 83.5359 -2.3 0
      vertex 83.5359 -2.3 1.6
    endloop
  endfacet
  facet normal -0.831462 -0.555582 0
    outer loop
      vertex 83.8266 -2.73505 0
      vertex 83.5359 -2.3 1.6
      vertex 83.5359 -2.3 0
    endloop
  endfacet
  facet normal -0.831462 -0.555582 0
    outer loop
      vertex 83.5359 -2.3 1.6
      vertex 83.8266 -2.73505 0
      vertex 83.8266 -2.73505 1.6
    endloop
  endfacet
  facet normal 0.659321 -0.751861 0
    outer loop
      vertex 89.435 -3.47341 0
      vertex 89.8284 -3.12843 1.6
      vertex 89.435 -3.47341 1.6
    endloop
  endfacet
  facet normal 0.659321 -0.751861 0
    outer loop
      vertex 89.8284 -3.12843 1.6
      vertex 89.435 -3.47341 0
      vertex 89.8284 -3.12843 0
    endloop
  endfacet
  facet normal -0.555613 -0.831441 0
    outer loop
      vertex 84.565 -3.47341 0
      vertex 85 -3.7641 1.6
      vertex 84.565 -3.47341 1.6
    endloop
  endfacet
  facet normal -0.555613 -0.831441 -0
    outer loop
      vertex 85 -3.7641 1.6
      vertex 84.565 -3.47341 0
      vertex 85 -3.7641 0
    endloop
  endfacet
  facet normal -0.195087 -0.980786 0
    outer loop
      vertex 85.9647 -4.1637 0
      vertex 86.4779 -4.26578 1.6
      vertex 85.9647 -4.1637 1.6
    endloop
  endfacet
  facet normal -0.195087 -0.980786 -0
    outer loop
      vertex 86.4779 -4.26578 1.6
      vertex 85.9647 -4.1637 0
      vertex 86.4779 -4.26578 0
    endloop
  endfacet
  facet normal -0.442268 -0.896883 0
    outer loop
      vertex 85 -3.7641 0
      vertex 85.4693 -3.99552 1.6
      vertex 85 -3.7641 1.6
    endloop
  endfacet
  facet normal -0.442268 -0.896883 -0
    outer loop
      vertex 85.4693 -3.99552 1.6
      vertex 85 -3.7641 0
      vertex 85.4693 -3.99552 0
    endloop
  endfacet
  facet normal -0.94692 -0.321469 0
    outer loop
      vertex 83.3045 -1.83073 0
      vertex 83.1363 -1.33528 1.6
      vertex 83.1363 -1.33528 0
    endloop
  endfacet
  facet normal -0.94692 -0.321469 0
    outer loop
      vertex 83.1363 -1.33528 1.6
      vertex 83.3045 -1.83073 0
      vertex 83.3045 -1.83073 1.6
    endloop
  endfacet
  facet normal -0.659321 -0.751861 0
    outer loop
      vertex 84.1716 -3.12843 0
      vertex 84.565 -3.47341 1.6
      vertex 84.1716 -3.12843 1.6
    endloop
  endfacet
  facet normal -0.659321 -0.751861 -0
    outer loop
      vertex 84.565 -3.47341 1.6
      vertex 84.1716 -3.12843 0
      vertex 84.565 -3.47341 0
    endloop
  endfacet
  facet normal -0.751826 -0.659362 0
    outer loop
      vertex 84.1716 -3.12843 0
      vertex 83.8266 -2.73505 1.6
      vertex 83.8266 -2.73505 0
    endloop
  endfacet
  facet normal -0.751826 -0.659362 0
    outer loop
      vertex 83.8266 -2.73505 1.6
      vertex 84.1716 -3.12843 0
      vertex 84.1716 -3.12843 1.6
    endloop
  endfacet
  facet normal 0.751826 -0.659362 0
    outer loop
      vertex 89.8284 -3.12843 1.6
      vertex 90.1734 -2.73505 0
      vertex 90.1734 -2.73505 1.6
    endloop
  endfacet
  facet normal 0.751826 -0.659362 0
    outer loop
      vertex 90.1734 -2.73505 0
      vertex 89.8284 -3.12843 1.6
      vertex 89.8284 -3.12843 0
    endloop
  endfacet
  facet normal -0.0654027 -0.997859 0
    outer loop
      vertex 86.4779 -4.26578 0
      vertex 87 -4.3 1.6
      vertex 86.4779 -4.26578 1.6
    endloop
  endfacet
  facet normal -0.0654027 -0.997859 -0
    outer loop
      vertex 87 -4.3 1.6
      vertex 86.4779 -4.26578 0
      vertex 87 -4.3 0
    endloop
  endfacet
  facet normal -1 0 0
    outer loop
      vertex 3.4 2.25 1.6
      vertex 3.4 3.45 3.59
      vertex 3.4 3.45 1.6
    endloop
  endfacet
  facet normal -1 -0 0
    outer loop
      vertex 3.4 3.45 3.59
      vertex 3.4 2.25 1.6
      vertex 3.4 2.25 3.59
    endloop
  endfacet
  facet normal -0 0 1
    outer loop
      vertex 3.4 3.45 3.59
      vertex 61 2.25 3.59
      vertex 61 3.45 3.59
    endloop
  endfacet
  facet normal 0 0 1
    outer loop
      vertex 61 2.25 3.59
      vertex 3.4 3.45 3.59
      vertex 3.4 2.25 3.59
    endloop
  endfacet
  facet normal 1 -0 0
    outer loop
      vertex 61 2.25 3.59
      vertex 61 3.45 1.6
      vertex 61 3.45 3.59
    endloop
  endfacet
  facet normal 1 0 0
    outer loop
      vertex 61 3.45 1.6
      vertex 61 2.25 3.59
      vertex 61 2.25 1.6
    endloop
  endfacet
  facet normal 0 -1 0
    outer loop
      vertex 3.4 2.25 1.6
      vertex 61 2.25 3.59
      vertex 3.4 2.25 3.59
    endloop
  endfacet
  facet normal 0 -1 -0
    outer loop
      vertex 61 2.25 3.59
      vertex 3.4 2.25 1.6
      vertex 61 2.25 1.6
    endloop
  endfacet
  facet normal 0 1 -0
    outer loop
      vertex 61 3.45 1.6
      vertex 3.4 3.45 3.59
      vertex 61 3.45 3.59
    endloop
  endfacet
  facet normal 0 1 0
    outer loop
      vertex 3.4 3.45 3.59
      vertex 61 3.45 1.6
      vertex 3.4 3.45 1.6
    endloop
  endfacet
  facet normal -1 0 0
    outer loop
      vertex 3.4 29.25 1.6
      vertex 3.4 30.45 3.59
      vertex 3.4 30.45 1.6
    endloop
  endfacet
  facet normal -1 -0 0
    outer loop
      vertex 3.4 30.45 3.59
      vertex 3.4 29.25 1.6
      vertex 3.4 29.25 3.59
    endloop
  endfacet
  facet normal -0 0 1
    outer loop
      vertex 3.4 30.45 3.59
      vertex 61 29.25 3.59
      vertex 61 30.45 3.59
    endloop
  endfacet
  facet normal 0 0 1
    outer loop
      vertex 61 29.25 3.59
      vertex 3.4 30.45 3.59
      vertex 3.4 29.25 3.59
    endloop
  endfacet
  facet normal 1 -0 0
    outer loop
      vertex 61 29.25 3.59
      vertex 61 30.45 1.6
      vertex 61 30.45 3.59
    endloop
  endfacet
  facet normal 1 0 0
    outer loop
      vertex 61 30.45 1.6
      vertex 61 29.25 3.59
      vertex 61 29.25 1.6
    endloop
  endfacet
  facet normal 0 1 -0
    outer loop
      vertex 61 30.45 1.6
      vertex 3.4 30.45 3.59
      vertex 61 30.45 3.59
    endloop
  endfacet
  facet normal 0 1 0
    outer loop
      vertex 3.4 30.45 3.59
      vertex 61 30.45 1.6
      vertex 3.4 30.45 1.6
    endloop
  endfacet
  facet normal 0 -1 0
    outer loop
      vertex 3.4 29.25 1.6
      vertex 61 29.25 3.59
      vertex 3.4 29.25 3.59
    endloop
  endfacet
  facet normal 0 -1 -0
    outer loop
      vertex 61 29.25 3.59
      vertex 3.4 29.25 1.6
      vertex 61 29.25 1.6
    endloop
  endfacet
  facet normal 0.997858 0.0654233 0
    outer loop
      vertex 64.55 28.3 5.89
      vertex 64.5393 28.4632 1.6
      vertex 64.5393 28.4632 5.89
    endloop
  endfacet
  facet normal 0.997858 0.0654233 0
    outer loop
      vertex 64.5393 28.4632 1.6
      vertex 64.55 28.3 5.89
      vertex 64.55 28.3 1.6
    endloop
  endfacet
  facet normal -0.997858 0.0654233 0
    outer loop
      vertex 62.05 28.3 1.6
      vertex 62.0607 28.4632 5.89
      vertex 62.0607 28.4632 1.6
    endloop
  endfacet
  facet normal -0.997858 0.0654233 0
    outer loop
      vertex 62.0607 28.4632 5.89
      vertex 62.05 28.3 1.6
      vertex 62.05 28.3 5.89
    endloop
  endfacet
  facet normal -0.0654233 0.997858 0
    outer loop
      vertex 63.3 29.55 1.6
      vertex 63.1368 29.5393 5.89
      vertex 63.3 29.55 5.89
    endloop
  endfacet
  facet normal -0.0654233 0.997858 0
    outer loop
      vertex 63.1368 29.5393 5.89
      vertex 63.3 29.55 1.6
      vertex 63.1368 29.5393 1.6
    endloop
  endfacet
  facet normal -0.0654233 -0.997858 0
    outer loop
      vertex 63.1368 27.0607 1.6
      vertex 63.3 27.05 5.89
      vertex 63.1368 27.0607 5.89
    endloop
  endfacet
  facet normal -0.0654233 -0.997858 -0
    outer loop
      vertex 63.3 27.05 5.89
      vertex 63.1368 27.0607 1.6
      vertex 63.3 27.05 1.6
    endloop
  endfacet
  facet normal 0.659414 0.75178 -0
    outer loop
      vertex 64.1839 29.1839 1.6
      vertex 64.061 29.2917 5.89
      vertex 64.1839 29.1839 5.89
    endloop
  endfacet
  facet normal 0.659414 0.75178 0
    outer loop
      vertex 64.061 29.2917 5.89
      vertex 64.1839 29.1839 1.6
      vertex 64.061 29.2917 1.6
    endloop
  endfacet
  facet normal -0.75178 0.659414 0
    outer loop
      vertex 62.3083 29.061 1.6
      vertex 62.4161 29.1839 5.89
      vertex 62.4161 29.1839 1.6
    endloop
  endfacet
  facet normal -0.75178 0.659414 0
    outer loop
      vertex 62.4161 29.1839 5.89
      vertex 62.3083 29.061 1.6
      vertex 62.3083 29.061 5.89
    endloop
  endfacet
  facet normal -0.442313 0.896861 0
    outer loop
      vertex 62.8216 29.4548 1.6
      vertex 62.675 29.3825 5.89
      vertex 62.8216 29.4548 5.89
    endloop
  endfacet
  facet normal -0.442313 0.896861 0
    outer loop
      vertex 62.675 29.3825 5.89
      vertex 62.8216 29.4548 1.6
      vertex 62.675 29.3825 1.6
    endloop
  endfacet
  facet normal 0.896861 0.442313 0
    outer loop
      vertex 64.4548 28.7784 5.89
      vertex 64.3825 28.925 1.6
      vertex 64.3825 28.925 5.89
    endloop
  endfacet
  facet normal 0.896861 0.442313 0
    outer loop
      vertex 64.3825 28.925 1.6
      vertex 64.4548 28.7784 5.89
      vertex 64.4548 28.7784 1.6
    endloop
  endfacet
  facet normal 0.980768 0.195175 0
    outer loop
      vertex 64.5393 28.4632 5.89
      vertex 64.5074 28.6235 1.6
      vertex 64.5074 28.6235 5.89
    endloop
  endfacet
  facet normal 0.980768 0.195175 0
    outer loop
      vertex 64.5074 28.6235 1.6
      vertex 64.5393 28.4632 5.89
      vertex 64.5393 28.4632 1.6
    endloop
  endfacet
  facet normal 0.831674 0.555265 0
    outer loop
      vertex 64.3825 28.925 5.89
      vertex 64.2917 29.061 1.6
      vertex 64.2917 29.061 5.89
    endloop
  endfacet
  facet normal 0.831674 0.555265 0
    outer loop
      vertex 64.2917 29.061 1.6
      vertex 64.3825 28.925 5.89
      vertex 64.3825 28.925 1.6
    endloop
  endfacet
  facet normal 0.321541 0.946896 -0
    outer loop
      vertex 63.7784 29.4548 1.6
      vertex 63.6235 29.5074 5.89
      vertex 63.7784 29.4548 5.89
    endloop
  endfacet
  facet normal 0.321541 0.946896 0
    outer loop
      vertex 63.6235 29.5074 5.89
      vertex 63.7784 29.4548 1.6
      vertex 63.6235 29.5074 1.6
    endloop
  endfacet
  facet normal 0.195175 0.980768 -0
    outer loop
      vertex 63.6235 29.5074 1.6
      vertex 63.4632 29.5393 5.89
      vertex 63.6235 29.5074 5.89
    endloop
  endfacet
  facet normal 0.195175 0.980768 0
    outer loop
      vertex 63.4632 29.5393 5.89
      vertex 63.6235 29.5074 1.6
      vertex 63.4632 29.5393 1.6
    endloop
  endfacet
  facet normal 0.442313 0.896861 -0
    outer loop
      vertex 63.925 29.3825 1.6
      vertex 63.7784 29.4548 5.89
      vertex 63.925 29.3825 5.89
    endloop
  endfacet
  facet normal 0.442313 0.896861 0
    outer loop
      vertex 63.7784 29.4548 5.89
      vertex 63.925 29.3825 1.6
      vertex 63.7784 29.4548 1.6
    endloop
  endfacet
  facet normal -0.947082 0.320993 0
    outer loop
      vertex 62.0926 28.6235 1.6
      vertex 62.1451 28.7784 5.89
      vertex 62.1451 28.7784 1.6
    endloop
  endfacet
  facet normal -0.947082 0.320993 0
    outer loop
      vertex 62.1451 28.7784 5.89
      vertex 62.0926 28.6235 1.6
      vertex 62.0926 28.6235 5.89
    endloop
  endfacet
  facet normal -0.831674 0.555265 0
    outer loop
      vertex 62.2175 28.925 1.6
      vertex 62.3083 29.061 5.89
      vertex 62.3083 29.061 1.6
    endloop
  endfacet
  facet normal -0.831674 0.555265 0
    outer loop
      vertex 62.3083 29.061 5.89
      vertex 62.2175 28.925 1.6
      vertex 62.2175 28.925 5.89
    endloop
  endfacet
  facet normal -0.980768 0.195175 0
    outer loop
      vertex 62.0607 28.4632 1.6
      vertex 62.0926 28.6235 5.89
      vertex 62.0926 28.6235 1.6
    endloop
  endfacet
  facet normal -0.980768 0.195175 0
    outer loop
      vertex 62.0926 28.6235 5.89
      vertex 62.0607 28.4632 1.6
      vertex 62.0607 28.4632 5.89
    endloop
  endfacet
  facet normal -0.321541 0.946896 0
    outer loop
      vertex 62.9765 29.5074 1.6
      vertex 62.8216 29.4548 5.89
      vertex 62.9765 29.5074 5.89
    endloop
  endfacet
  facet normal -0.321541 0.946896 0
    outer loop
      vertex 62.8216 29.4548 5.89
      vertex 62.9765 29.5074 1.6
      vertex 62.8216 29.4548 1.6
    endloop
  endfacet
  facet normal 0.442805 -0.896618 0
    outer loop
      vertex 63.7784 27.1451 1.6
      vertex 63.925 27.2175 5.89
      vertex 63.7784 27.1451 5.89
    endloop
  endfacet
  facet normal 0.442805 -0.896618 0
    outer loop
      vertex 63.925 27.2175 5.89
      vertex 63.7784 27.1451 1.6
      vertex 63.925 27.2175 1.6
    endloop
  endfacet
  facet normal 0.946896 -0.321541 0
    outer loop
      vertex 64.4548 27.8216 5.89
      vertex 64.5074 27.9765 1.6
      vertex 64.5074 27.9765 5.89
    endloop
  endfacet
  facet normal 0.946896 -0.321541 0
    outer loop
      vertex 64.5074 27.9765 1.6
      vertex 64.4548 27.8216 5.89
      vertex 64.4548 27.8216 1.6
    endloop
  endfacet
  facet normal -0.320993 -0.947082 0
    outer loop
      vertex 62.8216 27.1451 1.6
      vertex 62.9765 27.0926 5.89
      vertex 62.8216 27.1451 5.89
    endloop
  endfacet
  facet normal -0.320993 -0.947082 -0
    outer loop
      vertex 62.9765 27.0926 5.89
      vertex 62.8216 27.1451 1.6
      vertex 62.9765 27.0926 1.6
    endloop
  endfacet
  facet normal -0.896618 -0.442805 0
    outer loop
      vertex 62.2175 27.675 1.6
      vertex 62.1451 27.8216 5.89
      vertex 62.1451 27.8216 1.6
    endloop
  endfacet
  facet normal -0.896618 -0.442805 0
    outer loop
      vertex 62.1451 27.8216 5.89
      vertex 62.2175 27.675 1.6
      vertex 62.2175 27.675 5.89
    endloop
  endfacet
  facet normal 0.946896 0.321541 0
    outer loop
      vertex 64.5074 28.6235 5.89
      vertex 64.4548 28.7784 1.6
      vertex 64.4548 28.7784 5.89
    endloop
  endfacet
  facet normal 0.946896 0.321541 0
    outer loop
      vertex 64.4548 28.7784 1.6
      vertex 64.5074 28.6235 5.89
      vertex 64.5074 28.6235 1.6
    endloop
  endfacet
  facet normal 0.75178 0.659414 0
    outer loop
      vertex 64.2917 29.061 5.89
      vertex 64.1839 29.1839 1.6
      vertex 64.1839 29.1839 5.89
    endloop
  endfacet
  facet normal 0.75178 0.659414 0
    outer loop
      vertex 64.1839 29.1839 1.6
      vertex 64.2917 29.061 5.89
      vertex 64.2917 29.061 1.6
    endloop
  endfacet
  facet normal 0.0654233 0.997858 -0
    outer loop
      vertex 63.4632 29.5393 1.6
      vertex 63.3 29.55 5.89
      vertex 63.4632 29.5393 5.89
    endloop
  endfacet
  facet normal 0.0654233 0.997858 0
    outer loop
      vertex 63.3 29.55 5.89
      vertex 63.4632 29.5393 1.6
      vertex 63.3 29.55 1.6
    endloop
  endfacet
  facet normal 0.555265 0.831674 -0
    outer loop
      vertex 64.061 29.2917 1.6
      vertex 63.925 29.3825 5.89
      vertex 64.061 29.2917 5.89
    endloop
  endfacet
  facet normal 0.555265 0.831674 0
    outer loop
      vertex 63.925 29.3825 5.89
      vertex 64.061 29.2917 1.6
      vertex 63.925 29.3825 1.6
    endloop
  endfacet
  facet normal -0.896618 0.442805 0
    outer loop
      vertex 62.1451 28.7784 1.6
      vertex 62.2175 28.925 5.89
      vertex 62.2175 28.925 1.6
    endloop
  endfacet
  facet normal -0.896618 0.442805 0
    outer loop
      vertex 62.2175 28.925 5.89
      vertex 62.1451 28.7784 1.6
      vertex 62.1451 28.7784 5.89
    endloop
  endfacet
  facet normal -0.555265 0.831674 0
    outer loop
      vertex 62.675 29.3825 1.6
      vertex 62.539 29.2917 5.89
      vertex 62.675 29.3825 5.89
    endloop
  endfacet
  facet normal -0.555265 0.831674 0
    outer loop
      vertex 62.539 29.2917 5.89
      vertex 62.675 29.3825 1.6
      vertex 62.539 29.2917 1.6
    endloop
  endfacet
  facet normal -0.659414 0.75178 0
    outer loop
      vertex 62.539 29.2917 1.6
      vertex 62.4161 29.1839 5.89
      vertex 62.539 29.2917 5.89
    endloop
  endfacet
  facet normal -0.659414 0.75178 0
    outer loop
      vertex 62.4161 29.1839 5.89
      vertex 62.539 29.2917 1.6
      vertex 62.4161 29.1839 1.6
    endloop
  endfacet
  facet normal -0.195175 0.980768 0
    outer loop
      vertex 63.1368 29.5393 1.6
      vertex 62.9765 29.5074 5.89
      vertex 63.1368 29.5393 5.89
    endloop
  endfacet
  facet normal -0.195175 0.980768 0
    outer loop
      vertex 62.9765 29.5074 5.89
      vertex 63.1368 29.5393 1.6
      vertex 62.9765 29.5074 1.6
    endloop
  endfacet
  facet normal 0.0654233 -0.997858 0
    outer loop
      vertex 63.3 27.05 1.6
      vertex 63.4632 27.0607 5.89
      vertex 63.3 27.05 5.89
    endloop
  endfacet
  facet normal 0.0654233 -0.997858 0
    outer loop
      vertex 63.4632 27.0607 5.89
      vertex 63.3 27.05 1.6
      vertex 63.4632 27.0607 1.6
    endloop
  endfacet
  facet normal 0.320993 -0.947082 0
    outer loop
      vertex 63.6235 27.0926 1.6
      vertex 63.7784 27.1451 5.89
      vertex 63.6235 27.0926 5.89
    endloop
  endfacet
  facet normal 0.320993 -0.947082 0
    outer loop
      vertex 63.7784 27.1451 5.89
      vertex 63.6235 27.0926 1.6
      vertex 63.7784 27.1451 1.6
    endloop
  endfacet
  facet normal 0.555265 -0.831674 0
    outer loop
      vertex 63.925 27.2175 1.6
      vertex 64.061 27.3083 5.89
      vertex 63.925 27.2175 5.89
    endloop
  endfacet
  facet normal 0.555265 -0.831674 0
    outer loop
      vertex 64.061 27.3083 5.89
      vertex 63.925 27.2175 1.6
      vertex 64.061 27.3083 1.6
    endloop
  endfacet
  facet normal 0.75178 -0.659414 0
    outer loop
      vertex 64.1839 27.4161 5.89
      vertex 64.2917 27.539 1.6
      vertex 64.2917 27.539 5.89
    endloop
  endfacet
  facet normal 0.75178 -0.659414 0
    outer loop
      vertex 64.2917 27.539 1.6
      vertex 64.1839 27.4161 5.89
      vertex 64.1839 27.4161 1.6
    endloop
  endfacet
  facet normal 0.896861 -0.442313 0
    outer loop
      vertex 64.3825 27.675 5.89
      vertex 64.4548 27.8216 1.6
      vertex 64.4548 27.8216 5.89
    endloop
  endfacet
  facet normal 0.896861 -0.442313 0
    outer loop
      vertex 64.4548 27.8216 1.6
      vertex 64.3825 27.675 5.89
      vertex 64.3825 27.675 1.6
    endloop
  endfacet
  facet normal -0.659414 -0.75178 0
    outer loop
      vertex 62.4161 27.4161 1.6
      vertex 62.539 27.3083 5.89
      vertex 62.4161 27.4161 5.89
    endloop
  endfacet
  facet normal -0.659414 -0.75178 -0
    outer loop
      vertex 62.539 27.3083 5.89
      vertex 62.4161 27.4161 1.6
      vertex 62.539 27.3083 1.6
    endloop
  endfacet
  facet normal -0.442805 -0.896618 0
    outer loop
      vertex 62.675 27.2175 1.6
      vertex 62.8216 27.1451 5.89
      vertex 62.675 27.2175 5.89
    endloop
  endfacet
  facet normal -0.442805 -0.896618 -0
    outer loop
      vertex 62.8216 27.1451 5.89
      vertex 62.675 27.2175 1.6
      vertex 62.8216 27.1451 1.6
    endloop
  endfacet
  facet normal -0.195175 -0.980768 0
    outer loop
      vertex 62.9765 27.0926 1.6
      vertex 63.1368 27.0607 5.89
      vertex 62.9765 27.0926 5.89
    endloop
  endfacet
  facet normal -0.195175 -0.980768 -0
    outer loop
      vertex 63.1368 27.0607 5.89
      vertex 62.9765 27.0926 1.6
      vertex 63.1368 27.0607 1.6
    endloop
  endfacet
  facet normal -0.831674 -0.555265 0
    outer loop
      vertex 62.3083 27.539 1.6
      vertex 62.2175 27.675 5.89
      vertex 62.2175 27.675 1.6
    endloop
  endfacet
  facet normal -0.831674 -0.555265 0
    outer loop
      vertex 62.2175 27.675 5.89
      vertex 62.3083 27.539 1.6
      vertex 62.3083 27.539 5.89
    endloop
  endfacet
  facet normal -0.947082 -0.320993 0
    outer loop
      vertex 62.1451 27.8216 1.6
      vertex 62.0926 27.9765 5.89
      vertex 62.0926 27.9765 1.6
    endloop
  endfacet
  facet normal -0.947082 -0.320993 0
    outer loop
      vertex 62.0926 27.9765 5.89
      vertex 62.1451 27.8216 1.6
      vertex 62.1451 27.8216 5.89
    endloop
  endfacet
  facet normal -0.997858 -0.0654233 0
    outer loop
      vertex 62.0607 28.1368 1.6
      vertex 62.05 28.3 5.89
      vertex 62.05 28.3 1.6
    endloop
  endfacet
  facet normal -0.997858 -0.0654233 0
    outer loop
      vertex 62.05 28.3 5.89
      vertex 62.0607 28.1368 1.6
      vertex 62.0607 28.1368 5.89
    endloop
  endfacet
  facet normal 0.195175 -0.980768 0
    outer loop
      vertex 63.4632 27.0607 1.6
      vertex 63.6235 27.0926 5.89
      vertex 63.4632 27.0607 5.89
    endloop
  endfacet
  facet normal 0.195175 -0.980768 0
    outer loop
      vertex 63.6235 27.0926 5.89
      vertex 63.4632 27.0607 1.6
      vertex 63.6235 27.0926 1.6
    endloop
  endfacet
  facet normal 0.659414 -0.75178 0
    outer loop
      vertex 64.061 27.3083 1.6
      vertex 64.1839 27.4161 5.89
      vertex 64.061 27.3083 5.89
    endloop
  endfacet
  facet normal 0.659414 -0.75178 0
    outer loop
      vertex 64.1839 27.4161 5.89
      vertex 64.061 27.3083 1.6
      vertex 64.1839 27.4161 1.6
    endloop
  endfacet
  facet normal 0.831674 -0.555265 0
    outer loop
      vertex 64.2917 27.539 5.89
      vertex 64.3825 27.675 1.6
      vertex 64.3825 27.675 5.89
    endloop
  endfacet
  facet normal 0.831674 -0.555265 0
    outer loop
      vertex 64.3825 27.675 1.6
      vertex 64.2917 27.539 5.89
      vertex 64.2917 27.539 1.6
    endloop
  endfacet
  facet normal 0.980768 -0.195175 0
    outer loop
      vertex 64.5074 27.9765 5.89
      vertex 64.5393 28.1368 1.6
      vertex 64.5393 28.1368 5.89
    endloop
  endfacet
  facet normal 0.980768 -0.195175 0
    outer loop
      vertex 64.5393 28.1368 1.6
      vertex 64.5074 27.9765 5.89
      vertex 64.5074 27.9765 1.6
    endloop
  endfacet
  facet normal -0.555265 -0.831674 0
    outer loop
      vertex 62.539 27.3083 1.6
      vertex 62.675 27.2175 5.89
      vertex 62.539 27.3083 5.89
    endloop
  endfacet
  facet normal -0.555265 -0.831674 -0
    outer loop
      vertex 62.675 27.2175 5.89
      vertex 62.539 27.3083 1.6
      vertex 62.675 27.2175 1.6
    endloop
  endfacet
  facet normal -0.75178 -0.659414 0
    outer loop
      vertex 62.4161 27.4161 1.6
      vertex 62.3083 27.539 5.89
      vertex 62.3083 27.539 1.6
    endloop
  endfacet
  facet normal -0.75178 -0.659414 0
    outer loop
      vertex 62.3083 27.539 5.89
      vertex 62.4161 27.4161 1.6
      vertex 62.4161 27.4161 5.89
    endloop
  endfacet
  facet normal -0.980768 -0.195175 0
    outer loop
      vertex 62.0926 27.9765 1.6
      vertex 62.0607 28.1368 5.89
      vertex 62.0607 28.1368 1.6
    endloop
  endfacet
  facet normal -0.980768 -0.195175 0
    outer loop
      vertex 62.0607 28.1368 5.89
      vertex 62.0926 27.9765 1.6
      vertex 62.0926 27.9765 5.89
    endloop
  endfacet
  facet normal 0 0 1
    outer loop
      vertex 64.5393 28.4632 5.89
      vertex 64.5393 28.1368 5.89
      vertex 64.55 28.3 5.89
    endloop
  endfacet
  facet normal 0 0 1
    outer loop
      vertex 64.5074 28.6235 5.89
      vertex 64.5393 28.1368 5.89
      vertex 64.5393 28.4632 5.89
    endloop
  endfacet
  facet normal 0 0 1
    outer loop
      vertex 64.5074 28.6235 5.89
      vertex 64.5074 27.9765 5.89
      vertex 64.5393 28.1368 5.89
    endloop
  endfacet
  facet normal 0 0 1
    outer loop
      vertex 64.4548 28.7784 5.89
      vertex 64.5074 27.9765 5.89
      vertex 64.5074 28.6235 5.89
    endloop
  endfacet
  facet normal 0 0 1
    outer loop
      vertex 64.4548 28.7784 5.89
      vertex 64.4548 27.8216 5.89
      vertex 64.5074 27.9765 5.89
    endloop
  endfacet
  facet normal 0 0 1
    outer loop
      vertex 64.3825 28.925 5.89
      vertex 64.4548 27.8216 5.89
      vertex 64.4548 28.7784 5.89
    endloop
  endfacet
  facet normal 0 0 1
    outer loop
      vertex 64.3825 28.925 5.89
      vertex 64.3825 27.675 5.89
      vertex 64.4548 27.8216 5.89
    endloop
  endfacet
  facet normal 0 0 1
    outer loop
      vertex 64.2917 29.061 5.89
      vertex 64.3825 27.675 5.89
      vertex 64.3825 28.925 5.89
    endloop
  endfacet
  facet normal 0 0 1
    outer loop
      vertex 64.2917 29.061 5.89
      vertex 64.2917 27.539 5.89
      vertex 64.3825 27.675 5.89
    endloop
  endfacet
  facet normal 0 0 1
    outer loop
      vertex 64.1839 29.1839 5.89
      vertex 64.2917 27.539 5.89
      vertex 64.2917 29.061 5.89
    endloop
  endfacet
  facet normal 0 0 1
    outer loop
      vertex 64.1839 29.1839 5.89
      vertex 64.1839 27.4161 5.89
      vertex 64.2917 27.539 5.89
    endloop
  endfacet
  facet normal 0 0 1
    outer loop
      vertex 64.061 29.2917 5.89
      vertex 64.1839 27.4161 5.89
      vertex 64.1839 29.1839 5.89
    endloop
  endfacet
  facet normal 0 0 1
    outer loop
      vertex 64.061 29.2917 5.89
      vertex 64.061 27.3083 5.89
      vertex 64.1839 27.4161 5.89
    endloop
  endfacet
  facet normal 0 0 1
    outer loop
      vertex 63.925 29.3825 5.89
      vertex 64.061 27.3083 5.89
      vertex 64.061 29.2917 5.89
    endloop
  endfacet
  facet normal 0 0 1
    outer loop
      vertex 63.925 29.3825 5.89
      vertex 63.925 27.2175 5.89
      vertex 64.061 27.3083 5.89
    endloop
  endfacet
  facet normal 0 0 1
    outer loop
      vertex 63.7784 29.4548 5.89
      vertex 63.925 27.2175 5.89
      vertex 63.925 29.3825 5.89
    endloop
  endfacet
  facet normal 0 0 1
    outer loop
      vertex 63.7784 29.4548 5.89
      vertex 63.7784 27.1451 5.89
      vertex 63.925 27.2175 5.89
    endloop
  endfacet
  facet normal 0 0 1
    outer loop
      vertex 63.6235 29.5074 5.89
      vertex 63.7784 27.1451 5.89
      vertex 63.7784 29.4548 5.89
    endloop
  endfacet
  facet normal 0 0 1
    outer loop
      vertex 63.6235 29.5074 5.89
      vertex 63.6235 27.0926 5.89
      vertex 63.7784 27.1451 5.89
    endloop
  endfacet
  facet normal 0 0 1
    outer loop
      vertex 63.4632 29.5393 5.89
      vertex 63.6235 27.0926 5.89
      vertex 63.6235 29.5074 5.89
    endloop
  endfacet
  facet normal 0 0 1
    outer loop
      vertex 63.4632 29.5393 5.89
      vertex 63.4632 27.0607 5.89
      vertex 63.6235 27.0926 5.89
    endloop
  endfacet
  facet normal 0 0 1
    outer loop
      vertex 63.3 29.55 5.89
      vertex 63.4632 27.0607 5.89
      vertex 63.4632 29.5393 5.89
    endloop
  endfacet
  facet normal 0 0 1
    outer loop
      vertex 63.3 29.55 5.89
      vertex 63.3 27.05 5.89
      vertex 63.4632 27.0607 5.89
    endloop
  endfacet
  facet normal -0 0 1
    outer loop
      vertex 63.1368 29.5393 5.89
      vertex 63.3 27.05 5.89
      vertex 63.3 29.55 5.89
    endloop
  endfacet
  facet normal 0 0 1
    outer loop
      vertex 63.1368 29.5393 5.89
      vertex 63.1368 27.0607 5.89
      vertex 63.3 27.05 5.89
    endloop
  endfacet
  facet normal -0 0 1
    outer loop
      vertex 62.9765 29.5074 5.89
      vertex 63.1368 27.0607 5.89
      vertex 63.1368 29.5393 5.89
    endloop
  endfacet
  facet normal 0 0 1
    outer loop
      vertex 62.9765 29.5074 5.89
      vertex 62.9765 27.0926 5.89
      vertex 63.1368 27.0607 5.89
    endloop
  endfacet
  facet normal -0 0 1
    outer loop
      vertex 62.8216 29.4548 5.89
      vertex 62.9765 27.0926 5.89
      vertex 62.9765 29.5074 5.89
    endloop
  endfacet
  facet normal 0 0 1
    outer loop
      vertex 62.8216 29.4548 5.89
      vertex 62.8216 27.1451 5.89
      vertex 62.9765 27.0926 5.89
    endloop
  endfacet
  facet normal -0 0 1
    outer loop
      vertex 62.675 29.3825 5.89
      vertex 62.8216 27.1451 5.89
      vertex 62.8216 29.4548 5.89
    endloop
  endfacet
  facet normal 0 0 1
    outer loop
      vertex 62.675 29.3825 5.89
      vertex 62.675 27.2175 5.89
      vertex 62.8216 27.1451 5.89
    endloop
  endfacet
  facet normal -0 0 1
    outer loop
      vertex 62.539 29.2917 5.89
      vertex 62.675 27.2175 5.89
      vertex 62.675 29.3825 5.89
    endloop
  endfacet
  facet normal 0 0 1
    outer loop
      vertex 62.539 29.2917 5.89
      vertex 62.539 27.3083 5.89
      vertex 62.675 27.2175 5.89
    endloop
  endfacet
  facet normal -0 0 1
    outer loop
      vertex 62.4161 29.1839 5.89
      vertex 62.539 27.3083 5.89
      vertex 62.539 29.2917 5.89
    endloop
  endfacet
  facet normal 0 0 1
    outer loop
      vertex 62.4161 29.1839 5.89
      vertex 62.4161 27.4161 5.89
      vertex 62.539 27.3083 5.89
    endloop
  endfacet
  facet normal -0 0 1
    outer loop
      vertex 62.3083 29.061 5.89
      vertex 62.4161 27.4161 5.89
      vertex 62.4161 29.1839 5.89
    endloop
  endfacet
  facet normal 0 0 1
    outer loop
      vertex 62.3083 29.061 5.89
      vertex 62.3083 27.539 5.89
      vertex 62.4161 27.4161 5.89
    endloop
  endfacet
  facet normal -0 0 1
    outer loop
      vertex 62.2175 28.925 5.89
      vertex 62.3083 27.539 5.89
      vertex 62.3083 29.061 5.89
    endloop
  endfacet
  facet normal 0 0 1
    outer loop
      vertex 62.2175 28.925 5.89
      vertex 62.2175 27.675 5.89
      vertex 62.3083 27.539 5.89
    endloop
  endfacet
  facet normal -0 0 1
    outer loop
      vertex 62.1451 28.7784 5.89
      vertex 62.2175 27.675 5.89
      vertex 62.2175 28.925 5.89
    endloop
  endfacet
  facet normal 0 0 1
    outer loop
      vertex 62.1451 28.7784 5.89
      vertex 62.1451 27.8216 5.89
      vertex 62.2175 27.675 5.89
    endloop
  endfacet
  facet normal -0 0 1
    outer loop
      vertex 62.0926 28.6235 5.89
      vertex 62.1451 27.8216 5.89
      vertex 62.1451 28.7784 5.89
    endloop
  endfacet
  facet normal 0 0 1
    outer loop
      vertex 62.0926 28.6235 5.89
      vertex 62.0926 27.9765 5.89
      vertex 62.1451 27.8216 5.89
    endloop
  endfacet
  facet normal -0 0 1
    outer loop
      vertex 62.0607 28.4632 5.89
      vertex 62.0926 27.9765 5.89
      vertex 62.0926 28.6235 5.89
    endloop
  endfacet
  facet normal 0 0 1
    outer loop
      vertex 62.0607 28.4632 5.89
      vertex 62.0607 28.1368 5.89
      vertex 62.0926 27.9765 5.89
    endloop
  endfacet
  facet normal 0 -0 1
    outer loop
      vertex 62.0607 28.1368 5.89
      vertex 62.0607 28.4632 5.89
      vertex 62.05 28.3 5.89
    endloop
  endfacet
  facet normal 0.997858 -0.0654233 0
    outer loop
      vertex 64.5393 28.1368 5.89
      vertex 64.55 28.3 1.6
      vertex 64.55 28.3 5.89
    endloop
  endfacet
  facet normal 0.997858 -0.0654233 0
    outer loop
      vertex 64.55 28.3 1.6
      vertex 64.5393 28.1368 5.89
      vertex 64.5393 28.1368 1.6
    endloop
  endfacet
  facet normal 0.997857 0.0654392 0
    outer loop
      vertex 64.55 4.4 5.89
      vertex 64.5393 4.56316 1.6
      vertex 64.5393 4.56316 5.89
    endloop
  endfacet
  facet normal 0.997857 0.0654392 0
    outer loop
      vertex 64.5393 4.56316 1.6
      vertex 64.55 4.4 5.89
      vertex 64.55 4.4 1.6
    endloop
  endfacet
  facet normal -0.997857 0.0654392 0
    outer loop
      vertex 62.05 4.4 1.6
      vertex 62.0607 4.56316 5.89
      vertex 62.0607 4.56316 1.6
    endloop
  endfacet
  facet normal -0.997857 0.0654392 0
    outer loop
      vertex 62.0607 4.56316 5.89
      vertex 62.05 4.4 1.6
      vertex 62.05 4.4 5.89
    endloop
  endfacet
  facet normal -0.0653624 0.997862 0
    outer loop
      vertex 63.3 5.65 1.6
      vertex 63.1368 5.63931 5.89
      vertex 63.3 5.65 5.89
    endloop
  endfacet
  facet normal -0.0653624 0.997862 0
    outer loop
      vertex 63.1368 5.63931 5.89
      vertex 63.3 5.65 1.6
      vertex 63.1368 5.63931 1.6
    endloop
  endfacet
  facet normal 0.0653624 -0.997862 0
    outer loop
      vertex 63.3 3.15 1.6
      vertex 63.4632 3.16069 5.89
      vertex 63.3 3.15 5.89
    endloop
  endfacet
  facet normal 0.0653624 -0.997862 0
    outer loop
      vertex 63.4632 3.16069 5.89
      vertex 63.3 3.15 1.6
      vertex 63.4632 3.16069 1.6
    endloop
  endfacet
  facet normal 0.659448 0.75175 -0
    outer loop
      vertex 64.1839 5.28388 1.6
      vertex 64.061 5.39169 5.89
      vertex 64.1839 5.28388 5.89
    endloop
  endfacet
  facet normal 0.659448 0.75175 0
    outer loop
      vertex 64.061 5.39169 5.89
      vertex 64.1839 5.28388 1.6
      vertex 64.061 5.39169 1.6
    endloop
  endfacet
  facet normal -0.75186 0.659323 0
    outer loop
      vertex 62.3083 5.16095 1.6
      vertex 62.4161 5.28388 5.89
      vertex 62.4161 5.28388 1.6
    endloop
  endfacet
  facet normal -0.75186 0.659323 0
    outer loop
      vertex 62.4161 5.28388 5.89
      vertex 62.3083 5.16095 1.6
      vertex 62.3083 5.16095 5.89
    endloop
  endfacet
  facet normal -0.442411 0.896812 0
    outer loop
      vertex 62.8216 5.55485 1.6
      vertex 62.675 5.48253 5.89
      vertex 62.8216 5.55485 5.89
    endloop
  endfacet
  facet normal -0.442411 0.896812 0
    outer loop
      vertex 62.675 5.48253 5.89
      vertex 62.8216 5.55485 1.6
      vertex 62.675 5.48253 1.6
    endloop
  endfacet
  facet normal 0.896921 -0.442191 0
    outer loop
      vertex 64.3825 3.775 5.89
      vertex 64.4548 3.92165 1.6
      vertex 64.4548 3.92165 5.89
    endloop
  endfacet
  facet normal 0.896921 -0.442191 0
    outer loop
      vertex 64.4548 3.92165 1.6
      vertex 64.3825 3.775 5.89
      vertex 64.3825 3.775 1.6
    endloop
  endfacet
  facet normal 0.896921 0.442191 0
    outer loop
      vertex 64.4548 4.87835 5.89
      vertex 64.3825 5.025 1.6
      vertex 64.3825 5.025 5.89
    endloop
  endfacet
  facet normal 0.896921 0.442191 0
    outer loop
      vertex 64.3825 5.025 1.6
      vertex 64.4548 4.87835 5.89
      vertex 64.4548 4.87835 1.6
    endloop
  endfacet
  facet normal 0.831579 0.555406 0
    outer loop
      vertex 64.3825 5.025 5.89
      vertex 64.2917 5.16095 1.6
      vertex 64.2917 5.16095 5.89
    endloop
  endfacet
  facet normal 0.831579 0.555406 0
    outer loop
      vertex 64.2917 5.16095 1.6
      vertex 64.3825 5.025 5.89
      vertex 64.3825 5.025 1.6
    endloop
  endfacet
  facet normal 0.321322 0.94697 -0
    outer loop
      vertex 63.7784 5.55485 1.6
      vertex 63.6235 5.60741 5.89
      vertex 63.7784 5.55485 5.89
    endloop
  endfacet
  facet normal 0.321322 0.94697 0
    outer loop
      vertex 63.6235 5.60741 5.89
      vertex 63.7784 5.55485 1.6
      vertex 63.6235 5.60741 1.6
    endloop
  endfacet
  facet normal 0.195175 0.980768 -0
    outer loop
      vertex 63.6235 5.60741 1.6
      vertex 63.4632 5.63931 5.89
      vertex 63.6235 5.60741 5.89
    endloop
  endfacet
  facet normal 0.195175 0.980768 0
    outer loop
      vertex 63.4632 5.63931 5.89
      vertex 63.6235 5.60741 1.6
      vertex 63.4632 5.63931 1.6
    endloop
  endfacet
  facet normal 0.555434 0.831561 -0
    outer loop
      vertex 64.061 5.39169 1.6
      vertex 63.925 5.48253 5.89
      vertex 64.061 5.39169 5.89
    endloop
  endfacet
  facet normal 0.555434 0.831561 0
    outer loop
      vertex 63.925 5.48253 5.89
      vertex 64.061 5.39169 1.6
      vertex 63.925 5.48253 1.6
    endloop
  endfacet
  facet normal -0.896678 0.442683 0
    outer loop
      vertex 62.1451 4.87835 1.6
      vertex 62.2175 5.025 5.89
      vertex 62.2175 5.025 1.6
    endloop
  endfacet
  facet normal -0.896678 0.442683 0
    outer loop
      vertex 62.2175 5.025 5.89
      vertex 62.1451 4.87835 1.6
      vertex 62.1451 4.87835 5.89
    endloop
  endfacet
  facet normal -0.831579 0.555406 0
    outer loop
      vertex 62.2175 5.025 1.6
      vertex 62.3083 5.16095 5.89
      vertex 62.3083 5.16095 1.6
    endloop
  endfacet
  facet normal -0.831579 0.555406 0
    outer loop
      vertex 62.3083 5.16095 5.89
      vertex 62.2175 5.025 1.6
      vertex 62.2175 5.025 5.89
    endloop
  endfacet
  facet normal -0.947038 0.321123 0
    outer loop
      vertex 62.0926 4.72352 1.6
      vertex 62.1451 4.87835 5.89
      vertex 62.1451 4.87835 1.6
    endloop
  endfacet
  facet normal -0.947038 0.321123 0
    outer loop
      vertex 62.1451 4.87835 5.89
      vertex 62.0926 4.72352 1.6
      vertex 62.0926 4.72352 5.89
    endloop
  endfacet
  facet normal -0.321322 0.94697 0
    outer loop
      vertex 62.9765 5.60741 1.6
      vertex 62.8216 5.55485 5.89
      vertex 62.9765 5.60741 5.89
    endloop
  endfacet
  facet normal -0.321322 0.94697 0
    outer loop
      vertex 62.8216 5.55485 5.89
      vertex 62.9765 5.60741 1.6
      vertex 62.8216 5.55485 1.6
    endloop
  endfacet
  facet normal 0.980782 -0.195105 0
    outer loop
      vertex 64.5074 4.07648 5.89
      vertex 64.5393 4.23684 1.6
      vertex 64.5393 4.23684 5.89
    endloop
  endfacet
  facet normal 0.980782 -0.195105 0
    outer loop
      vertex 64.5393 4.23684 1.6
      vertex 64.5074 4.07648 5.89
      vertex 64.5074 4.07648 1.6
    endloop
  endfacet
  facet normal 0.195175 -0.980768 0
    outer loop
      vertex 63.4632 3.16069 1.6
      vertex 63.6235 3.19259 5.89
      vertex 63.4632 3.16069 5.89
    endloop
  endfacet
  facet normal 0.195175 -0.980768 0
    outer loop
      vertex 63.6235 3.19259 5.89
      vertex 63.4632 3.16069 1.6
      vertex 63.6235 3.19259 1.6
    endloop
  endfacet
  facet normal 0.442411 -0.896812 0
    outer loop
      vertex 63.7784 3.24515 1.6
      vertex 63.925 3.31747 5.89
      vertex 63.7784 3.24515 5.89
    endloop
  endfacet
  facet normal 0.442411 -0.896812 0
    outer loop
      vertex 63.925 3.31747 5.89
      vertex 63.7784 3.24515 1.6
      vertex 63.925 3.31747 1.6
    endloop
  endfacet
  facet normal 0.946851 0.321671 0
    outer loop
      vertex 64.5074 4.72352 5.89
      vertex 64.4548 4.87835 1.6
      vertex 64.4548 4.87835 5.89
    endloop
  endfacet
  facet normal 0.946851 0.321671 0
    outer loop
      vertex 64.4548 4.87835 1.6
      vertex 64.5074 4.72352 5.89
      vertex 64.5074 4.72352 1.6
    endloop
  endfacet
  facet normal 0.980782 0.195105 0
    outer loop
      vertex 64.5393 4.56316 5.89
      vertex 64.5074 4.72352 1.6
      vertex 64.5074 4.72352 5.89
    endloop
  endfacet
  facet normal 0.980782 0.195105 0
    outer loop
      vertex 64.5074 4.72352 1.6
      vertex 64.5393 4.56316 5.89
      vertex 64.5393 4.56316 1.6
    endloop
  endfacet
  facet normal 0.75186 0.659323 0
    outer loop
      vertex 64.2917 5.16095 5.89
      vertex 64.1839 5.28388 1.6
      vertex 64.1839 5.28388 5.89
    endloop
  endfacet
  facet normal 0.75186 0.659323 0
    outer loop
      vertex 64.1839 5.28388 1.6
      vertex 64.2917 5.16095 5.89
      vertex 64.2917 5.16095 1.6
    endloop
  endfacet
  facet normal 0.0653624 0.997862 -0
    outer loop
      vertex 63.4632 5.63931 1.6
      vertex 63.3 5.65 5.89
      vertex 63.4632 5.63931 5.89
    endloop
  endfacet
  facet normal 0.0653624 0.997862 0
    outer loop
      vertex 63.3 5.65 5.89
      vertex 63.4632 5.63931 1.6
      vertex 63.3 5.65 1.6
    endloop
  endfacet
  facet normal 0.442411 0.896812 -0
    outer loop
      vertex 63.925 5.48253 1.6
      vertex 63.7784 5.55485 5.89
      vertex 63.925 5.48253 5.89
    endloop
  endfacet
  facet normal 0.442411 0.896812 0
    outer loop
      vertex 63.7784 5.55485 5.89
      vertex 63.925 5.48253 1.6
      vertex 63.7784 5.55485 1.6
    endloop
  endfacet
  facet normal -0.980782 0.195105 0
    outer loop
      vertex 62.0607 4.56316 1.6
      vertex 62.0926 4.72352 5.89
      vertex 62.0926 4.72352 1.6
    endloop
  endfacet
  facet normal -0.980782 0.195105 0
    outer loop
      vertex 62.0926 4.72352 5.89
      vertex 62.0607 4.56316 1.6
      vertex 62.0607 4.56316 5.89
    endloop
  endfacet
  facet normal 0 0 1
    outer loop
      vertex 64.5393 4.56316 5.89
      vertex 64.5393 4.23684 5.89
      vertex 64.55 4.4 5.89
    endloop
  endfacet
  facet normal 0 0 1
    outer loop
      vertex 64.5074 4.72352 5.89
      vertex 64.5393 4.23684 5.89
      vertex 64.5393 4.56316 5.89
    endloop
  endfacet
  facet normal 0 0 1
    outer loop
      vertex 64.5074 4.72352 5.89
      vertex 64.5074 4.07648 5.89
      vertex 64.5393 4.23684 5.89
    endloop
  endfacet
  facet normal 0 0 1
    outer loop
      vertex 64.4548 4.87835 5.89
      vertex 64.5074 4.07648 5.89
      vertex 64.5074 4.72352 5.89
    endloop
  endfacet
  facet normal 0 0 1
    outer loop
      vertex 64.4548 4.87835 5.89
      vertex 64.4548 3.92165 5.89
      vertex 64.5074 4.07648 5.89
    endloop
  endfacet
  facet normal 0 0 1
    outer loop
      vertex 64.3825 5.025 5.89
      vertex 64.4548 3.92165 5.89
      vertex 64.4548 4.87835 5.89
    endloop
  endfacet
  facet normal 0 0 1
    outer loop
      vertex 64.3825 5.025 5.89
      vertex 64.3825 3.775 5.89
      vertex 64.4548 3.92165 5.89
    endloop
  endfacet
  facet normal 0 0 1
    outer loop
      vertex 64.2917 5.16095 5.89
      vertex 64.3825 3.775 5.89
      vertex 64.3825 5.025 5.89
    endloop
  endfacet
  facet normal 0 0 1
    outer loop
      vertex 64.2917 5.16095 5.89
      vertex 64.2917 3.63905 5.89
      vertex 64.3825 3.775 5.89
    endloop
  endfacet
  facet normal 0 0 1
    outer loop
      vertex 64.1839 5.28388 5.89
      vertex 64.2917 3.63905 5.89
      vertex 64.2917 5.16095 5.89
    endloop
  endfacet
  facet normal 0 0 1
    outer loop
      vertex 64.1839 5.28388 5.89
      vertex 64.1839 3.51612 5.89
      vertex 64.2917 3.63905 5.89
    endloop
  endfacet
  facet normal 0 0 1
    outer loop
      vertex 64.061 5.39169 5.89
      vertex 64.1839 3.51612 5.89
      vertex 64.1839 5.28388 5.89
    endloop
  endfacet
  facet normal 0 0 1
    outer loop
      vertex 64.061 5.39169 5.89
      vertex 64.061 3.40831 5.89
      vertex 64.1839 3.51612 5.89
    endloop
  endfacet
  facet normal 0 0 1
    outer loop
      vertex 63.925 5.48253 5.89
      vertex 64.061 3.40831 5.89
      vertex 64.061 5.39169 5.89
    endloop
  endfacet
  facet normal 0 0 1
    outer loop
      vertex 63.925 5.48253 5.89
      vertex 63.925 3.31747 5.89
      vertex 64.061 3.40831 5.89
    endloop
  endfacet
  facet normal 0 0 1
    outer loop
      vertex 63.7784 5.55485 5.89
      vertex 63.925 3.31747 5.89
      vertex 63.925 5.48253 5.89
    endloop
  endfacet
  facet normal 0 0 1
    outer loop
      vertex 63.7784 5.55485 5.89
      vertex 63.7784 3.24515 5.89
      vertex 63.925 3.31747 5.89
    endloop
  endfacet
  facet normal 0 0 1
    outer loop
      vertex 63.6235 5.60741 5.89
      vertex 63.7784 3.24515 5.89
      vertex 63.7784 5.55485 5.89
    endloop
  endfacet
  facet normal 0 0 1
    outer loop
      vertex 63.6235 5.60741 5.89
      vertex 63.6235 3.19259 5.89
      vertex 63.7784 3.24515 5.89
    endloop
  endfacet
  facet normal 0 0 1
    outer loop
      vertex 63.4632 5.63931 5.89
      vertex 63.6235 3.19259 5.89
      vertex 63.6235 5.60741 5.89
    endloop
  endfacet
  facet normal 0 0 1
    outer loop
      vertex 63.4632 5.63931 5.89
      vertex 63.4632 3.16069 5.89
      vertex 63.6235 3.19259 5.89
    endloop
  endfacet
  facet normal 0 0 1
    outer loop
      vertex 63.3 5.65 5.89
      vertex 63.4632 3.16069 5.89
      vertex 63.4632 5.63931 5.89
    endloop
  endfacet
  facet normal 0 0 1
    outer loop
      vertex 63.3 5.65 5.89
      vertex 63.3 3.15 5.89
      vertex 63.4632 3.16069 5.89
    endloop
  endfacet
  facet normal -0 0 1
    outer loop
      vertex 63.1368 5.63931 5.89
      vertex 63.3 3.15 5.89
      vertex 63.3 5.65 5.89
    endloop
  endfacet
  facet normal 0 0 1
    outer loop
      vertex 63.1368 5.63931 5.89
      vertex 63.1368 3.16069 5.89
      vertex 63.3 3.15 5.89
    endloop
  endfacet
  facet normal -0 0 1
    outer loop
      vertex 62.9765 5.60741 5.89
      vertex 63.1368 3.16069 5.89
      vertex 63.1368 5.63931 5.89
    endloop
  endfacet
  facet normal 0 0 1
    outer loop
      vertex 62.9765 5.60741 5.89
      vertex 62.9765 3.19259 5.89
      vertex 63.1368 3.16069 5.89
    endloop
  endfacet
  facet normal -0 0 1
    outer loop
      vertex 62.8216 5.55485 5.89
      vertex 62.9765 3.19259 5.89
      vertex 62.9765 5.60741 5.89
    endloop
  endfacet
  facet normal 0 0 1
    outer loop
      vertex 62.8216 5.55485 5.89
      vertex 62.8216 3.24515 5.89
      vertex 62.9765 3.19259 5.89
    endloop
  endfacet
  facet normal -0 0 1
    outer loop
      vertex 62.675 5.48253 5.89
      vertex 62.8216 3.24515 5.89
      vertex 62.8216 5.55485 5.89
    endloop
  endfacet
  facet normal 0 0 1
    outer loop
      vertex 62.675 5.48253 5.89
      vertex 62.675 3.31747 5.89
      vertex 62.8216 3.24515 5.89
    endloop
  endfacet
  facet normal -0 0 1
    outer loop
      vertex 62.539 5.39169 5.89
      vertex 62.675 3.31747 5.89
      vertex 62.675 5.48253 5.89
    endloop
  endfacet
  facet normal 0 0 1
    outer loop
      vertex 62.539 5.39169 5.89
      vertex 62.539 3.40831 5.89
      vertex 62.675 3.31747 5.89
    endloop
  endfacet
  facet normal -0 0 1
    outer loop
      vertex 62.4161 5.28388 5.89
      vertex 62.539 3.40831 5.89
      vertex 62.539 5.39169 5.89
    endloop
  endfacet
  facet normal 0 0 1
    outer loop
      vertex 62.4161 5.28388 5.89
      vertex 62.4161 3.51612 5.89
      vertex 62.539 3.40831 5.89
    endloop
  endfacet
  facet normal -0 0 1
    outer loop
      vertex 62.3083 5.16095 5.89
      vertex 62.4161 3.51612 5.89
      vertex 62.4161 5.28388 5.89
    endloop
  endfacet
  facet normal 0 0 1
    outer loop
      vertex 62.3083 5.16095 5.89
      vertex 62.3083 3.63905 5.89
      vertex 62.4161 3.51612 5.89
    endloop
  endfacet
  facet normal -0 0 1
    outer loop
      vertex 62.2175 5.025 5.89
      vertex 62.3083 3.63905 5.89
      vertex 62.3083 5.16095 5.89
    endloop
  endfacet
  facet normal 0 0 1
    outer loop
      vertex 62.2175 5.025 5.89
      vertex 62.2175 3.775 5.89
      vertex 62.3083 3.63905 5.89
    endloop
  endfacet
  facet normal -0 0 1
    outer loop
      vertex 62.1451 4.87835 5.89
      vertex 62.2175 3.775 5.89
      vertex 62.2175 5.025 5.89
    endloop
  endfacet
  facet normal 0 0 1
    outer loop
      vertex 62.1451 4.87835 5.89
      vertex 62.1451 3.92165 5.89
      vertex 62.2175 3.775 5.89
    endloop
  endfacet
  facet normal -0 0 1
    outer loop
      vertex 62.0926 4.72352 5.89
      vertex 62.1451 3.92165 5.89
      vertex 62.1451 4.87835 5.89
    endloop
  endfacet
  facet normal 0 0 1
    outer loop
      vertex 62.0926 4.72352 5.89
      vertex 62.0926 4.07648 5.89
      vertex 62.1451 3.92165 5.89
    endloop
  endfacet
  facet normal -0 0 1
    outer loop
      vertex 62.0607 4.56316 5.89
      vertex 62.0926 4.07648 5.89
      vertex 62.0926 4.72352 5.89
    endloop
  endfacet
  facet normal 0 0 1
    outer loop
      vertex 62.0607 4.56316 5.89
      vertex 62.0607 4.23684 5.89
      vertex 62.0926 4.07648 5.89
    endloop
  endfacet
  facet normal 0 -0 1
    outer loop
      vertex 62.0607 4.23684 5.89
      vertex 62.0607 4.56316 5.89
      vertex 62.05 4.4 5.89
    endloop
  endfacet
  facet normal -0.555434 0.831561 0
    outer loop
      vertex 62.675 5.48253 1.6
      vertex 62.539 5.39169 5.89
      vertex 62.675 5.48253 5.89
    endloop
  endfacet
  facet normal -0.555434 0.831561 0
    outer loop
      vertex 62.539 5.39169 5.89
      vertex 62.675 5.48253 1.6
      vertex 62.539 5.39169 1.6
    endloop
  endfacet
  facet normal -0.659448 0.75175 0
    outer loop
      vertex 62.539 5.39169 1.6
      vertex 62.4161 5.28388 5.89
      vertex 62.539 5.39169 5.89
    endloop
  endfacet
  facet normal -0.659448 0.75175 0
    outer loop
      vertex 62.4161 5.28388 5.89
      vertex 62.539 5.39169 1.6
      vertex 62.4161 5.28388 1.6
    endloop
  endfacet
  facet normal -0.195175 0.980768 0
    outer loop
      vertex 63.1368 5.63931 1.6
      vertex 62.9765 5.60741 5.89
      vertex 63.1368 5.63931 5.89
    endloop
  endfacet
  facet normal -0.195175 0.980768 0
    outer loop
      vertex 62.9765 5.60741 5.89
      vertex 63.1368 5.63931 1.6
      vertex 62.9765 5.60741 1.6
    endloop
  endfacet
  facet normal 0.997857 -0.0654392 0
    outer loop
      vertex 64.5393 4.23684 5.89
      vertex 64.55 4.4 1.6
      vertex 64.55 4.4 5.89
    endloop
  endfacet
  facet normal 0.997857 -0.0654392 0
    outer loop
      vertex 64.55 4.4 1.6
      vertex 64.5393 4.23684 5.89
      vertex 64.5393 4.23684 1.6
    endloop
  endfacet
  facet normal 0.75186 -0.659323 0
    outer loop
      vertex 64.1839 3.51612 5.89
      vertex 64.2917 3.63905 1.6
      vertex 64.2917 3.63905 5.89
    endloop
  endfacet
  facet normal 0.75186 -0.659323 0
    outer loop
      vertex 64.2917 3.63905 1.6
      vertex 64.1839 3.51612 5.89
      vertex 64.1839 3.51612 1.6
    endloop
  endfacet
  facet normal 0.946851 -0.321671 0
    outer loop
      vertex 64.4548 3.92165 5.89
      vertex 64.5074 4.07648 1.6
      vertex 64.5074 4.07648 5.89
    endloop
  endfacet
  facet normal 0.946851 -0.321671 0
    outer loop
      vertex 64.5074 4.07648 1.6
      vertex 64.4548 3.92165 5.89
      vertex 64.4548 3.92165 1.6
    endloop
  endfacet
  facet normal -0.659448 -0.75175 0
    outer loop
      vertex 62.4161 3.51612 1.6
      vertex 62.539 3.40831 5.89
      vertex 62.4161 3.51612 5.89
    endloop
  endfacet
  facet normal -0.659448 -0.75175 -0
    outer loop
      vertex 62.539 3.40831 5.89
      vertex 62.4161 3.51612 1.6
      vertex 62.539 3.40831 1.6
    endloop
  endfacet
  facet normal -0.896678 -0.442683 0
    outer loop
      vertex 62.2175 3.775 1.6
      vertex 62.1451 3.92165 5.89
      vertex 62.1451 3.92165 1.6
    endloop
  endfacet
  facet normal -0.896678 -0.442683 0
    outer loop
      vertex 62.1451 3.92165 5.89
      vertex 62.2175 3.775 1.6
      vertex 62.2175 3.775 5.89
    endloop
  endfacet
  facet normal -0.831579 -0.555406 0
    outer loop
      vertex 62.3083 3.63905 1.6
      vertex 62.2175 3.775 5.89
      vertex 62.2175 3.775 1.6
    endloop
  endfacet
  facet normal -0.831579 -0.555406 0
    outer loop
      vertex 62.2175 3.775 5.89
      vertex 62.3083 3.63905 1.6
      vertex 62.3083 3.63905 5.89
    endloop
  endfacet
  facet normal 0.555434 -0.831561 0
    outer loop
      vertex 63.925 3.31747 1.6
      vertex 64.061 3.40831 5.89
      vertex 63.925 3.31747 5.89
    endloop
  endfacet
  facet normal 0.555434 -0.831561 0
    outer loop
      vertex 64.061 3.40831 5.89
      vertex 63.925 3.31747 1.6
      vertex 64.061 3.40831 1.6
    endloop
  endfacet
  facet normal 0.659448 -0.75175 0
    outer loop
      vertex 64.061 3.40831 1.6
      vertex 64.1839 3.51612 5.89
      vertex 64.061 3.40831 5.89
    endloop
  endfacet
  facet normal 0.659448 -0.75175 0
    outer loop
      vertex 64.1839 3.51612 5.89
      vertex 64.061 3.40831 1.6
      vertex 64.1839 3.51612 1.6
    endloop
  endfacet
  facet normal 0.831579 -0.555406 0
    outer loop
      vertex 64.2917 3.63905 5.89
      vertex 64.3825 3.775 1.6
      vertex 64.3825 3.775 5.89
    endloop
  endfacet
  facet normal 0.831579 -0.555406 0
    outer loop
      vertex 64.3825 3.775 1.6
      vertex 64.2917 3.63905 5.89
      vertex 64.2917 3.63905 1.6
    endloop
  endfacet
  facet normal -0.75186 -0.659323 0
    outer loop
      vertex 62.4161 3.51612 1.6
      vertex 62.3083 3.63905 5.89
      vertex 62.3083 3.63905 1.6
    endloop
  endfacet
  facet normal -0.75186 -0.659323 0
    outer loop
      vertex 62.3083 3.63905 5.89
      vertex 62.4161 3.51612 1.6
      vertex 62.4161 3.51612 5.89
    endloop
  endfacet
  facet normal -0.947038 -0.321123 0
    outer loop
      vertex 62.1451 3.92165 1.6
      vertex 62.0926 4.07648 5.89
      vertex 62.0926 4.07648 1.6
    endloop
  endfacet
  facet normal -0.947038 -0.321123 0
    outer loop
      vertex 62.0926 4.07648 5.89
      vertex 62.1451 3.92165 1.6
      vertex 62.1451 3.92165 5.89
    endloop
  endfacet
  facet normal 0.321322 -0.94697 0
    outer loop
      vertex 63.6235 3.19259 1.6
      vertex 63.7784 3.24515 5.89
      vertex 63.6235 3.19259 5.89
    endloop
  endfacet
  facet normal 0.321322 -0.94697 0
    outer loop
      vertex 63.7784 3.24515 5.89
      vertex 63.6235 3.19259 1.6
      vertex 63.7784 3.24515 1.6
    endloop
  endfacet
  facet normal -0.0653624 -0.997862 0
    outer loop
      vertex 63.1368 3.16069 1.6
      vertex 63.3 3.15 5.89
      vertex 63.1368 3.16069 5.89
    endloop
  endfacet
  facet normal -0.0653624 -0.997862 -0
    outer loop
      vertex 63.3 3.15 5.89
      vertex 63.1368 3.16069 1.6
      vertex 63.3 3.15 1.6
    endloop
  endfacet
  facet normal -0.442411 -0.896812 0
    outer loop
      vertex 62.675 3.31747 1.6
      vertex 62.8216 3.24515 5.89
      vertex 62.675 3.31747 5.89
    endloop
  endfacet
  facet normal -0.442411 -0.896812 -0
    outer loop
      vertex 62.8216 3.24515 5.89
      vertex 62.675 3.31747 1.6
      vertex 62.8216 3.24515 1.6
    endloop
  endfacet
  facet normal -0.980782 -0.195105 0
    outer loop
      vertex 62.0926 4.07648 1.6
      vertex 62.0607 4.23684 5.89
      vertex 62.0607 4.23684 1.6
    endloop
  endfacet
  facet normal -0.980782 -0.195105 0
    outer loop
      vertex 62.0607 4.23684 5.89
      vertex 62.0926 4.07648 1.6
      vertex 62.0926 4.07648 5.89
    endloop
  endfacet
  facet normal -0.997857 -0.0654392 0
    outer loop
      vertex 62.0607 4.23684 1.6
      vertex 62.05 4.4 5.89
      vertex 62.05 4.4 1.6
    endloop
  endfacet
  facet normal -0.997857 -0.0654392 0
    outer loop
      vertex 62.05 4.4 5.89
      vertex 62.0607 4.23684 1.6
      vertex 62.0607 4.23684 5.89
    endloop
  endfacet
  facet normal -0.195175 -0.980768 0
    outer loop
      vertex 62.9765 3.19259 1.6
      vertex 63.1368 3.16069 5.89
      vertex 62.9765 3.19259 5.89
    endloop
  endfacet
  facet normal -0.195175 -0.980768 -0
    outer loop
      vertex 63.1368 3.16069 5.89
      vertex 62.9765 3.19259 1.6
      vertex 63.1368 3.16069 1.6
    endloop
  endfacet
  facet normal -0.321322 -0.94697 0
    outer loop
      vertex 62.8216 3.24515 1.6
      vertex 62.9765 3.19259 5.89
      vertex 62.8216 3.24515 5.89
    endloop
  endfacet
  facet normal -0.321322 -0.94697 -0
    outer loop
      vertex 62.9765 3.19259 5.89
      vertex 62.8216 3.24515 1.6
      vertex 62.9765 3.19259 1.6
    endloop
  endfacet
  facet normal -0.555434 -0.831561 0
    outer loop
      vertex 62.539 3.40831 1.6
      vertex 62.675 3.31747 5.89
      vertex 62.539 3.40831 5.89
    endloop
  endfacet
  facet normal -0.555434 -0.831561 -0
    outer loop
      vertex 62.675 3.31747 5.89
      vertex 62.539 3.40831 1.6
      vertex 62.675 3.31747 1.6
    endloop
  endfacet
  facet normal 1 -0 0
    outer loop
      vertex 86.7 3.68034 1.6
      vertex 86.7 29.0197 0
      vertex 86.7 29.0197 1.6
    endloop
  endfacet
  facet normal 1 0 0
    outer loop
      vertex 86.7 29.0197 0
      vertex 86.7 3.68034 1.6
      vertex 86.7 3.68034 0
    endloop
  endfacet
  facet normal -1 0 0
    outer loop
      vertex 0 3.68034 0
      vertex 0 29.0197 1.6
      vertex 0 29.0197 0
    endloop
  endfacet
  facet normal -1 -0 0
    outer loop
      vertex 0 29.0197 1.6
      vertex 0 3.68034 0
      vertex 0 3.68034 1.6
    endloop
  endfacet
  facet normal 0 -1 0
    outer loop
      vertex 3.68034 0 0
      vertex 83.0197 0 1.6
      vertex 3.68034 0 1.6
    endloop
  endfacet
  facet normal 0 -1 -0
    outer loop
      vertex 83.0197 0 1.6
      vertex 3.68034 0 0
      vertex 83.0197 0 0
    endloop
  endfacet
  facet normal 0 1 -0
    outer loop
      vertex 83.0197 32.7 0
      vertex 3.68034 32.7 1.6
      vertex 83.0197 32.7 1.6
    endloop
  endfacet
  facet normal 0 1 0
    outer loop
      vertex 3.68034 32.7 1.6
      vertex 83.0197 32.7 0
      vertex 3.68034 32.7 0
    endloop
  endfacet
  facet normal -0.831483 -0.555551 0
    outer loop
      vertex 1.17224 33.85 0
      vertex 1.0487 34.0349 1.6
      vertex 1.0487 34.0349 0
    endloop
  endfacet
  facet normal -0.831483 -0.555551 0
    outer loop
      vertex 1.0487 34.0349 1.6
      vertex 1.17224 33.85 0
      vertex 1.17224 33.85 1.6
    endloop
  endfacet
  facet normal -0.321526 -0.946901 0
    outer loop
      vertex 0.139992 34.6421 0
      vertex 0.350561 34.5706 1.6
      vertex 0.139992 34.6421 1.6
    endloop
  endfacet
  facet normal -0.321526 -0.946901 -0
    outer loop
      vertex 0.350561 34.5706 1.6
      vertex 0.139992 34.6421 0
      vertex 0.350561 34.5706 0
    endloop
  endfacet
  facet normal 0.442463 -0.896787 0
    outer loop
      vertex -1.15 34.4722 0
      vertex -0.950562 34.5706 1.6
      vertex -1.15 34.4722 1.6
    endloop
  endfacet
  facet normal 0.442463 -0.896787 0
    outer loop
      vertex -0.950562 34.5706 1.6
      vertex -1.15 34.4722 0
      vertex -0.950562 34.5706 0
    endloop
  endfacet
  facet normal 0.946943 -0.321403 0
    outer loop
      vertex -1.94207 33.44 1.6
      vertex -1.87059 33.6506 0
      vertex -1.87059 33.6506 1.6
    endloop
  endfacet
  facet normal 0.946943 -0.321403 0
    outer loop
      vertex -1.87059 33.6506 0
      vertex -1.94207 33.44 1.6
      vertex -1.94207 33.44 0
    endloop
  endfacet
  facet normal -0.99786 0.0653848 0
    outer loop
      vertex 1.38546 32.7781 0
      vertex 1.4 33 1.6
      vertex 1.4 33 0
    endloop
  endfacet
  facet normal -0.99786 0.0653848 0
    outer loop
      vertex 1.4 33 1.6
      vertex 1.38546 32.7781 0
      vertex 1.38546 32.7781 1.6
    endloop
  endfacet
  facet normal -0.659297 -0.751882 0
    outer loop
      vertex 0.734894 34.3487 0
      vertex 0.902081 34.2021 1.6
      vertex 0.734894 34.3487 1.6
    endloop
  endfacet
  facet normal -0.659297 -0.751882 -0
    outer loop
      vertex 0.902081 34.2021 1.6
      vertex 0.734894 34.3487 0
      vertex 0.902081 34.2021 0
    endloop
  endfacet
  facet normal 0.0652071 -0.997872 0
    outer loop
      vertex -0.521894 34.6855 0
      vertex -0.299999 34.7 1.6
      vertex -0.521894 34.6855 1.6
    endloop
  endfacet
  facet normal 0.0652071 -0.997872 0
    outer loop
      vertex -0.299999 34.7 1.6
      vertex -0.521894 34.6855 0
      vertex -0.299999 34.7 0
    endloop
  endfacet
  facet normal -0.442463 -0.896787 0
    outer loop
      vertex 0.350561 34.5706 0
      vertex 0.549999 34.4722 1.6
      vertex 0.350561 34.5706 1.6
    endloop
  endfacet
  facet normal -0.442463 -0.896787 -0
    outer loop
      vertex 0.549999 34.4722 1.6
      vertex 0.350561 34.5706 0
      vertex 0.549999 34.4722 0
    endloop
  endfacet
  facet normal 0.99786 0.0653848 0
    outer loop
      vertex -1.98546 32.7781 1.6
      vertex -2 33 0
      vertex -2 33 1.6
    endloop
  endfacet
  facet normal 0.99786 0.0653848 0
    outer loop
      vertex -2 33 0
      vertex -1.98546 32.7781 1.6
      vertex -1.98546 32.7781 0
    endloop
  endfacet
  facet normal 0.831483 -0.555551 0
    outer loop
      vertex -1.77224 33.85 1.6
      vertex -1.6487 34.0349 0
      vertex -1.6487 34.0349 1.6
    endloop
  endfacet
  facet normal 0.831483 -0.555551 0
    outer loop
      vertex -1.6487 34.0349 0
      vertex -1.77224 33.85 1.6
      vertex -1.77224 33.85 0
    endloop
  endfacet
  facet normal 0.555447 -0.831552 0
    outer loop
      vertex -1.33489 34.3487 0
      vertex -1.15 34.4722 1.6
      vertex -1.33489 34.3487 1.6
    endloop
  endfacet
  facet normal 0.555447 -0.831552 0
    outer loop
      vertex -1.15 34.4722 1.6
      vertex -1.33489 34.3487 0
      vertex -1.15 34.4722 0
    endloop
  endfacet
  facet normal 0.195167 -0.98077 0
    outer loop
      vertex -0.739992 34.6421 0
      vertex -0.521894 34.6855 1.6
      vertex -0.739992 34.6421 1.6
    endloop
  endfacet
  facet normal 0.195167 -0.98077 0
    outer loop
      vertex -0.521894 34.6855 1.6
      vertex -0.739992 34.6421 0
      vertex -0.521894 34.6855 0
    endloop
  endfacet
  facet normal -0.555437 0.831559 0
    outer loop
      vertex 0.734894 31.6513 0
      vertex 0.549999 31.5278 1.6
      vertex 0.734894 31.6513 1.6
    endloop
  endfacet
  facet normal -0.555437 0.831559 0
    outer loop
      vertex 0.549999 31.5278 1.6
      vertex 0.734894 31.6513 0
      vertex 0.549999 31.5278 0
    endloop
  endfacet
  facet normal 0.555447 0.831552 -0
    outer loop
      vertex -1.15 31.5278 0
      vertex -1.33489 31.6513 1.6
      vertex -1.15 31.5278 1.6
    endloop
  endfacet
  facet normal 0.555447 0.831552 0
    outer loop
      vertex -1.33489 31.6513 1.6
      vertex -1.15 31.5278 0
      vertex -1.33489 31.6513 0
    endloop
  endfacet
  facet normal 0.831483 0.555551 0
    outer loop
      vertex -1.6487 31.9651 1.6
      vertex -1.77224 32.15 0
      vertex -1.77224 32.15 1.6
    endloop
  endfacet
  facet normal 0.831483 0.555551 0
    outer loop
      vertex -1.77224 32.15 0
      vertex -1.6487 31.9651 1.6
      vertex -1.6487 31.9651 0
    endloop
  endfacet
  facet normal -0.751865 -0.659317 0
    outer loop
      vertex 1.0487 34.0349 0
      vertex 0.902081 34.2021 1.6
      vertex 0.902081 34.2021 0
    endloop
  endfacet
  facet normal -0.751865 -0.659317 0
    outer loop
      vertex 0.902081 34.2021 1.6
      vertex 1.0487 34.0349 0
      vertex 1.0487 34.0349 1.6
    endloop
  endfacet
  facet normal -0.195167 -0.98077 0
    outer loop
      vertex -0.078105 34.6855 0
      vertex 0.139992 34.6421 1.6
      vertex -0.078105 34.6855 1.6
    endloop
  endfacet
  facet normal -0.195167 -0.98077 -0
    outer loop
      vertex 0.139992 34.6421 1.6
      vertex -0.078105 34.6855 0
      vertex 0.139992 34.6421 0
    endloop
  endfacet
  facet normal -0.0652074 -0.997872 0
    outer loop
      vertex -0.299999 34.7 0
      vertex -0.078105 34.6855 1.6
      vertex -0.299999 34.7 1.6
    endloop
  endfacet
  facet normal -0.0652074 -0.997872 -0
    outer loop
      vertex -0.078105 34.6855 1.6
      vertex -0.299999 34.7 0
      vertex -0.078105 34.6855 0
    endloop
  endfacet
  facet normal -0.555437 -0.831559 0
    outer loop
      vertex 0.549999 34.4722 0
      vertex 0.734894 34.3487 1.6
      vertex 0.549999 34.4722 1.6
    endloop
  endfacet
  facet normal -0.555437 -0.831559 -0
    outer loop
      vertex 0.734894 34.3487 1.6
      vertex 0.549999 34.4722 0
      vertex 0.734894 34.3487 0
    endloop
  endfacet
  facet normal 0.980779 -0.195122 0
    outer loop
      vertex -1.98546 33.2219 1.6
      vertex -1.94207 33.44 0
      vertex -1.94207 33.44 1.6
    endloop
  endfacet
  facet normal 0.980779 -0.195122 0
    outer loop
      vertex -1.94207 33.44 0
      vertex -1.98546 33.2219 1.6
      vertex -1.98546 33.2219 0
    endloop
  endfacet
  facet normal 0.99786 -0.0653848 0
    outer loop
      vertex -2 33 1.6
      vertex -1.98546 33.2219 0
      vertex -1.98546 33.2219 1.6
    endloop
  endfacet
  facet normal 0.99786 -0.0653848 0
    outer loop
      vertex -1.98546 33.2219 0
      vertex -2 33 1.6
      vertex -2 33 0
    endloop
  endfacet
  facet normal 0.896843 -0.442349 0
    outer loop
      vertex -1.87059 33.6506 1.6
      vertex -1.77224 33.85 0
      vertex -1.77224 33.85 1.6
    endloop
  endfacet
  facet normal 0.896843 -0.442349 0
    outer loop
      vertex -1.77224 33.85 0
      vertex -1.87059 33.6506 1.6
      vertex -1.87059 33.6506 0
    endloop
  endfacet
  facet normal 0.321525 -0.946901 0
    outer loop
      vertex -0.950562 34.5706 0
      vertex -0.739992 34.6421 1.6
      vertex -0.950562 34.5706 1.6
    endloop
  endfacet
  facet normal 0.321525 -0.946901 0
    outer loop
      vertex -0.739992 34.6421 1.6
      vertex -0.950562 34.5706 0
      vertex -0.739992 34.6421 0
    endloop
  endfacet
  facet normal 0.659291 -0.751888 0
    outer loop
      vertex -1.50208 34.2021 0
      vertex -1.33489 34.3487 1.6
      vertex -1.50208 34.2021 1.6
    endloop
  endfacet
  facet normal 0.659291 -0.751888 0
    outer loop
      vertex -1.33489 34.3487 1.6
      vertex -1.50208 34.2021 0
      vertex -1.33489 34.3487 0
    endloop
  endfacet
  facet normal 0.751863 -0.659319 0
    outer loop
      vertex -1.6487 34.0349 1.6
      vertex -1.50208 34.2021 0
      vertex -1.50208 34.2021 1.6
    endloop
  endfacet
  facet normal 0.751863 -0.659319 0
    outer loop
      vertex -1.50208 34.2021 0
      vertex -1.6487 34.0349 1.6
      vertex -1.6487 34.0349 0
    endloop
  endfacet
  facet normal -0.99786 -0.0653848 0
    outer loop
      vertex 1.4 33 0
      vertex 1.38546 33.2219 1.6
      vertex 1.38546 33.2219 0
    endloop
  endfacet
  facet normal -0.99786 -0.0653848 0
    outer loop
      vertex 1.38546 33.2219 1.6
      vertex 1.4 33 0
      vertex 1.4 33 1.6
    endloop
  endfacet
  facet normal -0.980779 0.195122 0
    outer loop
      vertex 1.34207 32.56 0
      vertex 1.38546 32.7781 1.6
      vertex 1.38546 32.7781 0
    endloop
  endfacet
  facet normal -0.980779 0.195122 0
    outer loop
      vertex 1.38546 32.7781 1.6
      vertex 1.34207 32.56 0
      vertex 1.34207 32.56 1.6
    endloop
  endfacet
  facet normal 0.980779 0.195122 0
    outer loop
      vertex -1.94207 32.56 1.6
      vertex -1.98546 32.7781 0
      vertex -1.98546 32.7781 1.6
    endloop
  endfacet
  facet normal 0.980779 0.195122 0
    outer loop
      vertex -1.98546 32.7781 0
      vertex -1.94207 32.56 1.6
      vertex -1.94207 32.56 0
    endloop
  endfacet
  facet normal 0.751863 0.659319 0
    outer loop
      vertex -1.50208 31.7979 1.6
      vertex -1.6487 31.9651 0
      vertex -1.6487 31.9651 1.6
    endloop
  endfacet
  facet normal 0.751863 0.659319 0
    outer loop
      vertex -1.6487 31.9651 0
      vertex -1.50208 31.7979 1.6
      vertex -1.50208 31.7979 0
    endloop
  endfacet
  facet normal -0.195167 0.98077 0
    outer loop
      vertex 0.139992 31.3579 0
      vertex -0.078105 31.3145 1.6
      vertex 0.139992 31.3579 1.6
    endloop
  endfacet
  facet normal -0.195167 0.98077 0
    outer loop
      vertex -0.078105 31.3145 1.6
      vertex 0.139992 31.3579 0
      vertex -0.078105 31.3145 0
    endloop
  endfacet
  facet normal -0.442463 0.896787 0
    outer loop
      vertex 0.549999 31.5278 0
      vertex 0.350561 31.4294 1.6
      vertex 0.549999 31.5278 1.6
    endloop
  endfacet
  facet normal -0.442463 0.896787 0
    outer loop
      vertex 0.350561 31.4294 1.6
      vertex 0.549999 31.5278 0
      vertex 0.350561 31.4294 0
    endloop
  endfacet
  facet normal -0.896843 -0.442349 0
    outer loop
      vertex 1.27059 33.6506 0
      vertex 1.17224 33.85 1.6
      vertex 1.17224 33.85 0
    endloop
  endfacet
  facet normal -0.896843 -0.442349 0
    outer loop
      vertex 1.17224 33.85 1.6
      vertex 1.27059 33.6506 0
      vertex 1.27059 33.6506 1.6
    endloop
  endfacet
  facet normal -0.946943 -0.321403 0
    outer loop
      vertex 1.34207 33.44 0
      vertex 1.27059 33.6506 1.6
      vertex 1.27059 33.6506 0
    endloop
  endfacet
  facet normal -0.946943 -0.321403 0
    outer loop
      vertex 1.27059 33.6506 1.6
      vertex 1.34207 33.44 0
      vertex 1.34207 33.44 1.6
    endloop
  endfacet
  facet normal -0.980779 -0.195122 0
    outer loop
      vertex 1.38546 33.2219 0
      vertex 1.34207 33.44 1.6
      vertex 1.34207 33.44 0
    endloop
  endfacet
  facet normal -0.980779 -0.195122 0
    outer loop
      vertex 1.34207 33.44 1.6
      vertex 1.38546 33.2219 0
      vertex 1.38546 33.2219 1.6
    endloop
  endfacet
  facet normal -0.831483 0.555551 0
    outer loop
      vertex 1.0487 31.9651 0
      vertex 1.17224 32.15 1.6
      vertex 1.17224 32.15 0
    endloop
  endfacet
  facet normal -0.831483 0.555551 0
    outer loop
      vertex 1.17224 32.15 1.6
      vertex 1.0487 31.9651 0
      vertex 1.0487 31.9651 1.6
    endloop
  endfacet
  facet normal -0.896843 0.442349 0
    outer loop
      vertex 1.17224 32.15 0
      vertex 1.27059 32.3494 1.6
      vertex 1.27059 32.3494 0
    endloop
  endfacet
  facet normal -0.896843 0.442349 0
    outer loop
      vertex 1.27059 32.3494 1.6
      vertex 1.17224 32.15 0
      vertex 1.17224 32.15 1.6
    endloop
  endfacet
  facet normal -0.0652074 0.997872 0
    outer loop
      vertex -0.078105 31.3145 0
      vertex -0.299999 31.3 1.6
      vertex -0.078105 31.3145 1.6
    endloop
  endfacet
  facet normal -0.0652074 0.997872 0
    outer loop
      vertex -0.299999 31.3 1.6
      vertex -0.078105 31.3145 0
      vertex -0.299999 31.3 0
    endloop
  endfacet
  facet normal 0.896843 0.442349 0
    outer loop
      vertex -1.77224 32.15 1.6
      vertex -1.87059 32.3494 0
      vertex -1.87059 32.3494 1.6
    endloop
  endfacet
  facet normal 0.896843 0.442349 0
    outer loop
      vertex -1.87059 32.3494 0
      vertex -1.77224 32.15 1.6
      vertex -1.77224 32.15 0
    endloop
  endfacet
  facet normal 0.946943 0.321403 0
    outer loop
      vertex -1.87059 32.3494 1.6
      vertex -1.94207 32.56 0
      vertex -1.94207 32.56 1.6
    endloop
  endfacet
  facet normal 0.946943 0.321403 0
    outer loop
      vertex -1.94207 32.56 0
      vertex -1.87059 32.3494 1.6
      vertex -1.87059 32.3494 0
    endloop
  endfacet
  facet normal 0.659291 0.751888 -0
    outer loop
      vertex -1.33489 31.6513 0
      vertex -1.50208 31.7979 1.6
      vertex -1.33489 31.6513 1.6
    endloop
  endfacet
  facet normal 0.659291 0.751888 0
    outer loop
      vertex -1.50208 31.7979 1.6
      vertex -1.33489 31.6513 0
      vertex -1.50208 31.7979 0
    endloop
  endfacet
  facet normal -0.321526 0.946901 0
    outer loop
      vertex 0.350561 31.4294 0
      vertex 0.139992 31.3579 1.6
      vertex 0.350561 31.4294 1.6
    endloop
  endfacet
  facet normal -0.321526 0.946901 0
    outer loop
      vertex 0.139992 31.3579 1.6
      vertex 0.350561 31.4294 0
      vertex 0.139992 31.3579 0
    endloop
  endfacet
  facet normal -0.659297 0.751882 0
    outer loop
      vertex 0.902081 31.7979 0
      vertex 0.734894 31.6513 1.6
      vertex 0.902081 31.7979 1.6
    endloop
  endfacet
  facet normal -0.659297 0.751882 0
    outer loop
      vertex 0.734894 31.6513 1.6
      vertex 0.902081 31.7979 0
      vertex 0.734894 31.6513 0
    endloop
  endfacet
  facet normal -0.946943 0.321403 0
    outer loop
      vertex 1.27059 32.3494 0
      vertex 1.34207 32.56 1.6
      vertex 1.34207 32.56 0
    endloop
  endfacet
  facet normal -0.946943 0.321403 0
    outer loop
      vertex 1.34207 32.56 1.6
      vertex 1.27059 32.3494 0
      vertex 1.27059 32.3494 1.6
    endloop
  endfacet
  facet normal 0.195167 0.98077 -0
    outer loop
      vertex -0.521894 31.3145 0
      vertex -0.739992 31.3579 1.6
      vertex -0.521894 31.3145 1.6
    endloop
  endfacet
  facet normal 0.195167 0.98077 0
    outer loop
      vertex -0.739992 31.3579 1.6
      vertex -0.521894 31.3145 0
      vertex -0.739992 31.3579 0
    endloop
  endfacet
  facet normal 0.321525 0.946901 -0
    outer loop
      vertex -0.739992 31.3579 0
      vertex -0.950562 31.4294 1.6
      vertex -0.739992 31.3579 1.6
    endloop
  endfacet
  facet normal 0.321525 0.946901 0
    outer loop
      vertex -0.950562 31.4294 1.6
      vertex -0.739992 31.3579 0
      vertex -0.950562 31.4294 0
    endloop
  endfacet
  facet normal -0.751865 0.659317 0
    outer loop
      vertex 0.902081 31.7979 0
      vertex 1.0487 31.9651 1.6
      vertex 1.0487 31.9651 0
    endloop
  endfacet
  facet normal -0.751865 0.659317 0
    outer loop
      vertex 1.0487 31.9651 1.6
      vertex 0.902081 31.7979 0
      vertex 0.902081 31.7979 1.6
    endloop
  endfacet
  facet normal 0.0652071 0.997872 -0
    outer loop
      vertex -0.299999 31.3 0
      vertex -0.521894 31.3145 1.6
      vertex -0.299999 31.3 1.6
    endloop
  endfacet
  facet normal 0.0652071 0.997872 0
    outer loop
      vertex -0.521894 31.3145 1.6
      vertex -0.299999 31.3 0
      vertex -0.521894 31.3145 0
    endloop
  endfacet
  facet normal 0.442463 0.896787 -0
    outer loop
      vertex -0.950562 31.4294 0
      vertex -1.15 31.5278 1.6
      vertex -0.950562 31.4294 1.6
    endloop
  endfacet
  facet normal 0.442463 0.896787 0
    outer loop
      vertex -1.15 31.5278 1.6
      vertex -0.950562 31.4294 0
      vertex -1.15 31.5278 0
    endloop
  endfacet
  facet normal -0.555561 -0.831476 0
    outer loop
      vertex 0.549999 1.17224 0
      vertex 0.734894 1.0487 1.6
      vertex 0.549999 1.17224 1.6
    endloop
  endfacet
  facet normal -0.555561 -0.831476 -0
    outer loop
      vertex 0.734894 1.0487 1.6
      vertex 0.549999 1.17224 0
      vertex 0.734894 1.0487 0
    endloop
  endfacet
  facet normal -0.980779 0.195123 0
    outer loop
      vertex 1.34207 -0.739992 0
      vertex 1.38546 -0.521894 1.6
      vertex 1.38546 -0.521894 0
    endloop
  endfacet
  facet normal -0.980779 0.195123 0
    outer loop
      vertex 1.38546 -0.521894 1.6
      vertex 1.34207 -0.739992 0
      vertex 1.34207 -0.739992 1.6
    endloop
  endfacet
  facet normal 0.195123 0.980779 -0
    outer loop
      vertex -0.521894 -1.98546 0
      vertex -0.739992 -1.94207 1.6
      vertex -0.521894 -1.98546 1.6
    endloop
  endfacet
  facet normal 0.195123 0.980779 0
    outer loop
      vertex -0.739992 -1.94207 1.6
      vertex -0.521894 -1.98546 0
      vertex -0.739992 -1.94207 0
    endloop
  endfacet
  facet normal 0.442282 -0.896876 0
    outer loop
      vertex -1.15 1.17224 0
      vertex -0.950562 1.27059 1.6
      vertex -1.15 1.17224 1.6
    endloop
  endfacet
  facet normal 0.442282 -0.896876 0
    outer loop
      vertex -0.950562 1.27059 1.6
      vertex -1.15 1.17224 0
      vertex -0.950562 1.27059 0
    endloop
  endfacet
  facet normal 0.946928 -0.321445 0
    outer loop
      vertex -1.94207 0.139992 1.6
      vertex -1.87059 0.350561 0
      vertex -1.87059 0.350561 1.6
    endloop
  endfacet
  facet normal 0.946928 -0.321445 0
    outer loop
      vertex -1.87059 0.350561 0
      vertex -1.94207 0.139992 1.6
      vertex -1.94207 0.139992 0
    endloop
  endfacet
  facet normal -0.946929 0.321444 0
    outer loop
      vertex 1.27059 -0.950562 0
      vertex 1.34207 -0.739992 1.6
      vertex 1.34207 -0.739992 0
    endloop
  endfacet
  facet normal -0.946929 0.321444 0
    outer loop
      vertex 1.34207 -0.739992 1.6
      vertex 1.27059 -0.950562 0
      vertex 1.27059 -0.950562 1.6
    endloop
  endfacet
  facet normal -0.896876 -0.442282 0
    outer loop
      vertex 1.27059 0.350561 0
      vertex 1.17224 0.549999 1.6
      vertex 1.17224 0.549999 0
    endloop
  endfacet
  facet normal -0.896876 -0.442282 0
    outer loop
      vertex 1.17224 0.549999 1.6
      vertex 1.27059 0.350561 0
      vertex 1.27059 0.350561 1.6
    endloop
  endfacet
  facet normal -0.980779 -0.195124 0
    outer loop
      vertex 1.38546 -0.078105 0
      vertex 1.34207 0.139992 1.6
      vertex 1.34207 0.139992 0
    endloop
  endfacet
  facet normal -0.980779 -0.195124 0
    outer loop
      vertex 1.34207 0.139992 1.6
      vertex 1.38546 -0.078105 0
      vertex 1.38546 -0.078105 1.6
    endloop
  endfacet
  facet normal -0.831476 -0.555561 0
    outer loop
      vertex 1.17224 0.549999 0
      vertex 1.0487 0.734894 1.6
      vertex 1.0487 0.734894 0
    endloop
  endfacet
  facet normal -0.831476 -0.555561 0
    outer loop
      vertex 1.0487 0.734894 1.6
      vertex 1.17224 0.549999 0
      vertex 1.17224 0.549999 1.6
    endloop
  endfacet
  facet normal -0.659346 -0.75184 0
    outer loop
      vertex 0.734894 1.0487 0
      vertex 0.902081 0.902081 1.6
      vertex 0.734894 1.0487 1.6
    endloop
  endfacet
  facet normal -0.659346 -0.75184 -0
    outer loop
      vertex 0.902081 0.902081 1.6
      vertex 0.734894 1.0487 0
      vertex 0.902081 0.902081 0
    endloop
  endfacet
  facet normal -0.321445 -0.946928 0
    outer loop
      vertex 0.139992 1.34207 0
      vertex 0.350561 1.27059 1.6
      vertex 0.139992 1.34207 1.6
    endloop
  endfacet
  facet normal -0.321445 -0.946928 -0
    outer loop
      vertex 0.350561 1.27059 1.6
      vertex 0.139992 1.34207 0
      vertex 0.350561 1.27059 0
    endloop
  endfacet
  facet normal -0.0653866 -0.99786 0
    outer loop
      vertex -0.299999 1.4 0
      vertex -0.078105 1.38546 1.6
      vertex -0.299999 1.4 1.6
    endloop
  endfacet
  facet normal -0.0653866 -0.99786 -0
    outer loop
      vertex -0.078105 1.38546 1.6
      vertex -0.299999 1.4 0
      vertex -0.078105 1.38546 0
    endloop
  endfacet
  facet normal 0.99786 0.0653863 0
    outer loop
      vertex -1.98546 -0.521894 1.6
      vertex -2 -0.299999 0
      vertex -2 -0.299999 1.6
    endloop
  endfacet
  facet normal 0.99786 0.0653863 0
    outer loop
      vertex -2 -0.299999 0
      vertex -1.98546 -0.521894 1.6
      vertex -1.98546 -0.521894 0
    endloop
  endfacet
  facet normal 0.831476 -0.555561 0
    outer loop
      vertex -1.77224 0.549999 1.6
      vertex -1.6487 0.734894 0
      vertex -1.6487 0.734894 1.6
    endloop
  endfacet
  facet normal 0.831476 -0.555561 0
    outer loop
      vertex -1.6487 0.734894 0
      vertex -1.77224 0.549999 1.6
      vertex -1.77224 0.549999 0
    endloop
  endfacet
  facet normal 0.195123 -0.980779 0
    outer loop
      vertex -0.739992 1.34207 0
      vertex -0.521894 1.38546 1.6
      vertex -0.739992 1.34207 1.6
    endloop
  endfacet
  facet normal 0.195123 -0.980779 0
    outer loop
      vertex -0.521894 1.38546 1.6
      vertex -0.739992 1.34207 0
      vertex -0.521894 1.38546 0
    endloop
  endfacet
  facet normal 0.751838 -0.659348 0
    outer loop
      vertex -1.6487 0.734894 1.6
      vertex -1.50208 0.902081 0
      vertex -1.50208 0.902081 1.6
    endloop
  endfacet
  facet normal 0.751838 -0.659348 0
    outer loop
      vertex -1.50208 0.902081 0
      vertex -1.6487 0.734894 1.6
      vertex -1.6487 0.734894 0
    endloop
  endfacet
  facet normal -0.99786 0.0653863 0
    outer loop
      vertex 1.38546 -0.521894 0
      vertex 1.4 -0.299999 1.6
      vertex 1.4 -0.299999 0
    endloop
  endfacet
  facet normal -0.99786 0.0653863 0
    outer loop
      vertex 1.4 -0.299999 1.6
      vertex 1.38546 -0.521894 0
      vertex 1.38546 -0.521894 1.6
    endloop
  endfacet
  facet normal -0.195124 0.980779 0
    outer loop
      vertex 0.139992 -1.94207 0
      vertex -0.078105 -1.98546 1.6
      vertex 0.139992 -1.94207 1.6
    endloop
  endfacet
  facet normal -0.195124 0.980779 0
    outer loop
      vertex -0.078105 -1.98546 1.6
      vertex 0.139992 -1.94207 0
      vertex -0.078105 -1.98546 0
    endloop
  endfacet
  facet normal -0.831469 0.555572 0
    outer loop
      vertex 1.0487 -1.33489 0
      vertex 1.17224 -1.15 1.6
      vertex 1.17224 -1.15 0
    endloop
  endfacet
  facet normal -0.831469 0.555572 0
    outer loop
      vertex 1.17224 -1.15 1.6
      vertex 1.0487 -1.33489 0
      vertex 1.0487 -1.33489 1.6
    endloop
  endfacet
  facet normal 0.0653863 0.99786 -0
    outer loop
      vertex -0.299999 -2 0
      vertex -0.521894 -1.98546 1.6
      vertex -0.299999 -2 1.6
    endloop
  endfacet
  facet normal 0.0653863 0.99786 0
    outer loop
      vertex -0.521894 -1.98546 1.6
      vertex -0.299999 -2 0
      vertex -0.521894 -1.98546 0
    endloop
  endfacet
  facet normal 0.555572 0.831469 -0
    outer loop
      vertex -1.15 -1.77224 0
      vertex -1.33489 -1.6487 1.6
      vertex -1.15 -1.77224 1.6
    endloop
  endfacet
  facet normal 0.555572 0.831469 0
    outer loop
      vertex -1.33489 -1.6487 1.6
      vertex -1.15 -1.77224 0
      vertex -1.33489 -1.6487 0
    endloop
  endfacet
  facet normal 0.980779 0.195123 0
    outer loop
      vertex -1.94207 -0.739992 1.6
      vertex -1.98546 -0.521894 0
      vertex -1.98546 -0.521894 1.6
    endloop
  endfacet
  facet normal 0.980779 0.195123 0
    outer loop
      vertex -1.98546 -0.521894 0
      vertex -1.94207 -0.739992 1.6
      vertex -1.94207 -0.739992 0
    endloop
  endfacet
  facet normal -0.946928 -0.321445 0
    outer loop
      vertex 1.34207 0.139992 0
      vertex 1.27059 0.350561 1.6
      vertex 1.27059 0.350561 0
    endloop
  endfacet
  facet normal -0.946928 -0.321445 0
    outer loop
      vertex 1.27059 0.350561 1.6
      vertex 1.34207 0.139992 0
      vertex 1.34207 0.139992 1.6
    endloop
  endfacet
  facet normal -0.75184 -0.659346 0
    outer loop
      vertex 1.0487 0.734894 0
      vertex 0.902081 0.902081 1.6
      vertex 0.902081 0.902081 0
    endloop
  endfacet
  facet normal -0.75184 -0.659346 0
    outer loop
      vertex 0.902081 0.902081 1.6
      vertex 1.0487 0.734894 0
      vertex 1.0487 0.734894 1.6
    endloop
  endfacet
  facet normal 0.0653863 -0.99786 0
    outer loop
      vertex -0.521894 1.38546 0
      vertex -0.299999 1.4 1.6
      vertex -0.521894 1.38546 1.6
    endloop
  endfacet
  facet normal 0.0653863 -0.99786 0
    outer loop
      vertex -0.299999 1.4 1.6
      vertex -0.521894 1.38546 0
      vertex -0.299999 1.4 0
    endloop
  endfacet
  facet normal -0.442282 -0.896876 0
    outer loop
      vertex 0.350561 1.27059 0
      vertex 0.549999 1.17224 1.6
      vertex 0.350561 1.27059 1.6
    endloop
  endfacet
  facet normal -0.442282 -0.896876 -0
    outer loop
      vertex 0.549999 1.17224 1.6
      vertex 0.350561 1.27059 0
      vertex 0.549999 1.17224 0
    endloop
  endfacet
  facet normal -0.195124 -0.980779 0
    outer loop
      vertex -0.078105 1.38546 0
      vertex 0.139992 1.34207 1.6
      vertex -0.078105 1.38546 1.6
    endloop
  endfacet
  facet normal -0.195124 -0.980779 -0
    outer loop
      vertex 0.139992 1.34207 1.6
      vertex -0.078105 1.38546 0
      vertex 0.139992 1.34207 0
    endloop
  endfacet
  facet normal 0.980779 -0.195124 0
    outer loop
      vertex -1.98546 -0.078105 1.6
      vertex -1.94207 0.139992 0
      vertex -1.94207 0.139992 1.6
    endloop
  endfacet
  facet normal 0.980779 -0.195124 0
    outer loop
      vertex -1.94207 0.139992 0
      vertex -1.98546 -0.078105 1.6
      vertex -1.98546 -0.078105 0
    endloop
  endfacet
  facet normal 0.99786 -0.0653866 0
    outer loop
      vertex -2 -0.299999 1.6
      vertex -1.98546 -0.078105 0
      vertex -1.98546 -0.078105 1.6
    endloop
  endfacet
  facet normal 0.99786 -0.0653866 0
    outer loop
      vertex -1.98546 -0.078105 0
      vertex -2 -0.299999 1.6
      vertex -2 -0.299999 0
    endloop
  endfacet
  facet normal 0.896876 -0.442282 0
    outer loop
      vertex -1.87059 0.350561 1.6
      vertex -1.77224 0.549999 0
      vertex -1.77224 0.549999 1.6
    endloop
  endfacet
  facet normal 0.896876 -0.442282 0
    outer loop
      vertex -1.77224 0.549999 0
      vertex -1.87059 0.350561 1.6
      vertex -1.87059 0.350561 0
    endloop
  endfacet
  facet normal 0.321444 -0.946929 0
    outer loop
      vertex -0.950562 1.27059 0
      vertex -0.739992 1.34207 1.6
      vertex -0.950562 1.27059 1.6
    endloop
  endfacet
  facet normal 0.321444 -0.946929 0
    outer loop
      vertex -0.739992 1.34207 1.6
      vertex -0.950562 1.27059 0
      vertex -0.739992 1.34207 0
    endloop
  endfacet
  facet normal 0.659339 -0.751846 0
    outer loop
      vertex -1.50208 0.902081 0
      vertex -1.33489 1.0487 1.6
      vertex -1.50208 0.902081 1.6
    endloop
  endfacet
  facet normal 0.659339 -0.751846 0
    outer loop
      vertex -1.33489 1.0487 1.6
      vertex -1.50208 0.902081 0
      vertex -1.33489 1.0487 0
    endloop
  endfacet
  facet normal 0.555572 -0.831469 0
    outer loop
      vertex -1.33489 1.0487 0
      vertex -1.15 1.17224 1.6
      vertex -1.33489 1.0487 1.6
    endloop
  endfacet
  facet normal 0.555572 -0.831469 0
    outer loop
      vertex -1.15 1.17224 1.6
      vertex -1.33489 1.0487 0
      vertex -1.15 1.17224 0
    endloop
  endfacet
  facet normal -0.99786 -0.0653866 0
    outer loop
      vertex 1.4 -0.299999 0
      vertex 1.38546 -0.078105 1.6
      vertex 1.38546 -0.078105 0
    endloop
  endfacet
  facet normal -0.99786 -0.0653866 0
    outer loop
      vertex 1.38546 -0.078105 1.6
      vertex 1.4 -0.299999 0
      vertex 1.4 -0.299999 1.6
    endloop
  endfacet
  facet normal -0.321445 0.946928 0
    outer loop
      vertex 0.350561 -1.87059 0
      vertex 0.139992 -1.94207 1.6
      vertex 0.350561 -1.87059 1.6
    endloop
  endfacet
  facet normal -0.321445 0.946928 0
    outer loop
      vertex 0.139992 -1.94207 1.6
      vertex 0.350561 -1.87059 0
      vertex 0.139992 -1.94207 0
    endloop
  endfacet
  facet normal -0.751846 0.659339 0
    outer loop
      vertex 0.902081 -1.50208 0
      vertex 1.0487 -1.33489 1.6
      vertex 1.0487 -1.33489 0
    endloop
  endfacet
  facet normal -0.751846 0.659339 0
    outer loop
      vertex 1.0487 -1.33489 1.6
      vertex 0.902081 -1.50208 0
      vertex 0.902081 -1.50208 1.6
    endloop
  endfacet
  facet normal -0.555561 0.831476 0
    outer loop
      vertex 0.734894 -1.6487 0
      vertex 0.549999 -1.77224 1.6
      vertex 0.734894 -1.6487 1.6
    endloop
  endfacet
  facet normal -0.555561 0.831476 0
    outer loop
      vertex 0.549999 -1.77224 1.6
      vertex 0.734894 -1.6487 0
      vertex 0.549999 -1.77224 0
    endloop
  endfacet
  facet normal -0.896876 0.442282 0
    outer loop
      vertex 1.17224 -1.15 0
      vertex 1.27059 -0.950562 1.6
      vertex 1.27059 -0.950562 0
    endloop
  endfacet
  facet normal -0.896876 0.442282 0
    outer loop
      vertex 1.27059 -0.950562 1.6
      vertex 1.17224 -1.15 0
      vertex 1.17224 -1.15 1.6
    endloop
  endfacet
  facet normal -0.0653866 0.99786 0
    outer loop
      vertex -0.078105 -1.98546 0
      vertex -0.299999 -2 1.6
      vertex -0.078105 -1.98546 1.6
    endloop
  endfacet
  facet normal -0.0653866 0.99786 0
    outer loop
      vertex -0.299999 -2 1.6
      vertex -0.078105 -1.98546 0
      vertex -0.299999 -2 0
    endloop
  endfacet
  facet normal 0.321444 0.946929 -0
    outer loop
      vertex -0.739992 -1.94207 0
      vertex -0.950562 -1.87059 1.6
      vertex -0.739992 -1.94207 1.6
    endloop
  endfacet
  facet normal 0.321444 0.946929 0
    outer loop
      vertex -0.950562 -1.87059 1.6
      vertex -0.739992 -1.94207 0
      vertex -0.950562 -1.87059 0
    endloop
  endfacet
  facet normal 0.946929 0.321444 0
    outer loop
      vertex -1.87059 -0.950562 1.6
      vertex -1.94207 -0.739992 0
      vertex -1.94207 -0.739992 1.6
    endloop
  endfacet
  facet normal 0.946929 0.321444 0
    outer loop
      vertex -1.94207 -0.739992 0
      vertex -1.87059 -0.950562 1.6
      vertex -1.87059 -0.950562 0
    endloop
  endfacet
  facet normal 0.659342 0.751844 -0
    outer loop
      vertex -1.33489 -1.6487 0
      vertex -1.50208 -1.50208 1.6
      vertex -1.33489 -1.6487 1.6
    endloop
  endfacet
  facet normal 0.659342 0.751844 0
    outer loop
      vertex -1.50208 -1.50208 1.6
      vertex -1.33489 -1.6487 0
      vertex -1.50208 -1.50208 0
    endloop
  endfacet
  facet normal 0.831469 0.555572 0
    outer loop
      vertex -1.6487 -1.33489 1.6
      vertex -1.77224 -1.15 0
      vertex -1.77224 -1.15 1.6
    endloop
  endfacet
  facet normal 0.831469 0.555572 0
    outer loop
      vertex -1.77224 -1.15 0
      vertex -1.6487 -1.33489 1.6
      vertex -1.6487 -1.33489 0
    endloop
  endfacet
  facet normal -0.442282 0.896876 0
    outer loop
      vertex 0.549999 -1.77224 0
      vertex 0.350561 -1.87059 1.6
      vertex 0.549999 -1.77224 1.6
    endloop
  endfacet
  facet normal -0.442282 0.896876 0
    outer loop
      vertex 0.350561 -1.87059 1.6
      vertex 0.549999 -1.77224 0
      vertex 0.350561 -1.87059 0
    endloop
  endfacet
  facet normal -0.659348 0.751838 0
    outer loop
      vertex 0.902081 -1.50208 0
      vertex 0.734894 -1.6487 1.6
      vertex 0.902081 -1.50208 1.6
    endloop
  endfacet
  facet normal -0.659348 0.751838 0
    outer loop
      vertex 0.734894 -1.6487 1.6
      vertex 0.902081 -1.50208 0
      vertex 0.734894 -1.6487 0
    endloop
  endfacet
  facet normal 0.442282 0.896876 -0
    outer loop
      vertex -0.950562 -1.87059 0
      vertex -1.15 -1.77224 1.6
      vertex -0.950562 -1.87059 1.6
    endloop
  endfacet
  facet normal 0.442282 0.896876 0
    outer loop
      vertex -1.15 -1.77224 1.6
      vertex -0.950562 -1.87059 0
      vertex -1.15 -1.77224 0
    endloop
  endfacet
  facet normal 0.896876 0.442282 0
    outer loop
      vertex -1.77224 -1.15 1.6
      vertex -1.87059 -0.950562 0
      vertex -1.87059 -0.950562 1.6
    endloop
  endfacet
  facet normal 0.896876 0.442282 0
    outer loop
      vertex -1.87059 -0.950562 0
      vertex -1.77224 -1.15 1.6
      vertex -1.77224 -1.15 0
    endloop
  endfacet
  facet normal 0.751844 0.659342 0
    outer loop
      vertex -1.50208 -1.50208 1.6
      vertex -1.6487 -1.33489 0
      vertex -1.6487 -1.33489 1.6
    endloop
  endfacet
  facet normal 0.751844 0.659342 0
    outer loop
      vertex -1.6487 -1.33489 0
      vertex -1.50208 -1.50208 1.6
      vertex -1.50208 -1.50208 0
    endloop
  endfacet
  facet normal -0.831566 -0.555426 0
    outer loop
      vertex 88.4722 33.85 0
      vertex 88.3487 34.0349 1.6
      vertex 88.3487 34.0349 0
    endloop
  endfacet
  facet normal -0.831566 -0.555426 0
    outer loop
      vertex 88.3487 34.0349 1.6
      vertex 88.4722 33.85 0
      vertex 88.4722 33.85 1.6
    endloop
  endfacet
  facet normal -0.321484 -0.946915 0
    outer loop
      vertex 87.44 34.6421 0
      vertex 87.6506 34.5706 1.6
      vertex 87.44 34.6421 1.6
    endloop
  endfacet
  facet normal -0.321484 -0.946915 -0
    outer loop
      vertex 87.6506 34.5706 1.6
      vertex 87.44 34.6421 0
      vertex 87.6506 34.5706 0
    endloop
  endfacet
  facet normal 0.44253 -0.896754 0
    outer loop
      vertex 86.15 34.4722 0
      vertex 86.3494 34.5706 1.6
      vertex 86.15 34.4722 1.6
    endloop
  endfacet
  facet normal 0.44253 -0.896754 0
    outer loop
      vertex 86.3494 34.5706 1.6
      vertex 86.15 34.4722 0
      vertex 86.3494 34.5706 0
    endloop
  endfacet
  facet normal 0.946915 -0.321484 0
    outer loop
      vertex 85.3579 33.44 1.6
      vertex 85.4294 33.6506 0
      vertex 85.4294 33.6506 1.6
    endloop
  endfacet
  facet normal 0.946915 -0.321484 0
    outer loop
      vertex 85.4294 33.6506 0
      vertex 85.3579 33.44 1.6
      vertex 85.3579 33.44 0
    endloop
  endfacet
  facet normal -0.98077 0.195165 0
    outer loop
      vertex 88.6421 32.56 0
      vertex 88.6855 32.7781 1.6
      vertex 88.6855 32.7781 0
    endloop
  endfacet
  facet normal -0.98077 0.195165 0
    outer loop
      vertex 88.6855 32.7781 1.6
      vertex 88.6421 32.56 0
      vertex 88.6421 32.56 1.6
    endloop
  endfacet
  facet normal 0.0652057 -0.997872 0
    outer loop
      vertex 86.7781 34.6855 0
      vertex 87 34.7 1.6
      vertex 86.7781 34.6855 1.6
    endloop
  endfacet
  facet normal 0.0652057 -0.997872 0
    outer loop
      vertex 87 34.7 1.6
      vertex 86.7781 34.6855 0
      vertex 87 34.7 0
    endloop
  endfacet
  facet normal -0.44253 -0.896754 0
    outer loop
      vertex 87.6506 34.5706 0
      vertex 87.85 34.4722 1.6
      vertex 87.6506 34.5706 1.6
    endloop
  endfacet
  facet normal -0.44253 -0.896754 -0
    outer loop
      vertex 87.85 34.4722 1.6
      vertex 87.6506 34.5706 0
      vertex 87.85 34.4722 0
    endloop
  endfacet
  facet normal 0.997872 0.0652057 0
    outer loop
      vertex 85.3145 32.7781 1.6
      vertex 85.3 33 0
      vertex 85.3 33 1.6
    endloop
  endfacet
  facet normal 0.997872 0.0652057 0
    outer loop
      vertex 85.3 33 0
      vertex 85.3145 32.7781 1.6
      vertex 85.3145 32.7781 0
    endloop
  endfacet
  facet normal 0.831566 -0.555426 0
    outer loop
      vertex 85.5278 33.85 1.6
      vertex 85.6513 34.0349 0
      vertex 85.6513 34.0349 1.6
    endloop
  endfacet
  facet normal 0.831566 -0.555426 0
    outer loop
      vertex 85.6513 34.0349 0
      vertex 85.5278 33.85 1.6
      vertex 85.5278 33.85 0
    endloop
  endfacet
  facet normal 0.555426 -0.831566 0
    outer loop
      vertex 85.9651 34.3487 0
      vertex 86.15 34.4722 1.6
      vertex 85.9651 34.3487 1.6
    endloop
  endfacet
  facet normal 0.555426 -0.831566 0
    outer loop
      vertex 86.15 34.4722 1.6
      vertex 85.9651 34.3487 0
      vertex 86.15 34.4722 0
    endloop
  endfacet
  facet normal 0.195165 -0.98077 0
    outer loop
      vertex 86.56 34.6421 0
      vertex 86.7781 34.6855 1.6
      vertex 86.56 34.6421 1.6
    endloop
  endfacet
  facet normal 0.195165 -0.98077 0
    outer loop
      vertex 86.7781 34.6855 1.6
      vertex 86.56 34.6421 0
      vertex 86.7781 34.6855 0
    endloop
  endfacet
  facet normal -0.997872 -0.0652057 0
    outer loop
      vertex 88.7 33 0
      vertex 88.6855 33.2219 1.6
      vertex 88.6855 33.2219 0
    endloop
  endfacet
  facet normal -0.997872 -0.0652057 0
    outer loop
      vertex 88.6855 33.2219 1.6
      vertex 88.7 33 0
      vertex 88.7 33 1.6
    endloop
  endfacet
  facet normal -0.946915 0.321484 0
    outer loop
      vertex 88.5706 32.3494 0
      vertex 88.6421 32.56 1.6
      vertex 88.6421 32.56 0
    endloop
  endfacet
  facet normal -0.946915 0.321484 0
    outer loop
      vertex 88.6421 32.56 1.6
      vertex 88.5706 32.3494 0
      vertex 88.5706 32.3494 1.6
    endloop
  endfacet
  facet normal 0.555426 0.831566 -0
    outer loop
      vertex 86.15 31.5278 0
      vertex 85.9651 31.6513 1.6
      vertex 86.15 31.5278 1.6
    endloop
  endfacet
  facet normal 0.555426 0.831566 0
    outer loop
      vertex 85.9651 31.6513 1.6
      vertex 86.15 31.5278 0
      vertex 85.9651 31.6513 0
    endloop
  endfacet
  facet normal 0.831566 0.555426 0
    outer loop
      vertex 85.6513 31.9651 1.6
      vertex 85.5278 32.15 0
      vertex 85.5278 32.15 1.6
    endloop
  endfacet
  facet normal 0.831566 0.555426 0
    outer loop
      vertex 85.5278 32.15 0
      vertex 85.6513 31.9651 1.6
      vertex 85.6513 31.9651 0
    endloop
  endfacet
  facet normal -0.555426 0.831566 0
    outer loop
      vertex 88.0349 31.6513 0
      vertex 87.85 31.5278 1.6
      vertex 88.0349 31.6513 1.6
    endloop
  endfacet
  facet normal -0.555426 0.831566 0
    outer loop
      vertex 87.85 31.5278 1.6
      vertex 88.0349 31.6513 0
      vertex 87.85 31.5278 0
    endloop
  endfacet
  facet normal -0.659268 -0.751908 0
    outer loop
      vertex 88.0349 34.3487 0
      vertex 88.2021 34.2021 1.6
      vertex 88.0349 34.3487 1.6
    endloop
  endfacet
  facet normal -0.659268 -0.751908 -0
    outer loop
      vertex 88.2021 34.2021 1.6
      vertex 88.0349 34.3487 0
      vertex 88.2021 34.2021 0
    endloop
  endfacet
  facet normal -0.195165 -0.98077 0
    outer loop
      vertex 87.2219 34.6855 0
      vertex 87.44 34.6421 1.6
      vertex 87.2219 34.6855 1.6
    endloop
  endfacet
  facet normal -0.195165 -0.98077 -0
    outer loop
      vertex 87.44 34.6421 1.6
      vertex 87.2219 34.6855 0
      vertex 87.44 34.6421 0
    endloop
  endfacet
  facet normal -0.0652057 -0.997872 0
    outer loop
      vertex 87 34.7 0
      vertex 87.2219 34.6855 1.6
      vertex 87 34.7 1.6
    endloop
  endfacet
  facet normal -0.0652057 -0.997872 -0
    outer loop
      vertex 87.2219 34.6855 1.6
      vertex 87 34.7 0
      vertex 87.2219 34.6855 0
    endloop
  endfacet
  facet normal -0.555426 -0.831566 0
    outer loop
      vertex 87.85 34.4722 0
      vertex 88.0349 34.3487 1.6
      vertex 87.85 34.4722 1.6
    endloop
  endfacet
  facet normal -0.555426 -0.831566 -0
    outer loop
      vertex 88.0349 34.3487 1.6
      vertex 87.85 34.4722 0
      vertex 88.0349 34.3487 0
    endloop
  endfacet
  facet normal 0.98077 -0.195165 0
    outer loop
      vertex 85.3145 33.2219 1.6
      vertex 85.3579 33.44 0
      vertex 85.3579 33.44 1.6
    endloop
  endfacet
  facet normal 0.98077 -0.195165 0
    outer loop
      vertex 85.3579 33.44 0
      vertex 85.3145 33.2219 1.6
      vertex 85.3145 33.2219 0
    endloop
  endfacet
  facet normal 0.997872 -0.0652057 0
    outer loop
      vertex 85.3 33 1.6
      vertex 85.3145 33.2219 0
      vertex 85.3145 33.2219 1.6
    endloop
  endfacet
  facet normal 0.997872 -0.0652057 0
    outer loop
      vertex 85.3145 33.2219 0
      vertex 85.3 33 1.6
      vertex 85.3 33 0
    endloop
  endfacet
  facet normal 0.896754 -0.44253 0
    outer loop
      vertex 85.4294 33.6506 1.6
      vertex 85.5278 33.85 0
      vertex 85.5278 33.85 1.6
    endloop
  endfacet
  facet normal 0.896754 -0.44253 0
    outer loop
      vertex 85.5278 33.85 0
      vertex 85.4294 33.6506 1.6
      vertex 85.4294 33.6506 0
    endloop
  endfacet
  facet normal 0.321484 -0.946915 0
    outer loop
      vertex 86.3494 34.5706 0
      vertex 86.56 34.6421 1.6
      vertex 86.3494 34.5706 1.6
    endloop
  endfacet
  facet normal 0.321484 -0.946915 0
    outer loop
      vertex 86.56 34.6421 1.6
      vertex 86.3494 34.5706 0
      vertex 86.56 34.6421 0
    endloop
  endfacet
  facet normal 0.659268 -0.751908 0
    outer loop
      vertex 85.7979 34.2021 0
      vertex 85.9651 34.3487 1.6
      vertex 85.7979 34.2021 1.6
    endloop
  endfacet
  facet normal 0.659268 -0.751908 0
    outer loop
      vertex 85.9651 34.3487 1.6
      vertex 85.7979 34.2021 0
      vertex 85.9651 34.3487 0
    endloop
  endfacet
  facet normal 0.751908 -0.659268 0
    outer loop
      vertex 85.6513 34.0349 1.6
      vertex 85.7979 34.2021 0
      vertex 85.7979 34.2021 1.6
    endloop
  endfacet
  facet normal 0.751908 -0.659268 0
    outer loop
      vertex 85.7979 34.2021 0
      vertex 85.6513 34.0349 1.6
      vertex 85.6513 34.0349 0
    endloop
  endfacet
  facet normal -0.997872 0.0652057 0
    outer loop
      vertex 88.6855 32.7781 0
      vertex 88.7 33 1.6
      vertex 88.7 33 0
    endloop
  endfacet
  facet normal -0.997872 0.0652057 0
    outer loop
      vertex 88.7 33 1.6
      vertex 88.6855 32.7781 0
      vertex 88.6855 32.7781 1.6
    endloop
  endfacet
  facet normal -0.831566 0.555426 0
    outer loop
      vertex 88.3487 31.9651 0
      vertex 88.4722 32.15 1.6
      vertex 88.4722 32.15 0
    endloop
  endfacet
  facet normal -0.831566 0.555426 0
    outer loop
      vertex 88.4722 32.15 1.6
      vertex 88.3487 31.9651 0
      vertex 88.3487 31.9651 1.6
    endloop
  endfacet
  facet normal 0.98077 0.195165 0
    outer loop
      vertex 85.3579 32.56 1.6
      vertex 85.3145 32.7781 0
      vertex 85.3145 32.7781 1.6
    endloop
  endfacet
  facet normal 0.98077 0.195165 0
    outer loop
      vertex 85.3145 32.7781 0
      vertex 85.3579 32.56 1.6
      vertex 85.3579 32.56 0
    endloop
  endfacet
  facet normal 0.751908 0.659268 0
    outer loop
      vertex 85.7979 31.7979 1.6
      vertex 85.6513 31.9651 0
      vertex 85.6513 31.9651 1.6
    endloop
  endfacet
  facet normal 0.751908 0.659268 0
    outer loop
      vertex 85.6513 31.9651 0
      vertex 85.7979 31.7979 1.6
      vertex 85.7979 31.7979 0
    endloop
  endfacet
  facet normal -0.195165 0.98077 0
    outer loop
      vertex 87.44 31.3579 0
      vertex 87.2219 31.3145 1.6
      vertex 87.44 31.3579 1.6
    endloop
  endfacet
  facet normal -0.195165 0.98077 0
    outer loop
      vertex 87.2219 31.3145 1.6
      vertex 87.44 31.3579 0
      vertex 87.2219 31.3145 0
    endloop
  endfacet
  facet normal -0.659268 0.751908 0
    outer loop
      vertex 88.2021 31.7979 0
      vertex 88.0349 31.6513 1.6
      vertex 88.2021 31.7979 1.6
    endloop
  endfacet
  facet normal -0.659268 0.751908 0
    outer loop
      vertex 88.0349 31.6513 1.6
      vertex 88.2021 31.7979 0
      vertex 88.0349 31.6513 0
    endloop
  endfacet
  facet normal -0.896754 -0.44253 0
    outer loop
      vertex 88.5706 33.6506 0
      vertex 88.4722 33.85 1.6
      vertex 88.4722 33.85 0
    endloop
  endfacet
  facet normal -0.896754 -0.44253 0
    outer loop
      vertex 88.4722 33.85 1.6
      vertex 88.5706 33.6506 0
      vertex 88.5706 33.6506 1.6
    endloop
  endfacet
  facet normal -0.946915 -0.321484 0
    outer loop
      vertex 88.6421 33.44 0
      vertex 88.5706 33.6506 1.6
      vertex 88.5706 33.6506 0
    endloop
  endfacet
  facet normal -0.946915 -0.321484 0
    outer loop
      vertex 88.5706 33.6506 1.6
      vertex 88.6421 33.44 0
      vertex 88.6421 33.44 1.6
    endloop
  endfacet
  facet normal -0.98077 -0.195165 0
    outer loop
      vertex 88.6855 33.2219 0
      vertex 88.6421 33.44 1.6
      vertex 88.6421 33.44 0
    endloop
  endfacet
  facet normal -0.98077 -0.195165 0
    outer loop
      vertex 88.6421 33.44 1.6
      vertex 88.6855 33.2219 0
      vertex 88.6855 33.2219 1.6
    endloop
  endfacet
  facet normal -0.751908 -0.659268 0
    outer loop
      vertex 88.3487 34.0349 0
      vertex 88.2021 34.2021 1.6
      vertex 88.2021 34.2021 0
    endloop
  endfacet
  facet normal -0.751908 -0.659268 0
    outer loop
      vertex 88.2021 34.2021 1.6
      vertex 88.3487 34.0349 0
      vertex 88.3487 34.0349 1.6
    endloop
  endfacet
  facet normal -0.896754 0.44253 0
    outer loop
      vertex 88.4722 32.15 0
      vertex 88.5706 32.3494 1.6
      vertex 88.5706 32.3494 0
    endloop
  endfacet
  facet normal -0.896754 0.44253 0
    outer loop
      vertex 88.5706 32.3494 1.6
      vertex 88.4722 32.15 0
      vertex 88.4722 32.15 1.6
    endloop
  endfacet
  facet normal -0.0652057 0.997872 0
    outer loop
      vertex 87.2219 31.3145 0
      vertex 87 31.3 1.6
      vertex 87.2219 31.3145 1.6
    endloop
  endfacet
  facet normal -0.0652057 0.997872 0
    outer loop
      vertex 87 31.3 1.6
      vertex 87.2219 31.3145 0
      vertex 87 31.3 0
    endloop
  endfacet
  facet normal 0.896754 0.44253 0
    outer loop
      vertex 85.5278 32.15 1.6
      vertex 85.4294 32.3494 0
      vertex 85.4294 32.3494 1.6
    endloop
  endfacet
  facet normal 0.896754 0.44253 0
    outer loop
      vertex 85.4294 32.3494 0
      vertex 85.5278 32.15 1.6
      vertex 85.5278 32.15 0
    endloop
  endfacet
  facet normal 0.946915 0.321484 0
    outer loop
      vertex 85.4294 32.3494 1.6
      vertex 85.3579 32.56 0
      vertex 85.3579 32.56 1.6
    endloop
  endfacet
  facet normal 0.946915 0.321484 0
    outer loop
      vertex 85.3579 32.56 0
      vertex 85.4294 32.3494 1.6
      vertex 85.4294 32.3494 0
    endloop
  endfacet
  facet normal 0.659268 0.751908 -0
    outer loop
      vertex 85.9651 31.6513 0
      vertex 85.7979 31.7979 1.6
      vertex 85.9651 31.6513 1.6
    endloop
  endfacet
  facet normal 0.659268 0.751908 0
    outer loop
      vertex 85.7979 31.7979 1.6
      vertex 85.9651 31.6513 0
      vertex 85.7979 31.7979 0
    endloop
  endfacet
  facet normal -0.44253 0.896754 0
    outer loop
      vertex 87.85 31.5278 0
      vertex 87.6506 31.4294 1.6
      vertex 87.85 31.5278 1.6
    endloop
  endfacet
  facet normal -0.44253 0.896754 0
    outer loop
      vertex 87.6506 31.4294 1.6
      vertex 87.85 31.5278 0
      vertex 87.6506 31.4294 0
    endloop
  endfacet
  facet normal -0.321484 0.946915 0
    outer loop
      vertex 87.6506 31.4294 0
      vertex 87.44 31.3579 1.6
      vertex 87.6506 31.4294 1.6
    endloop
  endfacet
  facet normal -0.321484 0.946915 0
    outer loop
      vertex 87.44 31.3579 1.6
      vertex 87.6506 31.4294 0
      vertex 87.44 31.3579 0
    endloop
  endfacet
  facet normal 0.195165 0.98077 -0
    outer loop
      vertex 86.7781 31.3145 0
      vertex 86.56 31.3579 1.6
      vertex 86.7781 31.3145 1.6
    endloop
  endfacet
  facet normal 0.195165 0.98077 0
    outer loop
      vertex 86.56 31.3579 1.6
      vertex 86.7781 31.3145 0
      vertex 86.56 31.3579 0
    endloop
  endfacet
  facet normal 0.321484 0.946915 -0
    outer loop
      vertex 86.56 31.3579 0
      vertex 86.3494 31.4294 1.6
      vertex 86.56 31.3579 1.6
    endloop
  endfacet
  facet normal 0.321484 0.946915 0
    outer loop
      vertex 86.3494 31.4294 1.6
      vertex 86.56 31.3579 0
      vertex 86.3494 31.4294 0
    endloop
  endfacet
  facet normal -0.751908 0.659268 0
    outer loop
      vertex 88.2021 31.7979 0
      vertex 88.3487 31.9651 1.6
      vertex 88.3487 31.9651 0
    endloop
  endfacet
  facet normal -0.751908 0.659268 0
    outer loop
      vertex 88.3487 31.9651 1.6
      vertex 88.2021 31.7979 0
      vertex 88.2021 31.7979 1.6
    endloop
  endfacet
  facet normal 0.0652057 0.997872 -0
    outer loop
      vertex 87 31.3 0
      vertex 86.7781 31.3145 1.6
      vertex 87 31.3 1.6
    endloop
  endfacet
  facet normal 0.0652057 0.997872 0
    outer loop
      vertex 86.7781 31.3145 1.6
      vertex 87 31.3 0
      vertex 86.7781 31.3145 0
    endloop
  endfacet
  facet normal 0.44253 0.896754 -0
    outer loop
      vertex 86.3494 31.4294 0
      vertex 86.15 31.5278 1.6
      vertex 86.3494 31.4294 1.6
    endloop
  endfacet
  facet normal 0.44253 0.896754 0
    outer loop
      vertex 86.15 31.5278 1.6
      vertex 86.3494 31.4294 0
      vertex 86.15 31.5278 0
    endloop
  endfacet
  facet normal -0.555551 -0.831483 0
    outer loop
      vertex 87.85 1.17224 0
      vertex 88.0349 1.0487 1.6
      vertex 87.85 1.17224 1.6
    endloop
  endfacet
  facet normal -0.555551 -0.831483 -0
    outer loop
      vertex 88.0349 1.0487 1.6
      vertex 87.85 1.17224 0
      vertex 88.0349 1.0487 0
    endloop
  endfacet
  facet normal 0.195122 0.980779 -0
    outer loop
      vertex 86.7781 -1.98546 0
      vertex 86.56 -1.94207 1.6
      vertex 86.7781 -1.98546 1.6
    endloop
  endfacet
  facet normal 0.195122 0.980779 0
    outer loop
      vertex 86.56 -1.94207 1.6
      vertex 86.7781 -1.98546 0
      vertex 86.56 -1.94207 0
    endloop
  endfacet
  facet normal 0.442349 -0.896843 0
    outer loop
      vertex 86.15 1.17224 0
      vertex 86.3494 1.27059 1.6
      vertex 86.15 1.17224 1.6
    endloop
  endfacet
  facet normal 0.442349 -0.896843 0
    outer loop
      vertex 86.3494 1.27059 1.6
      vertex 86.15 1.17224 0
      vertex 86.3494 1.27059 0
    endloop
  endfacet
  facet normal 0.946901 -0.321526 0
    outer loop
      vertex 85.3579 0.139992 1.6
      vertex 85.4294 0.350561 0
      vertex 85.4294 0.350561 1.6
    endloop
  endfacet
  facet normal 0.946901 -0.321526 0
    outer loop
      vertex 85.4294 0.350561 0
      vertex 85.3579 0.139992 1.6
      vertex 85.3579 0.139992 0
    endloop
  endfacet
  facet normal 0.896787 0.442463 0
    outer loop
      vertex 85.5278 -1.15 1.6
      vertex 85.4294 -0.950562 0
      vertex 85.4294 -0.950562 1.6
    endloop
  endfacet
  facet normal 0.896787 0.442463 0
    outer loop
      vertex 85.4294 -0.950562 0
      vertex 85.5278 -1.15 1.6
      vertex 85.5278 -1.15 0
    endloop
  endfacet
  facet normal -0.896787 -0.442463 0
    outer loop
      vertex 88.5706 0.350561 0
      vertex 88.4722 0.549999 1.6
      vertex 88.4722 0.549999 0
    endloop
  endfacet
  facet normal -0.896787 -0.442463 0
    outer loop
      vertex 88.4722 0.549999 1.6
      vertex 88.5706 0.350561 0
      vertex 88.5706 0.350561 1.6
    endloop
  endfacet
  facet normal -0.98077 -0.195167 0
    outer loop
      vertex 88.6855 -0.078105 0
      vertex 88.6421 0.139992 1.6
      vertex 88.6421 0.139992 0
    endloop
  endfacet
  facet normal -0.98077 -0.195167 0
    outer loop
      vertex 88.6421 0.139992 1.6
      vertex 88.6855 -0.078105 0
      vertex 88.6855 -0.078105 1.6
    endloop
  endfacet
  facet normal -0.831559 -0.555437 0
    outer loop
      vertex 88.4722 0.549999 0
      vertex 88.3487 0.734894 1.6
      vertex 88.3487 0.734894 0
    endloop
  endfacet
  facet normal -0.831559 -0.555437 0
    outer loop
      vertex 88.3487 0.734894 1.6
      vertex 88.4722 0.549999 0
      vertex 88.4722 0.549999 1.6
    endloop
  endfacet
  facet normal -0.321403 -0.946943 0
    outer loop
      vertex 87.44 1.34207 0
      vertex 87.6506 1.27059 1.6
      vertex 87.44 1.34207 1.6
    endloop
  endfacet
  facet normal -0.321403 -0.946943 -0
    outer loop
      vertex 87.6506 1.27059 1.6
      vertex 87.44 1.34207 0
      vertex 87.6506 1.27059 0
    endloop
  endfacet
  facet normal -0.0653848 -0.99786 0
    outer loop
      vertex 87 1.4 0
      vertex 87.2219 1.38546 1.6
      vertex 87 1.4 1.6
    endloop
  endfacet
  facet normal -0.0653848 -0.99786 -0
    outer loop
      vertex 87.2219 1.38546 1.6
      vertex 87 1.4 0
      vertex 87.2219 1.38546 0
    endloop
  endfacet
  facet normal 0.997872 0.0652071 0
    outer loop
      vertex 85.3145 -0.521894 1.6
      vertex 85.3 -0.299999 0
      vertex 85.3 -0.299999 1.6
    endloop
  endfacet
  facet normal 0.997872 0.0652071 0
    outer loop
      vertex 85.3 -0.299999 0
      vertex 85.3145 -0.521894 1.6
      vertex 85.3145 -0.521894 0
    endloop
  endfacet
  facet normal 0.831559 -0.555437 0
    outer loop
      vertex 85.5278 0.549999 1.6
      vertex 85.6513 0.734894 0
      vertex 85.6513 0.734894 1.6
    endloop
  endfacet
  facet normal 0.831559 -0.555437 0
    outer loop
      vertex 85.6513 0.734894 0
      vertex 85.5278 0.549999 1.6
      vertex 85.5278 0.549999 0
    endloop
  endfacet
  facet normal 0.195122 -0.980779 0
    outer loop
      vertex 86.56 1.34207 0
      vertex 86.7781 1.38546 1.6
      vertex 86.56 1.34207 1.6
    endloop
  endfacet
  facet normal 0.195122 -0.980779 0
    outer loop
      vertex 86.7781 1.38546 1.6
      vertex 86.56 1.34207 0
      vertex 86.7781 1.38546 0
    endloop
  endfacet
  facet normal 0.751882 -0.659297 0
    outer loop
      vertex 85.6513 0.734894 1.6
      vertex 85.7979 0.902081 0
      vertex 85.7979 0.902081 1.6
    endloop
  endfacet
  facet normal 0.751882 -0.659297 0
    outer loop
      vertex 85.7979 0.902081 0
      vertex 85.6513 0.734894 1.6
      vertex 85.6513 0.734894 0
    endloop
  endfacet
  facet normal -0.997872 -0.0652074 0
    outer loop
      vertex 88.7 -0.299999 0
      vertex 88.6855 -0.078105 1.6
      vertex 88.6855 -0.078105 0
    endloop
  endfacet
  facet normal -0.997872 -0.0652074 0
    outer loop
      vertex 88.6855 -0.078105 1.6
      vertex 88.7 -0.299999 0
      vertex 88.7 -0.299999 1.6
    endloop
  endfacet
  facet normal -0.195122 0.980779 0
    outer loop
      vertex 87.44 -1.94207 0
      vertex 87.2219 -1.98546 1.6
      vertex 87.44 -1.94207 1.6
    endloop
  endfacet
  facet normal -0.195122 0.980779 0
    outer loop
      vertex 87.2219 -1.98546 1.6
      vertex 87.44 -1.94207 0
      vertex 87.2219 -1.98546 0
    endloop
  endfacet
  facet normal -0.442349 0.896843 0
    outer loop
      vertex 87.85 -1.77224 0
      vertex 87.6506 -1.87059 1.6
      vertex 87.85 -1.77224 1.6
    endloop
  endfacet
  facet normal -0.442349 0.896843 0
    outer loop
      vertex 87.6506 -1.87059 1.6
      vertex 87.85 -1.77224 0
      vertex 87.6506 -1.87059 0
    endloop
  endfacet
  facet normal -0.555551 0.831483 0
    outer loop
      vertex 88.0349 -1.6487 0
      vertex 87.85 -1.77224 1.6
      vertex 88.0349 -1.6487 1.6
    endloop
  endfacet
  facet normal -0.555551 0.831483 0
    outer loop
      vertex 87.85 -1.77224 1.6
      vertex 88.0349 -1.6487 0
      vertex 87.85 -1.77224 0
    endloop
  endfacet
  facet normal -0.831552 0.555447 0
    outer loop
      vertex 88.3487 -1.33489 0
      vertex 88.4722 -1.15 1.6
      vertex 88.4722 -1.15 0
    endloop
  endfacet
  facet normal -0.831552 0.555447 0
    outer loop
      vertex 88.4722 -1.15 1.6
      vertex 88.3487 -1.33489 0
      vertex 88.3487 -1.33489 1.6
    endloop
  endfacet
  facet normal 0.0653848 0.99786 -0
    outer loop
      vertex 87 -2 0
      vertex 86.7781 -1.98546 1.6
      vertex 87 -2 1.6
    endloop
  endfacet
  facet normal 0.0653848 0.99786 0
    outer loop
      vertex 86.7781 -1.98546 1.6
      vertex 87 -2 0
      vertex 86.7781 -1.98546 0
    endloop
  endfacet
  facet normal 0.555551 0.831483 -0
    outer loop
      vertex 86.15 -1.77224 0
      vertex 85.9651 -1.6487 1.6
      vertex 86.15 -1.77224 1.6
    endloop
  endfacet
  facet normal 0.555551 0.831483 0
    outer loop
      vertex 85.9651 -1.6487 1.6
      vertex 86.15 -1.77224 0
      vertex 85.9651 -1.6487 0
    endloop
  endfacet
  facet normal 0.831552 0.555447 0
    outer loop
      vertex 85.6513 -1.33489 1.6
      vertex 85.5278 -1.15 0
      vertex 85.5278 -1.15 1.6
    endloop
  endfacet
  facet normal 0.831552 0.555447 0
    outer loop
      vertex 85.5278 -1.15 0
      vertex 85.6513 -1.33489 1.6
      vertex 85.6513 -1.33489 0
    endloop
  endfacet
  facet normal 0.98077 0.195167 0
    outer loop
      vertex 85.3579 -0.739992 1.6
      vertex 85.3145 -0.521894 0
      vertex 85.3145 -0.521894 1.6
    endloop
  endfacet
  facet normal 0.98077 0.195167 0
    outer loop
      vertex 85.3145 -0.521894 0
      vertex 85.3579 -0.739992 1.6
      vertex 85.3579 -0.739992 0
    endloop
  endfacet
  facet normal -0.946901 -0.321526 0
    outer loop
      vertex 88.6421 0.139992 0
      vertex 88.5706 0.350561 1.6
      vertex 88.5706 0.350561 0
    endloop
  endfacet
  facet normal -0.946901 -0.321526 0
    outer loop
      vertex 88.5706 0.350561 1.6
      vertex 88.6421 0.139992 0
      vertex 88.6421 0.139992 1.6
    endloop
  endfacet
  facet normal -0.751882 -0.659297 0
    outer loop
      vertex 88.3487 0.734894 0
      vertex 88.2021 0.902081 1.6
      vertex 88.2021 0.902081 0
    endloop
  endfacet
  facet normal -0.751882 -0.659297 0
    outer loop
      vertex 88.2021 0.902081 1.6
      vertex 88.3487 0.734894 0
      vertex 88.3487 0.734894 1.6
    endloop
  endfacet
  facet normal -0.659317 -0.751865 0
    outer loop
      vertex 88.0349 1.0487 0
      vertex 88.2021 0.902081 1.6
      vertex 88.0349 1.0487 1.6
    endloop
  endfacet
  facet normal -0.659317 -0.751865 -0
    outer loop
      vertex 88.2021 0.902081 1.6
      vertex 88.0349 1.0487 0
      vertex 88.2021 0.902081 0
    endloop
  endfacet
  facet normal 0.0653848 -0.99786 0
    outer loop
      vertex 86.7781 1.38546 0
      vertex 87 1.4 1.6
      vertex 86.7781 1.38546 1.6
    endloop
  endfacet
  facet normal 0.0653848 -0.99786 0
    outer loop
      vertex 87 1.4 1.6
      vertex 86.7781 1.38546 0
      vertex 87 1.4 0
    endloop
  endfacet
  facet normal -0.442349 -0.896843 0
    outer loop
      vertex 87.6506 1.27059 0
      vertex 87.85 1.17224 1.6
      vertex 87.6506 1.27059 1.6
    endloop
  endfacet
  facet normal -0.442349 -0.896843 -0
    outer loop
      vertex 87.85 1.17224 1.6
      vertex 87.6506 1.27059 0
      vertex 87.85 1.17224 0
    endloop
  endfacet
  facet normal -0.195122 -0.980779 0
    outer loop
      vertex 87.2219 1.38546 0
      vertex 87.44 1.34207 1.6
      vertex 87.2219 1.38546 1.6
    endloop
  endfacet
  facet normal -0.195122 -0.980779 -0
    outer loop
      vertex 87.44 1.34207 1.6
      vertex 87.2219 1.38546 0
      vertex 87.44 1.34207 0
    endloop
  endfacet
  facet normal 0.98077 -0.195167 0
    outer loop
      vertex 85.3145 -0.078105 1.6
      vertex 85.3579 0.139992 0
      vertex 85.3579 0.139992 1.6
    endloop
  endfacet
  facet normal 0.98077 -0.195167 0
    outer loop
      vertex 85.3579 0.139992 0
      vertex 85.3145 -0.078105 1.6
      vertex 85.3145 -0.078105 0
    endloop
  endfacet
  facet normal 0.997872 -0.0652074 0
    outer loop
      vertex 85.3 -0.299999 1.6
      vertex 85.3145 -0.078105 0
      vertex 85.3145 -0.078105 1.6
    endloop
  endfacet
  facet normal 0.997872 -0.0652074 0
    outer loop
      vertex 85.3145 -0.078105 0
      vertex 85.3 -0.299999 1.6
      vertex 85.3 -0.299999 0
    endloop
  endfacet
  facet normal 0.896787 -0.442463 0
    outer loop
      vertex 85.4294 0.350561 1.6
      vertex 85.5278 0.549999 0
      vertex 85.5278 0.549999 1.6
    endloop
  endfacet
  facet normal 0.896787 -0.442463 0
    outer loop
      vertex 85.5278 0.549999 0
      vertex 85.4294 0.350561 1.6
      vertex 85.4294 0.350561 0
    endloop
  endfacet
  facet normal 0.321403 -0.946943 0
    outer loop
      vertex 86.3494 1.27059 0
      vertex 86.56 1.34207 1.6
      vertex 86.3494 1.27059 1.6
    endloop
  endfacet
  facet normal 0.321403 -0.946943 0
    outer loop
      vertex 86.56 1.34207 1.6
      vertex 86.3494 1.27059 0
      vertex 86.56 1.34207 0
    endloop
  endfacet
  facet normal 0.659317 -0.751865 0
    outer loop
      vertex 85.7979 0.902081 0
      vertex 85.9651 1.0487 1.6
      vertex 85.7979 0.902081 1.6
    endloop
  endfacet
  facet normal 0.659317 -0.751865 0
    outer loop
      vertex 85.9651 1.0487 1.6
      vertex 85.7979 0.902081 0
      vertex 85.9651 1.0487 0
    endloop
  endfacet
  facet normal 0.555551 -0.831483 0
    outer loop
      vertex 85.9651 1.0487 0
      vertex 86.15 1.17224 1.6
      vertex 85.9651 1.0487 1.6
    endloop
  endfacet
  facet normal 0.555551 -0.831483 0
    outer loop
      vertex 86.15 1.17224 1.6
      vertex 85.9651 1.0487 0
      vertex 86.15 1.17224 0
    endloop
  endfacet
  facet normal -0.98077 0.195167 0
    outer loop
      vertex 88.6421 -0.739992 0
      vertex 88.6855 -0.521894 1.6
      vertex 88.6855 -0.521894 0
    endloop
  endfacet
  facet normal -0.98077 0.195167 0
    outer loop
      vertex 88.6855 -0.521894 1.6
      vertex 88.6421 -0.739992 0
      vertex 88.6421 -0.739992 1.6
    endloop
  endfacet
  facet normal -0.321403 0.946943 0
    outer loop
      vertex 87.6506 -1.87059 0
      vertex 87.44 -1.94207 1.6
      vertex 87.6506 -1.87059 1.6
    endloop
  endfacet
  facet normal -0.321403 0.946943 0
    outer loop
      vertex 87.44 -1.94207 1.6
      vertex 87.6506 -1.87059 0
      vertex 87.44 -1.94207 0
    endloop
  endfacet
  facet normal -0.659319 0.751863 0
    outer loop
      vertex 88.2021 -1.50208 0
      vertex 88.0349 -1.6487 1.6
      vertex 88.2021 -1.50208 1.6
    endloop
  endfacet
  facet normal -0.659319 0.751863 0
    outer loop
      vertex 88.0349 -1.6487 1.6
      vertex 88.2021 -1.50208 0
      vertex 88.0349 -1.6487 0
    endloop
  endfacet
  facet normal -0.946901 0.321525 0
    outer loop
      vertex 88.5706 -0.950562 0
      vertex 88.6421 -0.739992 1.6
      vertex 88.6421 -0.739992 0
    endloop
  endfacet
  facet normal -0.946901 0.321525 0
    outer loop
      vertex 88.6421 -0.739992 1.6
      vertex 88.5706 -0.950562 0
      vertex 88.5706 -0.950562 1.6
    endloop
  endfacet
  facet normal -0.0653848 0.99786 0
    outer loop
      vertex 87.2219 -1.98546 0
      vertex 87 -2 1.6
      vertex 87.2219 -1.98546 1.6
    endloop
  endfacet
  facet normal -0.0653848 0.99786 0
    outer loop
      vertex 87 -2 1.6
      vertex 87.2219 -1.98546 0
      vertex 87 -2 0
    endloop
  endfacet
  facet normal 0.321403 0.946943 -0
    outer loop
      vertex 86.56 -1.94207 0
      vertex 86.3494 -1.87059 1.6
      vertex 86.56 -1.94207 1.6
    endloop
  endfacet
  facet normal 0.321403 0.946943 0
    outer loop
      vertex 86.3494 -1.87059 1.6
      vertex 86.56 -1.94207 0
      vertex 86.3494 -1.87059 0
    endloop
  endfacet
  facet normal 0.946901 0.321525 0
    outer loop
      vertex 85.4294 -0.950562 1.6
      vertex 85.3579 -0.739992 0
      vertex 85.3579 -0.739992 1.6
    endloop
  endfacet
  facet normal 0.946901 0.321525 0
    outer loop
      vertex 85.3579 -0.739992 0
      vertex 85.4294 -0.950562 1.6
      vertex 85.4294 -0.950562 0
    endloop
  endfacet
  facet normal 0.751888 0.659291 0
    outer loop
      vertex 85.7979 -1.50208 1.6
      vertex 85.6513 -1.33489 0
      vertex 85.6513 -1.33489 1.6
    endloop
  endfacet
  facet normal 0.751888 0.659291 0
    outer loop
      vertex 85.6513 -1.33489 0
      vertex 85.7979 -1.50208 1.6
      vertex 85.7979 -1.50208 0
    endloop
  endfacet
  facet normal 0.659319 0.751863 -0
    outer loop
      vertex 85.9651 -1.6487 0
      vertex 85.7979 -1.50208 1.6
      vertex 85.9651 -1.6487 1.6
    endloop
  endfacet
  facet normal 0.659319 0.751863 0
    outer loop
      vertex 85.7979 -1.50208 1.6
      vertex 85.9651 -1.6487 0
      vertex 85.7979 -1.50208 0
    endloop
  endfacet
  facet normal -0.997872 0.0652071 0
    outer loop
      vertex 88.6855 -0.521894 0
      vertex 88.7 -0.299999 1.6
      vertex 88.7 -0.299999 0
    endloop
  endfacet
  facet normal -0.997872 0.0652071 0
    outer loop
      vertex 88.7 -0.299999 1.6
      vertex 88.6855 -0.521894 0
      vertex 88.6855 -0.521894 1.6
    endloop
  endfacet
  facet normal -0.751888 0.659291 0
    outer loop
      vertex 88.2021 -1.50208 0
      vertex 88.3487 -1.33489 1.6
      vertex 88.3487 -1.33489 0
    endloop
  endfacet
  facet normal -0.751888 0.659291 0
    outer loop
      vertex 88.3487 -1.33489 1.6
      vertex 88.2021 -1.50208 0
      vertex 88.2021 -1.50208 1.6
    endloop
  endfacet
  facet normal -0.896787 0.442463 0
    outer loop
      vertex 88.4722 -1.15 0
      vertex 88.5706 -0.950562 1.6
      vertex 88.5706 -0.950562 0
    endloop
  endfacet
  facet normal -0.896787 0.442463 0
    outer loop
      vertex 88.5706 -0.950562 1.6
      vertex 88.4722 -1.15 0
      vertex 88.4722 -1.15 1.6
    endloop
  endfacet
  facet normal 0.442349 0.896843 -0
    outer loop
      vertex 86.3494 -1.87059 0
      vertex 86.15 -1.77224 1.6
      vertex 86.3494 -1.87059 1.6
    endloop
  endfacet
  facet normal 0.442349 0.896843 0
    outer loop
      vertex 86.15 -1.77224 1.6
      vertex 86.3494 -1.87059 0
      vertex 86.15 -1.77224 0
    endloop
  endfacet
  facet normal -0.555212 0.831709 0
    outer loop
      vertex 37.3088 10.0066 0
      vertex 37.2 9.93397 1
      vertex 37.3088 10.0066 1
    endloop
  endfacet
  facet normal -0.555212 0.831709 0
    outer loop
      vertex 37.2 9.93397 1
      vertex 37.3088 10.0066 0
      vertex 37.2 9.93397 0
    endloop
  endfacet
  facet normal 0 1 -0
    outer loop
      vertex 36.7 9.8 0
      vertex 14.7 9.8 1
      vertex 36.7 9.8 1
    endloop
  endfacet
  facet normal 0 1 0
    outer loop
      vertex 14.7 9.8 1
      vertex 36.7 9.8 0
      vertex 14.7 9.8 0
    endloop
  endfacet
  facet normal 0.831815 0.555053 0
    outer loop
      vertex 13.9066 10.1912 1
      vertex 13.834 10.3 0
      vertex 13.834 10.3 1
    endloop
  endfacet
  facet normal 0.831815 0.555053 0
    outer loop
      vertex 13.834 10.3 0
      vertex 13.9066 10.1912 1
      vertex 13.9066 10.1912 0
    endloop
  endfacet
  facet normal 1 -0 0
    outer loop
      vertex 13.7 10.8 1
      vertex 13.7 21.9 0
      vertex 13.7 21.9 1
    endloop
  endfacet
  facet normal 1 0 0
    outer loop
      vertex 13.7 21.9 0
      vertex 13.7 10.8 1
      vertex 13.7 10.8 0
    endloop
  endfacet
  facet normal 0 -1 0
    outer loop
      vertex 14.7 22.9 0
      vertex 36.7 22.9 1
      vertex 14.7 22.9 1
    endloop
  endfacet
  facet normal 0 -1 -0
    outer loop
      vertex 36.7 22.9 1
      vertex 14.7 22.9 0
      vertex 36.7 22.9 0
    endloop
  endfacet
  facet normal 0.555212 0.831709 -0
    outer loop
      vertex 14.2 9.93397 0
      vertex 14.0912 10.0066 1
      vertex 14.2 9.93397 1
    endloop
  endfacet
  facet normal 0.555212 0.831709 0
    outer loop
      vertex 14.0912 10.0066 1
      vertex 14.2 9.93397 0
      vertex 14.0912 10.0066 0
    endloop
  endfacet
  facet normal -1 0 0
    outer loop
      vertex 37.7 10.8 0
      vertex 37.7 21.9 1
      vertex 37.7 21.9 0
    endloop
  endfacet
  facet normal -1 -0 0
    outer loop
      vertex 37.7 21.9 1
      vertex 37.7 10.8 0
      vertex 37.7 10.8 1
    endloop
  endfacet
  facet normal 0.321382 0.94695 -0
    outer loop
      vertex 14.4412 9.83407 0
      vertex 14.3173 9.87612 1
      vertex 14.4412 9.83407 1
    endloop
  endfacet
  facet normal 0.321382 0.94695 0
    outer loop
      vertex 14.3173 9.87612 1
      vertex 14.4412 9.83407 0
      vertex 14.3173 9.87612 0
    endloop
  endfacet
  facet normal 0.997836 0.0657577 0
    outer loop
      vertex 13.7086 10.6695 1
      vertex 13.7 10.8 0
      vertex 13.7 10.8 1
    endloop
  endfacet
  facet normal 0.997836 0.0657577 0
    outer loop
      vertex 13.7 10.8 0
      vertex 13.7086 10.6695 1
      vertex 13.7086 10.6695 0
    endloop
  endfacet
  facet normal 0.947066 0.321039 0
    outer loop
      vertex 13.7761 10.4173 1
      vertex 13.7341 10.5412 0
      vertex 13.7341 10.5412 1
    endloop
  endfacet
  facet normal 0.947066 0.321039 0
    outer loop
      vertex 13.7341 10.5412 0
      vertex 13.7761 10.4173 1
      vertex 13.7761 10.4173 0
    endloop
  endfacet
  facet normal 0.896709 0.442621 0
    outer loop
      vertex 13.834 10.3 1
      vertex 13.7761 10.4173 0
      vertex 13.7761 10.4173 1
    endloop
  endfacet
  facet normal 0.896709 0.442621 0
    outer loop
      vertex 13.7761 10.4173 0
      vertex 13.834 10.3 1
      vertex 13.834 10.3 0
    endloop
  endfacet
  facet normal 0.659749 -0.751486 0
    outer loop
      vertex 13.9929 22.6071 0
      vertex 14.0912 22.6934 1
      vertex 13.9929 22.6071 1
    endloop
  endfacet
  facet normal 0.659749 -0.751486 0
    outer loop
      vertex 14.0912 22.6934 1
      vertex 13.9929 22.6071 0
      vertex 14.0912 22.6934 0
    endloop
  endfacet
  facet normal 0.980815 -0.19494 0
    outer loop
      vertex 13.7086 22.0305 1
      vertex 13.7341 22.1588 0
      vertex 13.7341 22.1588 1
    endloop
  endfacet
  facet normal 0.980815 -0.19494 0
    outer loop
      vertex 13.7341 22.1588 0
      vertex 13.7086 22.0305 1
      vertex 13.7086 22.0305 0
    endloop
  endfacet
  facet normal 0.997836 -0.0657577 0
    outer loop
      vertex 13.7 21.9 1
      vertex 13.7086 22.0305 0
      vertex 13.7086 22.0305 1
    endloop
  endfacet
  facet normal 0.997836 -0.0657577 0
    outer loop
      vertex 13.7086 22.0305 0
      vertex 13.7 21.9 1
      vertex 13.7 21.9 0
    endloop
  endfacet
  facet normal -0.0657577 -0.997836 0
    outer loop
      vertex 36.7 22.9 0
      vertex 36.8305 22.8914 1
      vertex 36.7 22.9 1
    endloop
  endfacet
  facet normal -0.0657577 -0.997836 -0
    outer loop
      vertex 36.8305 22.8914 1
      vertex 36.7 22.9 0
      vertex 36.8305 22.8914 0
    endloop
  endfacet
  facet normal 0.442314 0.89686 -0
    outer loop
      vertex 14.3173 9.87612 0
      vertex 14.2 9.93397 1
      vertex 14.3173 9.87612 1
    endloop
  endfacet
  facet normal 0.442314 0.89686 0
    outer loop
      vertex 14.2 9.93397 1
      vertex 14.3173 9.87612 0
      vertex 14.2 9.93397 0
    endloop
  endfacet
  facet normal -0.0653771 0.997861 0
    outer loop
      vertex 36.8305 9.80855 0
      vertex 36.7 9.8 1
      vertex 36.8305 9.80855 1
    endloop
  endfacet
  facet normal -0.0653771 0.997861 0
    outer loop
      vertex 36.7 9.8 1
      vertex 36.8305 9.80855 0
      vertex 36.7 9.8 0
    endloop
  endfacet
  facet normal 0.751486 0.659749 0
    outer loop
      vertex 13.9929 10.0929 1
      vertex 13.9066 10.1912 0
      vertex 13.9066 10.1912 1
    endloop
  endfacet
  facet normal 0.751486 0.659749 0
    outer loop
      vertex 13.9066 10.1912 0
      vertex 13.9929 10.0929 1
      vertex 13.9929 10.0929 0
    endloop
  endfacet
  facet normal 0.659749 0.751486 -0
    outer loop
      vertex 14.0912 10.0066 0
      vertex 13.9929 10.0929 1
      vertex 14.0912 10.0066 1
    endloop
  endfacet
  facet normal 0.659749 0.751486 0
    outer loop
      vertex 13.9929 10.0929 1
      vertex 14.0912 10.0066 0
      vertex 13.9929 10.0929 0
    endloop
  endfacet
  facet normal 0.980815 0.19494 0
    outer loop
      vertex 13.7341 10.5412 1
      vertex 13.7086 10.6695 0
      vertex 13.7086 10.6695 1
    endloop
  endfacet
  facet normal 0.980815 0.19494 0
    outer loop
      vertex 13.7086 10.6695 0
      vertex 13.7341 10.5412 1
      vertex 13.7341 10.5412 0
    endloop
  endfacet
  facet normal -0.321039 -0.947066 0
    outer loop
      vertex 36.9588 22.8659 0
      vertex 37.0827 22.8239 1
      vertex 36.9588 22.8659 1
    endloop
  endfacet
  facet normal -0.321039 -0.947066 -0
    outer loop
      vertex 37.0827 22.8239 1
      vertex 36.9588 22.8659 0
      vertex 37.0827 22.8239 0
    endloop
  endfacet
  facet normal 0.555053 -0.831815 0
    outer loop
      vertex 14.0912 22.6934 0
      vertex 14.2 22.766 1
      vertex 14.0912 22.6934 1
    endloop
  endfacet
  facet normal 0.555053 -0.831815 0
    outer loop
      vertex 14.2 22.766 1
      vertex 14.0912 22.6934 0
      vertex 14.2 22.766 0
    endloop
  endfacet
  facet normal 0.831815 -0.555053 0
    outer loop
      vertex 13.834 22.4 1
      vertex 13.9066 22.5088 0
      vertex 13.9066 22.5088 1
    endloop
  endfacet
  facet normal 0.831815 -0.555053 0
    outer loop
      vertex 13.9066 22.5088 0
      vertex 13.834 22.4 1
      vertex 13.834 22.4 0
    endloop
  endfacet
  facet normal -0.19494 -0.980815 0
    outer loop
      vertex 36.8305 22.8914 0
      vertex 36.9588 22.8659 1
      vertex 36.8305 22.8914 1
    endloop
  endfacet
  facet normal -0.19494 -0.980815 -0
    outer loop
      vertex 36.9588 22.8659 1
      vertex 36.8305 22.8914 0
      vertex 36.9588 22.8659 0
    endloop
  endfacet
  facet normal -0.997836 0.0657577 0
    outer loop
      vertex 37.6914 10.6695 0
      vertex 37.7 10.8 1
      vertex 37.7 10.8 0
    endloop
  endfacet
  facet normal -0.997836 0.0657577 0
    outer loop
      vertex 37.7 10.8 1
      vertex 37.6914 10.6695 0
      vertex 37.6914 10.6695 1
    endloop
  endfacet
  facet normal -0.896709 0.442621 0
    outer loop
      vertex 37.566 10.3 0
      vertex 37.6239 10.4173 1
      vertex 37.6239 10.4173 0
    endloop
  endfacet
  facet normal -0.896709 0.442621 0
    outer loop
      vertex 37.6239 10.4173 1
      vertex 37.566 10.3 0
      vertex 37.566 10.3 1
    endloop
  endfacet
  facet normal -0.997836 -0.0657577 0
    outer loop
      vertex 37.7 21.9 0
      vertex 37.6914 22.0305 1
      vertex 37.6914 22.0305 0
    endloop
  endfacet
  facet normal -0.997836 -0.0657577 0
    outer loop
      vertex 37.6914 22.0305 1
      vertex 37.7 21.9 0
      vertex 37.7 21.9 1
    endloop
  endfacet
  facet normal -0.659749 -0.751486 0
    outer loop
      vertex 37.3088 22.6934 0
      vertex 37.4071 22.6071 1
      vertex 37.3088 22.6934 1
    endloop
  endfacet
  facet normal -0.659749 -0.751486 -0
    outer loop
      vertex 37.4071 22.6071 1
      vertex 37.3088 22.6934 0
      vertex 37.4071 22.6071 0
    endloop
  endfacet
  facet normal 0.195087 0.980786 -0
    outer loop
      vertex 14.5695 9.80855 0
      vertex 14.4412 9.83407 1
      vertex 14.5695 9.80855 1
    endloop
  endfacet
  facet normal 0.195087 0.980786 0
    outer loop
      vertex 14.4412 9.83407 1
      vertex 14.5695 9.80855 0
      vertex 14.4412 9.83407 0
    endloop
  endfacet
  facet normal 0.0653771 0.997861 -0
    outer loop
      vertex 14.7 9.8 0
      vertex 14.5695 9.80855 1
      vertex 14.7 9.8 1
    endloop
  endfacet
  facet normal 0.0653771 0.997861 0
    outer loop
      vertex 14.5695 9.80855 1
      vertex 14.7 9.8 0
      vertex 14.5695 9.80855 0
    endloop
  endfacet
  facet normal 0.19494 -0.980815 0
    outer loop
      vertex 14.4412 22.8659 0
      vertex 14.5695 22.8914 1
      vertex 14.4412 22.8659 1
    endloop
  endfacet
  facet normal 0.19494 -0.980815 0
    outer loop
      vertex 14.5695 22.8914 1
      vertex 14.4412 22.8659 0
      vertex 14.5695 22.8914 0
    endloop
  endfacet
  facet normal 0.0657577 -0.997836 0
    outer loop
      vertex 14.5695 22.8914 0
      vertex 14.7 22.9 1
      vertex 14.5695 22.8914 1
    endloop
  endfacet
  facet normal 0.0657577 -0.997836 0
    outer loop
      vertex 14.7 22.9 1
      vertex 14.5695 22.8914 0
      vertex 14.7 22.9 0
    endloop
  endfacet
  facet normal 0.751486 -0.659749 0
    outer loop
      vertex 13.9066 22.5088 1
      vertex 13.9929 22.6071 0
      vertex 13.9929 22.6071 1
    endloop
  endfacet
  facet normal 0.751486 -0.659749 0
    outer loop
      vertex 13.9929 22.6071 0
      vertex 13.9066 22.5088 1
      vertex 13.9066 22.5088 0
    endloop
  endfacet
  facet normal 0.896709 -0.442621 0
    outer loop
      vertex 13.7761 22.2827 1
      vertex 13.834 22.4 0
      vertex 13.834 22.4 1
    endloop
  endfacet
  facet normal 0.896709 -0.442621 0
    outer loop
      vertex 13.834 22.4 0
      vertex 13.7761 22.2827 1
      vertex 13.7761 22.2827 0
    endloop
  endfacet
  facet normal -0.980815 0.19494 0
    outer loop
      vertex 37.6659 10.5412 0
      vertex 37.6914 10.6695 1
      vertex 37.6914 10.6695 0
    endloop
  endfacet
  facet normal -0.980815 0.19494 0
    outer loop
      vertex 37.6914 10.6695 1
      vertex 37.6659 10.5412 0
      vertex 37.6659 10.5412 1
    endloop
  endfacet
  facet normal -0.831815 0.555053 0
    outer loop
      vertex 37.4934 10.1912 0
      vertex 37.566 10.3 1
      vertex 37.566 10.3 0
    endloop
  endfacet
  facet normal -0.831815 0.555053 0
    outer loop
      vertex 37.566 10.3 1
      vertex 37.4934 10.1912 0
      vertex 37.4934 10.1912 1
    endloop
  endfacet
  facet normal -0.751486 0.659749 0
    outer loop
      vertex 37.4071 10.0929 0
      vertex 37.4934 10.1912 1
      vertex 37.4934 10.1912 0
    endloop
  endfacet
  facet normal -0.751486 0.659749 0
    outer loop
      vertex 37.4934 10.1912 1
      vertex 37.4071 10.0929 0
      vertex 37.4071 10.0929 1
    endloop
  endfacet
  facet normal -0.980815 -0.19494 0
    outer loop
      vertex 37.6914 22.0305 0
      vertex 37.6659 22.1588 1
      vertex 37.6659 22.1588 0
    endloop
  endfacet
  facet normal -0.980815 -0.19494 0
    outer loop
      vertex 37.6659 22.1588 1
      vertex 37.6914 22.0305 0
      vertex 37.6914 22.0305 1
    endloop
  endfacet
  facet normal -0.555053 -0.831815 0
    outer loop
      vertex 37.2 22.766 0
      vertex 37.3088 22.6934 1
      vertex 37.2 22.766 1
    endloop
  endfacet
  facet normal -0.555053 -0.831815 -0
    outer loop
      vertex 37.3088 22.6934 1
      vertex 37.2 22.766 0
      vertex 37.3088 22.6934 0
    endloop
  endfacet
  facet normal -0.831815 -0.555053 0
    outer loop
      vertex 37.566 22.4 0
      vertex 37.4934 22.5088 1
      vertex 37.4934 22.5088 0
    endloop
  endfacet
  facet normal -0.831815 -0.555053 0
    outer loop
      vertex 37.4934 22.5088 1
      vertex 37.566 22.4 0
      vertex 37.566 22.4 1
    endloop
  endfacet
  facet normal -0.195087 0.980786 0
    outer loop
      vertex 36.9588 9.83407 0
      vertex 36.8305 9.80855 1
      vertex 36.9588 9.83407 1
    endloop
  endfacet
  facet normal -0.195087 0.980786 0
    outer loop
      vertex 36.8305 9.80855 1
      vertex 36.9588 9.83407 0
      vertex 36.8305 9.80855 0
    endloop
  endfacet
  facet normal -0.442314 0.89686 0
    outer loop
      vertex 37.2 9.93397 0
      vertex 37.0827 9.87612 1
      vertex 37.2 9.93397 1
    endloop
  endfacet
  facet normal -0.442314 0.89686 0
    outer loop
      vertex 37.0827 9.87612 1
      vertex 37.2 9.93397 0
      vertex 37.0827 9.87612 0
    endloop
  endfacet
  facet normal -0.321382 0.94695 0
    outer loop
      vertex 37.0827 9.87612 0
      vertex 36.9588 9.83407 1
      vertex 37.0827 9.87612 1
    endloop
  endfacet
  facet normal -0.321382 0.94695 0
    outer loop
      vertex 36.9588 9.83407 1
      vertex 37.0827 9.87612 0
      vertex 36.9588 9.83407 0
    endloop
  endfacet
  facet normal 0.442621 -0.896709 0
    outer loop
      vertex 14.2 22.766 0
      vertex 14.3173 22.8239 1
      vertex 14.2 22.766 1
    endloop
  endfacet
  facet normal 0.442621 -0.896709 0
    outer loop
      vertex 14.3173 22.8239 1
      vertex 14.2 22.766 0
      vertex 14.3173 22.8239 0
    endloop
  endfacet
  facet normal 0.321039 -0.947066 0
    outer loop
      vertex 14.3173 22.8239 0
      vertex 14.4412 22.8659 1
      vertex 14.3173 22.8239 1
    endloop
  endfacet
  facet normal 0.321039 -0.947066 0
    outer loop
      vertex 14.4412 22.8659 1
      vertex 14.3173 22.8239 0
      vertex 14.4412 22.8659 0
    endloop
  endfacet
  facet normal 0.947066 -0.321039 0
    outer loop
      vertex 13.7341 22.1588 1
      vertex 13.7761 22.2827 0
      vertex 13.7761 22.2827 1
    endloop
  endfacet
  facet normal 0.947066 -0.321039 0
    outer loop
      vertex 13.7761 22.2827 0
      vertex 13.7341 22.1588 1
      vertex 13.7341 22.1588 0
    endloop
  endfacet
  facet normal -0.659749 0.751486 0
    outer loop
      vertex 37.4071 10.0929 0
      vertex 37.3088 10.0066 1
      vertex 37.4071 10.0929 1
    endloop
  endfacet
  facet normal -0.659749 0.751486 0
    outer loop
      vertex 37.3088 10.0066 1
      vertex 37.4071 10.0929 0
      vertex 37.3088 10.0066 0
    endloop
  endfacet
  facet normal -0.947066 0.321039 0
    outer loop
      vertex 37.6239 10.4173 0
      vertex 37.6659 10.5412 1
      vertex 37.6659 10.5412 0
    endloop
  endfacet
  facet normal -0.947066 0.321039 0
    outer loop
      vertex 37.6659 10.5412 1
      vertex 37.6239 10.4173 0
      vertex 37.6239 10.4173 1
    endloop
  endfacet
  facet normal -0.442621 -0.896709 0
    outer loop
      vertex 37.0827 22.8239 0
      vertex 37.2 22.766 1
      vertex 37.0827 22.8239 1
    endloop
  endfacet
  facet normal -0.442621 -0.896709 -0
    outer loop
      vertex 37.2 22.766 1
      vertex 37.0827 22.8239 0
      vertex 37.2 22.766 0
    endloop
  endfacet
  facet normal -0.751486 -0.659749 0
    outer loop
      vertex 37.4934 22.5088 0
      vertex 37.4071 22.6071 1
      vertex 37.4071 22.6071 0
    endloop
  endfacet
  facet normal -0.751486 -0.659749 0
    outer loop
      vertex 37.4071 22.6071 1
      vertex 37.4934 22.5088 0
      vertex 37.4934 22.5088 1
    endloop
  endfacet
  facet normal -0.896709 -0.442621 0
    outer loop
      vertex 37.6239 22.2827 0
      vertex 37.566 22.4 1
      vertex 37.566 22.4 0
    endloop
  endfacet
  facet normal -0.896709 -0.442621 0
    outer loop
      vertex 37.566 22.4 1
      vertex 37.6239 22.2827 0
      vertex 37.6239 22.2827 1
    endloop
  endfacet
  facet normal -0.947066 -0.321039 0
    outer loop
      vertex 37.6659 22.1588 0
      vertex 37.6239 22.2827 1
      vertex 37.6239 22.2827 0
    endloop
  endfacet
  facet normal -0.947066 -0.321039 0
    outer loop
      vertex 37.6239 22.2827 1
      vertex 37.6659 22.1588 0
      vertex 37.6659 22.1588 1
    endloop
  endfacet
  facet normal 0.0652336 -0.99787 0
    outer loop
      vertex 13.2042 24.8872 1
      vertex 13.4 24.9 1.6
      vertex 13.2042 24.8872 1.6
    endloop
  endfacet
  facet normal 0.0652336 -0.99787 0
    outer loop
      vertex 13.4 24.9 1.6
      vertex 13.2042 24.8872 1
      vertex 13.4 24.9 1
    endloop
  endfacet
  facet normal -1 0 0
    outer loop
      vertex 45.4 9.3 1
      vertex 45.4 23.4 1.6
      vertex 45.4 23.4 1
    endloop
  endfacet
  facet normal -1 -0 0
    outer loop
      vertex 45.4 23.4 1.6
      vertex 45.4 9.3 1
      vertex 45.4 9.3 1.6
    endloop
  endfacet
  facet normal 0 -1 0
    outer loop
      vertex 13.4 24.9 1
      vertex 43.9 24.9 1.6
      vertex 13.4 24.9 1.6
    endloop
  endfacet
  facet normal 0 -1 -0
    outer loop
      vertex 43.9 24.9 1.6
      vertex 13.4 24.9 1
      vertex 43.9 24.9 1
    endloop
  endfacet
  facet normal 0.0653858 0.99786 -0
    outer loop
      vertex 13.4 7.8 1
      vertex 13.2042 7.81283 1.6
      vertex 13.4 7.8 1.6
    endloop
  endfacet
  facet normal 0.0653858 0.99786 0
    outer loop
      vertex 13.2042 7.81283 1.6
      vertex 13.4 7.8 1
      vertex 13.2042 7.81283 1
    endloop
  endfacet
  facet normal 0.980764 0.195195 0
    outer loop
      vertex 11.9511 8.91177 1.6
      vertex 11.9128 9.10421 1
      vertex 11.9128 9.10421 1.6
    endloop
  endfacet
  facet normal 0.980764 0.195195 0
    outer loop
      vertex 11.9128 9.10421 1
      vertex 11.9511 8.91177 1.6
      vertex 11.9511 8.91177 1
    endloop
  endfacet
  facet normal 0.195234 -0.980757 0
    outer loop
      vertex 13.0118 24.8489 1
      vertex 13.2042 24.8872 1.6
      vertex 13.0118 24.8489 1.6
    endloop
  endfacet
  facet normal 0.195234 -0.980757 0
    outer loop
      vertex 13.2042 24.8872 1.6
      vertex 13.0118 24.8489 1
      vertex 13.2042 24.8872 1
    endloop
  endfacet
  facet normal -0.946885 -0.321574 0
    outer loop
      vertex 45.3489 23.7882 1
      vertex 45.2858 23.974 1.6
      vertex 45.2858 23.974 1
    endloop
  endfacet
  facet normal -0.946885 -0.321574 0
    outer loop
      vertex 45.2858 23.974 1.6
      vertex 45.3489 23.7882 1
      vertex 45.3489 23.7882 1.6
    endloop
  endfacet
  facet normal 0.659139 0.752021 -0
    outer loop
      vertex 12.4869 8.10997 1
      vertex 12.3393 8.23934 1.6
      vertex 12.4869 8.10997 1.6
    endloop
  endfacet
  facet normal 0.659139 0.752021 0
    outer loop
      vertex 12.3393 8.23934 1.6
      vertex 12.4869 8.10997 1
      vertex 12.3393 8.23934 1
    endloop
  endfacet
  facet normal 0.321574 -0.946885 0
    outer loop
      vertex 12.826 24.7858 1
      vertex 13.0118 24.8489 1.6
      vertex 12.826 24.7858 1.6
    endloop
  endfacet
  facet normal 0.321574 -0.946885 0
    outer loop
      vertex 13.0118 24.8489 1.6
      vertex 12.826 24.7858 1
      vertex 13.0118 24.8489 1
    endloop
  endfacet
  facet normal 0 1 -0
    outer loop
      vertex 43.9 7.8 1
      vertex 13.4 7.8 1.6
      vertex 43.9 7.8 1.6
    endloop
  endfacet
  facet normal 0 1 0
    outer loop
      vertex 13.4 7.8 1.6
      vertex 43.9 7.8 1
      vertex 13.4 7.8 1
    endloop
  endfacet
  facet normal -0.89686 -0.442315 0
    outer loop
      vertex 45.2858 23.974 1
      vertex 45.199 24.15 1.6
      vertex 45.199 24.15 1
    endloop
  endfacet
  facet normal -0.89686 -0.442315 0
    outer loop
      vertex 45.199 24.15 1.6
      vertex 45.2858 23.974 1
      vertex 45.2858 23.974 1.6
    endloop
  endfacet
  facet normal -0.831422 -0.555641 0
    outer loop
      vertex 45.199 24.15 1
      vertex 45.09 24.3131 1.6
      vertex 45.09 24.3131 1
    endloop
  endfacet
  facet normal -0.831422 -0.555641 0
    outer loop
      vertex 45.09 24.3131 1.6
      vertex 45.199 24.15 1
      vertex 45.199 24.15 1.6
    endloop
  endfacet
  facet normal -0.555641 -0.831422 0
    outer loop
      vertex 44.65 24.699 1
      vertex 44.8131 24.59 1.6
      vertex 44.65 24.699 1.6
    endloop
  endfacet
  facet normal -0.555641 -0.831422 -0
    outer loop
      vertex 44.8131 24.59 1.6
      vertex 44.65 24.699 1
      vertex 44.8131 24.59 1
    endloop
  endfacet
  facet normal -0.442315 -0.89686 0
    outer loop
      vertex 44.474 24.7858 1
      vertex 44.65 24.699 1.6
      vertex 44.474 24.7858 1.6
    endloop
  endfacet
  facet normal -0.442315 -0.89686 -0
    outer loop
      vertex 44.65 24.699 1.6
      vertex 44.474 24.7858 1
      vertex 44.65 24.699 1
    endloop
  endfacet
  facet normal 0.658937 -0.752198 0
    outer loop
      vertex 12.3393 24.4607 1
      vertex 12.4869 24.59 1.6
      vertex 12.3393 24.4607 1.6
    endloop
  endfacet
  facet normal 0.658937 -0.752198 0
    outer loop
      vertex 12.4869 24.59 1.6
      vertex 12.3393 24.4607 1
      vertex 12.4869 24.59 1
    endloop
  endfacet
  facet normal 0.99787 0.0652369 0
    outer loop
      vertex 11.9128 9.10421 1.6
      vertex 11.9 9.3 1
      vertex 11.9 9.3 1.6
    endloop
  endfacet
  facet normal 0.99787 0.0652369 0
    outer loop
      vertex 11.9 9.3 1
      vertex 11.9128 9.10421 1.6
      vertex 11.9128 9.10421 1
    endloop
  endfacet
  facet normal -0.195136 0.980776 0
    outer loop
      vertex 44.2882 7.85111 1
      vertex 44.0958 7.81283 1.6
      vertex 44.2882 7.85111 1.6
    endloop
  endfacet
  facet normal -0.195136 0.980776 0
    outer loop
      vertex 44.0958 7.81283 1.6
      vertex 44.2882 7.85111 1
      vertex 44.0958 7.81283 1
    endloop
  endfacet
  facet normal -0.0653858 0.99786 0
    outer loop
      vertex 44.0958 7.81283 1
      vertex 43.9 7.8 1.6
      vertex 44.0958 7.81283 1.6
    endloop
  endfacet
  facet normal -0.0653858 0.99786 0
    outer loop
      vertex 43.9 7.8 1.6
      vertex 44.0958 7.81283 1
      vertex 43.9 7.8 1
    endloop
  endfacet
  facet normal -0.980764 0.195195 0
    outer loop
      vertex 45.3489 8.91177 1
      vertex 45.3872 9.10421 1.6
      vertex 45.3872 9.10421 1
    endloop
  endfacet
  facet normal -0.980764 0.195195 0
    outer loop
      vertex 45.3872 9.10421 1.6
      vertex 45.3489 8.91177 1
      vertex 45.3489 8.91177 1.6
    endloop
  endfacet
  facet normal -0.99787 -0.0652336 0
    outer loop
      vertex 45.4 23.4 1
      vertex 45.3872 23.5958 1.6
      vertex 45.3872 23.5958 1
    endloop
  endfacet
  facet normal -0.99787 -0.0652336 0
    outer loop
      vertex 45.3872 23.5958 1.6
      vertex 45.4 23.4 1
      vertex 45.4 23.4 1.6
    endloop
  endfacet
  facet normal -0.980757 -0.195234 0
    outer loop
      vertex 45.3872 23.5958 1
      vertex 45.3489 23.7882 1.6
      vertex 45.3489 23.7882 1
    endloop
  endfacet
  facet normal -0.980757 -0.195234 0
    outer loop
      vertex 45.3489 23.7882 1.6
      vertex 45.3872 23.5958 1
      vertex 45.3872 23.5958 1.6
    endloop
  endfacet
  facet normal -0.752198 -0.658937 0
    outer loop
      vertex 45.09 24.3131 1
      vertex 44.9607 24.4607 1.6
      vertex 44.9607 24.4607 1
    endloop
  endfacet
  facet normal -0.752198 -0.658937 0
    outer loop
      vertex 44.9607 24.4607 1.6
      vertex 45.09 24.3131 1
      vertex 45.09 24.3131 1.6
    endloop
  endfacet
  facet normal -0.321574 -0.946885 0
    outer loop
      vertex 44.2882 24.8489 1
      vertex 44.474 24.7858 1.6
      vertex 44.2882 24.8489 1.6
    endloop
  endfacet
  facet normal -0.321574 -0.946885 -0
    outer loop
      vertex 44.474 24.7858 1.6
      vertex 44.2882 24.8489 1
      vertex 44.474 24.7858 1
    endloop
  endfacet
  facet normal -0.0652336 -0.99787 0
    outer loop
      vertex 43.9 24.9 1
      vertex 44.0958 24.8872 1.6
      vertex 43.9 24.9 1.6
    endloop
  endfacet
  facet normal -0.0652336 -0.99787 -0
    outer loop
      vertex 44.0958 24.8872 1.6
      vertex 43.9 24.9 1
      vertex 44.0958 24.8872 1
    endloop
  endfacet
  facet normal -0.195234 -0.980757 0
    outer loop
      vertex 44.0958 24.8872 1
      vertex 44.2882 24.8489 1.6
      vertex 44.0958 24.8872 1.6
    endloop
  endfacet
  facet normal -0.195234 -0.980757 -0
    outer loop
      vertex 44.2882 24.8489 1.6
      vertex 44.0958 24.8872 1
      vertex 44.2882 24.8489 1
    endloop
  endfacet
  facet normal 0.99787 -0.0652336 0
    outer loop
      vertex 11.9 23.4 1.6
      vertex 11.9128 23.5958 1
      vertex 11.9128 23.5958 1.6
    endloop
  endfacet
  facet normal 0.99787 -0.0652336 0
    outer loop
      vertex 11.9128 23.5958 1
      vertex 11.9 23.4 1.6
      vertex 11.9 23.4 1
    endloop
  endfacet
  facet normal 0.89686 -0.442315 0
    outer loop
      vertex 12.0142 23.974 1.6
      vertex 12.101 24.15 1
      vertex 12.101 24.15 1.6
    endloop
  endfacet
  facet normal 0.89686 -0.442315 0
    outer loop
      vertex 12.101 24.15 1
      vertex 12.0142 23.974 1.6
      vertex 12.0142 23.974 1
    endloop
  endfacet
  facet normal 1 -0 0
    outer loop
      vertex 11.9 9.3 1.6
      vertex 11.9 23.4 1
      vertex 11.9 23.4 1.6
    endloop
  endfacet
  facet normal 1 0 0
    outer loop
      vertex 11.9 23.4 1
      vertex 11.9 9.3 1.6
      vertex 11.9 9.3 1
    endloop
  endfacet
  facet normal 0 0 1
    outer loop
      vertex 43.9 24.9 1
      vertex 45.4 23.4 1
      vertex 45.3872 23.5958 1
    endloop
  endfacet
  facet normal 0 0 1
    outer loop
      vertex 45.4 23.4 1
      vertex 37.7 21.9 1
      vertex 45.4 9.3 1
    endloop
  endfacet
  facet normal 0 0 1
    outer loop
      vertex 43.9 24.9 1
      vertex 45.3872 23.5958 1
      vertex 45.3489 23.7882 1
    endloop
  endfacet
  facet normal -0 0 1
    outer loop
      vertex 37.7 10.8 1
      vertex 45.4 9.3 1
      vertex 37.7 21.9 1
    endloop
  endfacet
  facet normal 0 0 1
    outer loop
      vertex 43.9 24.9 1
      vertex 45.3489 23.7882 1
      vertex 45.2858 23.974 1
    endloop
  endfacet
  facet normal 0 -0 1
    outer loop
      vertex 43.9 7.8 1
      vertex 45.4 9.3 1
      vertex 37.7 10.8 1
    endloop
  endfacet
  facet normal 0 0 1
    outer loop
      vertex 43.9 24.9 1
      vertex 45.2858 23.974 1
      vertex 45.199 24.15 1
    endloop
  endfacet
  facet normal 0 0 1
    outer loop
      vertex 45.4 9.3 1
      vertex 43.9 7.8 1
      vertex 45.3872 9.10421 1
    endloop
  endfacet
  facet normal 0 0 1
    outer loop
      vertex 43.9 24.9 1
      vertex 45.199 24.15 1
      vertex 45.09 24.3131 1
    endloop
  endfacet
  facet normal 0 0 1
    outer loop
      vertex 45.3872 9.10421 1
      vertex 43.9 7.8 1
      vertex 45.3489 8.91177 1
    endloop
  endfacet
  facet normal 0 0 1
    outer loop
      vertex 43.9 24.9 1
      vertex 45.09 24.3131 1
      vertex 44.9607 24.4607 1
    endloop
  endfacet
  facet normal 0 0 1
    outer loop
      vertex 45.3489 8.91177 1
      vertex 43.9 7.8 1
      vertex 45.2858 8.72597 1
    endloop
  endfacet
  facet normal 0 0 1
    outer loop
      vertex 43.9 24.9 1
      vertex 44.9607 24.4607 1
      vertex 44.8131 24.59 1
    endloop
  endfacet
  facet normal 0 0 1
    outer loop
      vertex 45.2858 8.72597 1
      vertex 43.9 7.8 1
      vertex 45.199 8.55 1
    endloop
  endfacet
  facet normal 0 0 1
    outer loop
      vertex 43.9 24.9 1
      vertex 44.8131 24.59 1
      vertex 44.65 24.699 1
    endloop
  endfacet
  facet normal 0 0 1
    outer loop
      vertex 45.199 8.55 1
      vertex 43.9 7.8 1
      vertex 45.09 8.38686 1
    endloop
  endfacet
  facet normal 0 0 1
    outer loop
      vertex 43.9 24.9 1
      vertex 44.65 24.699 1
      vertex 44.474 24.7858 1
    endloop
  endfacet
  facet normal 0 0 1
    outer loop
      vertex 45.09 8.38686 1
      vertex 43.9 7.8 1
      vertex 44.9607 8.23934 1
    endloop
  endfacet
  facet normal 0 0 1
    outer loop
      vertex 43.9 24.9 1
      vertex 44.474 24.7858 1
      vertex 44.2882 24.8489 1
    endloop
  endfacet
  facet normal 0 0 1
    outer loop
      vertex 44.9607 8.23934 1
      vertex 43.9 7.8 1
      vertex 44.8131 8.10997 1
    endloop
  endfacet
  facet normal 0 0 1
    outer loop
      vertex 43.9 24.9 1
      vertex 44.2882 24.8489 1
      vertex 44.0958 24.8872 1
    endloop
  endfacet
  facet normal 0 0 1
    outer loop
      vertex 44.8131 8.10997 1
      vertex 43.9 7.8 1
      vertex 44.65 8.00096 1
    endloop
  endfacet
  facet normal 0 0 1
    outer loop
      vertex 45.4 23.4 1
      vertex 43.9 24.9 1
      vertex 37.7 21.9 1
    endloop
  endfacet
  facet normal 0 0 1
    outer loop
      vertex 44.65 8.00096 1
      vertex 43.9 7.8 1
      vertex 44.474 7.91418 1
    endloop
  endfacet
  facet normal 0 0 1
    outer loop
      vertex 44.474 7.91418 1
      vertex 43.9 7.8 1
      vertex 44.2882 7.85111 1
    endloop
  endfacet
  facet normal 0 0 1
    outer loop
      vertex 43.9 24.9 1
      vertex 37.6914 22.0305 1
      vertex 37.7 21.9 1
    endloop
  endfacet
  facet normal 0 0 1
    outer loop
      vertex 43.9 24.9 1
      vertex 37.6659 22.1588 1
      vertex 37.6914 22.0305 1
    endloop
  endfacet
  facet normal 0 0 1
    outer loop
      vertex 43.9 24.9 1
      vertex 37.6239 22.2827 1
      vertex 37.6659 22.1588 1
    endloop
  endfacet
  facet normal 0 0 1
    outer loop
      vertex 43.9 24.9 1
      vertex 37.566 22.4 1
      vertex 37.6239 22.2827 1
    endloop
  endfacet
  facet normal 0 0 1
    outer loop
      vertex 43.9 24.9 1
      vertex 37.4934 22.5088 1
      vertex 37.566 22.4 1
    endloop
  endfacet
  facet normal 0 0 1
    outer loop
      vertex 43.9 24.9 1
      vertex 37.4071 22.6071 1
      vertex 37.4934 22.5088 1
    endloop
  endfacet
  facet normal 0 0 1
    outer loop
      vertex 43.9 24.9 1
      vertex 37.3088 22.6934 1
      vertex 37.4071 22.6071 1
    endloop
  endfacet
  facet normal 0 0 1
    outer loop
      vertex 43.9 24.9 1
      vertex 37.2 22.766 1
      vertex 37.3088 22.6934 1
    endloop
  endfacet
  facet normal 0 0 1
    outer loop
      vertex 43.9 24.9 1
      vertex 37.0827 22.8239 1
      vertex 37.2 22.766 1
    endloop
  endfacet
  facet normal 0 0 1
    outer loop
      vertex 43.9 24.9 1
      vertex 36.9588 22.8659 1
      vertex 37.0827 22.8239 1
    endloop
  endfacet
  facet normal 0 0 1
    outer loop
      vertex 43.9 24.9 1
      vertex 36.8305 22.8914 1
      vertex 36.9588 22.8659 1
    endloop
  endfacet
  facet normal 0 0 1
    outer loop
      vertex 43.9 24.9 1
      vertex 36.7 22.9 1
      vertex 36.8305 22.8914 1
    endloop
  endfacet
  facet normal -0 0 1
    outer loop
      vertex 13.4 24.9 1
      vertex 36.7 22.9 1
      vertex 43.9 24.9 1
    endloop
  endfacet
  facet normal 0 0 1
    outer loop
      vertex 36.7 22.9 1
      vertex 13.4 24.9 1
      vertex 14.7 22.9 1
    endloop
  endfacet
  facet normal 0 0 1
    outer loop
      vertex 13.7086 22.0305 1
      vertex 11.9 23.4 1
      vertex 13.7 21.9 1
    endloop
  endfacet
  facet normal 0 0 1
    outer loop
      vertex 13.7341 22.1588 1
      vertex 11.9 23.4 1
      vertex 13.7086 22.0305 1
    endloop
  endfacet
  facet normal 0 0 1
    outer loop
      vertex 13.7761 22.2827 1
      vertex 11.9 23.4 1
      vertex 13.7341 22.1588 1
    endloop
  endfacet
  facet normal 0 0 1
    outer loop
      vertex 13.834 22.4 1
      vertex 11.9 23.4 1
      vertex 13.7761 22.2827 1
    endloop
  endfacet
  facet normal 0 0 1
    outer loop
      vertex 13.9066 22.5088 1
      vertex 11.9 23.4 1
      vertex 13.834 22.4 1
    endloop
  endfacet
  facet normal 0 0 1
    outer loop
      vertex 13.9929 22.6071 1
      vertex 11.9 23.4 1
      vertex 13.9066 22.5088 1
    endloop
  endfacet
  facet normal -0 0 1
    outer loop
      vertex 11.9 23.4 1
      vertex 13.9929 22.6071 1
      vertex 13.4 24.9 1
    endloop
  endfacet
  facet normal 0 0 1
    outer loop
      vertex 14.0912 22.6934 1
      vertex 13.4 24.9 1
      vertex 13.9929 22.6071 1
    endloop
  endfacet
  facet normal 0 0 1
    outer loop
      vertex 14.2 22.766 1
      vertex 13.4 24.9 1
      vertex 14.0912 22.6934 1
    endloop
  endfacet
  facet normal 0 0 1
    outer loop
      vertex 14.3173 22.8239 1
      vertex 13.4 24.9 1
      vertex 14.2 22.766 1
    endloop
  endfacet
  facet normal 0 0 1
    outer loop
      vertex 14.4412 22.8659 1
      vertex 13.4 24.9 1
      vertex 14.3173 22.8239 1
    endloop
  endfacet
  facet normal 0 0 1
    outer loop
      vertex 14.5695 22.8914 1
      vertex 13.4 24.9 1
      vertex 14.4412 22.8659 1
    endloop
  endfacet
  facet normal 0 0 1
    outer loop
      vertex 14.7 22.9 1
      vertex 13.4 24.9 1
      vertex 14.5695 22.8914 1
    endloop
  endfacet
  facet normal 0 0 1
    outer loop
      vertex 44.2882 7.85111 1
      vertex 43.9 7.8 1
      vertex 44.0958 7.81283 1
    endloop
  endfacet
  facet normal -0 0 1
    outer loop
      vertex 37.6914 10.6695 1
      vertex 43.9 7.8 1
      vertex 37.7 10.8 1
    endloop
  endfacet
  facet normal -0 0 1
    outer loop
      vertex 37.6659 10.5412 1
      vertex 43.9 7.8 1
      vertex 37.6914 10.6695 1
    endloop
  endfacet
  facet normal -0 0 1
    outer loop
      vertex 37.6239 10.4173 1
      vertex 43.9 7.8 1
      vertex 37.6659 10.5412 1
    endloop
  endfacet
  facet normal -0 0 1
    outer loop
      vertex 37.566 10.3 1
      vertex 43.9 7.8 1
      vertex 37.6239 10.4173 1
    endloop
  endfacet
  facet normal -0 0 1
    outer loop
      vertex 37.4934 10.1912 1
      vertex 43.9 7.8 1
      vertex 37.566 10.3 1
    endloop
  endfacet
  facet normal -0 0 1
    outer loop
      vertex 37.4071 10.0929 1
      vertex 43.9 7.8 1
      vertex 37.4934 10.1912 1
    endloop
  endfacet
  facet normal -0 0 1
    outer loop
      vertex 37.3088 10.0066 1
      vertex 43.9 7.8 1
      vertex 37.4071 10.0929 1
    endloop
  endfacet
  facet normal -0 0 1
    outer loop
      vertex 37.2 9.93397 1
      vertex 43.9 7.8 1
      vertex 37.3088 10.0066 1
    endloop
  endfacet
  facet normal -0 0 1
    outer loop
      vertex 37.0827 9.87612 1
      vertex 43.9 7.8 1
      vertex 37.2 9.93397 1
    endloop
  endfacet
  facet normal -0 0 1
    outer loop
      vertex 36.9588 9.83407 1
      vertex 43.9 7.8 1
      vertex 37.0827 9.87612 1
    endloop
  endfacet
  facet normal -0 0 1
    outer loop
      vertex 36.8305 9.80855 1
      vertex 43.9 7.8 1
      vertex 36.9588 9.83407 1
    endloop
  endfacet
  facet normal -0 0 1
    outer loop
      vertex 36.7 9.8 1
      vertex 43.9 7.8 1
      vertex 36.8305 9.80855 1
    endloop
  endfacet
  facet normal 0 0 1
    outer loop
      vertex 13.4 7.8 1
      vertex 36.7 9.8 1
      vertex 14.7 9.8 1
    endloop
  endfacet
  facet normal 0 0 1
    outer loop
      vertex 13.4 7.8 1
      vertex 14.7 9.8 1
      vertex 14.5695 9.80855 1
    endloop
  endfacet
  facet normal 0 0 1
    outer loop
      vertex 36.7 9.8 1
      vertex 13.4 7.8 1
      vertex 43.9 7.8 1
    endloop
  endfacet
  facet normal 0 0 1
    outer loop
      vertex 14.4412 9.83407 1
      vertex 13.4 7.8 1
      vertex 14.5695 9.80855 1
    endloop
  endfacet
  facet normal 0 0 1
    outer loop
      vertex 14.3173 9.87612 1
      vertex 13.4 7.8 1
      vertex 14.4412 9.83407 1
    endloop
  endfacet
  facet normal 0 0 1
    outer loop
      vertex 14.2 9.93397 1
      vertex 13.4 7.8 1
      vertex 14.3173 9.87612 1
    endloop
  endfacet
  facet normal 0 0 1
    outer loop
      vertex 14.0912 10.0066 1
      vertex 13.4 7.8 1
      vertex 14.2 9.93397 1
    endloop
  endfacet
  facet normal 0 0 1
    outer loop
      vertex 12.4869 8.10997 1
      vertex 14.0912 10.0066 1
      vertex 13.9929 10.0929 1
    endloop
  endfacet
  facet normal 0 0 1
    outer loop
      vertex 11.9 9.3 1
      vertex 13.9929 10.0929 1
      vertex 13.9066 10.1912 1
    endloop
  endfacet
  facet normal 0 0 1
    outer loop
      vertex 11.9 9.3 1
      vertex 13.9066 10.1912 1
      vertex 13.834 10.3 1
    endloop
  endfacet
  facet normal 0 0 1
    outer loop
      vertex 11.9 9.3 1
      vertex 13.834 10.3 1
      vertex 13.7761 10.4173 1
    endloop
  endfacet
  facet normal 0 0 1
    outer loop
      vertex 11.9 9.3 1
      vertex 13.7761 10.4173 1
      vertex 13.7341 10.5412 1
    endloop
  endfacet
  facet normal 0 0 1
    outer loop
      vertex 11.9 9.3 1
      vertex 13.7341 10.5412 1
      vertex 13.7086 10.6695 1
    endloop
  endfacet
  facet normal 0 0 1
    outer loop
      vertex 11.9 9.3 1
      vertex 13.7086 10.6695 1
      vertex 13.7 10.8 1
    endloop
  endfacet
  facet normal 0 0 1
    outer loop
      vertex 13.7 21.9 1
      vertex 11.9 23.4 1
      vertex 13.7 10.8 1
    endloop
  endfacet
  facet normal 0 0 1
    outer loop
      vertex 11.9 23.4 1
      vertex 13.4 24.9 1
      vertex 13.2042 24.8872 1
    endloop
  endfacet
  facet normal 0 0 1
    outer loop
      vertex 11.9 9.3 1
      vertex 13.7 10.8 1
      vertex 11.9 23.4 1
    endloop
  endfacet
  facet normal 0 0 1
    outer loop
      vertex 11.9 23.4 1
      vertex 13.2042 24.8872 1
      vertex 13.0118 24.8489 1
    endloop
  endfacet
  facet normal 0 0 1
    outer loop
      vertex 13.9929 10.0929 1
      vertex 11.9 9.3 1
      vertex 11.9128 9.10421 1
    endloop
  endfacet
  facet normal 0 0 1
    outer loop
      vertex 11.9 23.4 1
      vertex 13.0118 24.8489 1
      vertex 12.826 24.7858 1
    endloop
  endfacet
  facet normal 0 0 1
    outer loop
      vertex 14.0912 10.0066 1
      vertex 13.2042 7.81283 1
      vertex 13.4 7.8 1
    endloop
  endfacet
  facet normal 0 0 1
    outer loop
      vertex 11.9 23.4 1
      vertex 12.826 24.7858 1
      vertex 12.65 24.699 1
    endloop
  endfacet
  facet normal 0 0 1
    outer loop
      vertex 14.0912 10.0066 1
      vertex 13.0118 7.85111 1
      vertex 13.2042 7.81283 1
    endloop
  endfacet
  facet normal 0 0 1
    outer loop
      vertex 11.9 23.4 1
      vertex 12.65 24.699 1
      vertex 12.4869 24.59 1
    endloop
  endfacet
  facet normal 0 0 1
    outer loop
      vertex 14.0912 10.0066 1
      vertex 12.826 7.91418 1
      vertex 13.0118 7.85111 1
    endloop
  endfacet
  facet normal 0 0 1
    outer loop
      vertex 11.9 23.4 1
      vertex 12.4869 24.59 1
      vertex 12.3393 24.4607 1
    endloop
  endfacet
  facet normal 0 0 1
    outer loop
      vertex 14.0912 10.0066 1
      vertex 12.65 8.00096 1
      vertex 12.826 7.91418 1
    endloop
  endfacet
  facet normal 0 0 1
    outer loop
      vertex 11.9 23.4 1
      vertex 12.3393 24.4607 1
      vertex 12.21 24.3131 1
    endloop
  endfacet
  facet normal 0 0 1
    outer loop
      vertex 14.0912 10.0066 1
      vertex 12.4869 8.10997 1
      vertex 12.65 8.00096 1
    endloop
  endfacet
  facet normal 0 0 1
    outer loop
      vertex 11.9 23.4 1
      vertex 12.21 24.3131 1
      vertex 12.101 24.15 1
    endloop
  endfacet
  facet normal 0 0 1
    outer loop
      vertex 13.9929 10.0929 1
      vertex 12.3393 8.23934 1
      vertex 12.4869 8.10997 1
    endloop
  endfacet
  facet normal 0 0 1
    outer loop
      vertex 11.9 23.4 1
      vertex 12.101 24.15 1
      vertex 12.0142 23.974 1
    endloop
  endfacet
  facet normal 0 0 1
    outer loop
      vertex 13.9929 10.0929 1
      vertex 12.21 8.38686 1
      vertex 12.3393 8.23934 1
    endloop
  endfacet
  facet normal 0 0 1
    outer loop
      vertex 11.9 23.4 1
      vertex 12.0142 23.974 1
      vertex 11.9511 23.7882 1
    endloop
  endfacet
  facet normal 0 0 1
    outer loop
      vertex 13.9929 10.0929 1
      vertex 12.101 8.55 1
      vertex 12.21 8.38686 1
    endloop
  endfacet
  facet normal 0 0 1
    outer loop
      vertex 11.9 23.4 1
      vertex 11.9511 23.7882 1
      vertex 11.9128 23.5958 1
    endloop
  endfacet
  facet normal 0 0 1
    outer loop
      vertex 13.9929 10.0929 1
      vertex 12.0142 8.72597 1
      vertex 12.101 8.55 1
    endloop
  endfacet
  facet normal 0 0 1
    outer loop
      vertex 13.9929 10.0929 1
      vertex 11.9511 8.91177 1
      vertex 12.0142 8.72597 1
    endloop
  endfacet
  facet normal 0 0 1
    outer loop
      vertex 13.9929 10.0929 1
      vertex 11.9128 9.10421 1
      vertex 11.9511 8.91177 1
    endloop
  endfacet
  facet normal 0.831485 0.555547 0
    outer loop
      vertex 12.21 8.38686 1.6
      vertex 12.101 8.55 1
      vertex 12.101 8.55 1.6
    endloop
  endfacet
  facet normal 0.831485 0.555547 0
    outer loop
      vertex 12.101 8.55 1
      vertex 12.21 8.38686 1.6
      vertex 12.21 8.38686 1
    endloop
  endfacet
  facet normal 0.946885 0.321574 0
    outer loop
      vertex 12.0142 8.72597 1.6
      vertex 11.9511 8.91177 1
      vertex 11.9511 8.91177 1.6
    endloop
  endfacet
  facet normal 0.946885 0.321574 0
    outer loop
      vertex 11.9511 8.91177 1
      vertex 12.0142 8.72597 1.6
      vertex 12.0142 8.72597 1
    endloop
  endfacet
  facet normal 0.442315 -0.89686 0
    outer loop
      vertex 12.65 24.699 1
      vertex 12.826 24.7858 1.6
      vertex 12.65 24.699 1.6
    endloop
  endfacet
  facet normal 0.442315 -0.89686 0
    outer loop
      vertex 12.826 24.7858 1.6
      vertex 12.65 24.699 1
      vertex 12.826 24.7858 1
    endloop
  endfacet
  facet normal -0.321437 0.946931 0
    outer loop
      vertex 44.474 7.91418 1
      vertex 44.2882 7.85111 1.6
      vertex 44.474 7.91418 1.6
    endloop
  endfacet
  facet normal -0.321437 0.946931 0
    outer loop
      vertex 44.2882 7.85111 1.6
      vertex 44.474 7.91418 1
      vertex 44.2882 7.85111 1
    endloop
  endfacet
  facet normal -0.658937 -0.752198 0
    outer loop
      vertex 44.8131 24.59 1
      vertex 44.9607 24.4607 1.6
      vertex 44.8131 24.59 1.6
    endloop
  endfacet
  facet normal -0.658937 -0.752198 -0
    outer loop
      vertex 44.9607 24.4607 1.6
      vertex 44.8131 24.59 1
      vertex 44.9607 24.4607 1
    endloop
  endfacet
  facet normal 0.831422 -0.555641 0
    outer loop
      vertex 12.101 24.15 1.6
      vertex 12.21 24.3131 1
      vertex 12.21 24.3131 1.6
    endloop
  endfacet
  facet normal 0.831422 -0.555641 0
    outer loop
      vertex 12.21 24.3131 1
      vertex 12.101 24.15 1.6
      vertex 12.101 24.15 1
    endloop
  endfacet
  facet normal 0.555641 -0.831422 0
    outer loop
      vertex 12.4869 24.59 1
      vertex 12.65 24.699 1.6
      vertex 12.4869 24.59 1.6
    endloop
  endfacet
  facet normal 0.555641 -0.831422 0
    outer loop
      vertex 12.65 24.699 1.6
      vertex 12.4869 24.59 1
      vertex 12.65 24.699 1
    endloop
  endfacet
  facet normal 0.89683 0.442376 0
    outer loop
      vertex 12.101 8.55 1.6
      vertex 12.0142 8.72597 1
      vertex 12.0142 8.72597 1.6
    endloop
  endfacet
  facet normal 0.89683 0.442376 0
    outer loop
      vertex 12.0142 8.72597 1
      vertex 12.101 8.55 1.6
      vertex 12.101 8.55 1
    endloop
  endfacet
  facet normal 0.752021 0.65914 0
    outer loop
      vertex 12.3393 8.23934 1.6
      vertex 12.21 8.38686 1
      vertex 12.21 8.38686 1.6
    endloop
  endfacet
  facet normal 0.752021 0.65914 0
    outer loop
      vertex 12.21 8.38686 1
      vertex 12.3393 8.23934 1.6
      vertex 12.3393 8.23934 1
    endloop
  endfacet
  facet normal 0.555676 0.831399 -0
    outer loop
      vertex 12.65 8.00096 1
      vertex 12.4869 8.10997 1.6
      vertex 12.65 8.00096 1.6
    endloop
  endfacet
  facet normal 0.555676 0.831399 0
    outer loop
      vertex 12.4869 8.10997 1.6
      vertex 12.65 8.00096 1
      vertex 12.4869 8.10997 1
    endloop
  endfacet
  facet normal 0.195136 0.980776 -0
    outer loop
      vertex 13.2042 7.81283 1
      vertex 13.0118 7.85111 1.6
      vertex 13.2042 7.81283 1.6
    endloop
  endfacet
  facet normal 0.195136 0.980776 0
    outer loop
      vertex 13.0118 7.85111 1.6
      vertex 13.2042 7.81283 1
      vertex 13.0118 7.85111 1
    endloop
  endfacet
  facet normal -0.442233 0.8969 0
    outer loop
      vertex 44.65 8.00096 1
      vertex 44.474 7.91418 1.6
      vertex 44.65 8.00096 1.6
    endloop
  endfacet
  facet normal -0.442233 0.8969 0
    outer loop
      vertex 44.474 7.91418 1.6
      vertex 44.65 8.00096 1
      vertex 44.474 7.91418 1
    endloop
  endfacet
  facet normal -0.555676 0.831399 0
    outer loop
      vertex 44.8131 8.10997 1
      vertex 44.65 8.00096 1.6
      vertex 44.8131 8.10997 1.6
    endloop
  endfacet
  facet normal -0.555676 0.831399 0
    outer loop
      vertex 44.65 8.00096 1.6
      vertex 44.8131 8.10997 1
      vertex 44.65 8.00096 1
    endloop
  endfacet
  facet normal -0.752021 0.65914 0
    outer loop
      vertex 44.9607 8.23934 1
      vertex 45.09 8.38686 1.6
      vertex 45.09 8.38686 1
    endloop
  endfacet
  facet normal -0.752021 0.65914 0
    outer loop
      vertex 45.09 8.38686 1.6
      vertex 44.9607 8.23934 1
      vertex 44.9607 8.23934 1.6
    endloop
  endfacet
  facet normal -0.831485 0.555547 0
    outer loop
      vertex 45.09 8.38686 1
      vertex 45.199 8.55 1.6
      vertex 45.199 8.55 1
    endloop
  endfacet
  facet normal -0.831485 0.555547 0
    outer loop
      vertex 45.199 8.55 1.6
      vertex 45.09 8.38686 1
      vertex 45.09 8.38686 1.6
    endloop
  endfacet
  facet normal 0.752198 -0.658937 0
    outer loop
      vertex 12.21 24.3131 1.6
      vertex 12.3393 24.4607 1
      vertex 12.3393 24.4607 1.6
    endloop
  endfacet
  facet normal 0.752198 -0.658937 0
    outer loop
      vertex 12.3393 24.4607 1
      vertex 12.21 24.3131 1.6
      vertex 12.21 24.3131 1
    endloop
  endfacet
  facet normal 0.321437 0.946931 -0
    outer loop
      vertex 13.0118 7.85111 1
      vertex 12.826 7.91418 1.6
      vertex 13.0118 7.85111 1.6
    endloop
  endfacet
  facet normal 0.321437 0.946931 0
    outer loop
      vertex 12.826 7.91418 1.6
      vertex 13.0118 7.85111 1
      vertex 12.826 7.91418 1
    endloop
  endfacet
  facet normal 0.442233 0.8969 -0
    outer loop
      vertex 12.826 7.91418 1
      vertex 12.65 8.00096 1.6
      vertex 12.826 7.91418 1.6
    endloop
  endfacet
  facet normal 0.442233 0.8969 0
    outer loop
      vertex 12.65 8.00096 1.6
      vertex 12.826 7.91418 1
      vertex 12.65 8.00096 1
    endloop
  endfacet
  facet normal -0.946885 0.321574 0
    outer loop
      vertex 45.2858 8.72597 1
      vertex 45.3489 8.91177 1.6
      vertex 45.3489 8.91177 1
    endloop
  endfacet
  facet normal -0.946885 0.321574 0
    outer loop
      vertex 45.3489 8.91177 1.6
      vertex 45.2858 8.72597 1
      vertex 45.2858 8.72597 1.6
    endloop
  endfacet
  facet normal -0.89683 0.442376 0
    outer loop
      vertex 45.199 8.55 1
      vertex 45.2858 8.72597 1.6
      vertex 45.2858 8.72597 1
    endloop
  endfacet
  facet normal -0.89683 0.442376 0
    outer loop
      vertex 45.2858 8.72597 1.6
      vertex 45.199 8.55 1
      vertex 45.199 8.55 1.6
    endloop
  endfacet
  facet normal -0.99787 0.0652369 0
    outer loop
      vertex 45.3872 9.10421 1
      vertex 45.4 9.3 1.6
      vertex 45.4 9.3 1
    endloop
  endfacet
  facet normal -0.99787 0.0652369 0
    outer loop
      vertex 45.4 9.3 1.6
      vertex 45.3872 9.10421 1
      vertex 45.3872 9.10421 1.6
    endloop
  endfacet
  facet normal 0.946885 -0.321574 0
    outer loop
      vertex 11.9511 23.7882 1.6
      vertex 12.0142 23.974 1
      vertex 12.0142 23.974 1.6
    endloop
  endfacet
  facet normal 0.946885 -0.321574 0
    outer loop
      vertex 12.0142 23.974 1
      vertex 11.9511 23.7882 1.6
      vertex 11.9511 23.7882 1
    endloop
  endfacet
  facet normal 0.980757 -0.195234 0
    outer loop
      vertex 11.9128 23.5958 1.6
      vertex 11.9511 23.7882 1
      vertex 11.9511 23.7882 1.6
    endloop
  endfacet
  facet normal 0.980757 -0.195234 0
    outer loop
      vertex 11.9511 23.7882 1
      vertex 11.9128 23.5958 1.6
      vertex 11.9128 23.5958 1
    endloop
  endfacet
  facet normal -0.659139 0.752021 0
    outer loop
      vertex 44.9607 8.23934 1
      vertex 44.8131 8.10997 1.6
      vertex 44.9607 8.23934 1.6
    endloop
  endfacet
  facet normal -0.659139 0.752021 0
    outer loop
      vertex 44.8131 8.10997 1.6
      vertex 44.9607 8.23934 1
      vertex 44.8131 8.10997 1
    endloop
  endfacet
  facet normal -0.83145 -0.5556 0
    outer loop
      vertex 7.35205 25.1 0
      vertex 7.20671 25.3175 1.6
      vertex 7.20671 25.3175 0
    endloop
  endfacet
  facet normal -0.83145 -0.5556 0
    outer loop
      vertex 7.20671 25.3175 1.6
      vertex 7.35205 25.1 0
      vertex 7.35205 25.1 1.6
    endloop
  endfacet
  facet normal -0.321463 -0.946922 0
    outer loop
      vertex 6.13764 26.0319 0
      vertex 6.38537 25.9478 1.6
      vertex 6.13764 26.0319 1.6
    endloop
  endfacet
  facet normal -0.321463 -0.946922 -0
    outer loop
      vertex 6.38537 25.9478 1.6
      vertex 6.13764 26.0319 0
      vertex 6.38537 25.9478 0
    endloop
  endfacet
  facet normal 0.442268 -0.896883 0
    outer loop
      vertex 4.62 25.8321 0
      vertex 4.85463 25.9478 1.6
      vertex 4.62 25.8321 1.6
    endloop
  endfacet
  facet normal 0.442268 -0.896883 0
    outer loop
      vertex 4.85463 25.9478 1.6
      vertex 4.62 25.8321 0
      vertex 4.85463 25.9478 0
    endloop
  endfacet
  facet normal 0.946961 -0.321348 0
    outer loop
      vertex 3.68815 24.6176 1.6
      vertex 3.77224 24.8654 0
      vertex 3.77224 24.8654 1.6
    endloop
  endfacet
  facet normal 0.946961 -0.321348 0
    outer loop
      vertex 3.77224 24.8654 0
      vertex 3.68815 24.6176 1.6
      vertex 3.68815 24.6176 0
    endloop
  endfacet
  facet normal -0.980771 0.19516 0
    outer loop
      vertex 7.55185 23.5824 0
      vertex 7.60289 23.8389 1.6
      vertex 7.60289 23.8389 0
    endloop
  endfacet
  facet normal -0.980771 0.19516 0
    outer loop
      vertex 7.60289 23.8389 1.6
      vertex 7.55185 23.5824 0
      vertex 7.55185 23.5824 1.6
    endloop
  endfacet
  facet normal -0.659362 -0.751826 0
    outer loop
      vertex 6.83752 25.6867 0
      vertex 7.03421 25.5142 1.6
      vertex 6.83752 25.6867 1.6
    endloop
  endfacet
  facet normal -0.659362 -0.751826 -0
    outer loop
      vertex 7.03421 25.5142 1.6
      vertex 6.83752 25.6867 0
      vertex 7.03421 25.5142 0
    endloop
  endfacet
  facet normal -0.0653646 -0.997861 0
    outer loop
      vertex 5.62 26.1 0
      vertex 5.88105 26.0829 1.6
      vertex 5.62 26.1 1.6
    endloop
  endfacet
  facet normal -0.0653646 -0.997861 -0
    outer loop
      vertex 5.88105 26.0829 1.6
      vertex 5.62 26.1 0
      vertex 5.88105 26.0829 0
    endloop
  endfacet
  facet normal -0.442268 -0.896883 0
    outer loop
      vertex 6.38537 25.9478 0
      vertex 6.62 25.8321 1.6
      vertex 6.38537 25.9478 1.6
    endloop
  endfacet
  facet normal -0.442268 -0.896883 -0
    outer loop
      vertex 6.62 25.8321 1.6
      vertex 6.38537 25.9478 0
      vertex 6.62 25.8321 0
    endloop
  endfacet
  facet normal 0.99786 -0.0653902 0
    outer loop
      vertex 3.62 24.1 1.6
      vertex 3.63711 24.3611 0
      vertex 3.63711 24.3611 1.6
    endloop
  endfacet
  facet normal 0.99786 -0.0653902 0
    outer loop
      vertex 3.63711 24.3611 0
      vertex 3.62 24.1 1.6
      vertex 3.62 24.1 0
    endloop
  endfacet
  facet normal 0.83145 -0.5556 0
    outer loop
      vertex 3.88795 25.1 1.6
      vertex 4.03329 25.3175 0
      vertex 4.03329 25.3175 1.6
    endloop
  endfacet
  facet normal 0.83145 -0.5556 0
    outer loop
      vertex 4.03329 25.3175 0
      vertex 3.88795 25.1 1.6
      vertex 3.88795 25.1 0
    endloop
  endfacet
  facet normal 0.555723 -0.831368 0
    outer loop
      vertex 4.40248 25.6867 0
      vertex 4.62 25.8321 1.6
      vertex 4.40248 25.6867 1.6
    endloop
  endfacet
  facet normal 0.555723 -0.831368 0
    outer loop
      vertex 4.62 25.8321 1.6
      vertex 4.40248 25.6867 0
      vertex 4.62 25.8321 0
    endloop
  endfacet
  facet normal 0.321463 -0.946922 0
    outer loop
      vertex 4.85463 25.9478 0
      vertex 5.10236 26.0319 1.6
      vertex 4.85463 25.9478 1.6
    endloop
  endfacet
  facet normal 0.321463 -0.946922 0
    outer loop
      vertex 5.10236 26.0319 1.6
      vertex 4.85463 25.9478 0
      vertex 5.10236 26.0319 0
    endloop
  endfacet
  facet normal -0.99786 -0.0653902 0
    outer loop
      vertex 7.62 24.1 0
      vertex 7.60289 24.3611 1.6
      vertex 7.60289 24.3611 0
    endloop
  endfacet
  facet normal -0.99786 -0.0653902 0
    outer loop
      vertex 7.60289 24.3611 1.6
      vertex 7.62 24.1 0
      vertex 7.62 24.1 1.6
    endloop
  endfacet
  facet normal 0.555723 0.831368 -0
    outer loop
      vertex 4.62 22.3679 0
      vertex 4.40248 22.5133 1.6
      vertex 4.62 22.3679 1.6
    endloop
  endfacet
  facet normal 0.555723 0.831368 0
    outer loop
      vertex 4.40248 22.5133 1.6
      vertex 4.62 22.3679 0
      vertex 4.40248 22.5133 0
    endloop
  endfacet
  facet normal 0.83145 0.5556 0
    outer loop
      vertex 4.03329 22.8825 1.6
      vertex 3.88795 23.1 0
      vertex 3.88795 23.1 1.6
    endloop
  endfacet
  facet normal 0.83145 0.5556 0
    outer loop
      vertex 3.88795 23.1 0
      vertex 4.03329 22.8825 1.6
      vertex 4.03329 22.8825 0
    endloop
  endfacet
  facet normal -0.751842 -0.659343 0
    outer loop
      vertex 7.20671 25.3175 0
      vertex 7.03421 25.5142 1.6
      vertex 7.03421 25.5142 0
    endloop
  endfacet
  facet normal -0.751842 -0.659343 0
    outer loop
      vertex 7.03421 25.5142 1.6
      vertex 7.20671 25.3175 0
      vertex 7.20671 25.3175 1.6
    endloop
  endfacet
  facet normal 0.0653646 -0.997861 0
    outer loop
      vertex 5.35895 26.0829 0
      vertex 5.62 26.1 1.6
      vertex 5.35895 26.0829 1.6
    endloop
  endfacet
  facet normal 0.0653646 -0.997861 0
    outer loop
      vertex 5.62 26.1 1.6
      vertex 5.35895 26.0829 0
      vertex 5.62 26.1 0
    endloop
  endfacet
  facet normal -0.194947 -0.980814 0
    outer loop
      vertex 5.88105 26.0829 0
      vertex 6.13764 26.0319 1.6
      vertex 5.88105 26.0829 1.6
    endloop
  endfacet
  facet normal -0.194947 -0.980814 -0
    outer loop
      vertex 6.13764 26.0319 1.6
      vertex 5.88105 26.0829 0
      vertex 6.13764 26.0319 0
    endloop
  endfacet
  facet normal -0.555723 -0.831368 0
    outer loop
      vertex 6.62 25.8321 0
      vertex 6.83752 25.6867 1.6
      vertex 6.62 25.8321 1.6
    endloop
  endfacet
  facet normal -0.555723 -0.831368 -0
    outer loop
      vertex 6.83752 25.6867 1.6
      vertex 6.62 25.8321 0
      vertex 6.83752 25.6867 0
    endloop
  endfacet
  facet normal 0.980771 -0.19516 0
    outer loop
      vertex 3.63711 24.3611 1.6
      vertex 3.68815 24.6176 0
      vertex 3.68815 24.6176 1.6
    endloop
  endfacet
  facet normal 0.980771 -0.19516 0
    outer loop
      vertex 3.68815 24.6176 0
      vertex 3.63711 24.3611 1.6
      vertex 3.63711 24.3611 0
    endloop
  endfacet
  facet normal 0.896845 -0.442344 0
    outer loop
      vertex 3.77224 24.8654 1.6
      vertex 3.88795 25.1 0
      vertex 3.88795 25.1 1.6
    endloop
  endfacet
  facet normal 0.896845 -0.442344 0
    outer loop
      vertex 3.88795 25.1 0
      vertex 3.77224 24.8654 1.6
      vertex 3.77224 24.8654 0
    endloop
  endfacet
  facet normal 0.194947 -0.980814 0
    outer loop
      vertex 5.10236 26.0319 0
      vertex 5.35895 26.0829 1.6
      vertex 5.10236 26.0319 1.6
    endloop
  endfacet
  facet normal 0.194947 -0.980814 0
    outer loop
      vertex 5.35895 26.0829 1.6
      vertex 5.10236 26.0319 0
      vertex 5.35895 26.0829 0
    endloop
  endfacet
  facet normal 0.659362 -0.751826 0
    outer loop
      vertex 4.20579 25.5142 0
      vertex 4.40248 25.6867 1.6
      vertex 4.20579 25.5142 1.6
    endloop
  endfacet
  facet normal 0.659362 -0.751826 0
    outer loop
      vertex 4.40248 25.6867 1.6
      vertex 4.20579 25.5142 0
      vertex 4.40248 25.6867 0
    endloop
  endfacet
  facet normal 0.751842 -0.659343 0
    outer loop
      vertex 4.03329 25.3175 1.6
      vertex 4.20579 25.5142 0
      vertex 4.20579 25.5142 1.6
    endloop
  endfacet
  facet normal 0.751842 -0.659343 0
    outer loop
      vertex 4.20579 25.5142 0
      vertex 4.03329 25.3175 1.6
      vertex 4.03329 25.3175 0
    endloop
  endfacet
  facet normal -0.0653646 0.997861 0
    outer loop
      vertex 5.88105 22.1171 0
      vertex 5.62 22.1 1.6
      vertex 5.88105 22.1171 1.6
    endloop
  endfacet
  facet normal -0.0653646 0.997861 0
    outer loop
      vertex 5.62 22.1 1.6
      vertex 5.88105 22.1171 0
      vertex 5.62 22.1 0
    endloop
  endfacet
  facet normal 0.980771 0.19516 0
    outer loop
      vertex 3.68815 23.5824 1.6
      vertex 3.63711 23.8389 0
      vertex 3.63711 23.8389 1.6
    endloop
  endfacet
  facet normal 0.980771 0.19516 0
    outer loop
      vertex 3.63711 23.8389 0
      vertex 3.68815 23.5824 1.6
      vertex 3.68815 23.5824 0
    endloop
  endfacet
  facet normal 0.751842 0.659343 0
    outer loop
      vertex 4.20579 22.6858 1.6
      vertex 4.03329 22.8825 0
      vertex 4.03329 22.8825 1.6
    endloop
  endfacet
  facet normal 0.751842 0.659343 0
    outer loop
      vertex 4.03329 22.8825 0
      vertex 4.20579 22.6858 1.6
      vertex 4.20579 22.6858 0
    endloop
  endfacet
  facet normal -0.194947 0.980814 0
    outer loop
      vertex 6.13764 22.1681 0
      vertex 5.88105 22.1171 1.6
      vertex 6.13764 22.1681 1.6
    endloop
  endfacet
  facet normal -0.194947 0.980814 0
    outer loop
      vertex 5.88105 22.1171 1.6
      vertex 6.13764 22.1681 0
      vertex 5.88105 22.1171 0
    endloop
  endfacet
  facet normal -0.896845 -0.442344 0
    outer loop
      vertex 7.46776 24.8654 0
      vertex 7.35205 25.1 1.6
      vertex 7.35205 25.1 0
    endloop
  endfacet
  facet normal -0.896845 -0.442344 0
    outer loop
      vertex 7.35205 25.1 1.6
      vertex 7.46776 24.8654 0
      vertex 7.46776 24.8654 1.6
    endloop
  endfacet
  facet normal -0.946961 -0.321348 0
    outer loop
      vertex 7.55185 24.6176 0
      vertex 7.46776 24.8654 1.6
      vertex 7.46776 24.8654 0
    endloop
  endfacet
  facet normal -0.946961 -0.321348 0
    outer loop
      vertex 7.46776 24.8654 1.6
      vertex 7.55185 24.6176 0
      vertex 7.55185 24.6176 1.6
    endloop
  endfacet
  facet normal -0.980771 -0.19516 0
    outer loop
      vertex 7.60289 24.3611 0
      vertex 7.55185 24.6176 1.6
      vertex 7.55185 24.6176 0
    endloop
  endfacet
  facet normal -0.980771 -0.19516 0
    outer loop
      vertex 7.55185 24.6176 1.6
      vertex 7.60289 24.3611 0
      vertex 7.60289 24.3611 1.6
    endloop
  endfacet
  facet normal 0.99786 0.0653902 0
    outer loop
      vertex 3.63711 23.8389 1.6
      vertex 3.62 24.1 0
      vertex 3.62 24.1 1.6
    endloop
  endfacet
  facet normal 0.99786 0.0653902 0
    outer loop
      vertex 3.62 24.1 0
      vertex 3.63711 23.8389 1.6
      vertex 3.63711 23.8389 0
    endloop
  endfacet
  facet normal -0.99786 0.0653902 0
    outer loop
      vertex 7.60289 23.8389 0
      vertex 7.62 24.1 1.6
      vertex 7.62 24.1 0
    endloop
  endfacet
  facet normal -0.99786 0.0653902 0
    outer loop
      vertex 7.62 24.1 1.6
      vertex 7.60289 23.8389 0
      vertex 7.60289 23.8389 1.6
    endloop
  endfacet
  facet normal -0.896845 0.442344 0
    outer loop
      vertex 7.35205 23.1 0
      vertex 7.46776 23.3346 1.6
      vertex 7.46776 23.3346 0
    endloop
  endfacet
  facet normal -0.896845 0.442344 0
    outer loop
      vertex 7.46776 23.3346 1.6
      vertex 7.35205 23.1 0
      vertex 7.35205 23.1 1.6
    endloop
  endfacet
  facet normal -0.946961 0.321348 0
    outer loop
      vertex 7.46776 23.3346 0
      vertex 7.55185 23.5824 1.6
      vertex 7.55185 23.5824 0
    endloop
  endfacet
  facet normal -0.946961 0.321348 0
    outer loop
      vertex 7.55185 23.5824 1.6
      vertex 7.46776 23.3346 0
      vertex 7.46776 23.3346 1.6
    endloop
  endfacet
  facet normal -0.751842 0.659343 0
    outer loop
      vertex 7.03421 22.6858 0
      vertex 7.20671 22.8825 1.6
      vertex 7.20671 22.8825 0
    endloop
  endfacet
  facet normal -0.751842 0.659343 0
    outer loop
      vertex 7.20671 22.8825 1.6
      vertex 7.03421 22.6858 0
      vertex 7.03421 22.6858 1.6
    endloop
  endfacet
  facet normal -0.83145 0.5556 0
    outer loop
      vertex 7.20671 22.8825 0
      vertex 7.35205 23.1 1.6
      vertex 7.35205 23.1 0
    endloop
  endfacet
  facet normal -0.83145 0.5556 0
    outer loop
      vertex 7.35205 23.1 1.6
      vertex 7.20671 22.8825 0
      vertex 7.20671 22.8825 1.6
    endloop
  endfacet
  facet normal 0.896845 0.442344 0
    outer loop
      vertex 3.88795 23.1 1.6
      vertex 3.77224 23.3346 0
      vertex 3.77224 23.3346 1.6
    endloop
  endfacet
  facet normal 0.896845 0.442344 0
    outer loop
      vertex 3.77224 23.3346 0
      vertex 3.88795 23.1 1.6
      vertex 3.88795 23.1 0
    endloop
  endfacet
  facet normal 0.946961 0.321348 0
    outer loop
      vertex 3.77224 23.3346 1.6
      vertex 3.68815 23.5824 0
      vertex 3.68815 23.5824 1.6
    endloop
  endfacet
  facet normal 0.946961 0.321348 0
    outer loop
      vertex 3.68815 23.5824 0
      vertex 3.77224 23.3346 1.6
      vertex 3.77224 23.3346 0
    endloop
  endfacet
  facet normal 0.659362 0.751826 -0
    outer loop
      vertex 4.40248 22.5133 0
      vertex 4.20579 22.6858 1.6
      vertex 4.40248 22.5133 1.6
    endloop
  endfacet
  facet normal 0.659362 0.751826 0
    outer loop
      vertex 4.20579 22.6858 1.6
      vertex 4.40248 22.5133 0
      vertex 4.20579 22.6858 0
    endloop
  endfacet
  facet normal -0.442268 0.896883 0
    outer loop
      vertex 6.62 22.3679 0
      vertex 6.38537 22.2522 1.6
      vertex 6.62 22.3679 1.6
    endloop
  endfacet
  facet normal -0.442268 0.896883 0
    outer loop
      vertex 6.38537 22.2522 1.6
      vertex 6.62 22.3679 0
      vertex 6.38537 22.2522 0
    endloop
  endfacet
  facet normal -0.321463 0.946922 0
    outer loop
      vertex 6.38537 22.2522 0
      vertex 6.13764 22.1681 1.6
      vertex 6.38537 22.2522 1.6
    endloop
  endfacet
  facet normal -0.321463 0.946922 0
    outer loop
      vertex 6.13764 22.1681 1.6
      vertex 6.38537 22.2522 0
      vertex 6.13764 22.1681 0
    endloop
  endfacet
  facet normal -0.659362 0.751826 0
    outer loop
      vertex 7.03421 22.6858 0
      vertex 6.83752 22.5133 1.6
      vertex 7.03421 22.6858 1.6
    endloop
  endfacet
  facet normal -0.659362 0.751826 0
    outer loop
      vertex 6.83752 22.5133 1.6
      vertex 7.03421 22.6858 0
      vertex 6.83752 22.5133 0
    endloop
  endfacet
  facet normal -0.555723 0.831368 0
    outer loop
      vertex 6.83752 22.5133 0
      vertex 6.62 22.3679 1.6
      vertex 6.83752 22.5133 1.6
    endloop
  endfacet
  facet normal -0.555723 0.831368 0
    outer loop
      vertex 6.62 22.3679 1.6
      vertex 6.83752 22.5133 0
      vertex 6.62 22.3679 0
    endloop
  endfacet
  facet normal 0.321463 0.946922 -0
    outer loop
      vertex 5.10236 22.1681 0
      vertex 4.85463 22.2522 1.6
      vertex 5.10236 22.1681 1.6
    endloop
  endfacet
  facet normal 0.321463 0.946922 0
    outer loop
      vertex 4.85463 22.2522 1.6
      vertex 5.10236 22.1681 0
      vertex 4.85463 22.2522 0
    endloop
  endfacet
  facet normal 0.0653646 0.997861 -0
    outer loop
      vertex 5.62 22.1 0
      vertex 5.35895 22.1171 1.6
      vertex 5.62 22.1 1.6
    endloop
  endfacet
  facet normal 0.0653646 0.997861 0
    outer loop
      vertex 5.35895 22.1171 1.6
      vertex 5.62 22.1 0
      vertex 5.35895 22.1171 0
    endloop
  endfacet
  facet normal 0.442268 0.896883 -0
    outer loop
      vertex 4.85463 22.2522 0
      vertex 4.62 22.3679 1.6
      vertex 4.85463 22.2522 1.6
    endloop
  endfacet
  facet normal 0.442268 0.896883 0
    outer loop
      vertex 4.62 22.3679 1.6
      vertex 4.85463 22.2522 0
      vertex 4.62 22.3679 0
    endloop
  endfacet
  facet normal 0.194947 0.980814 -0
    outer loop
      vertex 5.35895 22.1171 0
      vertex 5.10236 22.1681 1.6
      vertex 5.35895 22.1171 1.6
    endloop
  endfacet
  facet normal 0.194947 0.980814 0
    outer loop
      vertex 5.10236 22.1681 1.6
      vertex 5.35895 22.1171 0
      vertex 5.10236 22.1681 0
    endloop
  endfacet
  facet normal -0.831474 -0.555564 0
    outer loop
      vertex 7.35205 9.6 0
      vertex 7.20671 9.81752 1.6
      vertex 7.20671 9.81752 0
    endloop
  endfacet
  facet normal -0.831474 -0.555564 0
    outer loop
      vertex 7.20671 9.81752 1.6
      vertex 7.35205 9.6 0
      vertex 7.35205 9.6 1.6
    endloop
  endfacet
  facet normal -0.321463 -0.946922 0
    outer loop
      vertex 6.13764 10.5319 0
      vertex 6.38537 10.4478 1.6
      vertex 6.13764 10.5319 1.6
    endloop
  endfacet
  facet normal -0.321463 -0.946922 -0
    outer loop
      vertex 6.38537 10.4478 1.6
      vertex 6.13764 10.5319 0
      vertex 6.38537 10.4478 0
    endloop
  endfacet
  facet normal 0.442268 -0.896883 0
    outer loop
      vertex 4.62 10.3321 0
      vertex 4.85463 10.4478 1.6
      vertex 4.62 10.3321 1.6
    endloop
  endfacet
  facet normal 0.442268 -0.896883 0
    outer loop
      vertex 4.85463 10.4478 1.6
      vertex 4.62 10.3321 0
      vertex 4.85463 10.4478 0
    endloop
  endfacet
  facet normal 0.946934 -0.321429 0
    outer loop
      vertex 3.68815 9.11764 1.6
      vertex 3.77224 9.36537 0
      vertex 3.77224 9.36537 1.6
    endloop
  endfacet
  facet normal 0.946934 -0.321429 0
    outer loop
      vertex 3.77224 9.36537 0
      vertex 3.68815 9.11764 1.6
      vertex 3.68815 9.11764 0
    endloop
  endfacet
  facet normal -0.980784 0.195094 0
    outer loop
      vertex 7.55185 8.08236 0
      vertex 7.60289 8.33895 1.6
      vertex 7.60289 8.33895 0
    endloop
  endfacet
  facet normal -0.980784 0.195094 0
    outer loop
      vertex 7.60289 8.33895 1.6
      vertex 7.55185 8.08236 0
      vertex 7.55185 8.08236 1.6
    endloop
  endfacet
  facet normal -0.980784 -0.195094 0
    outer loop
      vertex 7.60289 8.86105 0
      vertex 7.55185 9.11764 1.6
      vertex 7.55185 9.11764 0
    endloop
  endfacet
  facet normal -0.980784 -0.195094 0
    outer loop
      vertex 7.55185 9.11764 1.6
      vertex 7.60289 8.86105 0
      vertex 7.60289 8.86105 1.6
    endloop
  endfacet
  facet normal -0.659362 -0.751826 0
    outer loop
      vertex 6.83752 10.1867 0
      vertex 7.03421 10.0142 1.6
      vertex 6.83752 10.1867 1.6
    endloop
  endfacet
  facet normal -0.659362 -0.751826 -0
    outer loop
      vertex 7.03421 10.0142 1.6
      vertex 6.83752 10.1867 0
      vertex 7.03421 10.0142 0
    endloop
  endfacet
  facet normal -0.0653646 -0.997861 0
    outer loop
      vertex 5.62 10.6 0
      vertex 5.88105 10.5829 1.6
      vertex 5.62 10.6 1.6
    endloop
  endfacet
  facet normal -0.0653646 -0.997861 -0
    outer loop
      vertex 5.88105 10.5829 1.6
      vertex 5.62 10.6 0
      vertex 5.88105 10.5829 0
    endloop
  endfacet
  facet normal -0.442268 -0.896883 0
    outer loop
      vertex 6.38537 10.4478 0
      vertex 6.62 10.3321 1.6
      vertex 6.38537 10.4478 1.6
    endloop
  endfacet
  facet normal -0.442268 -0.896883 -0
    outer loop
      vertex 6.62 10.3321 1.6
      vertex 6.38537 10.4478 0
      vertex 6.62 10.3321 0
    endloop
  endfacet
  facet normal 0.997859 -0.0654027 0
    outer loop
      vertex 3.62 8.6 1.6
      vertex 3.63711 8.86105 0
      vertex 3.63711 8.86105 1.6
    endloop
  endfacet
  facet normal 0.997859 -0.0654027 0
    outer loop
      vertex 3.63711 8.86105 0
      vertex 3.62 8.6 1.6
      vertex 3.62 8.6 0
    endloop
  endfacet
  facet normal 0.831474 -0.555564 0
    outer loop
      vertex 3.88795 9.6 1.6
      vertex 4.03329 9.81752 0
      vertex 4.03329 9.81752 1.6
    endloop
  endfacet
  facet normal 0.831474 -0.555564 0
    outer loop
      vertex 4.03329 9.81752 0
      vertex 3.88795 9.6 1.6
      vertex 3.88795 9.6 0
    endloop
  endfacet
  facet normal 0.555723 -0.831368 0
    outer loop
      vertex 4.40248 10.1867 0
      vertex 4.62 10.3321 1.6
      vertex 4.40248 10.1867 1.6
    endloop
  endfacet
  facet normal 0.555723 -0.831368 0
    outer loop
      vertex 4.62 10.3321 1.6
      vertex 4.40248 10.1867 0
      vertex 4.62 10.3321 0
    endloop
  endfacet
  facet normal 0.321463 -0.946922 0
    outer loop
      vertex 4.85463 10.4478 0
      vertex 5.10236 10.5319 1.6
      vertex 4.85463 10.4478 1.6
    endloop
  endfacet
  facet normal 0.321463 -0.946922 0
    outer loop
      vertex 5.10236 10.5319 1.6
      vertex 4.85463 10.4478 0
      vertex 5.10236 10.5319 0
    endloop
  endfacet
  facet normal -0.997859 -0.0654027 0
    outer loop
      vertex 7.62 8.6 0
      vertex 7.60289 8.86105 1.6
      vertex 7.60289 8.86105 0
    endloop
  endfacet
  facet normal -0.997859 -0.0654027 0
    outer loop
      vertex 7.60289 8.86105 1.6
      vertex 7.62 8.6 0
      vertex 7.62 8.6 1.6
    endloop
  endfacet
  facet normal -0.555564 0.831474 0
    outer loop
      vertex 6.83752 7.01329 0
      vertex 6.62 6.86795 1.6
      vertex 6.83752 7.01329 1.6
    endloop
  endfacet
  facet normal -0.555564 0.831474 0
    outer loop
      vertex 6.62 6.86795 1.6
      vertex 6.83752 7.01329 0
      vertex 6.62 6.86795 0
    endloop
  endfacet
  facet normal 0.555564 0.831474 -0
    outer loop
      vertex 4.62 6.86795 0
      vertex 4.40248 7.01329 1.6
      vertex 4.62 6.86795 1.6
    endloop
  endfacet
  facet normal 0.555564 0.831474 0
    outer loop
      vertex 4.40248 7.01329 1.6
      vertex 4.62 6.86795 0
      vertex 4.40248 7.01329 0
    endloop
  endfacet
  facet normal 0.831474 0.555564 0
    outer loop
      vertex 4.03329 7.38248 1.6
      vertex 3.88795 7.6 0
      vertex 3.88795 7.6 1.6
    endloop
  endfacet
  facet normal 0.831474 0.555564 0
    outer loop
      vertex 3.88795 7.6 0
      vertex 4.03329 7.38248 1.6
      vertex 4.03329 7.38248 0
    endloop
  endfacet
  facet normal -0.751809 -0.659381 0
    outer loop
      vertex 7.20671 9.81752 0
      vertex 7.03421 10.0142 1.6
      vertex 7.03421 10.0142 0
    endloop
  endfacet
  facet normal -0.751809 -0.659381 0
    outer loop
      vertex 7.03421 10.0142 1.6
      vertex 7.20671 9.81752 0
      vertex 7.20671 9.81752 1.6
    endloop
  endfacet
  facet normal 0.0653646 -0.997861 0
    outer loop
      vertex 5.35895 10.5829 0
      vertex 5.62 10.6 1.6
      vertex 5.35895 10.5829 1.6
    endloop
  endfacet
  facet normal 0.0653646 -0.997861 0
    outer loop
      vertex 5.62 10.6 1.6
      vertex 5.35895 10.5829 0
      vertex 5.62 10.6 0
    endloop
  endfacet
  facet normal -0.194947 -0.980814 0
    outer loop
      vertex 5.88105 10.5829 0
      vertex 6.13764 10.5319 1.6
      vertex 5.88105 10.5829 1.6
    endloop
  endfacet
  facet normal -0.194947 -0.980814 -0
    outer loop
      vertex 6.13764 10.5319 1.6
      vertex 5.88105 10.5829 0
      vertex 6.13764 10.5319 0
    endloop
  endfacet
  facet normal -0.555723 -0.831368 0
    outer loop
      vertex 6.62 10.3321 0
      vertex 6.83752 10.1867 1.6
      vertex 6.62 10.3321 1.6
    endloop
  endfacet
  facet normal -0.555723 -0.831368 -0
    outer loop
      vertex 6.83752 10.1867 1.6
      vertex 6.62 10.3321 0
      vertex 6.83752 10.1867 0
    endloop
  endfacet
  facet normal 0.997859 0.0654027 0
    outer loop
      vertex 3.63711 8.33895 1.6
      vertex 3.62 8.6 0
      vertex 3.62 8.6 1.6
    endloop
  endfacet
  facet normal 0.997859 0.0654027 0
    outer loop
      vertex 3.62 8.6 0
      vertex 3.63711 8.33895 1.6
      vertex 3.63711 8.33895 0
    endloop
  endfacet
  facet normal 0.980784 -0.195094 0
    outer loop
      vertex 3.63711 8.86105 1.6
      vertex 3.68815 9.11764 0
      vertex 3.68815 9.11764 1.6
    endloop
  endfacet
  facet normal 0.980784 -0.195094 0
    outer loop
      vertex 3.68815 9.11764 0
      vertex 3.63711 8.86105 1.6
      vertex 3.63711 8.86105 0
    endloop
  endfacet
  facet normal 0.896868 -0.442299 0
    outer loop
      vertex 3.77224 9.36537 1.6
      vertex 3.88795 9.6 0
      vertex 3.88795 9.6 1.6
    endloop
  endfacet
  facet normal 0.896868 -0.442299 0
    outer loop
      vertex 3.88795 9.6 0
      vertex 3.77224 9.36537 1.6
      vertex 3.77224 9.36537 0
    endloop
  endfacet
  facet normal 0.194947 -0.980814 0
    outer loop
      vertex 5.10236 10.5319 0
      vertex 5.35895 10.5829 1.6
      vertex 5.10236 10.5319 1.6
    endloop
  endfacet
  facet normal 0.194947 -0.980814 0
    outer loop
      vertex 5.35895 10.5829 1.6
      vertex 5.10236 10.5319 0
      vertex 5.35895 10.5829 0
    endloop
  endfacet
  facet normal 0.659362 -0.751826 0
    outer loop
      vertex 4.20579 10.0142 0
      vertex 4.40248 10.1867 1.6
      vertex 4.20579 10.0142 1.6
    endloop
  endfacet
  facet normal 0.659362 -0.751826 0
    outer loop
      vertex 4.40248 10.1867 1.6
      vertex 4.20579 10.0142 0
      vertex 4.40248 10.1867 0
    endloop
  endfacet
  facet normal 0.751809 -0.659381 0
    outer loop
      vertex 4.03329 9.81752 1.6
      vertex 4.20579 10.0142 0
      vertex 4.20579 10.0142 1.6
    endloop
  endfacet
  facet normal 0.751809 -0.659381 0
    outer loop
      vertex 4.20579 10.0142 0
      vertex 4.03329 9.81752 1.6
      vertex 4.03329 9.81752 0
    endloop
  endfacet
  facet normal -0.997859 0.0654027 0
    outer loop
      vertex 7.60289 8.33895 0
      vertex 7.62 8.6 1.6
      vertex 7.62 8.6 0
    endloop
  endfacet
  facet normal -0.997859 0.0654027 0
    outer loop
      vertex 7.62 8.6 1.6
      vertex 7.60289 8.33895 0
      vertex 7.60289 8.33895 1.6
    endloop
  endfacet
  facet normal -0.831474 0.555564 0
    outer loop
      vertex 7.20671 7.38248 0
      vertex 7.35205 7.6 1.6
      vertex 7.35205 7.6 0
    endloop
  endfacet
  facet normal -0.831474 0.555564 0
    outer loop
      vertex 7.35205 7.6 1.6
      vertex 7.20671 7.38248 0
      vertex 7.20671 7.38248 1.6
    endloop
  endfacet
  facet normal -0.0654027 0.997859 0
    outer loop
      vertex 5.88105 6.61711 0
      vertex 5.62 6.6 1.6
      vertex 5.88105 6.61711 1.6
    endloop
  endfacet
  facet normal -0.0654027 0.997859 0
    outer loop
      vertex 5.62 6.6 1.6
      vertex 5.88105 6.61711 0
      vertex 5.62 6.6 0
    endloop
  endfacet
  facet normal 0.751826 0.659362 0
    outer loop
      vertex 4.20579 7.18579 1.6
      vertex 4.03329 7.38248 0
      vertex 4.03329 7.38248 1.6
    endloop
  endfacet
  facet normal 0.751826 0.659362 0
    outer loop
      vertex 4.03329 7.38248 0
      vertex 4.20579 7.18579 1.6
      vertex 4.20579 7.18579 0
    endloop
  endfacet
  facet normal -0.195094 0.980784 0
    outer loop
      vertex 6.13764 6.66815 0
      vertex 5.88105 6.61711 1.6
      vertex 6.13764 6.66815 1.6
    endloop
  endfacet
  facet normal -0.195094 0.980784 0
    outer loop
      vertex 5.88105 6.61711 1.6
      vertex 6.13764 6.66815 0
      vertex 5.88105 6.61711 0
    endloop
  endfacet
  facet normal -0.896868 -0.442299 0
    outer loop
      vertex 7.46776 9.36537 0
      vertex 7.35205 9.6 1.6
      vertex 7.35205 9.6 0
    endloop
  endfacet
  facet normal -0.896868 -0.442299 0
    outer loop
      vertex 7.35205 9.6 1.6
      vertex 7.46776 9.36537 0
      vertex 7.46776 9.36537 1.6
    endloop
  endfacet
  facet normal -0.946934 -0.321429 0
    outer loop
      vertex 7.55185 9.11764 0
      vertex 7.46776 9.36537 1.6
      vertex 7.46776 9.36537 0
    endloop
  endfacet
  facet normal -0.946934 -0.321429 0
    outer loop
      vertex 7.46776 9.36537 1.6
      vertex 7.55185 9.11764 0
      vertex 7.55185 9.11764 1.6
    endloop
  endfacet
  facet normal -0.896868 0.442299 0
    outer loop
      vertex 7.35205 7.6 0
      vertex 7.46776 7.83463 1.6
      vertex 7.46776 7.83463 0
    endloop
  endfacet
  facet normal -0.896868 0.442299 0
    outer loop
      vertex 7.46776 7.83463 1.6
      vertex 7.35205 7.6 0
      vertex 7.35205 7.6 1.6
    endloop
  endfacet
  facet normal -0.946934 0.321429 0
    outer loop
      vertex 7.46776 7.83463 0
      vertex 7.55185 8.08236 1.6
      vertex 7.55185 8.08236 0
    endloop
  endfacet
  facet normal -0.946934 0.321429 0
    outer loop
      vertex 7.55185 8.08236 1.6
      vertex 7.46776 7.83463 0
      vertex 7.46776 7.83463 1.6
    endloop
  endfacet
  facet normal -0.751826 0.659362 0
    outer loop
      vertex 7.03421 7.18579 0
      vertex 7.20671 7.38248 1.6
      vertex 7.20671 7.38248 0
    endloop
  endfacet
  facet normal -0.751826 0.659362 0
    outer loop
      vertex 7.20671 7.38248 1.6
      vertex 7.03421 7.18579 0
      vertex 7.03421 7.18579 1.6
    endloop
  endfacet
  facet normal 0.896868 0.442299 0
    outer loop
      vertex 3.88795 7.6 1.6
      vertex 3.77224 7.83463 0
      vertex 3.77224 7.83463 1.6
    endloop
  endfacet
  facet normal 0.896868 0.442299 0
    outer loop
      vertex 3.77224 7.83463 0
      vertex 3.88795 7.6 1.6
      vertex 3.88795 7.6 0
    endloop
  endfacet
  facet normal 0.946934 0.321429 0
    outer loop
      vertex 3.77224 7.83463 1.6
      vertex 3.68815 8.08236 0
      vertex 3.68815 8.08236 1.6
    endloop
  endfacet
  facet normal 0.946934 0.321429 0
    outer loop
      vertex 3.68815 8.08236 0
      vertex 3.77224 7.83463 1.6
      vertex 3.77224 7.83463 0
    endloop
  endfacet
  facet normal 0.980784 0.195094 0
    outer loop
      vertex 3.68815 8.08236 1.6
      vertex 3.63711 8.33895 0
      vertex 3.63711 8.33895 1.6
    endloop
  endfacet
  facet normal 0.980784 0.195094 0
    outer loop
      vertex 3.63711 8.33895 0
      vertex 3.68815 8.08236 1.6
      vertex 3.68815 8.08236 0
    endloop
  endfacet
  facet normal 0.659362 0.751826 -0
    outer loop
      vertex 4.40248 7.01329 0
      vertex 4.20579 7.18579 1.6
      vertex 4.40248 7.01329 1.6
    endloop
  endfacet
  facet normal 0.659362 0.751826 0
    outer loop
      vertex 4.20579 7.18579 1.6
      vertex 4.40248 7.01329 0
      vertex 4.20579 7.18579 0
    endloop
  endfacet
  facet normal -0.442299 0.896868 0
    outer loop
      vertex 6.62 6.86795 0
      vertex 6.38537 6.75224 1.6
      vertex 6.62 6.86795 1.6
    endloop
  endfacet
  facet normal -0.442299 0.896868 0
    outer loop
      vertex 6.38537 6.75224 1.6
      vertex 6.62 6.86795 0
      vertex 6.38537 6.75224 0
    endloop
  endfacet
  facet normal -0.321429 0.946934 0
    outer loop
      vertex 6.38537 6.75224 0
      vertex 6.13764 6.66815 1.6
      vertex 6.38537 6.75224 1.6
    endloop
  endfacet
  facet normal -0.321429 0.946934 0
    outer loop
      vertex 6.13764 6.66815 1.6
      vertex 6.38537 6.75224 0
      vertex 6.13764 6.66815 0
    endloop
  endfacet
  facet normal -0.659362 0.751826 0
    outer loop
      vertex 7.03421 7.18579 0
      vertex 6.83752 7.01329 1.6
      vertex 7.03421 7.18579 1.6
    endloop
  endfacet
  facet normal -0.659362 0.751826 0
    outer loop
      vertex 6.83752 7.01329 1.6
      vertex 7.03421 7.18579 0
      vertex 6.83752 7.01329 0
    endloop
  endfacet
  facet normal 0.321429 0.946934 -0
    outer loop
      vertex 5.10236 6.66815 0
      vertex 4.85463 6.75224 1.6
      vertex 5.10236 6.66815 1.6
    endloop
  endfacet
  facet normal 0.321429 0.946934 0
    outer loop
      vertex 4.85463 6.75224 1.6
      vertex 5.10236 6.66815 0
      vertex 4.85463 6.75224 0
    endloop
  endfacet
  facet normal 0.0654027 0.997859 -0
    outer loop
      vertex 5.62 6.6 0
      vertex 5.35895 6.61711 1.6
      vertex 5.62 6.6 1.6
    endloop
  endfacet
  facet normal 0.0654027 0.997859 0
    outer loop
      vertex 5.35895 6.61711 1.6
      vertex 5.62 6.6 0
      vertex 5.35895 6.61711 0
    endloop
  endfacet
  facet normal 0.442299 0.896868 -0
    outer loop
      vertex 4.85463 6.75224 0
      vertex 4.62 6.86795 1.6
      vertex 4.85463 6.75224 1.6
    endloop
  endfacet
  facet normal 0.442299 0.896868 0
    outer loop
      vertex 4.62 6.86795 1.6
      vertex 4.85463 6.75224 0
      vertex 4.62 6.86795 0
    endloop
  endfacet
  facet normal 0.195094 0.980784 -0
    outer loop
      vertex 5.35895 6.61711 0
      vertex 5.10236 6.66815 1.6
      vertex 5.35895 6.61711 1.6
    endloop
  endfacet
  facet normal 0.195094 0.980784 0
    outer loop
      vertex 5.10236 6.66815 1.6
      vertex 5.35895 6.61711 0
      vertex 5.10236 6.66815 0
    endloop
  endfacet
endsolid OpenSCAD_Model
