solid OpenSCAD_Model
  facet normal 1 -0 0
    outer loop
      vertex 86.7 3.68034 34.4
      vertex 86.7 29.0197 0
      vertex 86.7 29.0197 34.4
    endloop
  endfacet
  facet normal 1 0 0
    outer loop
      vertex 86.7 29.0197 0
      vertex 86.7 3.68034 34.4
      vertex 86.7 3.68034 0
    endloop
  endfacet
  facet normal -1 0 0
    outer loop
      vertex 0 20.8985 29.9515
      vertex 0 29.0197 34.4
      vertex 0 29.0197 0
    endloop
  endfacet
  facet normal -1 0 0
    outer loop
      vertex 0 29.0197 34.4
      vertex 0 21.2397 30.6434
      vertex 0 21.25 30.8
    endloop
  endfacet
  facet normal -1 0 0
    outer loop
      vertex 0 29.0197 34.4
      vertex 0 21.2091 30.4894
      vertex 0 21.2397 30.6434
    endloop
  endfacet
  facet normal -1 0 0
    outer loop
      vertex 0 29.0197 34.4
      vertex 0 21.1587 30.3408
      vertex 0 21.2091 30.4894
    endloop
  endfacet
  facet normal -1 0 0
    outer loop
      vertex 0 29.0197 34.4
      vertex 0 21.0892 30.2
      vertex 0 21.1587 30.3408
    endloop
  endfacet
  facet normal -1 0 0
    outer loop
      vertex 0 29.0197 34.4
      vertex 0 21.002 30.0695
      vertex 0 21.0892 30.2
    endloop
  endfacet
  facet normal -1 0 0
    outer loop
      vertex 0 29.0197 34.4
      vertex 0 20.8985 29.9515
      vertex 0 21.002 30.0695
    endloop
  endfacet
  facet normal -1 0 0
    outer loop
      vertex 0 29.0197 0
      vertex 0 20.7805 29.848
      vertex 0 20.8985 29.9515
    endloop
  endfacet
  facet normal -1 0 0
    outer loop
      vertex 0 29.0197 0
      vertex 0 20.65 29.7608
      vertex 0 20.7805 29.848
    endloop
  endfacet
  facet normal -1 0 0
    outer loop
      vertex 0 29.0197 0
      vertex 0 20.5092 29.6913
      vertex 0 20.65 29.7608
    endloop
  endfacet
  facet normal -1 0 0
    outer loop
      vertex 0 29.0197 0
      vertex 0 20.3606 29.6409
      vertex 0 20.5092 29.6913
    endloop
  endfacet
  facet normal -1 0 0
    outer loop
      vertex 0 29.0197 0
      vertex 0 20.2066 29.6103
      vertex 0 20.3606 29.6409
    endloop
  endfacet
  facet normal -1 0 0
    outer loop
      vertex 0 29.0197 0
      vertex 0 20.05 29.6
      vertex 0 20.2066 29.6103
    endloop
  endfacet
  facet normal -1 0 0
    outer loop
      vertex 0 29.0197 0
      vertex 0 12.65 29.6
      vertex 0 20.05 29.6
    endloop
  endfacet
  facet normal -1 0 0
    outer loop
      vertex 0 3.68034 0
      vertex 0 12.65 29.6
      vertex 0 29.0197 0
    endloop
  endfacet
  facet normal -1 -0 0
    outer loop
      vertex 0 12.65 29.6
      vertex 0 3.68034 0
      vertex 0 12.4934 29.6103
    endloop
  endfacet
  facet normal -1 -0 0
    outer loop
      vertex 0 12.4934 29.6103
      vertex 0 3.68034 0
      vertex 0 12.3394 29.6409
    endloop
  endfacet
  facet normal -1 -0 0
    outer loop
      vertex 0 12.3394 29.6409
      vertex 0 3.68034 0
      vertex 0 12.1908 29.6913
    endloop
  endfacet
  facet normal -1 -0 0
    outer loop
      vertex 0 12.1908 29.6913
      vertex 0 3.68034 0
      vertex 0 12.05 29.7608
    endloop
  endfacet
  facet normal -1 -0 0
    outer loop
      vertex 0 12.05 29.7608
      vertex 0 3.68034 0
      vertex 0 11.9195 29.848
    endloop
  endfacet
  facet normal -1 -0 0
    outer loop
      vertex 0 11.9195 29.848
      vertex 0 3.68034 0
      vertex 0 11.8015 29.9515
    endloop
  endfacet
  facet normal -1 0 0
    outer loop
      vertex 0 3.68034 34.4
      vertex 0 11.8015 29.9515
      vertex 0 3.68034 0
    endloop
  endfacet
  facet normal -1 0 0
    outer loop
      vertex 0 11.4603 30.6434
      vertex 0 3.68034 34.4
      vertex 0 11.45 30.8
    endloop
  endfacet
  facet normal -1 0 0
    outer loop
      vertex 0 11.4909 30.4894
      vertex 0 3.68034 34.4
      vertex 0 11.4603 30.6434
    endloop
  endfacet
  facet normal -1 0 0
    outer loop
      vertex 0 11.5413 30.3408
      vertex 0 3.68034 34.4
      vertex 0 11.4909 30.4894
    endloop
  endfacet
  facet normal -1 0 0
    outer loop
      vertex 0 11.6108 30.2
      vertex 0 3.68034 34.4
      vertex 0 11.5413 30.3408
    endloop
  endfacet
  facet normal -1 0 0
    outer loop
      vertex 0 11.698 30.0695
      vertex 0 3.68034 34.4
      vertex 0 11.6108 30.2
    endloop
  endfacet
  facet normal -1 0 0
    outer loop
      vertex 0 11.8015 29.9515
      vertex 0 3.68034 34.4
      vertex 0 11.698 30.0695
    endloop
  endfacet
  facet normal -1 0 0
    outer loop
      vertex 0 21.25 32.6
      vertex 0 29.0197 34.4
      vertex 0 21.25 30.8
    endloop
  endfacet
  facet normal -1 0 0
    outer loop
      vertex 0 21.2397 32.7566
      vertex 0 29.0197 34.4
      vertex 0 21.25 32.6
    endloop
  endfacet
  facet normal -1 0 0
    outer loop
      vertex 0 21.2091 32.9106
      vertex 0 29.0197 34.4
      vertex 0 21.2397 32.7566
    endloop
  endfacet
  facet normal -1 0 0
    outer loop
      vertex 0 21.1587 33.0592
      vertex 0 29.0197 34.4
      vertex 0 21.2091 32.9106
    endloop
  endfacet
  facet normal -1 0 0
    outer loop
      vertex 0 21.0892 33.2
      vertex 0 29.0197 34.4
      vertex 0 21.1587 33.0592
    endloop
  endfacet
  facet normal -1 0 0
    outer loop
      vertex 0 21.002 33.3305
      vertex 0 29.0197 34.4
      vertex 0 21.0892 33.2
    endloop
  endfacet
  facet normal -1 0 0
    outer loop
      vertex 0 20.8985 33.4485
      vertex 0 29.0197 34.4
      vertex 0 21.002 33.3305
    endloop
  endfacet
  facet normal -1 0 0
    outer loop
      vertex 0 20.7805 33.552
      vertex 0 29.0197 34.4
      vertex 0 20.8985 33.4485
    endloop
  endfacet
  facet normal -1 0 0
    outer loop
      vertex 0 20.65 33.6392
      vertex 0 29.0197 34.4
      vertex 0 20.7805 33.552
    endloop
  endfacet
  facet normal -1 0 0
    outer loop
      vertex 0 20.5092 33.7087
      vertex 0 29.0197 34.4
      vertex 0 20.65 33.6392
    endloop
  endfacet
  facet normal -1 0 0
    outer loop
      vertex 0 20.3606 33.7591
      vertex 0 29.0197 34.4
      vertex 0 20.5092 33.7087
    endloop
  endfacet
  facet normal -1 0 0
    outer loop
      vertex 0 20.2066 33.7897
      vertex 0 29.0197 34.4
      vertex 0 20.3606 33.7591
    endloop
  endfacet
  facet normal -1 0 0
    outer loop
      vertex 0 20.05 33.8
      vertex 0 29.0197 34.4
      vertex 0 20.2066 33.7897
    endloop
  endfacet
  facet normal -1 0 0
    outer loop
      vertex 0 12.65 33.8
      vertex 0 29.0197 34.4
      vertex 0 20.05 33.8
    endloop
  endfacet
  facet normal -1 0 0
    outer loop
      vertex 0 11.45 30.8
      vertex 0 3.68034 34.4
      vertex 0 11.45 32.6
    endloop
  endfacet
  facet normal -1 0 0
    outer loop
      vertex 0 11.45 32.6
      vertex 0 3.68034 34.4
      vertex 0 11.4603 32.7566
    endloop
  endfacet
  facet normal -1 0 0
    outer loop
      vertex 0 12.65 33.8
      vertex 0 3.68034 34.4
      vertex 0 29.0197 34.4
    endloop
  endfacet
  facet normal -1 0 0
    outer loop
      vertex 0 12.4934 33.7897
      vertex 0 3.68034 34.4
      vertex 0 12.65 33.8
    endloop
  endfacet
  facet normal -1 0 0
    outer loop
      vertex 0 12.3394 33.7591
      vertex 0 3.68034 34.4
      vertex 0 12.4934 33.7897
    endloop
  endfacet
  facet normal -1 0 0
    outer loop
      vertex 0 12.1908 33.7087
      vertex 0 3.68034 34.4
      vertex 0 12.3394 33.7591
    endloop
  endfacet
  facet normal -1 0 0
    outer loop
      vertex 0 12.05 33.6392
      vertex 0 3.68034 34.4
      vertex 0 12.1908 33.7087
    endloop
  endfacet
  facet normal -1 0 0
    outer loop
      vertex 0 11.9195 33.552
      vertex 0 3.68034 34.4
      vertex 0 12.05 33.6392
    endloop
  endfacet
  facet normal -1 0 0
    outer loop
      vertex 0 11.8015 33.4485
      vertex 0 3.68034 34.4
      vertex 0 11.9195 33.552
    endloop
  endfacet
  facet normal -1 0 0
    outer loop
      vertex 0 11.698 33.3305
      vertex 0 3.68034 34.4
      vertex 0 11.8015 33.4485
    endloop
  endfacet
  facet normal -1 0 0
    outer loop
      vertex 0 11.6108 33.2
      vertex 0 3.68034 34.4
      vertex 0 11.698 33.3305
    endloop
  endfacet
  facet normal -1 0 0
    outer loop
      vertex 0 11.5413 33.0592
      vertex 0 3.68034 34.4
      vertex 0 11.6108 33.2
    endloop
  endfacet
  facet normal -1 0 0
    outer loop
      vertex 0 11.4909 32.9106
      vertex 0 3.68034 34.4
      vertex 0 11.5413 33.0592
    endloop
  endfacet
  facet normal -1 0 0
    outer loop
      vertex 0 11.4603 32.7566
      vertex 0 3.68034 34.4
      vertex 0 11.4909 32.9106
    endloop
  endfacet
  facet normal 0 0 -1
    outer loop
      vertex 3.5637 -1.33528 0
      vertex 3.68034 0 0
      vertex 3.66578 -0.822104 0
    endloop
  endfacet
  facet normal 0 0 -1
    outer loop
      vertex 3.66578 -0.822104 0
      vertex 3.68034 0 0
      vertex 3.7 -0.299999 0
    endloop
  endfacet
  facet normal 0 0 -1
    outer loop
      vertex 90.9658 -0.822104 0
      vertex 90.9658 0.222104 0
      vertex 91 -0.299999 0
    endloop
  endfacet
  facet normal 0 0 -1
    outer loop
      vertex 90.8637 -1.33528 0
      vertex 90.9658 0.222104 0
      vertex 90.9658 -0.822104 0
    endloop
  endfacet
  facet normal 0 0 -1
    outer loop
      vertex 90.8637 -1.33528 0
      vertex 90.8637 0.735275 0
      vertex 90.9658 0.222104 0
    endloop
  endfacet
  facet normal 0 0 -1
    outer loop
      vertex 90.6955 -1.83073 0
      vertex 90.8637 0.735275 0
      vertex 90.8637 -1.33528 0
    endloop
  endfacet
  facet normal 0 0 -1
    outer loop
      vertex 90.6955 -1.83073 0
      vertex 90.6955 1.23073 0
      vertex 90.8637 0.735275 0
    endloop
  endfacet
  facet normal 0 0 -1
    outer loop
      vertex 90.4641 -2.3 0
      vertex 90.6955 1.23073 0
      vertex 90.6955 -1.83073 0
    endloop
  endfacet
  facet normal 0 0 -1
    outer loop
      vertex 90.4641 -2.3 0
      vertex 90.4641 1.7 0
      vertex 90.6955 1.23073 0
    endloop
  endfacet
  facet normal 0 0 -1
    outer loop
      vertex 90.1734 -2.73505 0
      vertex 90.4641 1.7 0
      vertex 90.4641 -2.3 0
    endloop
  endfacet
  facet normal 0 0 -1
    outer loop
      vertex 90.1734 -2.73505 0
      vertex 90.1734 2.13505 0
      vertex 90.4641 1.7 0
    endloop
  endfacet
  facet normal 0 0 -1
    outer loop
      vertex 89.8284 -3.12843 0
      vertex 90.1734 2.13505 0
      vertex 90.1734 -2.73505 0
    endloop
  endfacet
  facet normal 0 0 -1
    outer loop
      vertex 89.8284 -3.12843 0
      vertex 89.8284 2.52843 0
      vertex 90.1734 2.13505 0
    endloop
  endfacet
  facet normal 0 0 -1
    outer loop
      vertex 89.435 -3.47341 0
      vertex 89.8284 2.52843 0
      vertex 89.8284 -3.12843 0
    endloop
  endfacet
  facet normal 0 0 -1
    outer loop
      vertex 89.435 -3.47341 0
      vertex 89.435 2.87341 0
      vertex 89.8284 2.52843 0
    endloop
  endfacet
  facet normal 0 0 -1
    outer loop
      vertex 89 -3.7641 0
      vertex 89.435 2.87341 0
      vertex 89.435 -3.47341 0
    endloop
  endfacet
  facet normal 0 0 -1
    outer loop
      vertex 89 -3.7641 0
      vertex 89 3.1641 0
      vertex 89.435 2.87341 0
    endloop
  endfacet
  facet normal 0 0 -1
    outer loop
      vertex 88.5307 -3.99552 0
      vertex 89 3.1641 0
      vertex 89 -3.7641 0
    endloop
  endfacet
  facet normal 0 0 -1
    outer loop
      vertex 88.5307 -3.99552 0
      vertex 88.5307 3.39552 0
      vertex 89 3.1641 0
    endloop
  endfacet
  facet normal 0 0 -1
    outer loop
      vertex 88.0353 -4.1637 0
      vertex 88.5307 3.39552 0
      vertex 88.5307 -3.99552 0
    endloop
  endfacet
  facet normal 0 0 -1
    outer loop
      vertex 88.0353 -4.1637 0
      vertex 88.0353 3.5637 0
      vertex 88.5307 3.39552 0
    endloop
  endfacet
  facet normal 0 0 -1
    outer loop
      vertex 87.5221 -4.26578 0
      vertex 88.0353 3.5637 0
      vertex 88.0353 -4.1637 0
    endloop
  endfacet
  facet normal 0 0 -1
    outer loop
      vertex 86.7 3.68034 0
      vertex 88.0353 3.5637 0
      vertex 87.5221 -4.26578 0
    endloop
  endfacet
  facet normal 0 0 -1
    outer loop
      vertex 86.7 3.68034 0
      vertex 87.5221 -4.26578 0
      vertex 87 -4.3 0
    endloop
  endfacet
  facet normal 0 0 -1
    outer loop
      vertex 88.0353 3.5637 0
      vertex 86.7 3.68034 0
      vertex 87.5221 3.66578 0
    endloop
  endfacet
  facet normal 0 0 -1
    outer loop
      vertex 87.5221 3.66578 0
      vertex 86.7 3.68034 0
      vertex 87 3.7 0
    endloop
  endfacet
  facet normal 0 0 -1
    outer loop
      vertex 83.0197 0 0
      vertex 86.7 3.68034 0
      vertex 86.4779 -4.26578 0
    endloop
  endfacet
  facet normal 0 0 -1
    outer loop
      vertex 86.4779 -4.26578 0
      vertex 86.7 3.68034 0
      vertex 87 -4.3 0
    endloop
  endfacet
  facet normal 0 0 -1
    outer loop
      vertex 90.9658 32.4779 0
      vertex 90.9658 33.5221 0
      vertex 91 33 0
    endloop
  endfacet
  facet normal 0 0 -1
    outer loop
      vertex 90.8637 31.9647 0
      vertex 90.9658 33.5221 0
      vertex 90.9658 32.4779 0
    endloop
  endfacet
  facet normal 0 0 -1
    outer loop
      vertex 90.8637 31.9647 0
      vertex 90.8637 34.0353 0
      vertex 90.9658 33.5221 0
    endloop
  endfacet
  facet normal 0 0 -1
    outer loop
      vertex 90.6955 31.4693 0
      vertex 90.8637 34.0353 0
      vertex 90.8637 31.9647 0
    endloop
  endfacet
  facet normal 0 0 -1
    outer loop
      vertex 90.6955 31.4693 0
      vertex 90.6955 34.5307 0
      vertex 90.8637 34.0353 0
    endloop
  endfacet
  facet normal 0 0 -1
    outer loop
      vertex 90.4641 31 0
      vertex 90.6955 34.5307 0
      vertex 90.6955 31.4693 0
    endloop
  endfacet
  facet normal 0 0 -1
    outer loop
      vertex 90.4641 31 0
      vertex 90.4641 35 0
      vertex 90.6955 34.5307 0
    endloop
  endfacet
  facet normal 0 0 -1
    outer loop
      vertex 90.1734 30.565 0
      vertex 90.4641 35 0
      vertex 90.4641 31 0
    endloop
  endfacet
  facet normal 0 0 -1
    outer loop
      vertex 90.1734 30.565 0
      vertex 90.1734 35.435 0
      vertex 90.4641 35 0
    endloop
  endfacet
  facet normal 0 0 -1
    outer loop
      vertex 89.8284 30.1716 0
      vertex 90.1734 35.435 0
      vertex 90.1734 30.565 0
    endloop
  endfacet
  facet normal 0 0 -1
    outer loop
      vertex 89.8284 30.1716 0
      vertex 89.8284 35.8284 0
      vertex 90.1734 35.435 0
    endloop
  endfacet
  facet normal 0 0 -1
    outer loop
      vertex 89.435 29.8266 0
      vertex 89.8284 35.8284 0
      vertex 89.8284 30.1716 0
    endloop
  endfacet
  facet normal 0 0 -1
    outer loop
      vertex 89.435 29.8266 0
      vertex 89.435 36.1734 0
      vertex 89.8284 35.8284 0
    endloop
  endfacet
  facet normal 0 0 -1
    outer loop
      vertex 89 29.5359 0
      vertex 89.435 36.1734 0
      vertex 89.435 29.8266 0
    endloop
  endfacet
  facet normal 0 0 -1
    outer loop
      vertex 89 29.5359 0
      vertex 89 36.4641 0
      vertex 89.435 36.1734 0
    endloop
  endfacet
  facet normal 0 0 -1
    outer loop
      vertex 88.5307 29.3045 0
      vertex 89 36.4641 0
      vertex 89 29.5359 0
    endloop
  endfacet
  facet normal 0 0 -1
    outer loop
      vertex 88.5307 29.3045 0
      vertex 88.5307 36.6955 0
      vertex 89 36.4641 0
    endloop
  endfacet
  facet normal 0 0 -1
    outer loop
      vertex 88.0353 29.1363 0
      vertex 88.5307 36.6955 0
      vertex 88.5307 29.3045 0
    endloop
  endfacet
  facet normal 0 0 -1
    outer loop
      vertex 88.0353 29.1363 0
      vertex 88.0353 36.8637 0
      vertex 88.5307 36.6955 0
    endloop
  endfacet
  facet normal 0 0 -1
    outer loop
      vertex 86.7 29.0197 0
      vertex 88.0353 29.1363 0
      vertex 87.5221 29.0342 0
    endloop
  endfacet
  facet normal -0 0 -1
    outer loop
      vertex 88.0353 29.1363 0
      vertex 86.7 29.0197 0
      vertex 88.0353 36.8637 0
    endloop
  endfacet
  facet normal 0 0 -1
    outer loop
      vertex 86.7 29.0197 0
      vertex 87.5221 29.0342 0
      vertex 87 29 0
    endloop
  endfacet
  facet normal -0 0 -1
    outer loop
      vertex 88.0353 36.8637 0
      vertex 86.7 29.0197 0
      vertex 87.5221 36.9658 0
    endloop
  endfacet
  facet normal -0 0 -1
    outer loop
      vertex 87.5221 36.9658 0
      vertex 86.7 29.0197 0
      vertex 87 37 0
    endloop
  endfacet
  facet normal 0 0 -1
    outer loop
      vertex 86.7 29.0197 0
      vertex 86.4779 36.9658 0
      vertex 87 37 0
    endloop
  endfacet
  facet normal -0 0 -1
    outer loop
      vertex 86.7 3.68034 0
      vertex 83.0197 0 0
      vertex 86.7 29.0197 0
    endloop
  endfacet
  facet normal 0 0 -1
    outer loop
      vertex 83.0197 0 0
      vertex 86.4779 -4.26578 0
      vertex 85.9647 -4.1637 0
    endloop
  endfacet
  facet normal 0 0 -1
    outer loop
      vertex 83.0197 32.7 0
      vertex 86.7 29.0197 0
      vertex 83.0197 0 0
    endloop
  endfacet
  facet normal 0 0 -1
    outer loop
      vertex 83.0197 0 0
      vertex 85.9647 -4.1637 0
      vertex 85.4693 -3.99552 0
    endloop
  endfacet
  facet normal 0 0 -1
    outer loop
      vertex 86.7 29.0197 0
      vertex 83.0197 32.7 0
      vertex 86.4779 36.9658 0
    endloop
  endfacet
  facet normal 0 0 -1
    outer loop
      vertex 83.0197 0 0
      vertex 85.4693 -3.99552 0
      vertex 85 -3.7641 0
    endloop
  endfacet
  facet normal 0 0 -1
    outer loop
      vertex 86.4779 36.9658 0
      vertex 83.0197 32.7 0
      vertex 85.9647 36.8637 0
    endloop
  endfacet
  facet normal 0 0 -1
    outer loop
      vertex 83.0197 0 0
      vertex 85 -3.7641 0
      vertex 84.565 -3.47341 0
    endloop
  endfacet
  facet normal 0 0 -1
    outer loop
      vertex 85.9647 36.8637 0
      vertex 83.0197 32.7 0
      vertex 85.4693 36.6955 0
    endloop
  endfacet
  facet normal 0 0 -1
    outer loop
      vertex 83.0197 0 0
      vertex 84.565 -3.47341 0
      vertex 84.1716 -3.12843 0
    endloop
  endfacet
  facet normal 0 0 -1
    outer loop
      vertex 85.4693 36.6955 0
      vertex 83.0197 32.7 0
      vertex 85 36.4641 0
    endloop
  endfacet
  facet normal 0 0 -1
    outer loop
      vertex 83.0197 0 0
      vertex 84.1716 -3.12843 0
      vertex 83.8266 -2.73505 0
    endloop
  endfacet
  facet normal 0 0 -1
    outer loop
      vertex 85 36.4641 0
      vertex 83.0197 32.7 0
      vertex 84.565 36.1734 0
    endloop
  endfacet
  facet normal 0 0 -1
    outer loop
      vertex 83.0197 0 0
      vertex 83.8266 -2.73505 0
      vertex 83.5359 -2.3 0
    endloop
  endfacet
  facet normal 0 0 -1
    outer loop
      vertex 84.565 36.1734 0
      vertex 83.0197 32.7 0
      vertex 84.1716 35.8284 0
    endloop
  endfacet
  facet normal 0 0 -1
    outer loop
      vertex 83.0197 0 0
      vertex 83.5359 -2.3 0
      vertex 83.3045 -1.83073 0
    endloop
  endfacet
  facet normal 0 0 -1
    outer loop
      vertex 84.1716 35.8284 0
      vertex 83.0197 32.7 0
      vertex 83.8266 35.435 0
    endloop
  endfacet
  facet normal 0 0 -1
    outer loop
      vertex 83.0197 0 0
      vertex 83.3045 -1.83073 0
      vertex 83.1363 -1.33528 0
    endloop
  endfacet
  facet normal 0 0 -1
    outer loop
      vertex 83.8266 35.435 0
      vertex 83.0197 32.7 0
      vertex 83.5359 35 0
    endloop
  endfacet
  facet normal 0 0 -1
    outer loop
      vertex 83.0197 0 0
      vertex 83.1363 -1.33528 0
      vertex 83.0342 -0.822104 0
    endloop
  endfacet
  facet normal 0 0 -1
    outer loop
      vertex 83.5359 35 0
      vertex 83.0197 32.7 0
      vertex 83.3045 34.5307 0
    endloop
  endfacet
  facet normal 0 0 -1
    outer loop
      vertex 83.3045 34.5307 0
      vertex 83.0197 32.7 0
      vertex 83.1363 34.0353 0
    endloop
  endfacet
  facet normal 0 -0 -1
    outer loop
      vertex 83.0197 0 0
      vertex 83.0342 -0.822104 0
      vertex 83 -0.299999 0
    endloop
  endfacet
  facet normal 0 0 -1
    outer loop
      vertex 3.68034 0 0
      vertex 83.0197 32.7 0
      vertex 83.0197 0 0
    endloop
  endfacet
  facet normal -0 0 -1
    outer loop
      vertex 83.0197 32.7 0
      vertex 3.68034 0 0
      vertex 3.68034 32.7 0
    endloop
  endfacet
  facet normal 0 0 -1
    outer loop
      vertex 83.1363 34.0353 0
      vertex 83.0197 32.7 0
      vertex 83.0342 33.5221 0
    endloop
  endfacet
  facet normal 0 0 -1
    outer loop
      vertex 83.0342 33.5221 0
      vertex 83.0197 32.7 0
      vertex 83 33 0
    endloop
  endfacet
  facet normal 0 0 -1
    outer loop
      vertex 3.68034 32.7 0
      vertex 3.66578 33.5221 0
      vertex 3.7 33 0
    endloop
  endfacet
  facet normal 0 0 -1
    outer loop
      vertex 3.68034 0 0
      vertex 0 3.68034 0
      vertex 3.68034 32.7 0
    endloop
  endfacet
  facet normal -0 0 -1
    outer loop
      vertex 3.68034 0 0
      vertex 3.5637 -1.33528 0
      vertex 0 3.68034 0
    endloop
  endfacet
  facet normal 0 0 -1
    outer loop
      vertex 0 29.0197 0
      vertex 3.68034 32.7 0
      vertex 0 3.68034 0
    endloop
  endfacet
  facet normal 0 0 -1
    outer loop
      vertex 0 3.68034 0
      vertex 3.5637 -1.33528 0
      vertex 3.39552 -1.83073 0
    endloop
  endfacet
  facet normal 0 -0 -1
    outer loop
      vertex 3.5637 34.0353 0
      vertex 3.68034 32.7 0
      vertex 0 29.0197 0
    endloop
  endfacet
  facet normal 0 0 -1
    outer loop
      vertex 0 3.68034 0
      vertex 3.39552 -1.83073 0
      vertex 3.1641 -2.3 0
    endloop
  endfacet
  facet normal 0 0 -1
    outer loop
      vertex 3.68034 32.7 0
      vertex 3.5637 34.0353 0
      vertex 3.66578 33.5221 0
    endloop
  endfacet
  facet normal 0 0 -1
    outer loop
      vertex 0 3.68034 0
      vertex 3.1641 -2.3 0
      vertex 2.87341 -2.73505 0
    endloop
  endfacet
  facet normal -0 0 -1
    outer loop
      vertex 3.5637 34.0353 0
      vertex 0 29.0197 0
      vertex 3.39552 34.5307 0
    endloop
  endfacet
  facet normal 0 0 -1
    outer loop
      vertex 0 3.68034 0
      vertex 2.87341 -2.73505 0
      vertex 2.52843 -3.12843 0
    endloop
  endfacet
  facet normal -0 0 -1
    outer loop
      vertex 3.39552 34.5307 0
      vertex 0 29.0197 0
      vertex 3.1641 35 0
    endloop
  endfacet
  facet normal 0 0 -1
    outer loop
      vertex 0 3.68034 0
      vertex 2.52843 -3.12843 0
      vertex 2.13505 -3.47341 0
    endloop
  endfacet
  facet normal -0 0 -1
    outer loop
      vertex 3.1641 35 0
      vertex 0 29.0197 0
      vertex 2.87341 35.435 0
    endloop
  endfacet
  facet normal 0 0 -1
    outer loop
      vertex 0 3.68034 0
      vertex 2.13505 -3.47341 0
      vertex 1.7 -3.7641 0
    endloop
  endfacet
  facet normal -0 0 -1
    outer loop
      vertex 2.87341 35.435 0
      vertex 0 29.0197 0
      vertex 2.52843 35.8284 0
    endloop
  endfacet
  facet normal 0 0 -1
    outer loop
      vertex 0 3.68034 0
      vertex 1.7 -3.7641 0
      vertex 1.23073 -3.99552 0
    endloop
  endfacet
  facet normal -0 0 -1
    outer loop
      vertex 2.52843 35.8284 0
      vertex 0 29.0197 0
      vertex 2.13505 36.1734 0
    endloop
  endfacet
  facet normal 0 0 -1
    outer loop
      vertex 0 3.68034 0
      vertex 1.23073 -3.99552 0
      vertex 0.735275 -4.1637 0
    endloop
  endfacet
  facet normal -0 0 -1
    outer loop
      vertex 2.13505 36.1734 0
      vertex 0 29.0197 0
      vertex 1.7 36.4641 0
    endloop
  endfacet
  facet normal 0 0 -1
    outer loop
      vertex 0 3.68034 0
      vertex 0.735275 -4.1637 0
      vertex 0.222104 -4.26578 0
    endloop
  endfacet
  facet normal -0 0 -1
    outer loop
      vertex 1.7 36.4641 0
      vertex 0 29.0197 0
      vertex 1.23073 36.6955 0
    endloop
  endfacet
  facet normal -0 0 -1
    outer loop
      vertex 1.23073 36.6955 0
      vertex 0 29.0197 0
      vertex 0.735275 36.8637 0
    endloop
  endfacet
  facet normal 0 0 -1
    outer loop
      vertex -0.299999 -4.3 0
      vertex 0 3.68034 0
      vertex 0.222104 -4.26578 0
    endloop
  endfacet
  facet normal 0 0 -1
    outer loop
      vertex -0.822104 -4.26578 0
      vertex 0 3.68034 0
      vertex -0.299999 -4.3 0
    endloop
  endfacet
  facet normal 0 0 -1
    outer loop
      vertex -1.33528 -4.1637 0
      vertex 0 3.68034 0
      vertex -0.822104 -4.26578 0
    endloop
  endfacet
  facet normal -0 0 -1
    outer loop
      vertex 0 3.68034 0
      vertex -0.822104 3.66578 0
      vertex -0.299999 3.7 0
    endloop
  endfacet
  facet normal 0 0 -1
    outer loop
      vertex -1.33528 3.5637 0
      vertex 0 3.68034 0
      vertex -1.33528 -4.1637 0
    endloop
  endfacet
  facet normal 0 0 -1
    outer loop
      vertex 0 3.68034 0
      vertex -1.33528 3.5637 0
      vertex -0.822104 3.66578 0
    endloop
  endfacet
  facet normal 0 0 -1
    outer loop
      vertex -1.83073 -3.99552 0
      vertex -1.33528 3.5637 0
      vertex -1.33528 -4.1637 0
    endloop
  endfacet
  facet normal 0 0 -1
    outer loop
      vertex -1.83073 -3.99552 0
      vertex -1.83073 3.39552 0
      vertex -1.33528 3.5637 0
    endloop
  endfacet
  facet normal 0 0 -1
    outer loop
      vertex -2.3 -3.7641 0
      vertex -1.83073 3.39552 0
      vertex -1.83073 -3.99552 0
    endloop
  endfacet
  facet normal 0 0 -1
    outer loop
      vertex -2.3 -3.7641 0
      vertex -2.3 3.1641 0
      vertex -1.83073 3.39552 0
    endloop
  endfacet
  facet normal 0 0 -1
    outer loop
      vertex -2.73505 -3.47341 0
      vertex -2.3 3.1641 0
      vertex -2.3 -3.7641 0
    endloop
  endfacet
  facet normal 0 0 -1
    outer loop
      vertex -2.73505 -3.47341 0
      vertex -2.73505 2.87341 0
      vertex -2.3 3.1641 0
    endloop
  endfacet
  facet normal 0 0 -1
    outer loop
      vertex -3.12843 -3.12843 0
      vertex -2.73505 2.87341 0
      vertex -2.73505 -3.47341 0
    endloop
  endfacet
  facet normal 0 0 -1
    outer loop
      vertex -3.12843 -3.12843 0
      vertex -3.12843 2.52843 0
      vertex -2.73505 2.87341 0
    endloop
  endfacet
  facet normal 0 0 -1
    outer loop
      vertex -3.47341 -2.73505 0
      vertex -3.12843 2.52843 0
      vertex -3.12843 -3.12843 0
    endloop
  endfacet
  facet normal 0 0 -1
    outer loop
      vertex -3.47341 -2.73505 0
      vertex -3.47341 2.13505 0
      vertex -3.12843 2.52843 0
    endloop
  endfacet
  facet normal 0 0 -1
    outer loop
      vertex -3.7641 -2.3 0
      vertex -3.47341 2.13505 0
      vertex -3.47341 -2.73505 0
    endloop
  endfacet
  facet normal 0 0 -1
    outer loop
      vertex -3.7641 -2.3 0
      vertex -3.7641 1.7 0
      vertex -3.47341 2.13505 0
    endloop
  endfacet
  facet normal 0 0 -1
    outer loop
      vertex -3.99552 -1.83073 0
      vertex -3.7641 1.7 0
      vertex -3.7641 -2.3 0
    endloop
  endfacet
  facet normal 0 0 -1
    outer loop
      vertex -3.99552 -1.83073 0
      vertex -3.99552 1.23073 0
      vertex -3.7641 1.7 0
    endloop
  endfacet
  facet normal 0 0 -1
    outer loop
      vertex -4.1637 -1.33528 0
      vertex -3.99552 1.23073 0
      vertex -3.99552 -1.83073 0
    endloop
  endfacet
  facet normal 0 0 -1
    outer loop
      vertex -4.1637 -1.33528 0
      vertex -4.1637 0.735275 0
      vertex -3.99552 1.23073 0
    endloop
  endfacet
  facet normal 0 0 -1
    outer loop
      vertex -4.26578 -0.822104 0
      vertex -4.1637 0.735275 0
      vertex -4.1637 -1.33528 0
    endloop
  endfacet
  facet normal 0 0 -1
    outer loop
      vertex -4.26578 -0.822104 0
      vertex -4.26578 0.222104 0
      vertex -4.1637 0.735275 0
    endloop
  endfacet
  facet normal 0 -0 -1
    outer loop
      vertex -4.26578 0.222104 0
      vertex -4.26578 -0.822104 0
      vertex -4.3 -0.299999 0
    endloop
  endfacet
  facet normal -0 0 -1
    outer loop
      vertex 0.735275 36.8637 0
      vertex 0 29.0197 0
      vertex 0.222104 36.9658 0
    endloop
  endfacet
  facet normal 0 0 -1
    outer loop
      vertex -0.822104 29.0342 0
      vertex 0 29.0197 0
      vertex -0.299999 29 0
    endloop
  endfacet
  facet normal 0 0 -1
    outer loop
      vertex 0 29.0197 0
      vertex -0.299999 37 0
      vertex 0.222104 36.9658 0
    endloop
  endfacet
  facet normal 0 0 -1
    outer loop
      vertex -1.33528 29.1363 0
      vertex 0 29.0197 0
      vertex -0.822104 29.0342 0
    endloop
  endfacet
  facet normal 0 0 -1
    outer loop
      vertex 0 29.0197 0
      vertex -0.822104 36.9658 0
      vertex -0.299999 37 0
    endloop
  endfacet
  facet normal 0 0 -1
    outer loop
      vertex 0 29.0197 0
      vertex -1.33528 29.1363 0
      vertex -0.822104 36.9658 0
    endloop
  endfacet
  facet normal 0 0 -1
    outer loop
      vertex -1.33528 29.1363 0
      vertex -1.33528 36.8637 0
      vertex -0.822104 36.9658 0
    endloop
  endfacet
  facet normal 0 0 -1
    outer loop
      vertex -1.83073 29.3045 0
      vertex -1.33528 36.8637 0
      vertex -1.33528 29.1363 0
    endloop
  endfacet
  facet normal 0 0 -1
    outer loop
      vertex -1.83073 29.3045 0
      vertex -1.83073 36.6955 0
      vertex -1.33528 36.8637 0
    endloop
  endfacet
  facet normal 0 0 -1
    outer loop
      vertex -2.3 29.5359 0
      vertex -1.83073 36.6955 0
      vertex -1.83073 29.3045 0
    endloop
  endfacet
  facet normal 0 0 -1
    outer loop
      vertex -2.3 29.5359 0
      vertex -2.3 36.4641 0
      vertex -1.83073 36.6955 0
    endloop
  endfacet
  facet normal 0 0 -1
    outer loop
      vertex -2.73505 29.8266 0
      vertex -2.3 36.4641 0
      vertex -2.3 29.5359 0
    endloop
  endfacet
  facet normal 0 0 -1
    outer loop
      vertex -2.73505 29.8266 0
      vertex -2.73505 36.1734 0
      vertex -2.3 36.4641 0
    endloop
  endfacet
  facet normal 0 0 -1
    outer loop
      vertex -3.12843 30.1716 0
      vertex -2.73505 36.1734 0
      vertex -2.73505 29.8266 0
    endloop
  endfacet
  facet normal 0 0 -1
    outer loop
      vertex -3.12843 30.1716 0
      vertex -3.12843 35.8284 0
      vertex -2.73505 36.1734 0
    endloop
  endfacet
  facet normal 0 0 -1
    outer loop
      vertex -3.47341 30.565 0
      vertex -3.12843 35.8284 0
      vertex -3.12843 30.1716 0
    endloop
  endfacet
  facet normal 0 0 -1
    outer loop
      vertex -3.47341 30.565 0
      vertex -3.47341 35.435 0
      vertex -3.12843 35.8284 0
    endloop
  endfacet
  facet normal 0 0 -1
    outer loop
      vertex -3.7641 31 0
      vertex -3.47341 35.435 0
      vertex -3.47341 30.565 0
    endloop
  endfacet
  facet normal 0 0 -1
    outer loop
      vertex -3.7641 31 0
      vertex -3.7641 35 0
      vertex -3.47341 35.435 0
    endloop
  endfacet
  facet normal 0 0 -1
    outer loop
      vertex -3.99552 31.4693 0
      vertex -3.7641 35 0
      vertex -3.7641 31 0
    endloop
  endfacet
  facet normal 0 0 -1
    outer loop
      vertex -3.99552 31.4693 0
      vertex -3.99552 34.5307 0
      vertex -3.7641 35 0
    endloop
  endfacet
  facet normal 0 0 -1
    outer loop
      vertex -4.1637 31.9647 0
      vertex -3.99552 34.5307 0
      vertex -3.99552 31.4693 0
    endloop
  endfacet
  facet normal 0 0 -1
    outer loop
      vertex -4.1637 31.9647 0
      vertex -4.1637 34.0353 0
      vertex -3.99552 34.5307 0
    endloop
  endfacet
  facet normal 0 0 -1
    outer loop
      vertex -4.26578 32.4779 0
      vertex -4.1637 34.0353 0
      vertex -4.1637 31.9647 0
    endloop
  endfacet
  facet normal 0 0 -1
    outer loop
      vertex -4.26578 32.4779 0
      vertex -4.26578 33.5221 0
      vertex -4.1637 34.0353 0
    endloop
  endfacet
  facet normal 0 -0 -1
    outer loop
      vertex -4.26578 33.5221 0
      vertex -4.26578 32.4779 0
      vertex -4.3 33 0
    endloop
  endfacet
  facet normal 0 0 1
    outer loop
      vertex 1.7 33 34.4
      vertex 3.7 33 34.4
      vertex 3.66578 33.5221 34.4
    endloop
  endfacet
  facet normal 0 0 1
    outer loop
      vertex 90.9658 33.5221 34.4
      vertex 88.9829 33.2611 34.4
      vertex 89 33 34.4
    endloop
  endfacet
  facet normal 0 0 1
    outer loop
      vertex 89.435 36.1734 34.4
      vertex 88.9319 33.5176 34.4
      vertex 88.9829 33.2611 34.4
    endloop
  endfacet
  facet normal 0 0 1
    outer loop
      vertex 89.435 36.1734 34.4
      vertex 88.8478 33.7654 34.4
      vertex 88.9319 33.5176 34.4
    endloop
  endfacet
  facet normal 0 0 1
    outer loop
      vertex 89.435 36.1734 34.4
      vertex 88.732 34 34.4
      vertex 88.8478 33.7654 34.4
    endloop
  endfacet
  facet normal 0 0 1
    outer loop
      vertex 89.435 36.1734 34.4
      vertex 88.5867 34.2175 34.4
      vertex 88.732 34 34.4
    endloop
  endfacet
  facet normal 0 0 1
    outer loop
      vertex 88 34.732 34.4
      vertex 89 36.4641 34.4
      vertex 88.5307 36.6955 34.4
    endloop
  endfacet
  facet normal 0 0 1
    outer loop
      vertex 89.435 36.1734 34.4
      vertex 88.4142 34.4142 34.4
      vertex 88.5867 34.2175 34.4
    endloop
  endfacet
  facet normal 0 0 1
    outer loop
      vertex 89.435 36.1734 34.4
      vertex 88.2175 34.5867 34.4
      vertex 88.4142 34.4142 34.4
    endloop
  endfacet
  facet normal 0 0 1
    outer loop
      vertex 87.7654 34.8478 34.4
      vertex 88.5307 36.6955 34.4
      vertex 88.0353 36.8637 34.4
    endloop
  endfacet
  facet normal 0 0 1
    outer loop
      vertex 89 36.4641 34.4
      vertex 88 34.732 34.4
      vertex 88.2175 34.5867 34.4
    endloop
  endfacet
  facet normal 0 0 1
    outer loop
      vertex 88.5307 36.6955 34.4
      vertex 87.7654 34.8478 34.4
      vertex 88 34.732 34.4
    endloop
  endfacet
  facet normal 0 0 1
    outer loop
      vertex 87.5176 34.9319 34.4
      vertex 88.0353 36.8637 34.4
      vertex 87.5221 36.9658 34.4
    endloop
  endfacet
  facet normal 0 0 1
    outer loop
      vertex 88.0353 36.8637 34.4
      vertex 87.5176 34.9319 34.4
      vertex 87.7654 34.8478 34.4
    endloop
  endfacet
  facet normal 0 0 1
    outer loop
      vertex 87.5221 36.9658 34.4
      vertex 87.2611 34.9829 34.4
      vertex 87.5176 34.9319 34.4
    endloop
  endfacet
  facet normal 0 0 1
    outer loop
      vertex 87 37 34.4
      vertex 87.2611 34.9829 34.4
      vertex 87.5221 36.9658 34.4
    endloop
  endfacet
  facet normal 0 0 1
    outer loop
      vertex 87 37 34.4
      vertex 87 35 34.4
      vertex 87.2611 34.9829 34.4
    endloop
  endfacet
  facet normal 0 0 1
    outer loop
      vertex 87 37 34.4
      vertex 86.7389 34.9829 34.4
      vertex 87 35 34.4
    endloop
  endfacet
  facet normal -0 0 1
    outer loop
      vertex 86.4779 36.9658 34.4
      vertex 86.7389 34.9829 34.4
      vertex 87 37 34.4
    endloop
  endfacet
  facet normal 0 0 1
    outer loop
      vertex 86.7389 34.9829 34.4
      vertex 86.4779 36.9658 34.4
      vertex 86.4824 34.9319 34.4
    endloop
  endfacet
  facet normal -0 0 1
    outer loop
      vertex 85.9647 36.8637 34.4
      vertex 86.4824 34.9319 34.4
      vertex 86.4779 36.9658 34.4
    endloop
  endfacet
  facet normal 0 0 1
    outer loop
      vertex 86.4824 34.9319 34.4
      vertex 85.9647 36.8637 34.4
      vertex 86.2346 34.8478 34.4
    endloop
  endfacet
  facet normal -0 0 1
    outer loop
      vertex 85.4693 36.6955 34.4
      vertex 86.2346 34.8478 34.4
      vertex 85.9647 36.8637 34.4
    endloop
  endfacet
  facet normal 0 0 1
    outer loop
      vertex 86.2346 34.8478 34.4
      vertex 85.4693 36.6955 34.4
      vertex 86 34.732 34.4
    endloop
  endfacet
  facet normal -0 0 1
    outer loop
      vertex 85 36.4641 34.4
      vertex 86 34.732 34.4
      vertex 85.4693 36.6955 34.4
    endloop
  endfacet
  facet normal 0 0 1
    outer loop
      vertex 86 34.732 34.4
      vertex 85 36.4641 34.4
      vertex 85.7825 34.5867 34.4
    endloop
  endfacet
  facet normal -0 0 1
    outer loop
      vertex 84.565 36.1734 34.4
      vertex 85.7825 34.5867 34.4
      vertex 85 36.4641 34.4
    endloop
  endfacet
  facet normal 0 0 1
    outer loop
      vertex 85.7825 34.5867 34.4
      vertex 84.565 36.1734 34.4
      vertex 85.5858 34.4142 34.4
    endloop
  endfacet
  facet normal -0 0 1
    outer loop
      vertex 84.1716 35.8284 34.4
      vertex 85.5858 34.4142 34.4
      vertex 84.565 36.1734 34.4
    endloop
  endfacet
  facet normal 0 0 1
    outer loop
      vertex 85.5858 34.4142 34.4
      vertex 84.1716 35.8284 34.4
      vertex 85.4133 34.2175 34.4
    endloop
  endfacet
  facet normal -0 0 1
    outer loop
      vertex 83.8266 35.435 34.4
      vertex 85.4133 34.2175 34.4
      vertex 84.1716 35.8284 34.4
    endloop
  endfacet
  facet normal 0 0 1
    outer loop
      vertex 85.4133 34.2175 34.4
      vertex 83.8266 35.435 34.4
      vertex 85.268 34 34.4
    endloop
  endfacet
  facet normal -0 0 1
    outer loop
      vertex 83.5359 35 34.4
      vertex 85.268 34 34.4
      vertex 83.8266 35.435 34.4
    endloop
  endfacet
  facet normal 0 0 1
    outer loop
      vertex 85.268 34 34.4
      vertex 83.5359 35 34.4
      vertex 85.1522 33.7654 34.4
    endloop
  endfacet
  facet normal 0 0 1
    outer loop
      vertex 85 33 34.4
      vertex 84.7 29.7364 34.4
      vertex 85 -0.299999 34.4
    endloop
  endfacet
  facet normal -0 0 1
    outer loop
      vertex 84.7 2.96365 34.4
      vertex 85 -0.299999 34.4
      vertex 84.7 29.7364 34.4
    endloop
  endfacet
  facet normal -0 0 1
    outer loop
      vertex 83.3045 34.5307 34.4
      vertex 85.1522 33.7654 34.4
      vertex 83.5359 35 34.4
    endloop
  endfacet
  facet normal 0 0 1
    outer loop
      vertex 85.1522 33.7654 34.4
      vertex 83.3045 34.5307 34.4
      vertex 85.0681 33.5176 34.4
    endloop
  endfacet
  facet normal 0 -0 1
    outer loop
      vertex 83.8266 30.565 34.4
      vertex 85 33 34.4
      vertex 83.7364 30.7 34.4
    endloop
  endfacet
  facet normal 0 -0 1
    outer loop
      vertex 84.565 29.8266 34.4
      vertex 85 33 34.4
      vertex 84.1716 30.1716 34.4
    endloop
  endfacet
  facet normal -0 0 1
    outer loop
      vertex 83.1363 34.0353 34.4
      vertex 85.0681 33.5176 34.4
      vertex 83.3045 34.5307 34.4
    endloop
  endfacet
  facet normal 0 0 1
    outer loop
      vertex 85 33 34.4
      vertex 84.565 29.8266 34.4
      vertex 84.7 29.7364 34.4
    endloop
  endfacet
  facet normal 0 0 1
    outer loop
      vertex 85 33 34.4
      vertex 83.8266 30.565 34.4
      vertex 84.1716 30.1716 34.4
    endloop
  endfacet
  facet normal 0 0 1
    outer loop
      vertex 85.0681 33.5176 34.4
      vertex 83.1363 34.0353 34.4
      vertex 85.0171 33.2611 34.4
    endloop
  endfacet
  facet normal -0 0 1
    outer loop
      vertex 83.0342 33.5221 34.4
      vertex 85.0171 33.2611 34.4
      vertex 83.1363 34.0353 34.4
    endloop
  endfacet
  facet normal 0 0 1
    outer loop
      vertex 85.0171 33.2611 34.4
      vertex 83.0342 33.5221 34.4
      vertex 85 33 34.4
    endloop
  endfacet
  facet normal 0 0 1
    outer loop
      vertex 83 33 34.4
      vertex 85 33 34.4
      vertex 83.0342 33.5221 34.4
    endloop
  endfacet
  facet normal 0 0 1
    outer loop
      vertex 85 33 34.4
      vertex 83.0197 32.7 34.4
      vertex 83.7364 30.7 34.4
    endloop
  endfacet
  facet normal -0 0 1
    outer loop
      vertex 3.68034 32.7 34.4
      vertex 83.7364 30.7 34.4
      vertex 83.0197 32.7 34.4
    endloop
  endfacet
  facet normal 0 0 1
    outer loop
      vertex 1.7 33 34.4
      vertex 3.66578 33.5221 34.4
      vertex 3.5637 34.0353 34.4
    endloop
  endfacet
  facet normal 0 0 1
    outer loop
      vertex 1.7 33 34.4
      vertex 3.5637 34.0353 34.4
      vertex 3.39552 34.5307 34.4
    endloop
  endfacet
  facet normal 0 0 1
    outer loop
      vertex 1.7 33 34.4
      vertex 3.39552 34.5307 34.4
      vertex 3.1641 35 34.4
    endloop
  endfacet
  facet normal 0 0 1
    outer loop
      vertex 3.68034 32.7 34.4
      vertex 2.96365 30.7 34.4
      vertex 83.7364 30.7 34.4
    endloop
  endfacet
  facet normal 0 0 1
    outer loop
      vertex 3.7 33 34.4
      vertex 1.7 33 34.4
      vertex 3.68034 32.7 34.4
    endloop
  endfacet
  facet normal 0 0 1
    outer loop
      vertex 1.7 33 34.4
      vertex 3.1641 35 34.4
      vertex 2.87341 35.435 34.4
    endloop
  endfacet
  facet normal -0 0 1
    outer loop
      vertex 1.68289 32.7389 34.4
      vertex 3.68034 32.7 34.4
      vertex 1.7 33 34.4
    endloop
  endfacet
  facet normal 0 0 1
    outer loop
      vertex 1.7 33 34.4
      vertex 2.87341 35.435 34.4
      vertex 2.52843 35.8284 34.4
    endloop
  endfacet
  facet normal 0 0 1
    outer loop
      vertex 1.63185 32.4824 34.4
      vertex 3.68034 32.7 34.4
      vertex 1.68289 32.7389 34.4
    endloop
  endfacet
  facet normal 0 0 1
    outer loop
      vertex 1.7 33 34.4
      vertex 2.52843 35.8284 34.4
      vertex 2.13505 36.1734 34.4
    endloop
  endfacet
  facet normal 0 0 1
    outer loop
      vertex 1.54776 32.2346 34.4
      vertex 3.68034 32.7 34.4
      vertex 1.63185 32.4824 34.4
    endloop
  endfacet
  facet normal 0 0 1
    outer loop
      vertex 3.68034 32.7 34.4
      vertex 1.54776 32.2346 34.4
      vertex 2.96365 30.7 34.4
    endloop
  endfacet
  facet normal -0 0 1
    outer loop
      vertex 1.43205 32 34.4
      vertex 2.96365 30.7 34.4
      vertex 1.54776 32.2346 34.4
    endloop
  endfacet
  facet normal 0 0 1
    outer loop
      vertex 1.7 33 34.4
      vertex 2.13505 36.1734 34.4
      vertex 1.7 36.4641 34.4
    endloop
  endfacet
  facet normal 0 0 1
    outer loop
      vertex 89 33 34.4
      vertex 91 33 34.4
      vertex 90.9658 33.5221 34.4
    endloop
  endfacet
  facet normal 0 0 1
    outer loop
      vertex 88.9829 33.2611 34.4
      vertex 90.9658 33.5221 34.4
      vertex 90.8637 34.0353 34.4
    endloop
  endfacet
  facet normal 0 0 1
    outer loop
      vertex 91 33 34.4
      vertex 89 33 34.4
      vertex 90.9658 32.4779 34.4
    endloop
  endfacet
  facet normal 0 0 1
    outer loop
      vertex 88.9829 33.2611 34.4
      vertex 90.8637 34.0353 34.4
      vertex 90.6955 34.5307 34.4
    endloop
  endfacet
  facet normal -0 0 1
    outer loop
      vertex 88.9829 32.7389 34.4
      vertex 90.9658 32.4779 34.4
      vertex 89 33 34.4
    endloop
  endfacet
  facet normal 0 0 1
    outer loop
      vertex 88.9829 33.2611 34.4
      vertex 90.6955 34.5307 34.4
      vertex 90.4641 35 34.4
    endloop
  endfacet
  facet normal 0 0 1
    outer loop
      vertex 90.9658 32.4779 34.4
      vertex 88.9829 32.7389 34.4
      vertex 90.8637 31.9647 34.4
    endloop
  endfacet
  facet normal 0 0 1
    outer loop
      vertex 88.9829 33.2611 34.4
      vertex 90.4641 35 34.4
      vertex 90.1734 35.435 34.4
    endloop
  endfacet
  facet normal -0 0 1
    outer loop
      vertex 88.9319 32.4824 34.4
      vertex 90.8637 31.9647 34.4
      vertex 88.9829 32.7389 34.4
    endloop
  endfacet
  facet normal 0 0 1
    outer loop
      vertex 88.9829 33.2611 34.4
      vertex 90.1734 35.435 34.4
      vertex 89.8284 35.8284 34.4
    endloop
  endfacet
  facet normal 0 0 1
    outer loop
      vertex 90.8637 31.9647 34.4
      vertex 88.9319 32.4824 34.4
      vertex 90.6955 31.4693 34.4
    endloop
  endfacet
  facet normal 0 0 1
    outer loop
      vertex 88.9829 33.2611 34.4
      vertex 89.8284 35.8284 34.4
      vertex 89.435 36.1734 34.4
    endloop
  endfacet
  facet normal -0 0 1
    outer loop
      vertex 88.8478 32.2346 34.4
      vertex 90.6955 31.4693 34.4
      vertex 88.9319 32.4824 34.4
    endloop
  endfacet
  facet normal 0 0 1
    outer loop
      vertex 88.2175 34.5867 34.4
      vertex 89.435 36.1734 34.4
      vertex 89 36.4641 34.4
    endloop
  endfacet
  facet normal 0 0 1
    outer loop
      vertex 90.6955 31.4693 34.4
      vertex 88.8478 32.2346 34.4
      vertex 90.4641 31 34.4
    endloop
  endfacet
  facet normal -0 0 1
    outer loop
      vertex 88.732 32 34.4
      vertex 90.4641 31 34.4
      vertex 88.8478 32.2346 34.4
    endloop
  endfacet
  facet normal 0 0 1
    outer loop
      vertex 90.4641 31 34.4
      vertex 88.732 32 34.4
      vertex 90.1734 30.565 34.4
    endloop
  endfacet
  facet normal -0 0 1
    outer loop
      vertex 88.5867 31.7825 34.4
      vertex 90.1734 30.565 34.4
      vertex 88.732 32 34.4
    endloop
  endfacet
  facet normal 0 0 1
    outer loop
      vertex 90.1734 30.565 34.4
      vertex 88.5867 31.7825 34.4
      vertex 89.8284 30.1716 34.4
    endloop
  endfacet
  facet normal -0 0 1
    outer loop
      vertex 88.4142 31.5858 34.4
      vertex 89.8284 30.1716 34.4
      vertex 88.5867 31.7825 34.4
    endloop
  endfacet
  facet normal 0 0 1
    outer loop
      vertex 89.8284 30.1716 34.4
      vertex 88.4142 31.5858 34.4
      vertex 89.435 29.8266 34.4
    endloop
  endfacet
  facet normal -0 0 1
    outer loop
      vertex 88.2175 31.4133 34.4
      vertex 89.435 29.8266 34.4
      vertex 88.4142 31.5858 34.4
    endloop
  endfacet
  facet normal 0 0 1
    outer loop
      vertex 89.435 29.8266 34.4
      vertex 88.2175 31.4133 34.4
      vertex 89 29.5359 34.4
    endloop
  endfacet
  facet normal -0 0 1
    outer loop
      vertex 88 31.2679 34.4
      vertex 89 29.5359 34.4
      vertex 88.2175 31.4133 34.4
    endloop
  endfacet
  facet normal 0 0 1
    outer loop
      vertex 89 29.5359 34.4
      vertex 88 31.2679 34.4
      vertex 88.5307 29.3045 34.4
    endloop
  endfacet
  facet normal -0 0 1
    outer loop
      vertex 87.7654 31.1522 34.4
      vertex 88.5307 29.3045 34.4
      vertex 88 31.2679 34.4
    endloop
  endfacet
  facet normal 0 0 1
    outer loop
      vertex 88.5307 29.3045 34.4
      vertex 87.7654 31.1522 34.4
      vertex 88.0353 29.1363 34.4
    endloop
  endfacet
  facet normal -0 0 1
    outer loop
      vertex 87.5176 31.0681 34.4
      vertex 88.0353 29.1363 34.4
      vertex 87.7654 31.1522 34.4
    endloop
  endfacet
  facet normal 0 0 1
    outer loop
      vertex 88.0353 29.1363 34.4
      vertex 87.5176 31.0681 34.4
      vertex 87.5221 29.0342 34.4
    endloop
  endfacet
  facet normal -0 0 1
    outer loop
      vertex 87.2611 31.0171 34.4
      vertex 87.5221 29.0342 34.4
      vertex 87.5176 31.0681 34.4
    endloop
  endfacet
  facet normal -0 0 1
    outer loop
      vertex 87 31 34.4
      vertex 87.5221 29.0342 34.4
      vertex 87.2611 31.0171 34.4
    endloop
  endfacet
  facet normal 0 0 1
    outer loop
      vertex 87 31 34.4
      vertex 87 29 34.4
      vertex 87.5221 29.0342 34.4
    endloop
  endfacet
  facet normal 0 0 1
    outer loop
      vertex 86.7 29.0197 34.4
      vertex 87 31 34.4
      vertex 86.7389 31.0171 34.4
    endloop
  endfacet
  facet normal 0 0 1
    outer loop
      vertex 87 31 34.4
      vertex 86.7 29.0197 34.4
      vertex 87 29 34.4
    endloop
  endfacet
  facet normal 0 0 1
    outer loop
      vertex 86.2346 31.1522 34.4
      vertex 86.7 29.0197 34.4
      vertex 86.4824 31.0681 34.4
    endloop
  endfacet
  facet normal 0 0 1
    outer loop
      vertex 86.4824 31.0681 34.4
      vertex 86.7 29.0197 34.4
      vertex 86.7389 31.0171 34.4
    endloop
  endfacet
  facet normal 0 0 1
    outer loop
      vertex 90.9658 0.222104 34.4
      vertex 88.9829 -0.0389471 34.4
      vertex 89 -0.299999 34.4
    endloop
  endfacet
  facet normal 0 0 1
    outer loop
      vertex 89.435 2.87341 34.4
      vertex 88.9319 0.217638 34.4
      vertex 88.9829 -0.0389471 34.4
    endloop
  endfacet
  facet normal 0 0 1
    outer loop
      vertex 89.435 2.87341 34.4
      vertex 88.8478 0.465366 34.4
      vertex 88.9319 0.217638 34.4
    endloop
  endfacet
  facet normal 0 0 1
    outer loop
      vertex 89.435 2.87341 34.4
      vertex 88.732 0.7 34.4
      vertex 88.8478 0.465366 34.4
    endloop
  endfacet
  facet normal 0 0 1
    outer loop
      vertex 89.435 2.87341 34.4
      vertex 88.5867 0.917522 34.4
      vertex 88.732 0.7 34.4
    endloop
  endfacet
  facet normal 0 0 1
    outer loop
      vertex 88 1.43205 34.4
      vertex 89 3.1641 34.4
      vertex 88.5307 3.39552 34.4
    endloop
  endfacet
  facet normal 0 0 1
    outer loop
      vertex 89.435 2.87341 34.4
      vertex 88.4142 1.11421 34.4
      vertex 88.5867 0.917522 34.4
    endloop
  endfacet
  facet normal 0 0 1
    outer loop
      vertex 89.435 2.87341 34.4
      vertex 88.2175 1.28671 34.4
      vertex 88.4142 1.11421 34.4
    endloop
  endfacet
  facet normal 0 0 1
    outer loop
      vertex 87.7654 1.54776 34.4
      vertex 88.5307 3.39552 34.4
      vertex 88.0353 3.5637 34.4
    endloop
  endfacet
  facet normal 0 0 1
    outer loop
      vertex 89 3.1641 34.4
      vertex 88 1.43205 34.4
      vertex 88.2175 1.28671 34.4
    endloop
  endfacet
  facet normal 0 0 1
    outer loop
      vertex 88.5307 3.39552 34.4
      vertex 87.7654 1.54776 34.4
      vertex 88 1.43205 34.4
    endloop
  endfacet
  facet normal 0 0 1
    outer loop
      vertex 87.5176 1.63185 34.4
      vertex 88.0353 3.5637 34.4
      vertex 87.5221 3.66578 34.4
    endloop
  endfacet
  facet normal 0 0 1
    outer loop
      vertex 88.0353 3.5637 34.4
      vertex 87.5176 1.63185 34.4
      vertex 87.7654 1.54776 34.4
    endloop
  endfacet
  facet normal 0 0 1
    outer loop
      vertex 87.5221 3.66578 34.4
      vertex 87.2611 1.68289 34.4
      vertex 87.5176 1.63185 34.4
    endloop
  endfacet
  facet normal 0 0 1
    outer loop
      vertex 87 3.7 34.4
      vertex 87.2611 1.68289 34.4
      vertex 87.5221 3.66578 34.4
    endloop
  endfacet
  facet normal 0 0 1
    outer loop
      vertex 87 3.7 34.4
      vertex 87 1.7 34.4
      vertex 87.2611 1.68289 34.4
    endloop
  endfacet
  facet normal -0 0 1
    outer loop
      vertex 86.7 3.68034 34.4
      vertex 87 1.7 34.4
      vertex 87 3.7 34.4
    endloop
  endfacet
  facet normal 0 0 1
    outer loop
      vertex 87 1.7 34.4
      vertex 86.7 3.68034 34.4
      vertex 86.7389 1.68289 34.4
    endloop
  endfacet
  facet normal 0 0 1
    outer loop
      vertex 86.7 3.68034 34.4
      vertex 86.4824 1.63185 34.4
      vertex 86.7389 1.68289 34.4
    endloop
  endfacet
  facet normal 0 0 1
    outer loop
      vertex 86 31.2679 34.4
      vertex 86.7 29.0197 34.4
      vertex 86.2346 31.1522 34.4
    endloop
  endfacet
  facet normal 0 0 1
    outer loop
      vertex 85.7825 31.4133 34.4
      vertex 86.7 29.0197 34.4
      vertex 86 31.2679 34.4
    endloop
  endfacet
  facet normal 0 0 1
    outer loop
      vertex 86.7 3.68034 34.4
      vertex 86.2346 1.54776 34.4
      vertex 86.4824 1.63185 34.4
    endloop
  endfacet
  facet normal 0 0 1
    outer loop
      vertex 85.5858 31.5858 34.4
      vertex 86.7 29.0197 34.4
      vertex 85.7825 31.4133 34.4
    endloop
  endfacet
  facet normal 0 0 1
    outer loop
      vertex 86.7 3.68034 34.4
      vertex 86 1.43205 34.4
      vertex 86.2346 1.54776 34.4
    endloop
  endfacet
  facet normal 0 0 1
    outer loop
      vertex 85.4133 31.7825 34.4
      vertex 86.7 29.0197 34.4
      vertex 85.5858 31.5858 34.4
    endloop
  endfacet
  facet normal 0 0 1
    outer loop
      vertex 86.7 3.68034 34.4
      vertex 85.7825 1.28671 34.4
      vertex 86 1.43205 34.4
    endloop
  endfacet
  facet normal 0 0 1
    outer loop
      vertex 85.268 32 34.4
      vertex 86.7 29.0197 34.4
      vertex 85.4133 31.7825 34.4
    endloop
  endfacet
  facet normal 0 0 1
    outer loop
      vertex 86.7 3.68034 34.4
      vertex 85.5858 1.11421 34.4
      vertex 85.7825 1.28671 34.4
    endloop
  endfacet
  facet normal 0 0 1
    outer loop
      vertex 86.7 29.0197 34.4
      vertex 85.268 32 34.4
      vertex 86.7 3.68034 34.4
    endloop
  endfacet
  facet normal 0 0 1
    outer loop
      vertex 86.7 3.68034 34.4
      vertex 85.4133 0.917522 34.4
      vertex 85.5858 1.11421 34.4
    endloop
  endfacet
  facet normal 0 0 1
    outer loop
      vertex 85.268 0.7 34.4
      vertex 86.7 3.68034 34.4
      vertex 85.268 32 34.4
    endloop
  endfacet
  facet normal 0 0 1
    outer loop
      vertex 86.7 3.68034 34.4
      vertex 85.268 0.7 34.4
      vertex 85.4133 0.917522 34.4
    endloop
  endfacet
  facet normal 0 0 1
    outer loop
      vertex 85.1522 32.2346 34.4
      vertex 85.268 0.7 34.4
      vertex 85.268 32 34.4
    endloop
  endfacet
  facet normal 0 0 1
    outer loop
      vertex 85.1522 32.2346 34.4
      vertex 85.1522 0.465366 34.4
      vertex 85.268 0.7 34.4
    endloop
  endfacet
  facet normal 0 0 1
    outer loop
      vertex 85.0681 32.4824 34.4
      vertex 85.1522 0.465366 34.4
      vertex 85.1522 32.2346 34.4
    endloop
  endfacet
  facet normal 0 0 1
    outer loop
      vertex 85.0681 32.4824 34.4
      vertex 85.0681 0.217638 34.4
      vertex 85.1522 0.465366 34.4
    endloop
  endfacet
  facet normal 0 0 1
    outer loop
      vertex 85.0171 32.7389 34.4
      vertex 85.0681 0.217638 34.4
      vertex 85.0681 32.4824 34.4
    endloop
  endfacet
  facet normal 0 0 1
    outer loop
      vertex 85.0171 32.7389 34.4
      vertex 85.0171 -0.0389471 34.4
      vertex 85.0681 0.217638 34.4
    endloop
  endfacet
  facet normal 0 0 1
    outer loop
      vertex 85 33 34.4
      vertex 85.0171 -0.0389471 34.4
      vertex 85.0171 32.7389 34.4
    endloop
  endfacet
  facet normal 0 0 1
    outer loop
      vertex 85.0171 -0.0389471 34.4
      vertex 85 33 34.4
      vertex 85 -0.299999 34.4
    endloop
  endfacet
  facet normal 0 0 1
    outer loop
      vertex 89 -0.299999 34.4
      vertex 91 -0.299999 34.4
      vertex 90.9658 0.222104 34.4
    endloop
  endfacet
  facet normal 0 0 1
    outer loop
      vertex 88.9829 -0.0389471 34.4
      vertex 90.9658 0.222104 34.4
      vertex 90.8637 0.735275 34.4
    endloop
  endfacet
  facet normal 0 0 1
    outer loop
      vertex 91 -0.299999 34.4
      vertex 89 -0.299999 34.4
      vertex 90.9658 -0.822104 34.4
    endloop
  endfacet
  facet normal 0 0 1
    outer loop
      vertex 88.9829 -0.0389471 34.4
      vertex 90.8637 0.735275 34.4
      vertex 90.6955 1.23073 34.4
    endloop
  endfacet
  facet normal -0 0 1
    outer loop
      vertex 88.9829 -0.561052 34.4
      vertex 90.9658 -0.822104 34.4
      vertex 89 -0.299999 34.4
    endloop
  endfacet
  facet normal 0 0 1
    outer loop
      vertex 88.9829 -0.0389471 34.4
      vertex 90.6955 1.23073 34.4
      vertex 90.4641 1.7 34.4
    endloop
  endfacet
  facet normal 0 0 1
    outer loop
      vertex 90.9658 -0.822104 34.4
      vertex 88.9829 -0.561052 34.4
      vertex 90.8637 -1.33528 34.4
    endloop
  endfacet
  facet normal 0 0 1
    outer loop
      vertex 88.9829 -0.0389471 34.4
      vertex 90.4641 1.7 34.4
      vertex 90.1734 2.13505 34.4
    endloop
  endfacet
  facet normal -0 0 1
    outer loop
      vertex 88.9319 -0.817637 34.4
      vertex 90.8637 -1.33528 34.4
      vertex 88.9829 -0.561052 34.4
    endloop
  endfacet
  facet normal 0 0 1
    outer loop
      vertex 88.9829 -0.0389471 34.4
      vertex 90.1734 2.13505 34.4
      vertex 89.8284 2.52843 34.4
    endloop
  endfacet
  facet normal 0 0 1
    outer loop
      vertex 90.8637 -1.33528 34.4
      vertex 88.9319 -0.817637 34.4
      vertex 90.6955 -1.83073 34.4
    endloop
  endfacet
  facet normal 0 0 1
    outer loop
      vertex 88.9829 -0.0389471 34.4
      vertex 89.8284 2.52843 34.4
      vertex 89.435 2.87341 34.4
    endloop
  endfacet
  facet normal -0 0 1
    outer loop
      vertex 88.8478 -1.06537 34.4
      vertex 90.6955 -1.83073 34.4
      vertex 88.9319 -0.817637 34.4
    endloop
  endfacet
  facet normal 0 0 1
    outer loop
      vertex 88.2175 1.28671 34.4
      vertex 89.435 2.87341 34.4
      vertex 89 3.1641 34.4
    endloop
  endfacet
  facet normal 0 0 1
    outer loop
      vertex 90.6955 -1.83073 34.4
      vertex 88.8478 -1.06537 34.4
      vertex 90.4641 -2.3 34.4
    endloop
  endfacet
  facet normal -0 0 1
    outer loop
      vertex 88.732 -1.3 34.4
      vertex 90.4641 -2.3 34.4
      vertex 88.8478 -1.06537 34.4
    endloop
  endfacet
  facet normal 0 0 1
    outer loop
      vertex 90.4641 -2.3 34.4
      vertex 88.732 -1.3 34.4
      vertex 90.1734 -2.73505 34.4
    endloop
  endfacet
  facet normal -0 0 1
    outer loop
      vertex 88.5867 -1.51752 34.4
      vertex 90.1734 -2.73505 34.4
      vertex 88.732 -1.3 34.4
    endloop
  endfacet
  facet normal 0 0 1
    outer loop
      vertex 90.1734 -2.73505 34.4
      vertex 88.5867 -1.51752 34.4
      vertex 89.8284 -3.12843 34.4
    endloop
  endfacet
  facet normal -0 0 1
    outer loop
      vertex 88.4142 -1.71421 34.4
      vertex 89.8284 -3.12843 34.4
      vertex 88.5867 -1.51752 34.4
    endloop
  endfacet
  facet normal 0 0 1
    outer loop
      vertex 89.8284 -3.12843 34.4
      vertex 88.4142 -1.71421 34.4
      vertex 89.435 -3.47341 34.4
    endloop
  endfacet
  facet normal -0 0 1
    outer loop
      vertex 88.2175 -1.88671 34.4
      vertex 89.435 -3.47341 34.4
      vertex 88.4142 -1.71421 34.4
    endloop
  endfacet
  facet normal 0 0 1
    outer loop
      vertex 89.435 -3.47341 34.4
      vertex 88.2175 -1.88671 34.4
      vertex 89 -3.7641 34.4
    endloop
  endfacet
  facet normal -0 0 1
    outer loop
      vertex 88 -2.03205 34.4
      vertex 89 -3.7641 34.4
      vertex 88.2175 -1.88671 34.4
    endloop
  endfacet
  facet normal 0 0 1
    outer loop
      vertex 89 -3.7641 34.4
      vertex 88 -2.03205 34.4
      vertex 88.5307 -3.99552 34.4
    endloop
  endfacet
  facet normal -0 0 1
    outer loop
      vertex 87.7654 -2.14776 34.4
      vertex 88.5307 -3.99552 34.4
      vertex 88 -2.03205 34.4
    endloop
  endfacet
  facet normal 0 0 1
    outer loop
      vertex 88.5307 -3.99552 34.4
      vertex 87.7654 -2.14776 34.4
      vertex 88.0353 -4.1637 34.4
    endloop
  endfacet
  facet normal -0 0 1
    outer loop
      vertex 87.5176 -2.23185 34.4
      vertex 88.0353 -4.1637 34.4
      vertex 87.7654 -2.14776 34.4
    endloop
  endfacet
  facet normal 0 0 1
    outer loop
      vertex 88.0353 -4.1637 34.4
      vertex 87.5176 -2.23185 34.4
      vertex 87.5221 -4.26578 34.4
    endloop
  endfacet
  facet normal -0 0 1
    outer loop
      vertex 87.2611 -2.28289 34.4
      vertex 87.5221 -4.26578 34.4
      vertex 87.5176 -2.23185 34.4
    endloop
  endfacet
  facet normal -0 0 1
    outer loop
      vertex 87 -2.3 34.4
      vertex 87.5221 -4.26578 34.4
      vertex 87.2611 -2.28289 34.4
    endloop
  endfacet
  facet normal 0 0 1
    outer loop
      vertex 87 -2.3 34.4
      vertex 87 -4.3 34.4
      vertex 87.5221 -4.26578 34.4
    endloop
  endfacet
  facet normal 0 0 1
    outer loop
      vertex 86.7389 -2.28289 34.4
      vertex 87 -4.3 34.4
      vertex 87 -2.3 34.4
    endloop
  endfacet
  facet normal 0 0 1
    outer loop
      vertex 86.4779 -4.26578 34.4
      vertex 86.7389 -2.28289 34.4
      vertex 86.4824 -2.23185 34.4
    endloop
  endfacet
  facet normal 0 0 1
    outer loop
      vertex 86.7389 -2.28289 34.4
      vertex 86.4779 -4.26578 34.4
      vertex 87 -4.3 34.4
    endloop
  endfacet
  facet normal 0 0 1
    outer loop
      vertex 85.9647 -4.1637 34.4
      vertex 86.4824 -2.23185 34.4
      vertex 86.2346 -2.14776 34.4
    endloop
  endfacet
  facet normal 0 0 1
    outer loop
      vertex 85.4693 -3.99552 34.4
      vertex 86.2346 -2.14776 34.4
      vertex 86 -2.03205 34.4
    endloop
  endfacet
  facet normal 0 0 1
    outer loop
      vertex 86.4824 -2.23185 34.4
      vertex 85.9647 -4.1637 34.4
      vertex 86.4779 -4.26578 34.4
    endloop
  endfacet
  facet normal 0 0 1
    outer loop
      vertex 85 -3.7641 34.4
      vertex 86 -2.03205 34.4
      vertex 85.7825 -1.88671 34.4
    endloop
  endfacet
  facet normal 0 0 1
    outer loop
      vertex 85 -3.7641 34.4
      vertex 85.7825 -1.88671 34.4
      vertex 85.5858 -1.71421 34.4
    endloop
  endfacet
  facet normal 0 0 1
    outer loop
      vertex 86.2346 -2.14776 34.4
      vertex 85.4693 -3.99552 34.4
      vertex 85.9647 -4.1637 34.4
    endloop
  endfacet
  facet normal 0 0 1
    outer loop
      vertex 85 -3.7641 34.4
      vertex 85.5858 -1.71421 34.4
      vertex 85.4133 -1.51752 34.4
    endloop
  endfacet
  facet normal 0 0 1
    outer loop
      vertex 85 -3.7641 34.4
      vertex 85.4133 -1.51752 34.4
      vertex 85.268 -1.3 34.4
    endloop
  endfacet
  facet normal 0 0 1
    outer loop
      vertex 85 -3.7641 34.4
      vertex 85.268 -1.3 34.4
      vertex 85.1522 -1.06537 34.4
    endloop
  endfacet
  facet normal 0 0 1
    outer loop
      vertex 85 -3.7641 34.4
      vertex 85.1522 -1.06537 34.4
      vertex 85.0681 -0.817637 34.4
    endloop
  endfacet
  facet normal 0 0 1
    outer loop
      vertex 85 -3.7641 34.4
      vertex 85.0681 -0.817637 34.4
      vertex 85.0171 -0.561052 34.4
    endloop
  endfacet
  facet normal 0 0 1
    outer loop
      vertex 86 -2.03205 34.4
      vertex 85 -3.7641 34.4
      vertex 85.4693 -3.99552 34.4
    endloop
  endfacet
  facet normal 0 0 1
    outer loop
      vertex 85 -3.7641 34.4
      vertex 85.0171 -0.561052 34.4
      vertex 85 -0.299999 34.4
    endloop
  endfacet
  facet normal 0 0 1
    outer loop
      vertex 85 33 34.4
      vertex 83 33 34.4
      vertex 83.0197 32.7 34.4
    endloop
  endfacet
  facet normal -0 0 1
    outer loop
      vertex 84.565 2.87341 34.4
      vertex 85 -0.299999 34.4
      vertex 84.7 2.96365 34.4
    endloop
  endfacet
  facet normal 0 0 1
    outer loop
      vertex 85 -0.299999 34.4
      vertex 84.565 2.87341 34.4
      vertex 84.1716 2.52843 34.4
    endloop
  endfacet
  facet normal 0 0 1
    outer loop
      vertex 85 -0.299999 34.4
      vertex 84.565 -3.47341 34.4
      vertex 85 -3.7641 34.4
    endloop
  endfacet
  facet normal -0 0 1
    outer loop
      vertex 83.8266 2.13505 34.4
      vertex 85 -0.299999 34.4
      vertex 84.1716 2.52843 34.4
    endloop
  endfacet
  facet normal -0 0 1
    outer loop
      vertex 83.0197 0 34.4
      vertex 85 -0.299999 34.4
      vertex 83.7364 2 34.4
    endloop
  endfacet
  facet normal 0 0 1
    outer loop
      vertex 85 -0.299999 34.4
      vertex 83.8266 2.13505 34.4
      vertex 83.7364 2 34.4
    endloop
  endfacet
  facet normal 0 0 1
    outer loop
      vertex 85 -0.299999 34.4
      vertex 84.1716 -3.12843 34.4
      vertex 84.565 -3.47341 34.4
    endloop
  endfacet
  facet normal 0 0 1
    outer loop
      vertex 85 -0.299999 34.4
      vertex 83.8266 -2.73505 34.4
      vertex 84.1716 -3.12843 34.4
    endloop
  endfacet
  facet normal 0 0 1
    outer loop
      vertex 85 -0.299999 34.4
      vertex 83.5359 -2.3 34.4
      vertex 83.8266 -2.73505 34.4
    endloop
  endfacet
  facet normal 0 0 1
    outer loop
      vertex 85 -0.299999 34.4
      vertex 83.3045 -1.83073 34.4
      vertex 83.5359 -2.3 34.4
    endloop
  endfacet
  facet normal 0 0 1
    outer loop
      vertex 85 -0.299999 34.4
      vertex 83.1363 -1.33528 34.4
      vertex 83.3045 -1.83073 34.4
    endloop
  endfacet
  facet normal 0 0 1
    outer loop
      vertex 83 -0.299999 34.4
      vertex 85 -0.299999 34.4
      vertex 83.0197 0 34.4
    endloop
  endfacet
  facet normal 0 0 1
    outer loop
      vertex 85 -0.299999 34.4
      vertex 83.0342 -0.822104 34.4
      vertex 83.1363 -1.33528 34.4
    endloop
  endfacet
  facet normal 0 0 1
    outer loop
      vertex 83.7364 2 34.4
      vertex 3.68034 0 34.4
      vertex 83.0197 0 34.4
    endloop
  endfacet
  facet normal 0 0 1
    outer loop
      vertex 3.7 -0.299999 34.4
      vertex 1.7 -0.299999 34.4
      vertex 3.66578 -0.822104 34.4
    endloop
  endfacet
  facet normal 0 0 1
    outer loop
      vertex 3.66578 -0.822104 34.4
      vertex 1.68289 -0.561052 34.4
      vertex 3.5637 -1.33528 34.4
    endloop
  endfacet
  facet normal -0 0 1
    outer loop
      vertex 1.63185 -0.817637 34.4
      vertex 3.5637 -1.33528 34.4
      vertex 1.68289 -0.561052 34.4
    endloop
  endfacet
  facet normal -0 0 1
    outer loop
      vertex 2.96365 2 34.4
      vertex 3.68034 0 34.4
      vertex 83.7364 2 34.4
    endloop
  endfacet
  facet normal -0 0 1
    outer loop
      vertex 1.54776 0.465366 34.4
      vertex 3.68034 0 34.4
      vertex 2.96365 2 34.4
    endloop
  endfacet
  facet normal 0 0 1
    outer loop
      vertex 1.28671 0.917522 34.4
      vertex 2.96365 2 34.4
      vertex 2.87341 2.13505 34.4
    endloop
  endfacet
  facet normal 0 0 1
    outer loop
      vertex 3.66578 -0.822104 34.4
      vertex 1.7 -0.299999 34.4
      vertex 1.68289 -0.561052 34.4
    endloop
  endfacet
  facet normal 0 0 1
    outer loop
      vertex 1.28671 0.917522 34.4
      vertex 2.87341 2.13505 34.4
      vertex 2.52843 2.52843 34.4
    endloop
  endfacet
  facet normal 0 0 1
    outer loop
      vertex 3.5637 -1.33528 34.4
      vertex 1.63185 -0.817637 34.4
      vertex 3.39552 -1.83073 34.4
    endloop
  endfacet
  facet normal 0 0 1
    outer loop
      vertex 1.11421 1.11421 34.4
      vertex 2.52843 2.52843 34.4
      vertex 2.13505 2.87341 34.4
    endloop
  endfacet
  facet normal -0 0 1
    outer loop
      vertex 1.54776 -1.06537 34.4
      vertex 3.39552 -1.83073 34.4
      vertex 1.63185 -0.817637 34.4
    endloop
  endfacet
  facet normal 0 0 1
    outer loop
      vertex 0.917522 1.28671 34.4
      vertex 2.13505 2.87341 34.4
      vertex 2 2.96365 34.4
    endloop
  endfacet
  facet normal -0 0 1
    outer loop
      vertex 1.28671 31.7825 34.4
      vertex 2.96365 30.7 34.4
      vertex 1.43205 32 34.4
    endloop
  endfacet
  facet normal 0 0 1
    outer loop
      vertex 2.96365 30.7 34.4
      vertex 1.28671 31.7825 34.4
      vertex 2.87341 30.565 34.4
    endloop
  endfacet
  facet normal 0 0 1
    outer loop
      vertex 3.39552 -1.83073 34.4
      vertex 1.54776 -1.06537 34.4
      vertex 3.1641 -2.3 34.4
    endloop
  endfacet
  facet normal -0 0 1
    outer loop
      vertex 1.43205 -1.3 34.4
      vertex 3.1641 -2.3 34.4
      vertex 1.54776 -1.06537 34.4
    endloop
  endfacet
  facet normal 0 0 1
    outer loop
      vertex 3.1641 -2.3 34.4
      vertex 1.43205 -1.3 34.4
      vertex 2.87341 -2.73505 34.4
    endloop
  endfacet
  facet normal -0 0 1
    outer loop
      vertex 1.28671 -1.51752 34.4
      vertex 2.87341 -2.73505 34.4
      vertex 1.43205 -1.3 34.4
    endloop
  endfacet
  facet normal 0 0 1
    outer loop
      vertex 2.87341 -2.73505 34.4
      vertex 1.28671 -1.51752 34.4
      vertex 2.52843 -3.12843 34.4
    endloop
  endfacet
  facet normal -0 0 1
    outer loop
      vertex 1.11421 -1.71421 34.4
      vertex 2.52843 -3.12843 34.4
      vertex 1.28671 -1.51752 34.4
    endloop
  endfacet
  facet normal 0 0 1
    outer loop
      vertex 2.52843 -3.12843 34.4
      vertex 1.11421 -1.71421 34.4
      vertex 2.13505 -3.47341 34.4
    endloop
  endfacet
  facet normal -0 0 1
    outer loop
      vertex 0.917522 -1.88671 34.4
      vertex 2.13505 -3.47341 34.4
      vertex 1.11421 -1.71421 34.4
    endloop
  endfacet
  facet normal 0 0 1
    outer loop
      vertex 2.13505 -3.47341 34.4
      vertex 0.917522 -1.88671 34.4
      vertex 1.7 -3.7641 34.4
    endloop
  endfacet
  facet normal -0 0 1
    outer loop
      vertex 0.7 -2.03205 34.4
      vertex 1.7 -3.7641 34.4
      vertex 0.917522 -1.88671 34.4
    endloop
  endfacet
  facet normal 0 0 1
    outer loop
      vertex 1.7 -3.7641 34.4
      vertex 0.7 -2.03205 34.4
      vertex 1.23073 -3.99552 34.4
    endloop
  endfacet
  facet normal -0 0 1
    outer loop
      vertex 0.465366 -2.14776 34.4
      vertex 1.23073 -3.99552 34.4
      vertex 0.7 -2.03205 34.4
    endloop
  endfacet
  facet normal 0 0 1
    outer loop
      vertex 1.23073 -3.99552 34.4
      vertex 0.465366 -2.14776 34.4
      vertex 0.735275 -4.1637 34.4
    endloop
  endfacet
  facet normal -0 0 1
    outer loop
      vertex 0.217638 -2.23185 34.4
      vertex 0.735275 -4.1637 34.4
      vertex 0.465366 -2.14776 34.4
    endloop
  endfacet
  facet normal 0 0 1
    outer loop
      vertex 0.735275 -4.1637 34.4
      vertex 0.217638 -2.23185 34.4
      vertex 0.222104 -4.26578 34.4
    endloop
  endfacet
  facet normal -0 0 1
    outer loop
      vertex -0.0389471 -2.28289 34.4
      vertex 0.222104 -4.26578 34.4
      vertex 0.217638 -2.23185 34.4
    endloop
  endfacet
  facet normal -0 0 1
    outer loop
      vertex -0.299999 -2.3 34.4
      vertex 0.222104 -4.26578 34.4
      vertex -0.0389471 -2.28289 34.4
    endloop
  endfacet
  facet normal 0 0 1
    outer loop
      vertex -0.299999 -2.3 34.4
      vertex -0.299999 -4.3 34.4
      vertex 0.222104 -4.26578 34.4
    endloop
  endfacet
  facet normal 0 0 1
    outer loop
      vertex -0.561052 -2.28289 34.4
      vertex -0.299999 -4.3 34.4
      vertex -0.299999 -2.3 34.4
    endloop
  endfacet
  facet normal 0 0 1
    outer loop
      vertex -0.822104 -4.26578 34.4
      vertex -0.561052 -2.28289 34.4
      vertex -0.817637 -2.23185 34.4
    endloop
  endfacet
  facet normal 0 0 1
    outer loop
      vertex -0.561052 -2.28289 34.4
      vertex -0.822104 -4.26578 34.4
      vertex -0.299999 -4.3 34.4
    endloop
  endfacet
  facet normal 0 0 1
    outer loop
      vertex -1.33528 -4.1637 34.4
      vertex -0.817637 -2.23185 34.4
      vertex -1.06537 -2.14776 34.4
    endloop
  endfacet
  facet normal 0 0 1
    outer loop
      vertex -1.83073 -3.99552 34.4
      vertex -1.06537 -2.14776 34.4
      vertex -1.3 -2.03205 34.4
    endloop
  endfacet
  facet normal 0 0 1
    outer loop
      vertex -0.817637 -2.23185 34.4
      vertex -1.33528 -4.1637 34.4
      vertex -0.822104 -4.26578 34.4
    endloop
  endfacet
  facet normal 0 0 1
    outer loop
      vertex -2.3 -3.7641 34.4
      vertex -1.3 -2.03205 34.4
      vertex -1.51752 -1.88671 34.4
    endloop
  endfacet
  facet normal 0 0 1
    outer loop
      vertex -2.73505 -3.47341 34.4
      vertex -1.51752 -1.88671 34.4
      vertex -1.71421 -1.71421 34.4
    endloop
  endfacet
  facet normal 0 0 1
    outer loop
      vertex -1.06537 -2.14776 34.4
      vertex -1.83073 -3.99552 34.4
      vertex -1.33528 -4.1637 34.4
    endloop
  endfacet
  facet normal 0 0 1
    outer loop
      vertex -3.12843 -3.12843 34.4
      vertex -1.71421 -1.71421 34.4
      vertex -1.88671 -1.51752 34.4
    endloop
  endfacet
  facet normal 0 0 1
    outer loop
      vertex -3.47341 -2.73505 34.4
      vertex -1.88671 -1.51752 34.4
      vertex -2.03205 -1.3 34.4
    endloop
  endfacet
  facet normal 0 0 1
    outer loop
      vertex -3.7641 -2.3 34.4
      vertex -2.03205 -1.3 34.4
      vertex -2.14776 -1.06537 34.4
    endloop
  endfacet
  facet normal 0 0 1
    outer loop
      vertex -3.99552 -1.83073 34.4
      vertex -2.14776 -1.06537 34.4
      vertex -2.23185 -0.817637 34.4
    endloop
  endfacet
  facet normal 0 0 1
    outer loop
      vertex -4.1637 -1.33528 34.4
      vertex -2.23185 -0.817637 34.4
      vertex -2.28289 -0.561052 34.4
    endloop
  endfacet
  facet normal 0 0 1
    outer loop
      vertex -1.3 -2.03205 34.4
      vertex -2.3 -3.7641 34.4
      vertex -1.83073 -3.99552 34.4
    endloop
  endfacet
  facet normal 0 0 1
    outer loop
      vertex -4.26578 -0.822104 34.4
      vertex -2.28289 -0.561052 34.4
      vertex -2.3 -0.299999 34.4
    endloop
  endfacet
  facet normal 0 0 1
    outer loop
      vertex 85 -0.299999 34.4
      vertex 83 -0.299999 34.4
      vertex 83.0342 -0.822104 34.4
    endloop
  endfacet
  facet normal 0 0 1
    outer loop
      vertex 2.87341 30.565 34.4
      vertex 1.28671 31.7825 34.4
      vertex 2.52843 30.1716 34.4
    endloop
  endfacet
  facet normal 0 0 1
    outer loop
      vertex 3.68034 0 34.4
      vertex 1.68289 -0.0389471 34.4
      vertex 1.7 -0.299999 34.4
    endloop
  endfacet
  facet normal -0 0 1
    outer loop
      vertex 1.11421 31.5858 34.4
      vertex 2.52843 30.1716 34.4
      vertex 1.28671 31.7825 34.4
    endloop
  endfacet
  facet normal 0 0 1
    outer loop
      vertex 3.68034 0 34.4
      vertex 1.63185 0.217638 34.4
      vertex 1.68289 -0.0389471 34.4
    endloop
  endfacet
  facet normal 0 0 1
    outer loop
      vertex 2.52843 30.1716 34.4
      vertex 1.11421 31.5858 34.4
      vertex 2.13505 29.8266 34.4
    endloop
  endfacet
  facet normal 0 0 1
    outer loop
      vertex 3.68034 0 34.4
      vertex 1.54776 0.465366 34.4
      vertex 1.63185 0.217638 34.4
    endloop
  endfacet
  facet normal 0 0 1
    outer loop
      vertex 2 29.7364 34.4
      vertex 0 29.0197 34.4
      vertex 2 2.96365 34.4
    endloop
  endfacet
  facet normal 0 0 1
    outer loop
      vertex 2.96365 2 34.4
      vertex 1.43205 0.7 34.4
      vertex 1.54776 0.465366 34.4
    endloop
  endfacet
  facet normal -0 0 1
    outer loop
      vertex 0.917522 31.4133 34.4
      vertex 2.13505 29.8266 34.4
      vertex 1.11421 31.5858 34.4
    endloop
  endfacet
  facet normal -0 0 1
    outer loop
      vertex 0 3.68034 34.4
      vertex 2 2.96365 34.4
      vertex 0 29.0197 34.4
    endloop
  endfacet
  facet normal 0 0 1
    outer loop
      vertex 2.13505 29.8266 34.4
      vertex 0.917522 31.4133 34.4
      vertex 2 29.7364 34.4
    endloop
  endfacet
  facet normal 0 -0 1
    outer loop
      vertex 0.465366 1.54776 34.4
      vertex 2 2.96365 34.4
      vertex 0 3.68034 34.4
    endloop
  endfacet
  facet normal -0 0 1
    outer loop
      vertex 0.7 31.2679 34.4
      vertex 2 29.7364 34.4
      vertex 0.917522 31.4133 34.4
    endloop
  endfacet
  facet normal 0 0 1
    outer loop
      vertex 2.96365 2 34.4
      vertex 1.28671 0.917522 34.4
      vertex 1.43205 0.7 34.4
    endloop
  endfacet
  facet normal -0 0 1
    outer loop
      vertex 0.465366 31.1522 34.4
      vertex 2 29.7364 34.4
      vertex 0.7 31.2679 34.4
    endloop
  endfacet
  facet normal 0 0 1
    outer loop
      vertex 2.52843 2.52843 34.4
      vertex 1.11421 1.11421 34.4
      vertex 1.28671 0.917522 34.4
    endloop
  endfacet
  facet normal 0 0 1
    outer loop
      vertex 2 29.7364 34.4
      vertex 0.465366 31.1522 34.4
      vertex 0 29.0197 34.4
    endloop
  endfacet
  facet normal 0 0 1
    outer loop
      vertex 2.13505 2.87341 34.4
      vertex 0.917522 1.28671 34.4
      vertex 1.11421 1.11421 34.4
    endloop
  endfacet
  facet normal 0 0 1
    outer loop
      vertex 0 29.0197 34.4
      vertex 0.465366 31.1522 34.4
      vertex 0.217638 31.0681 34.4
    endloop
  endfacet
  facet normal 0 0 1
    outer loop
      vertex 2 2.96365 34.4
      vertex 0.7 1.43205 34.4
      vertex 0.917522 1.28671 34.4
    endloop
  endfacet
  facet normal 0 0 1
    outer loop
      vertex 2 2.96365 34.4
      vertex 0.465366 1.54776 34.4
      vertex 0.7 1.43205 34.4
    endloop
  endfacet
  facet normal -0 0 1
    outer loop
      vertex -0.0389471 31.0171 34.4
      vertex 0 29.0197 34.4
      vertex 0.217638 31.0681 34.4
    endloop
  endfacet
  facet normal -0 0 1
    outer loop
      vertex -0.299999 31 34.4
      vertex 0 29.0197 34.4
      vertex -0.0389471 31.0171 34.4
    endloop
  endfacet
  facet normal 0 0 1
    outer loop
      vertex -0.299999 31 34.4
      vertex -0.299999 29 34.4
      vertex 0 29.0197 34.4
    endloop
  endfacet
  facet normal 0 0 1
    outer loop
      vertex -0.561052 31.0171 34.4
      vertex -0.299999 29 34.4
      vertex -0.299999 31 34.4
    endloop
  endfacet
  facet normal 0 0 1
    outer loop
      vertex -0.822104 29.0342 34.4
      vertex -0.561052 31.0171 34.4
      vertex -0.817637 31.0681 34.4
    endloop
  endfacet
  facet normal 0 0 1
    outer loop
      vertex -0.561052 31.0171 34.4
      vertex -0.822104 29.0342 34.4
      vertex -0.299999 29 34.4
    endloop
  endfacet
  facet normal 0 0 1
    outer loop
      vertex -1.33528 29.1363 34.4
      vertex -0.817637 31.0681 34.4
      vertex -1.06537 31.1522 34.4
    endloop
  endfacet
  facet normal 0 0 1
    outer loop
      vertex -1.83073 29.3045 34.4
      vertex -1.06537 31.1522 34.4
      vertex -1.3 31.2679 34.4
    endloop
  endfacet
  facet normal 0 0 1
    outer loop
      vertex -0.817637 31.0681 34.4
      vertex -1.33528 29.1363 34.4
      vertex -0.822104 29.0342 34.4
    endloop
  endfacet
  facet normal 0 0 1
    outer loop
      vertex -2.3 29.5359 34.4
      vertex -1.3 31.2679 34.4
      vertex -1.51752 31.4133 34.4
    endloop
  endfacet
  facet normal 0 0 1
    outer loop
      vertex -2.73505 29.8266 34.4
      vertex -1.51752 31.4133 34.4
      vertex -1.71421 31.5858 34.4
    endloop
  endfacet
  facet normal 0 0 1
    outer loop
      vertex -1.06537 31.1522 34.4
      vertex -1.83073 29.3045 34.4
      vertex -1.33528 29.1363 34.4
    endloop
  endfacet
  facet normal 0 0 1
    outer loop
      vertex -3.12843 30.1716 34.4
      vertex -1.71421 31.5858 34.4
      vertex -1.88671 31.7825 34.4
    endloop
  endfacet
  facet normal 0 0 1
    outer loop
      vertex -3.47341 30.565 34.4
      vertex -1.88671 31.7825 34.4
      vertex -2.03205 32 34.4
    endloop
  endfacet
  facet normal 0 0 1
    outer loop
      vertex -3.7641 31 34.4
      vertex -2.03205 32 34.4
      vertex -2.14776 32.2346 34.4
    endloop
  endfacet
  facet normal 0 0 1
    outer loop
      vertex -3.99552 31.4693 34.4
      vertex -2.14776 32.2346 34.4
      vertex -2.23185 32.4824 34.4
    endloop
  endfacet
  facet normal 0 0 1
    outer loop
      vertex -4.1637 31.9647 34.4
      vertex -2.23185 32.4824 34.4
      vertex -2.28289 32.7389 34.4
    endloop
  endfacet
  facet normal 0 0 1
    outer loop
      vertex -1.3 31.2679 34.4
      vertex -2.3 29.5359 34.4
      vertex -1.83073 29.3045 34.4
    endloop
  endfacet
  facet normal 0 0 1
    outer loop
      vertex -4.26578 32.4779 34.4
      vertex -2.28289 32.7389 34.4
      vertex -2.3 33 34.4
    endloop
  endfacet
  facet normal 0 0 1
    outer loop
      vertex 1.7 36.4641 34.4
      vertex 1.68289 33.2611 34.4
      vertex 1.7 33 34.4
    endloop
  endfacet
  facet normal 0 0 1
    outer loop
      vertex 1.7 36.4641 34.4
      vertex 1.63185 33.5176 34.4
      vertex 1.68289 33.2611 34.4
    endloop
  endfacet
  facet normal 0 0 1
    outer loop
      vertex 1.7 36.4641 34.4
      vertex 1.54776 33.7654 34.4
      vertex 1.63185 33.5176 34.4
    endloop
  endfacet
  facet normal 0 0 1
    outer loop
      vertex 1.7 36.4641 34.4
      vertex 1.43205 34 34.4
      vertex 1.54776 33.7654 34.4
    endloop
  endfacet
  facet normal 0 0 1
    outer loop
      vertex 1.7 36.4641 34.4
      vertex 1.28671 34.2175 34.4
      vertex 1.43205 34 34.4
    endloop
  endfacet
  facet normal 0 0 1
    outer loop
      vertex 0.7 34.732 34.4
      vertex 1.7 36.4641 34.4
      vertex 1.23073 36.6955 34.4
    endloop
  endfacet
  facet normal 0 0 1
    outer loop
      vertex 1.7 36.4641 34.4
      vertex 1.11421 34.4142 34.4
      vertex 1.28671 34.2175 34.4
    endloop
  endfacet
  facet normal 0 0 1
    outer loop
      vertex 1.7 36.4641 34.4
      vertex 0.917522 34.5867 34.4
      vertex 1.11421 34.4142 34.4
    endloop
  endfacet
  facet normal 0 0 1
    outer loop
      vertex 0.465366 34.8478 34.4
      vertex 1.23073 36.6955 34.4
      vertex 0.735275 36.8637 34.4
    endloop
  endfacet
  facet normal 0 0 1
    outer loop
      vertex 1.7 36.4641 34.4
      vertex 0.7 34.732 34.4
      vertex 0.917522 34.5867 34.4
    endloop
  endfacet
  facet normal 0 0 1
    outer loop
      vertex 1.23073 36.6955 34.4
      vertex 0.465366 34.8478 34.4
      vertex 0.7 34.732 34.4
    endloop
  endfacet
  facet normal 0 0 1
    outer loop
      vertex 0.217638 34.9319 34.4
      vertex 0.735275 36.8637 34.4
      vertex 0.222104 36.9658 34.4
    endloop
  endfacet
  facet normal 0 0 1
    outer loop
      vertex 0.735275 36.8637 34.4
      vertex 0.217638 34.9319 34.4
      vertex 0.465366 34.8478 34.4
    endloop
  endfacet
  facet normal 0 0 1
    outer loop
      vertex 0.222104 36.9658 34.4
      vertex -0.0389471 34.9829 34.4
      vertex 0.217638 34.9319 34.4
    endloop
  endfacet
  facet normal 0 0 1
    outer loop
      vertex -0.299999 37 34.4
      vertex -0.0389471 34.9829 34.4
      vertex 0.222104 36.9658 34.4
    endloop
  endfacet
  facet normal 0 0 1
    outer loop
      vertex -0.299999 37 34.4
      vertex -0.299999 35 34.4
      vertex -0.0389471 34.9829 34.4
    endloop
  endfacet
  facet normal 0 0 1
    outer loop
      vertex -0.299999 37 34.4
      vertex -0.561052 34.9829 34.4
      vertex -0.299999 35 34.4
    endloop
  endfacet
  facet normal -0 0 1
    outer loop
      vertex -0.822104 36.9658 34.4
      vertex -0.561052 34.9829 34.4
      vertex -0.299999 37 34.4
    endloop
  endfacet
  facet normal 0 0 1
    outer loop
      vertex -0.561052 34.9829 34.4
      vertex -0.822104 36.9658 34.4
      vertex -0.817637 34.9319 34.4
    endloop
  endfacet
  facet normal -0 0 1
    outer loop
      vertex -1.33528 36.8637 34.4
      vertex -0.817637 34.9319 34.4
      vertex -0.822104 36.9658 34.4
    endloop
  endfacet
  facet normal 0 0 1
    outer loop
      vertex -0.817637 34.9319 34.4
      vertex -1.33528 36.8637 34.4
      vertex -1.06537 34.8478 34.4
    endloop
  endfacet
  facet normal -0 0 1
    outer loop
      vertex -1.83073 36.6955 34.4
      vertex -1.06537 34.8478 34.4
      vertex -1.33528 36.8637 34.4
    endloop
  endfacet
  facet normal 0 0 1
    outer loop
      vertex -1.06537 34.8478 34.4
      vertex -1.83073 36.6955 34.4
      vertex -1.3 34.732 34.4
    endloop
  endfacet
  facet normal -0 0 1
    outer loop
      vertex -2.3 36.4641 34.4
      vertex -1.3 34.732 34.4
      vertex -1.83073 36.6955 34.4
    endloop
  endfacet
  facet normal 0 0 1
    outer loop
      vertex -1.3 34.732 34.4
      vertex -2.3 36.4641 34.4
      vertex -1.51752 34.5867 34.4
    endloop
  endfacet
  facet normal -0 0 1
    outer loop
      vertex -2.73505 36.1734 34.4
      vertex -1.51752 34.5867 34.4
      vertex -2.3 36.4641 34.4
    endloop
  endfacet
  facet normal 0 0 1
    outer loop
      vertex -1.51752 34.5867 34.4
      vertex -2.73505 36.1734 34.4
      vertex -1.71421 34.4142 34.4
    endloop
  endfacet
  facet normal -0 0 1
    outer loop
      vertex -3.12843 35.8284 34.4
      vertex -1.71421 34.4142 34.4
      vertex -2.73505 36.1734 34.4
    endloop
  endfacet
  facet normal 0 0 1
    outer loop
      vertex -1.71421 34.4142 34.4
      vertex -3.12843 35.8284 34.4
      vertex -1.88671 34.2175 34.4
    endloop
  endfacet
  facet normal -0 0 1
    outer loop
      vertex -3.47341 35.435 34.4
      vertex -1.88671 34.2175 34.4
      vertex -3.12843 35.8284 34.4
    endloop
  endfacet
  facet normal 0 0 1
    outer loop
      vertex -1.88671 34.2175 34.4
      vertex -3.47341 35.435 34.4
      vertex -2.03205 34 34.4
    endloop
  endfacet
  facet normal -0 0 1
    outer loop
      vertex -3.7641 35 34.4
      vertex -2.03205 34 34.4
      vertex -3.47341 35.435 34.4
    endloop
  endfacet
  facet normal 0 0 1
    outer loop
      vertex -2.03205 34 34.4
      vertex -3.7641 35 34.4
      vertex -2.14776 33.7654 34.4
    endloop
  endfacet
  facet normal -0 0 1
    outer loop
      vertex -3.99552 34.5307 34.4
      vertex -2.14776 33.7654 34.4
      vertex -3.7641 35 34.4
    endloop
  endfacet
  facet normal 0 0 1
    outer loop
      vertex -1.51752 31.4133 34.4
      vertex -2.73505 29.8266 34.4
      vertex -2.3 29.5359 34.4
    endloop
  endfacet
  facet normal 0 0 1
    outer loop
      vertex -2.14776 33.7654 34.4
      vertex -3.99552 34.5307 34.4
      vertex -2.23185 33.5176 34.4
    endloop
  endfacet
  facet normal 0 0 1
    outer loop
      vertex -1.71421 31.5858 34.4
      vertex -3.12843 30.1716 34.4
      vertex -2.73505 29.8266 34.4
    endloop
  endfacet
  facet normal -0 0 1
    outer loop
      vertex -4.1637 34.0353 34.4
      vertex -2.23185 33.5176 34.4
      vertex -3.99552 34.5307 34.4
    endloop
  endfacet
  facet normal 0 0 1
    outer loop
      vertex -1.88671 31.7825 34.4
      vertex -3.47341 30.565 34.4
      vertex -3.12843 30.1716 34.4
    endloop
  endfacet
  facet normal 0 0 1
    outer loop
      vertex -2.23185 33.5176 34.4
      vertex -4.1637 34.0353 34.4
      vertex -2.28289 33.2611 34.4
    endloop
  endfacet
  facet normal 0 0 1
    outer loop
      vertex -2.03205 32 34.4
      vertex -3.7641 31 34.4
      vertex -3.47341 30.565 34.4
    endloop
  endfacet
  facet normal -0 0 1
    outer loop
      vertex -4.26578 33.5221 34.4
      vertex -2.28289 33.2611 34.4
      vertex -4.1637 34.0353 34.4
    endloop
  endfacet
  facet normal 0 0 1
    outer loop
      vertex -2.14776 32.2346 34.4
      vertex -3.99552 31.4693 34.4
      vertex -3.7641 31 34.4
    endloop
  endfacet
  facet normal 0 0 1
    outer loop
      vertex -2.28289 33.2611 34.4
      vertex -4.26578 33.5221 34.4
      vertex -2.3 33 34.4
    endloop
  endfacet
  facet normal 0 0 1
    outer loop
      vertex -2.23185 32.4824 34.4
      vertex -4.1637 31.9647 34.4
      vertex -3.99552 31.4693 34.4
    endloop
  endfacet
  facet normal 0 0 1
    outer loop
      vertex -4.3 33 34.4
      vertex -2.3 33 34.4
      vertex -4.26578 33.5221 34.4
    endloop
  endfacet
  facet normal 0 0 1
    outer loop
      vertex -2.28289 32.7389 34.4
      vertex -4.26578 32.4779 34.4
      vertex -4.1637 31.9647 34.4
    endloop
  endfacet
  facet normal 0 0 1
    outer loop
      vertex -2.3 33 34.4
      vertex -4.3 33 34.4
      vertex -4.26578 32.4779 34.4
    endloop
  endfacet
  facet normal 0 0 1
    outer loop
      vertex 0.465366 1.54776 34.4
      vertex 0 3.68034 34.4
      vertex 0.217638 1.63185 34.4
    endloop
  endfacet
  facet normal 0 0 1
    outer loop
      vertex 0 3.68034 34.4
      vertex -0.0389471 1.68289 34.4
      vertex 0.217638 1.63185 34.4
    endloop
  endfacet
  facet normal 0 0 1
    outer loop
      vertex -0.299999 1.7 34.4
      vertex 0 3.68034 34.4
      vertex -0.299999 3.7 34.4
    endloop
  endfacet
  facet normal 0 0 1
    outer loop
      vertex 0 3.68034 34.4
      vertex -0.299999 1.7 34.4
      vertex -0.0389471 1.68289 34.4
    endloop
  endfacet
  facet normal 0 0 1
    outer loop
      vertex -0.299999 3.7 34.4
      vertex -0.561052 1.68289 34.4
      vertex -0.299999 1.7 34.4
    endloop
  endfacet
  facet normal -0 0 1
    outer loop
      vertex -0.822104 3.66578 34.4
      vertex -0.561052 1.68289 34.4
      vertex -0.299999 3.7 34.4
    endloop
  endfacet
  facet normal 0 0 1
    outer loop
      vertex -0.561052 1.68289 34.4
      vertex -0.822104 3.66578 34.4
      vertex -0.817637 1.63185 34.4
    endloop
  endfacet
  facet normal -0 0 1
    outer loop
      vertex -1.33528 3.5637 34.4
      vertex -0.817637 1.63185 34.4
      vertex -0.822104 3.66578 34.4
    endloop
  endfacet
  facet normal 0 0 1
    outer loop
      vertex -0.817637 1.63185 34.4
      vertex -1.33528 3.5637 34.4
      vertex -1.06537 1.54776 34.4
    endloop
  endfacet
  facet normal -0 0 1
    outer loop
      vertex -1.83073 3.39552 34.4
      vertex -1.06537 1.54776 34.4
      vertex -1.33528 3.5637 34.4
    endloop
  endfacet
  facet normal 0 0 1
    outer loop
      vertex -1.06537 1.54776 34.4
      vertex -1.83073 3.39552 34.4
      vertex -1.3 1.43205 34.4
    endloop
  endfacet
  facet normal -0 0 1
    outer loop
      vertex -2.3 3.1641 34.4
      vertex -1.3 1.43205 34.4
      vertex -1.83073 3.39552 34.4
    endloop
  endfacet
  facet normal 0 0 1
    outer loop
      vertex -1.3 1.43205 34.4
      vertex -2.3 3.1641 34.4
      vertex -1.51752 1.28671 34.4
    endloop
  endfacet
  facet normal -0 0 1
    outer loop
      vertex -2.73505 2.87341 34.4
      vertex -1.51752 1.28671 34.4
      vertex -2.3 3.1641 34.4
    endloop
  endfacet
  facet normal 0 0 1
    outer loop
      vertex -1.51752 1.28671 34.4
      vertex -2.73505 2.87341 34.4
      vertex -1.71421 1.11421 34.4
    endloop
  endfacet
  facet normal -0 0 1
    outer loop
      vertex -3.12843 2.52843 34.4
      vertex -1.71421 1.11421 34.4
      vertex -2.73505 2.87341 34.4
    endloop
  endfacet
  facet normal 0 0 1
    outer loop
      vertex -1.71421 1.11421 34.4
      vertex -3.12843 2.52843 34.4
      vertex -1.88671 0.917522 34.4
    endloop
  endfacet
  facet normal -0 0 1
    outer loop
      vertex -3.47341 2.13505 34.4
      vertex -1.88671 0.917522 34.4
      vertex -3.12843 2.52843 34.4
    endloop
  endfacet
  facet normal 0 0 1
    outer loop
      vertex -1.88671 0.917522 34.4
      vertex -3.47341 2.13505 34.4
      vertex -2.03205 0.7 34.4
    endloop
  endfacet
  facet normal -0 0 1
    outer loop
      vertex -3.7641 1.7 34.4
      vertex -2.03205 0.7 34.4
      vertex -3.47341 2.13505 34.4
    endloop
  endfacet
  facet normal 0 0 1
    outer loop
      vertex -2.03205 0.7 34.4
      vertex -3.7641 1.7 34.4
      vertex -2.14776 0.465366 34.4
    endloop
  endfacet
  facet normal -0 0 1
    outer loop
      vertex -3.99552 1.23073 34.4
      vertex -2.14776 0.465366 34.4
      vertex -3.7641 1.7 34.4
    endloop
  endfacet
  facet normal 0 0 1
    outer loop
      vertex -1.51752 -1.88671 34.4
      vertex -2.73505 -3.47341 34.4
      vertex -2.3 -3.7641 34.4
    endloop
  endfacet
  facet normal 0 0 1
    outer loop
      vertex -2.14776 0.465366 34.4
      vertex -3.99552 1.23073 34.4
      vertex -2.23185 0.217638 34.4
    endloop
  endfacet
  facet normal 0 0 1
    outer loop
      vertex -1.71421 -1.71421 34.4
      vertex -3.12843 -3.12843 34.4
      vertex -2.73505 -3.47341 34.4
    endloop
  endfacet
  facet normal -0 0 1
    outer loop
      vertex -4.1637 0.735275 34.4
      vertex -2.23185 0.217638 34.4
      vertex -3.99552 1.23073 34.4
    endloop
  endfacet
  facet normal 0 0 1
    outer loop
      vertex -1.88671 -1.51752 34.4
      vertex -3.47341 -2.73505 34.4
      vertex -3.12843 -3.12843 34.4
    endloop
  endfacet
  facet normal 0 0 1
    outer loop
      vertex -2.23185 0.217638 34.4
      vertex -4.1637 0.735275 34.4
      vertex -2.28289 -0.0389471 34.4
    endloop
  endfacet
  facet normal 0 0 1
    outer loop
      vertex -2.03205 -1.3 34.4
      vertex -3.7641 -2.3 34.4
      vertex -3.47341 -2.73505 34.4
    endloop
  endfacet
  facet normal -0 0 1
    outer loop
      vertex -4.26578 0.222104 34.4
      vertex -2.28289 -0.0389471 34.4
      vertex -4.1637 0.735275 34.4
    endloop
  endfacet
  facet normal 0 0 1
    outer loop
      vertex -2.14776 -1.06537 34.4
      vertex -3.99552 -1.83073 34.4
      vertex -3.7641 -2.3 34.4
    endloop
  endfacet
  facet normal 0 0 1
    outer loop
      vertex -2.28289 -0.0389471 34.4
      vertex -4.26578 0.222104 34.4
      vertex -2.3 -0.299999 34.4
    endloop
  endfacet
  facet normal 0 0 1
    outer loop
      vertex -2.23185 -0.817637 34.4
      vertex -4.1637 -1.33528 34.4
      vertex -3.99552 -1.83073 34.4
    endloop
  endfacet
  facet normal 0 0 1
    outer loop
      vertex -4.3 -0.299999 34.4
      vertex -2.3 -0.299999 34.4
      vertex -4.26578 0.222104 34.4
    endloop
  endfacet
  facet normal 0 0 1
    outer loop
      vertex -2.28289 -0.561052 34.4
      vertex -4.26578 -0.822104 34.4
      vertex -4.1637 -1.33528 34.4
    endloop
  endfacet
  facet normal 0 0 1
    outer loop
      vertex -2.3 -0.299999 34.4
      vertex -4.3 -0.299999 34.4
      vertex -4.26578 -0.822104 34.4
    endloop
  endfacet
  facet normal 0 0 1
    outer loop
      vertex 1.7 -0.299999 34.4
      vertex 3.7 -0.299999 34.4
      vertex 3.68034 0 34.4
    endloop
  endfacet
  facet normal 0 1 0
    outer loop
      vertex 83.0197 32.7 34.4
      vertex 46.35 32.7 33.9
      vertex 3.68034 32.7 34.4
    endloop
  endfacet
  facet normal 0 1 0
    outer loop
      vertex 74.23 32.7 30.445
      vertex 83.0197 32.7 34.4
      vertex 80.37 32.7 30.445
    endloop
  endfacet
  facet normal 0 1 0
    outer loop
      vertex 83.0197 32.7 34.4
      vertex 80.37 32.7 27.355
      vertex 80.37 32.7 30.445
    endloop
  endfacet
  facet normal 0 1 0
    outer loop
      vertex 83.0197 32.7 0
      vertex 74.23 32.7 27.355
      vertex 80.37 32.7 27.355
    endloop
  endfacet
  facet normal 0 1 0
    outer loop
      vertex 74.23 32.7 27.355
      vertex 46.35 32.7 9.89999
      vertex 46.35 32.7 14.4
    endloop
  endfacet
  facet normal 0 1 0
    outer loop
      vertex 46.35 32.7 9.89999
      vertex 83.0197 32.7 0
      vertex 40.35 32.7 9.89999
    endloop
  endfacet
  facet normal 0 1 0
    outer loop
      vertex 74.23 32.7 27.355
      vertex 83.0197 32.7 0
      vertex 46.35 32.7 9.89999
    endloop
  endfacet
  facet normal 0 1 -0
    outer loop
      vertex 83.0197 32.7 0
      vertex 80.37 32.7 27.355
      vertex 83.0197 32.7 34.4
    endloop
  endfacet
  facet normal 0 1 -0
    outer loop
      vertex 40.35 32.7 33.9
      vertex 3.68034 32.7 34.4
      vertex 46.35 32.7 33.9
    endloop
  endfacet
  facet normal 0 1 -0
    outer loop
      vertex 40.35 32.7 29.4
      vertex 3.68034 32.7 34.4
      vertex 40.35 32.7 33.9
    endloop
  endfacet
  facet normal 0 1 0
    outer loop
      vertex 46.35 32.7 29.4
      vertex 46.35 32.7 14.4
      vertex 40.35 32.7 29.4
    endloop
  endfacet
  facet normal 0 1 0
    outer loop
      vertex 40.35 32.7 14.4
      vertex 40.35 32.7 29.4
      vertex 46.35 32.7 14.4
    endloop
  endfacet
  facet normal 0 1 0
    outer loop
      vertex 40.35 32.7 29.4
      vertex 40.35 32.7 14.4
      vertex 3.68034 32.7 34.4
    endloop
  endfacet
  facet normal 0 1 0
    outer loop
      vertex 3.68034 32.7 0
      vertex 40.35 32.7 14.4
      vertex 40.35 32.7 9.89999
    endloop
  endfacet
  facet normal 0 1 0
    outer loop
      vertex 40.35 32.7 14.4
      vertex 3.68034 32.7 0
      vertex 3.68034 32.7 34.4
    endloop
  endfacet
  facet normal 0 1 0
    outer loop
      vertex 3.68034 32.7 0
      vertex 40.35 32.7 9.89999
      vertex 83.0197 32.7 0
    endloop
  endfacet
  facet normal 0 1 0
    outer loop
      vertex 83.0197 32.7 34.4
      vertex 74.23 32.7 30.445
      vertex 46.35 32.7 33.9
    endloop
  endfacet
  facet normal 0 1 0
    outer loop
      vertex 74.23 32.7 30.445
      vertex 46.35 32.7 29.4
      vertex 46.35 32.7 33.9
    endloop
  endfacet
  facet normal 0 1 0
    outer loop
      vertex 46.35 32.7 14.4
      vertex 46.35 32.7 29.4
      vertex 74.23 32.7 27.355
    endloop
  endfacet
  facet normal 0 1 -0
    outer loop
      vertex 74.23 32.7 27.355
      vertex 46.35 32.7 29.4
      vertex 74.23 32.7 30.445
    endloop
  endfacet
  facet normal 0 -1 0
    outer loop
      vertex 76.4459 0 32.0876
      vertex 83.0197 0 34.4
      vertex 3.68034 0 34.4
    endloop
  endfacet
  facet normal 0 -1 0
    outer loop
      vertex 83.0197 0 34.4
      vertex 76.8693 0 32.1718
      vertex 77.3 0 32.2
    endloop
  endfacet
  facet normal 0 -1 0
    outer loop
      vertex 83.0197 0 34.4
      vertex 76.4459 0 32.0876
      vertex 76.8693 0 32.1718
    endloop
  endfacet
  facet normal 0 -1 0
    outer loop
      vertex 3.68034 0 34.4
      vertex 76.0371 0 31.9488
      vertex 76.4459 0 32.0876
    endloop
  endfacet
  facet normal 0 -1 0
    outer loop
      vertex 3.68034 0 34.4
      vertex 75.65 0 31.7579
      vertex 76.0371 0 31.9488
    endloop
  endfacet
  facet normal 0 -1 0
    outer loop
      vertex 3.68034 0 34.4
      vertex 75.2911 0 31.5181
      vertex 75.65 0 31.7579
    endloop
  endfacet
  facet normal 0 -1 0
    outer loop
      vertex 3.68034 0 34.4
      vertex 74.9665 0 31.2335
      vertex 75.2911 0 31.5181
    endloop
  endfacet
  facet normal 0 -1 0
    outer loop
      vertex 3.68034 0 34.4
      vertex 74.6819 0 30.9089
      vertex 74.9665 0 31.2335
    endloop
  endfacet
  facet normal 0 -1 0
    outer loop
      vertex 3.68034 0 34.4
      vertex 74.4421 0 30.55
      vertex 74.6819 0 30.9089
    endloop
  endfacet
  facet normal 0 -1 0
    outer loop
      vertex 3.68034 0 34.4
      vertex 74.2512 0 30.1629
      vertex 74.4421 0 30.55
    endloop
  endfacet
  facet normal 0 -1 0
    outer loop
      vertex 3.68034 0 34.4
      vertex 74.1124 0 29.7541
      vertex 74.2512 0 30.1629
    endloop
  endfacet
  facet normal 0 -1 0
    outer loop
      vertex 3.68034 0 34.4
      vertex 74.0282 0 29.3307
      vertex 74.1124 0 29.7541
    endloop
  endfacet
  facet normal 0 -1 0
    outer loop
      vertex 3.68034 0 34.4
      vertex 74 0 28.9
      vertex 74.0282 0 29.3307
    endloop
  endfacet
  facet normal 0 -1 0
    outer loop
      vertex 3.68034 0 34.4
      vertex 74.0282 0 28.4693
      vertex 74 0 28.9
    endloop
  endfacet
  facet normal 0 -1 0
    outer loop
      vertex 3.68034 0 34.4
      vertex 74.1124 0 28.0459
      vertex 74.0282 0 28.4693
    endloop
  endfacet
  facet normal 0 -1 0
    outer loop
      vertex 3.68034 0 0
      vertex 74.1124 0 28.0459
      vertex 3.68034 0 34.4
    endloop
  endfacet
  facet normal 0 -1 -0
    outer loop
      vertex 74.1124 0 28.0459
      vertex 3.68034 0 0
      vertex 74.2512 0 27.6371
    endloop
  endfacet
  facet normal 0 -1 -0
    outer loop
      vertex 74.2512 0 27.6371
      vertex 3.68034 0 0
      vertex 74.4421 0 27.25
    endloop
  endfacet
  facet normal 0 -1 -0
    outer loop
      vertex 74.4421 0 27.25
      vertex 3.68034 0 0
      vertex 74.6819 0 26.8911
    endloop
  endfacet
  facet normal 0 -1 0
    outer loop
      vertex 83.0197 0 0
      vertex 74.6819 0 26.8911
      vertex 3.68034 0 0
    endloop
  endfacet
  facet normal 0 -1 0
    outer loop
      vertex 74.6819 0 26.8911
      vertex 83.0197 0 0
      vertex 74.9665 0 26.5665
    endloop
  endfacet
  facet normal 0 -1 0
    outer loop
      vertex 74.9665 0 26.5665
      vertex 83.0197 0 0
      vertex 75.2911 0 26.2819
    endloop
  endfacet
  facet normal 0 -1 0
    outer loop
      vertex 75.2911 0 26.2819
      vertex 83.0197 0 0
      vertex 75.65 0 26.0421
    endloop
  endfacet
  facet normal 0 -1 0
    outer loop
      vertex 75.65 0 26.0421
      vertex 83.0197 0 0
      vertex 76.0371 0 25.8512
    endloop
  endfacet
  facet normal 0 -1 0
    outer loop
      vertex 76.4459 0 25.7124
      vertex 83.0197 0 0
      vertex 76.8693 0 25.6282
    endloop
  endfacet
  facet normal 0 -1 0
    outer loop
      vertex 76.0371 0 25.8512
      vertex 83.0197 0 0
      vertex 76.4459 0 25.7124
    endloop
  endfacet
  facet normal 0 -1 0
    outer loop
      vertex 77.7307 0 32.1718
      vertex 83.0197 0 34.4
      vertex 77.3 0 32.2
    endloop
  endfacet
  facet normal 0 -1 0
    outer loop
      vertex 78.1541 0 32.0876
      vertex 83.0197 0 34.4
      vertex 77.7307 0 32.1718
    endloop
  endfacet
  facet normal 0 -1 0
    outer loop
      vertex 78.5629 0 31.9488
      vertex 83.0197 0 34.4
      vertex 78.1541 0 32.0876
    endloop
  endfacet
  facet normal 0 -1 0
    outer loop
      vertex 78.95 0 31.7579
      vertex 83.0197 0 34.4
      vertex 78.5629 0 31.9488
    endloop
  endfacet
  facet normal 0 -1 0
    outer loop
      vertex 79.3089 0 31.5181
      vertex 83.0197 0 34.4
      vertex 78.95 0 31.7579
    endloop
  endfacet
  facet normal 0 -1 0
    outer loop
      vertex 79.6335 0 31.2335
      vertex 83.0197 0 34.4
      vertex 79.3089 0 31.5181
    endloop
  endfacet
  facet normal 0 -1 0
    outer loop
      vertex 79.9181 0 30.9089
      vertex 83.0197 0 34.4
      vertex 79.6335 0 31.2335
    endloop
  endfacet
  facet normal 0 -1 0
    outer loop
      vertex 80.1579 0 30.55
      vertex 83.0197 0 34.4
      vertex 79.9181 0 30.9089
    endloop
  endfacet
  facet normal 0 -1 0
    outer loop
      vertex 80.3488 0 30.1629
      vertex 83.0197 0 34.4
      vertex 80.1579 0 30.55
    endloop
  endfacet
  facet normal 0 -1 0
    outer loop
      vertex 80.4876 0 29.7541
      vertex 83.0197 0 34.4
      vertex 80.3488 0 30.1629
    endloop
  endfacet
  facet normal 0 -1 0
    outer loop
      vertex 80.5718 0 29.3307
      vertex 83.0197 0 34.4
      vertex 80.4876 0 29.7541
    endloop
  endfacet
  facet normal 0 -1 0
    outer loop
      vertex 80.6 0 28.9
      vertex 83.0197 0 34.4
      vertex 80.5718 0 29.3307
    endloop
  endfacet
  facet normal 0 -1 0
    outer loop
      vertex 80.5718 0 28.4693
      vertex 83.0197 0 34.4
      vertex 80.6 0 28.9
    endloop
  endfacet
  facet normal 0 -1 0
    outer loop
      vertex 80.4876 0 28.0459
      vertex 83.0197 0 34.4
      vertex 80.5718 0 28.4693
    endloop
  endfacet
  facet normal 0 -1 0
    outer loop
      vertex 83.0197 0 0
      vertex 80.4876 0 28.0459
      vertex 80.3488 0 27.6371
    endloop
  endfacet
  facet normal 0 -1 0
    outer loop
      vertex 76.8693 0 25.6282
      vertex 83.0197 0 0
      vertex 77.3 0 25.6
    endloop
  endfacet
  facet normal 0 -1 0
    outer loop
      vertex 77.3 0 25.6
      vertex 83.0197 0 0
      vertex 77.7307 0 25.6282
    endloop
  endfacet
  facet normal 0 -1 0
    outer loop
      vertex 77.7307 0 25.6282
      vertex 83.0197 0 0
      vertex 78.1541 0 25.7124
    endloop
  endfacet
  facet normal 0 -1 0
    outer loop
      vertex 80.4876 0 28.0459
      vertex 83.0197 0 0
      vertex 83.0197 0 34.4
    endloop
  endfacet
  facet normal 0 -1 0
    outer loop
      vertex 80.1579 0 27.25
      vertex 83.0197 0 0
      vertex 80.3488 0 27.6371
    endloop
  endfacet
  facet normal 0 -1 0
    outer loop
      vertex 79.9181 0 26.8911
      vertex 83.0197 0 0
      vertex 80.1579 0 27.25
    endloop
  endfacet
  facet normal 0 -1 0
    outer loop
      vertex 79.6335 0 26.5665
      vertex 83.0197 0 0
      vertex 79.9181 0 26.8911
    endloop
  endfacet
  facet normal 0 -1 0
    outer loop
      vertex 79.3089 0 26.2819
      vertex 83.0197 0 0
      vertex 79.6335 0 26.5665
    endloop
  endfacet
  facet normal 0 -1 0
    outer loop
      vertex 78.95 0 26.0421
      vertex 83.0197 0 0
      vertex 79.3089 0 26.2819
    endloop
  endfacet
  facet normal 0 -1 0
    outer loop
      vertex 78.5629 0 25.8512
      vertex 83.0197 0 0
      vertex 78.95 0 26.0421
    endloop
  endfacet
  facet normal 0 -1 0
    outer loop
      vertex 78.1541 0 25.7124
      vertex 83.0197 0 0
      vertex 78.5629 0 25.8512
    endloop
  endfacet
  facet normal 1 0 0
    outer loop
      vertex 2 21.25 30.8
      vertex 2 29.7364 34.4
      vertex 2 21.25 32.6
    endloop
  endfacet
  facet normal 1 0 0
    outer loop
      vertex 2 29.7364 34.4
      vertex 2 21.2397 32.7566
      vertex 2 21.25 32.6
    endloop
  endfacet
  facet normal 1 0 0
    outer loop
      vertex 2 29.7364 34.4
      vertex 2 21.2091 32.9106
      vertex 2 21.2397 32.7566
    endloop
  endfacet
  facet normal 1 0 0
    outer loop
      vertex 2 29.7364 34.4
      vertex 2 21.1587 33.0592
      vertex 2 21.2091 32.9106
    endloop
  endfacet
  facet normal 1 0 0
    outer loop
      vertex 2 29.7364 34.4
      vertex 2 21.0892 33.2
      vertex 2 21.1587 33.0592
    endloop
  endfacet
  facet normal 1 0 0
    outer loop
      vertex 2 29.7364 34.4
      vertex 2 21.002 33.3305
      vertex 2 21.0892 33.2
    endloop
  endfacet
  facet normal 1 0 0
    outer loop
      vertex 2 29.7364 34.4
      vertex 2 20.8985 33.4485
      vertex 2 21.002 33.3305
    endloop
  endfacet
  facet normal 1 0 0
    outer loop
      vertex 2 29.7364 34.4
      vertex 2 20.7805 33.552
      vertex 2 20.8985 33.4485
    endloop
  endfacet
  facet normal 1 0 0
    outer loop
      vertex 2 29.7364 34.4
      vertex 2 20.65 33.6392
      vertex 2 20.7805 33.552
    endloop
  endfacet
  facet normal 1 0 0
    outer loop
      vertex 2 29.7364 34.4
      vertex 2 20.5092 33.7087
      vertex 2 20.65 33.6392
    endloop
  endfacet
  facet normal 1 0 0
    outer loop
      vertex 2 29.7364 34.4
      vertex 2 20.3606 33.7591
      vertex 2 20.5092 33.7087
    endloop
  endfacet
  facet normal 1 0 0
    outer loop
      vertex 2 29.7364 34.4
      vertex 2 20.2066 33.7897
      vertex 2 20.3606 33.7591
    endloop
  endfacet
  facet normal 1 0 0
    outer loop
      vertex 2 29.7364 34.4
      vertex 2 20.05 33.8
      vertex 2 20.2066 33.7897
    endloop
  endfacet
  facet normal 1 0 0
    outer loop
      vertex 2 29.7364 34.4
      vertex 2 12.65 33.8
      vertex 2 20.05 33.8
    endloop
  endfacet
  facet normal 1 0 0
    outer loop
      vertex 2 11.45 32.6
      vertex 2 2.96365 34.4
      vertex 2 11.45 30.8
    endloop
  endfacet
  facet normal 1 0 0
    outer loop
      vertex 2 11.4603 32.7566
      vertex 2 2.96365 34.4
      vertex 2 11.45 32.6
    endloop
  endfacet
  facet normal 1 0 0
    outer loop
      vertex 2 11.4909 32.9106
      vertex 2 2.96365 34.4
      vertex 2 11.4603 32.7566
    endloop
  endfacet
  facet normal 1 0 0
    outer loop
      vertex 2 11.5413 33.0592
      vertex 2 2.96365 34.4
      vertex 2 11.4909 32.9106
    endloop
  endfacet
  facet normal 1 0 0
    outer loop
      vertex 2 11.6108 33.2
      vertex 2 2.96365 34.4
      vertex 2 11.5413 33.0592
    endloop
  endfacet
  facet normal 1 0 0
    outer loop
      vertex 2 11.698 33.3305
      vertex 2 2.96365 34.4
      vertex 2 11.6108 33.2
    endloop
  endfacet
  facet normal 1 0 0
    outer loop
      vertex 2 11.8015 33.4485
      vertex 2 2.96365 34.4
      vertex 2 11.698 33.3305
    endloop
  endfacet
  facet normal 1 0 0
    outer loop
      vertex 2 11.9195 33.552
      vertex 2 2.96365 34.4
      vertex 2 11.8015 33.4485
    endloop
  endfacet
  facet normal 1 0 0
    outer loop
      vertex 2 12.05 33.6392
      vertex 2 2.96365 34.4
      vertex 2 11.9195 33.552
    endloop
  endfacet
  facet normal 1 0 0
    outer loop
      vertex 2 12.1908 33.7087
      vertex 2 2.96365 34.4
      vertex 2 12.05 33.6392
    endloop
  endfacet
  facet normal 1 0 0
    outer loop
      vertex 2 12.3394 33.7591
      vertex 2 2.96365 34.4
      vertex 2 12.1908 33.7087
    endloop
  endfacet
  facet normal 1 0 0
    outer loop
      vertex 2 12.4934 33.7897
      vertex 2 2.96365 34.4
      vertex 2 12.3394 33.7591
    endloop
  endfacet
  facet normal 1 0 0
    outer loop
      vertex 2 12.65 33.8
      vertex 2 2.96365 34.4
      vertex 2 12.4934 33.7897
    endloop
  endfacet
  facet normal 1 -0 0
    outer loop
      vertex 2 2.96365 34.4
      vertex 2 12.65 33.8
      vertex 2 29.7364 34.4
    endloop
  endfacet
  facet normal 1 0 0
    outer loop
      vertex 2 21.2397 30.6434
      vertex 2 29.7364 34.4
      vertex 2 21.25 30.8
    endloop
  endfacet
  facet normal 1 0 0
    outer loop
      vertex 2 21.2091 30.4894
      vertex 2 29.7364 34.4
      vertex 2 21.2397 30.6434
    endloop
  endfacet
  facet normal 1 0 0
    outer loop
      vertex 2 21.1587 30.3408
      vertex 2 29.7364 34.4
      vertex 2 21.2091 30.4894
    endloop
  endfacet
  facet normal 1 0 0
    outer loop
      vertex 2 21.0892 30.2
      vertex 2 29.7364 34.4
      vertex 2 21.1587 30.3408
    endloop
  endfacet
  facet normal 1 0 0
    outer loop
      vertex 2 21.002 30.0695
      vertex 2 29.7364 34.4
      vertex 2 21.0892 30.2
    endloop
  endfacet
  facet normal 1 0 0
    outer loop
      vertex 2 20.8985 29.9515
      vertex 2 29.7364 34.4
      vertex 2 21.002 30.0695
    endloop
  endfacet
  facet normal 1 0 0
    outer loop
      vertex 2 29.7364 34.4
      vertex 2 20.8985 29.9515
      vertex 2 29.7364 1.6
    endloop
  endfacet
  facet normal 1 -0 0
    outer loop
      vertex 2 20.7805 29.848
      vertex 2 29.7364 1.6
      vertex 2 20.8985 29.9515
    endloop
  endfacet
  facet normal 1 -0 0
    outer loop
      vertex 2 20.65 29.7608
      vertex 2 29.7364 1.6
      vertex 2 20.7805 29.848
    endloop
  endfacet
  facet normal 1 -0 0
    outer loop
      vertex 2 20.5092 29.6913
      vertex 2 29.7364 1.6
      vertex 2 20.65 29.7608
    endloop
  endfacet
  facet normal 1 -0 0
    outer loop
      vertex 2 20.3606 29.6409
      vertex 2 29.7364 1.6
      vertex 2 20.5092 29.6913
    endloop
  endfacet
  facet normal 1 -0 0
    outer loop
      vertex 2 20.2066 29.6103
      vertex 2 29.7364 1.6
      vertex 2 20.3606 29.6409
    endloop
  endfacet
  facet normal 1 -0 0
    outer loop
      vertex 2 20.05 29.6
      vertex 2 29.7364 1.6
      vertex 2 20.2066 29.6103
    endloop
  endfacet
  facet normal 1 -0 0
    outer loop
      vertex 2 12.65 29.6
      vertex 2 29.7364 1.6
      vertex 2 20.05 29.6
    endloop
  endfacet
  facet normal 1 0 0
    outer loop
      vertex 2 2.96365 1.6
      vertex 2 12.65 29.6
      vertex 2 12.4934 29.6103
    endloop
  endfacet
  facet normal 1 0 0
    outer loop
      vertex 2 2.96365 1.6
      vertex 2 12.4934 29.6103
      vertex 2 12.3394 29.6409
    endloop
  endfacet
  facet normal 1 0 0
    outer loop
      vertex 2 2.96365 1.6
      vertex 2 12.3394 29.6409
      vertex 2 12.1908 29.6913
    endloop
  endfacet
  facet normal 1 0 0
    outer loop
      vertex 2 2.96365 1.6
      vertex 2 12.1908 29.6913
      vertex 2 12.05 29.7608
    endloop
  endfacet
  facet normal 1 0 0
    outer loop
      vertex 2 2.96365 1.6
      vertex 2 12.05 29.7608
      vertex 2 11.9195 29.848
    endloop
  endfacet
  facet normal 1 0 0
    outer loop
      vertex 2 2.96365 1.6
      vertex 2 11.9195 29.848
      vertex 2 11.8015 29.9515
    endloop
  endfacet
  facet normal 1 0 0
    outer loop
      vertex 2 2.96365 34.4
      vertex 2 11.8015 29.9515
      vertex 2 11.698 30.0695
    endloop
  endfacet
  facet normal 1 0 0
    outer loop
      vertex 2 2.96365 34.4
      vertex 2 11.698 30.0695
      vertex 2 11.6108 30.2
    endloop
  endfacet
  facet normal 1 0 0
    outer loop
      vertex 2 2.96365 34.4
      vertex 2 11.4603 30.6434
      vertex 2 11.45 30.8
    endloop
  endfacet
  facet normal 1 0 0
    outer loop
      vertex 2 2.96365 34.4
      vertex 2 11.4909 30.4894
      vertex 2 11.4603 30.6434
    endloop
  endfacet
  facet normal 1 0 0
    outer loop
      vertex 2 2.96365 34.4
      vertex 2 11.5413 30.3408
      vertex 2 11.4909 30.4894
    endloop
  endfacet
  facet normal 1 0 0
    outer loop
      vertex 2 2.96365 34.4
      vertex 2 11.6108 30.2
      vertex 2 11.5413 30.3408
    endloop
  endfacet
  facet normal 1 0 0
    outer loop
      vertex 2 11.8015 29.9515
      vertex 2 2.96365 34.4
      vertex 2 2.96365 1.6
    endloop
  endfacet
  facet normal 1 0 0
    outer loop
      vertex 2 12.65 29.6
      vertex 2 2.96365 1.6
      vertex 2 29.7364 1.6
    endloop
  endfacet
  facet normal -1 0 0
    outer loop
      vertex 84.7 2.96365 1.6
      vertex 84.7 29.7364 34.4
      vertex 84.7 29.7364 1.6
    endloop
  endfacet
  facet normal -1 -0 0
    outer loop
      vertex 84.7 29.7364 34.4
      vertex 84.7 2.96365 1.6
      vertex 84.7 2.96365 34.4
    endloop
  endfacet
  facet normal 0 -1 0
    outer loop
      vertex 6.4 30.7 23
      vertex 63 30.7 28.4
      vertex 6.4 30.7 28.4
    endloop
  endfacet
  facet normal 0 -1 -0
    outer loop
      vertex 63 30.7 28.4
      vertex 6.4 30.7 23
      vertex 63 30.7 22
    endloop
  endfacet
  facet normal 0 -1 0
    outer loop
      vertex 69.9 30.7 31.6
      vertex 70.87 30.7 31.58
      vertex 72.07 30.7 31.59
    endloop
  endfacet
  facet normal 0 -1 0
    outer loop
      vertex 69.9 30.7 22
      vertex 70.87 30.7 31.58
      vertex 69.9 30.7 31.6
    endloop
  endfacet
  facet normal 0 -1 -0
    outer loop
      vertex 70.87 30.7 31.58
      vertex 69.9 30.7 22
      vertex 70.87 30.7 21.51
    endloop
  endfacet
  facet normal 0 -1 0
    outer loop
      vertex 2.96365 30.7 34.4
      vertex 66.4 30.7 31.6
      vertex 83.7364 30.7 34.4
    endloop
  endfacet
  facet normal 0 -1 0
    outer loop
      vertex 6.4 30.7 28.4
      vertex 2.96365 30.7 34.4
      vertex 3.4 30.7 28.4
    endloop
  endfacet
  facet normal 0 -1 0
    outer loop
      vertex 2.96365 30.7 34.4
      vertex 3.4 30.7 23
      vertex 3.4 30.7 28.4
    endloop
  endfacet
  facet normal 0 -1 0
    outer loop
      vertex 2.96365 30.7 1.6
      vertex 6.4 30.7 23
      vertex 3.4 30.7 23
    endloop
  endfacet
  facet normal 0 -1 0
    outer loop
      vertex 63 30.7 22
      vertex 70.87 30.7 21.51
      vertex 69.9 30.7 22
    endloop
  endfacet
  facet normal 0 -1 -0
    outer loop
      vertex 6.4 30.7 23
      vertex 2.96365 30.7 1.6
      vertex 63 30.7 22
    endloop
  endfacet
  facet normal 0 -1 0
    outer loop
      vertex 63 30.7 22
      vertex 83.7364 30.7 1.6
      vertex 70.87 30.7 21.51
    endloop
  endfacet
  facet normal 0 -1 0
    outer loop
      vertex 83.7364 30.7 1.6
      vertex 63 30.7 22
      vertex 2.96365 30.7 1.6
    endloop
  endfacet
  facet normal 0 -1 0
    outer loop
      vertex 2.96365 30.7 1.6
      vertex 3.4 30.7 23
      vertex 2.96365 30.7 34.4
    endloop
  endfacet
  facet normal 0 -1 0
    outer loop
      vertex 69.9 30.7 31.6
      vertex 83.7364 30.7 34.4
      vertex 66.4 30.7 31.6
    endloop
  endfacet
  facet normal 0 -1 0
    outer loop
      vertex 72.07 30.7 31.59
      vertex 83.7364 30.7 34.4
      vertex 69.9 30.7 31.6
    endloop
  endfacet
  facet normal 0 -1 0
    outer loop
      vertex 82.53 30.7 31.59
      vertex 83.7364 30.7 34.4
      vertex 72.07 30.7 31.59
    endloop
  endfacet
  facet normal 0 -1 0
    outer loop
      vertex 83.73 30.7 31.58
      vertex 82.53 30.7 31.59
      vertex 82.53 30.7 31.58
    endloop
  endfacet
  facet normal 0 -1 0
    outer loop
      vertex 82.53 30.7 31.59
      vertex 83.73 30.7 31.58
      vertex 83.7364 30.7 34.4
    endloop
  endfacet
  facet normal 0 -1 0
    outer loop
      vertex 83.73 30.7 21.51
      vertex 83.7364 30.7 34.4
      vertex 83.73 30.7 31.58
    endloop
  endfacet
  facet normal 0 -1 0
    outer loop
      vertex 83.73 30.7 21.51
      vertex 83.7364 30.7 1.6
      vertex 83.7364 30.7 34.4
    endloop
  endfacet
  facet normal 0 -1 0
    outer loop
      vertex 70.87 30.7 21.51
      vertex 83.7364 30.7 1.6
      vertex 83.73 30.7 21.51
    endloop
  endfacet
  facet normal 0 -1 -0
    outer loop
      vertex 72.07 30.7 31.59
      vertex 70.87 30.7 31.58
      vertex 72.07 30.7 31.58
    endloop
  endfacet
  facet normal 0 -1 0
    outer loop
      vertex 63 30.7 28.4
      vertex 2.96365 30.7 34.4
      vertex 6.4 30.7 28.4
    endloop
  endfacet
  facet normal 0 -1 0
    outer loop
      vertex 2.96365 30.7 34.4
      vertex 63 30.7 28.4
      vertex 66.4 30.7 31.6
    endloop
  endfacet
  facet normal 0 -1 -0
    outer loop
      vertex 66.4 30.7 31.6
      vertex 63 30.7 28.4
      vertex 66.4 30.7 28.4
    endloop
  endfacet
  facet normal -0 0 1
    outer loop
      vertex 2.7 24.6 1.6
      vertex 3.9 8.1 1.6
      vertex 3.9 24.6 1.6
    endloop
  endfacet
  facet normal 0 0 1
    outer loop
      vertex 3.9 8.1 1.6
      vertex 2.7 24.6 1.6
      vertex 2.7 8.1 1.6
    endloop
  endfacet
  facet normal 0 0 1
    outer loop
      vertex 3.9 24.6 1.6
      vertex 82.8 24.6 1.6
      vertex 82.8 27.4 1.6
    endloop
  endfacet
  facet normal 0 0 1
    outer loop
      vertex 82.8 24.6 1.6
      vertex 3.9 24.6 1.6
      vertex 82.8 8.1 1.6
    endloop
  endfacet
  facet normal 0 0 1
    outer loop
      vertex 3.9 24.6 1.6
      vertex 82.8 27.4 1.6
      vertex 3.9 27.4 1.6
    endloop
  endfacet
  facet normal 0 0 1
    outer loop
      vertex 3.9 8.1 1.6
      vertex 82.8 8.1 1.6
      vertex 3.9 24.6 1.6
    endloop
  endfacet
  facet normal 0 0 1
    outer loop
      vertex 82.8 8.1 1.6
      vertex 3.9 8.1 1.6
      vertex 82.8 5.3 1.6
    endloop
  endfacet
  facet normal 0 0 1
    outer loop
      vertex 82.8 5.3 1.6
      vertex 3.9 8.1 1.6
      vertex 3.9 5.3 1.6
    endloop
  endfacet
  facet normal -0 0 1
    outer loop
      vertex 82.8 24.6 1.6
      vertex 84 8.1 1.6
      vertex 84 24.6 1.6
    endloop
  endfacet
  facet normal 0 0 1
    outer loop
      vertex 84 8.1 1.6
      vertex 82.8 24.6 1.6
      vertex 82.8 8.1 1.6
    endloop
  endfacet
  facet normal 0 0 1
    outer loop
      vertex 84 28.6 1.6
      vertex 84.7 29.7364 1.6
      vertex 84.565 29.8266 1.6
    endloop
  endfacet
  facet normal 0 0 1
    outer loop
      vertex 84.7 29.7364 1.6
      vertex 84 24.6 1.6
      vertex 84.7 2.96365 1.6
    endloop
  endfacet
  facet normal 0 0 1
    outer loop
      vertex 84 28.6 1.6
      vertex 84.565 29.8266 1.6
      vertex 84.1716 30.1716 1.6
    endloop
  endfacet
  facet normal -0 0 1
    outer loop
      vertex 84 8.1 1.6
      vertex 84.7 2.96365 1.6
      vertex 84 24.6 1.6
    endloop
  endfacet
  facet normal 0 0 1
    outer loop
      vertex 84.7 29.7364 1.6
      vertex 84 28.6 1.6
      vertex 84 24.6 1.6
    endloop
  endfacet
  facet normal 0 0 1
    outer loop
      vertex 83.8266 30.565 1.6
      vertex 84 28.6 1.6
      vertex 84.1716 30.1716 1.6
    endloop
  endfacet
  facet normal 0 0 1
    outer loop
      vertex 83.7364 30.7 1.6
      vertex 84 28.6 1.6
      vertex 83.8266 30.565 1.6
    endloop
  endfacet
  facet normal -0 0 1
    outer loop
      vertex 2.96365 30.7 1.6
      vertex 84 28.6 1.6
      vertex 83.7364 30.7 1.6
    endloop
  endfacet
  facet normal 0 0 1
    outer loop
      vertex 2.7 28.6 1.6
      vertex 2.96365 30.7 1.6
      vertex 2.87341 30.565 1.6
    endloop
  endfacet
  facet normal 0 0 1
    outer loop
      vertex 2.96365 30.7 1.6
      vertex 2.7 28.6 1.6
      vertex 84 28.6 1.6
    endloop
  endfacet
  facet normal 0 0 1
    outer loop
      vertex 2 29.7364 1.6
      vertex 2.7 24.6 1.6
      vertex 2.7 28.6 1.6
    endloop
  endfacet
  facet normal 0 0 1
    outer loop
      vertex 2.7 24.6 1.6
      vertex 2 29.7364 1.6
      vertex 2.7 8.1 1.6
    endloop
  endfacet
  facet normal -0 0 1
    outer loop
      vertex 2.13505 29.8266 1.6
      vertex 2.7 28.6 1.6
      vertex 2.52843 30.1716 1.6
    endloop
  endfacet
  facet normal -0 0 1
    outer loop
      vertex 2.52843 30.1716 1.6
      vertex 2.7 28.6 1.6
      vertex 2.87341 30.565 1.6
    endloop
  endfacet
  facet normal -0 0 1
    outer loop
      vertex 84 4.1 1.6
      vertex 84.7 2.96365 1.6
      vertex 84 8.1 1.6
    endloop
  endfacet
  facet normal 0 0 1
    outer loop
      vertex 84.7 2.96365 1.6
      vertex 84 4.1 1.6
      vertex 84.565 2.87341 1.6
    endloop
  endfacet
  facet normal 0 0 1
    outer loop
      vertex 84.565 2.87341 1.6
      vertex 84 4.1 1.6
      vertex 84.1716 2.52843 1.6
    endloop
  endfacet
  facet normal 0 0 1
    outer loop
      vertex 84 4.1 1.6
      vertex 83.8266 2.13505 1.6
      vertex 84.1716 2.52843 1.6
    endloop
  endfacet
  facet normal 0 0 1
    outer loop
      vertex 84 4.1 1.6
      vertex 83.7364 2 1.6
      vertex 83.8266 2.13505 1.6
    endloop
  endfacet
  facet normal 0 0 1
    outer loop
      vertex 84 4.1 1.6
      vertex 2.96365 2 1.6
      vertex 83.7364 2 1.6
    endloop
  endfacet
  facet normal -0 0 1
    outer loop
      vertex 2.7 4.1 1.6
      vertex 2.96365 2 1.6
      vertex 84 4.1 1.6
    endloop
  endfacet
  facet normal 0 0 1
    outer loop
      vertex 2.96365 2 1.6
      vertex 2.7 4.1 1.6
      vertex 2.87341 2.13505 1.6
    endloop
  endfacet
  facet normal 0 0 1
    outer loop
      vertex 2.7 4.1 1.6
      vertex 2.52843 2.52843 1.6
      vertex 2.87341 2.13505 1.6
    endloop
  endfacet
  facet normal -0 0 1
    outer loop
      vertex 2 29.7364 1.6
      vertex 2.7 28.6 1.6
      vertex 2.13505 29.8266 1.6
    endloop
  endfacet
  facet normal 0 0 1
    outer loop
      vertex 2 2.96365 1.6
      vertex 2.7 8.1 1.6
      vertex 2 29.7364 1.6
    endloop
  endfacet
  facet normal 0 0 1
    outer loop
      vertex 2.7 4.1 1.6
      vertex 2.13505 2.87341 1.6
      vertex 2.52843 2.52843 1.6
    endloop
  endfacet
  facet normal 0 0 1
    outer loop
      vertex 2.7 8.1 1.6
      vertex 2 2.96365 1.6
      vertex 2.7 4.1 1.6
    endloop
  endfacet
  facet normal 0 0 1
    outer loop
      vertex 2.7 4.1 1.6
      vertex 2 2.96365 1.6
      vertex 2.13505 2.87341 1.6
    endloop
  endfacet
  facet normal 0 1 0
    outer loop
      vertex 63 2 28.4
      vertex 6.4 2 23
      vertex 6.4 2 28.4
    endloop
  endfacet
  facet normal 0 1 0
    outer loop
      vertex 2.96365 2 1.6
      vertex 6.4 2 23
      vertex 63 2 22
    endloop
  endfacet
  facet normal 0 1 -0
    outer loop
      vertex 63 2 22
      vertex 6.4 2 23
      vertex 63 2 28.4
    endloop
  endfacet
  facet normal 0 1 -0
    outer loop
      vertex 75.2911 2 31.5181
      vertex 69.9 2 31.6
      vertex 75.65 2 31.7579
    endloop
  endfacet
  facet normal 0 1 -0
    outer loop
      vertex 74.9665 2 31.2335
      vertex 69.9 2 31.6
      vertex 75.2911 2 31.5181
    endloop
  endfacet
  facet normal 0 1 -0
    outer loop
      vertex 74.6819 2 30.9089
      vertex 69.9 2 31.6
      vertex 74.9665 2 31.2335
    endloop
  endfacet
  facet normal 0 1 -0
    outer loop
      vertex 74.4421 2 30.55
      vertex 69.9 2 31.6
      vertex 74.6819 2 30.9089
    endloop
  endfacet
  facet normal 0 1 -0
    outer loop
      vertex 74.2512 2 30.1629
      vertex 69.9 2 31.6
      vertex 74.4421 2 30.55
    endloop
  endfacet
  facet normal 0 1 -0
    outer loop
      vertex 74.1124 2 29.7541
      vertex 69.9 2 31.6
      vertex 74.2512 2 30.1629
    endloop
  endfacet
  facet normal 0 1 -0
    outer loop
      vertex 74.0282 2 29.3307
      vertex 69.9 2 31.6
      vertex 74.1124 2 29.7541
    endloop
  endfacet
  facet normal 0 1 -0
    outer loop
      vertex 74 2 28.9
      vertex 69.9 2 31.6
      vertex 74.0282 2 29.3307
    endloop
  endfacet
  facet normal 0 1 0
    outer loop
      vertex 74.0282 2 28.4693
      vertex 69.9 2 31.6
      vertex 74 2 28.9
    endloop
  endfacet
  facet normal 0 1 0
    outer loop
      vertex 74.1124 2 28.0459
      vertex 69.9 2 31.6
      vertex 74.0282 2 28.4693
    endloop
  endfacet
  facet normal 0 1 0
    outer loop
      vertex 69.9 2 22
      vertex 74.1124 2 28.0459
      vertex 74.2512 2 27.6371
    endloop
  endfacet
  facet normal 0 1 0
    outer loop
      vertex 69.9 2 22
      vertex 74.2512 2 27.6371
      vertex 74.4421 2 27.25
    endloop
  endfacet
  facet normal 0 1 0
    outer loop
      vertex 69.9 2 22
      vertex 74.4421 2 27.25
      vertex 74.6819 2 26.8911
    endloop
  endfacet
  facet normal 0 1 0
    outer loop
      vertex 69.9 2 22
      vertex 74.6819 2 26.8911
      vertex 74.9665 2 26.5665
    endloop
  endfacet
  facet normal 0 1 0
    outer loop
      vertex 74.1124 2 28.0459
      vertex 69.9 2 22
      vertex 69.9 2 31.6
    endloop
  endfacet
  facet normal 0 1 0
    outer loop
      vertex 75.2911 2 26.2819
      vertex 69.9 2 22
      vertex 74.9665 2 26.5665
    endloop
  endfacet
  facet normal 0 1 0
    outer loop
      vertex 75.65 2 26.0421
      vertex 69.9 2 22
      vertex 75.2911 2 26.2819
    endloop
  endfacet
  facet normal 0 1 0
    outer loop
      vertex 76.0371 2 25.8512
      vertex 69.9 2 22
      vertex 75.65 2 26.0421
    endloop
  endfacet
  facet normal 0 1 0
    outer loop
      vertex 76.4459 2 25.7124
      vertex 69.9 2 22
      vertex 76.0371 2 25.8512
    endloop
  endfacet
  facet normal 0 1 0
    outer loop
      vertex 76.8693 2 25.6282
      vertex 69.9 2 22
      vertex 76.4459 2 25.7124
    endloop
  endfacet
  facet normal 0 1 0
    outer loop
      vertex 69.9 2 22
      vertex 76.8693 2 25.6282
      vertex 77.3 2 25.6
    endloop
  endfacet
  facet normal 0 1 0
    outer loop
      vertex 76.8693 2 32.1718
      vertex 83.7364 2 34.4
      vertex 77.3 2 32.2
    endloop
  endfacet
  facet normal 0 1 0
    outer loop
      vertex 83.7364 2 34.4
      vertex 77.7307 2 32.1718
      vertex 77.3 2 32.2
    endloop
  endfacet
  facet normal 0 1 0
    outer loop
      vertex 83.7364 2 34.4
      vertex 78.1541 2 32.0876
      vertex 77.7307 2 32.1718
    endloop
  endfacet
  facet normal 0 1 0
    outer loop
      vertex 83.7364 2 34.4
      vertex 78.5629 2 31.9488
      vertex 78.1541 2 32.0876
    endloop
  endfacet
  facet normal 0 1 0
    outer loop
      vertex 83.7364 2 34.4
      vertex 78.95 2 31.7579
      vertex 78.5629 2 31.9488
    endloop
  endfacet
  facet normal 0 1 0
    outer loop
      vertex 83.7364 2 34.4
      vertex 79.3089 2 31.5181
      vertex 78.95 2 31.7579
    endloop
  endfacet
  facet normal 0 1 0
    outer loop
      vertex 83.7364 2 34.4
      vertex 79.6335 2 31.2335
      vertex 79.3089 2 31.5181
    endloop
  endfacet
  facet normal 0 1 0
    outer loop
      vertex 83.7364 2 34.4
      vertex 79.9181 2 30.9089
      vertex 79.6335 2 31.2335
    endloop
  endfacet
  facet normal 0 1 0
    outer loop
      vertex 83.7364 2 34.4
      vertex 80.1579 2 30.55
      vertex 79.9181 2 30.9089
    endloop
  endfacet
  facet normal 0 1 0
    outer loop
      vertex 83.7364 2 34.4
      vertex 80.3488 2 30.1629
      vertex 80.1579 2 30.55
    endloop
  endfacet
  facet normal 0 1 0
    outer loop
      vertex 83.7364 2 34.4
      vertex 80.4876 2 29.7541
      vertex 80.3488 2 30.1629
    endloop
  endfacet
  facet normal 0 1 0
    outer loop
      vertex 83.7364 2 34.4
      vertex 80.5718 2 29.3307
      vertex 80.4876 2 29.7541
    endloop
  endfacet
  facet normal 0 1 0
    outer loop
      vertex 83.7364 2 34.4
      vertex 80.6 2 28.9
      vertex 80.5718 2 29.3307
    endloop
  endfacet
  facet normal 0 1 0
    outer loop
      vertex 83.7364 2 34.4
      vertex 80.5718 2 28.4693
      vertex 80.6 2 28.9
    endloop
  endfacet
  facet normal 0 1 0
    outer loop
      vertex 83.7364 2 34.4
      vertex 80.4876 2 28.0459
      vertex 80.5718 2 28.4693
    endloop
  endfacet
  facet normal 0 1 0
    outer loop
      vertex 83.7364 2 34.4
      vertex 80.3488 2 27.6371
      vertex 80.4876 2 28.0459
    endloop
  endfacet
  facet normal 0 1 -0
    outer loop
      vertex 83.7364 2 1.6
      vertex 80.3488 2 27.6371
      vertex 83.7364 2 34.4
    endloop
  endfacet
  facet normal 0 1 0
    outer loop
      vertex 77.7307 2 25.6282
      vertex 69.9 2 22
      vertex 77.3 2 25.6
    endloop
  endfacet
  facet normal 0 1 0
    outer loop
      vertex 83.7364 2 1.6
      vertex 77.7307 2 25.6282
      vertex 78.1541 2 25.7124
    endloop
  endfacet
  facet normal 0 1 0
    outer loop
      vertex 83.7364 2 1.6
      vertex 78.1541 2 25.7124
      vertex 78.5629 2 25.8512
    endloop
  endfacet
  facet normal 0 1 0
    outer loop
      vertex 69.9 2 22
      vertex 83.7364 2 1.6
      vertex 63 2 22
    endloop
  endfacet
  facet normal 0 1 0
    outer loop
      vertex 77.7307 2 25.6282
      vertex 83.7364 2 1.6
      vertex 69.9 2 22
    endloop
  endfacet
  facet normal 0 1 0
    outer loop
      vertex 78.95 2 26.0421
      vertex 83.7364 2 1.6
      vertex 78.5629 2 25.8512
    endloop
  endfacet
  facet normal 0 1 0
    outer loop
      vertex 79.3089 2 26.2819
      vertex 83.7364 2 1.6
      vertex 78.95 2 26.0421
    endloop
  endfacet
  facet normal 0 1 0
    outer loop
      vertex 79.6335 2 26.5665
      vertex 83.7364 2 1.6
      vertex 79.3089 2 26.2819
    endloop
  endfacet
  facet normal 0 1 0
    outer loop
      vertex 79.9181 2 26.8911
      vertex 83.7364 2 1.6
      vertex 79.6335 2 26.5665
    endloop
  endfacet
  facet normal 0 1 0
    outer loop
      vertex 80.1579 2 27.25
      vertex 83.7364 2 1.6
      vertex 79.9181 2 26.8911
    endloop
  endfacet
  facet normal 0 1 0
    outer loop
      vertex 80.3488 2 27.6371
      vertex 83.7364 2 1.6
      vertex 80.1579 2 27.25
    endloop
  endfacet
  facet normal 0 1 0
    outer loop
      vertex 69.9 2 31.6
      vertex 83.7364 2 34.4
      vertex 76.8693 2 32.1718
    endloop
  endfacet
  facet normal 0 1 0
    outer loop
      vertex 69.9 2 31.6
      vertex 76.8693 2 32.1718
      vertex 76.4459 2 32.0876
    endloop
  endfacet
  facet normal 0 1 0
    outer loop
      vertex 69.9 2 31.6
      vertex 76.4459 2 32.0876
      vertex 76.0371 2 31.9488
    endloop
  endfacet
  facet normal 0 1 0
    outer loop
      vertex 69.9 2 31.6
      vertex 76.0371 2 31.9488
      vertex 75.65 2 31.7579
    endloop
  endfacet
  facet normal 0 1 0
    outer loop
      vertex 83.7364 2 34.4
      vertex 69.9 2 31.6
      vertex 66.4 2 31.6
    endloop
  endfacet
  facet normal 0 1 0
    outer loop
      vertex 83.7364 2 34.4
      vertex 66.4 2 31.6
      vertex 2.96365 2 34.4
    endloop
  endfacet
  facet normal 0 1 0
    outer loop
      vertex 63 2 28.4
      vertex 66.4 2 31.6
      vertex 66.4 2 28.4
    endloop
  endfacet
  facet normal 0 1 0
    outer loop
      vertex 66.4 2 31.6
      vertex 63 2 28.4
      vertex 2.96365 2 34.4
    endloop
  endfacet
  facet normal 0 1 -0
    outer loop
      vertex 6.4 2 28.4
      vertex 2.96365 2 34.4
      vertex 63 2 28.4
    endloop
  endfacet
  facet normal 0 1 -0
    outer loop
      vertex 3.4 2 28.4
      vertex 2.96365 2 34.4
      vertex 6.4 2 28.4
    endloop
  endfacet
  facet normal 0 1 -0
    outer loop
      vertex 3.4 2 23
      vertex 2.96365 2 34.4
      vertex 3.4 2 28.4
    endloop
  endfacet
  facet normal 0 1 0
    outer loop
      vertex 2.96365 2 1.6
      vertex 63 2 22
      vertex 83.7364 2 1.6
    endloop
  endfacet
  facet normal 0 1 0
    outer loop
      vertex 3.4 2 23
      vertex 2.96365 2 1.6
      vertex 2.96365 2 34.4
    endloop
  endfacet
  facet normal 0 1 0
    outer loop
      vertex 6.4 2 23
      vertex 2.96365 2 1.6
      vertex 3.4 2 23
    endloop
  endfacet
  facet normal -1 0 0
    outer loop
      vertex 2.7 4.1 1.6
      vertex 2.7 8.1 4.6
      vertex 2.7 8.1 1.6
    endloop
  endfacet
  facet normal -1 -0 0
    outer loop
      vertex 2.7 8.1 4.6
      vertex 2.7 4.1 1.6
      vertex 2.7 4.1 4.6
    endloop
  endfacet
  facet normal 0 0 1
    outer loop
      vertex 3.9 8.1 4.6
      vertex 2.7 8.1 4.6
      vertex 3.9 5.3 4.6
    endloop
  endfacet
  facet normal 0 0 1
    outer loop
      vertex 82.8 5.3 4.6
      vertex 84 8.1 4.6
      vertex 82.8 8.1 4.6
    endloop
  endfacet
  facet normal 0 0 1
    outer loop
      vertex 84 8.1 4.6
      vertex 82.8 5.3 4.6
      vertex 84 4.1 4.6
    endloop
  endfacet
  facet normal -0 0 1
    outer loop
      vertex 3.9 5.3 4.6
      vertex 84 4.1 4.6
      vertex 82.8 5.3 4.6
    endloop
  endfacet
  facet normal 0 0 1
    outer loop
      vertex 3.9 5.3 4.6
      vertex 2.7 4.1 4.6
      vertex 84 4.1 4.6
    endloop
  endfacet
  facet normal 0 0 1
    outer loop
      vertex 2.7 4.1 4.6
      vertex 3.9 5.3 4.6
      vertex 2.7 8.1 4.6
    endloop
  endfacet
  facet normal 1 -0 0
    outer loop
      vertex 84 4.1 4.6
      vertex 84 8.1 1.6
      vertex 84 8.1 4.6
    endloop
  endfacet
  facet normal 1 0 0
    outer loop
      vertex 84 8.1 1.6
      vertex 84 4.1 4.6
      vertex 84 4.1 1.6
    endloop
  endfacet
  facet normal 0 1 -0
    outer loop
      vertex 82.8 5.3 1.6
      vertex 3.9 5.3 4.6
      vertex 82.8 5.3 4.6
    endloop
  endfacet
  facet normal 0 1 0
    outer loop
      vertex 3.9 5.3 4.6
      vertex 82.8 5.3 1.6
      vertex 3.9 5.3 1.6
    endloop
  endfacet
  facet normal 0 -1 0
    outer loop
      vertex 2.7 4.1 1.6
      vertex 84 4.1 4.6
      vertex 2.7 4.1 4.6
    endloop
  endfacet
  facet normal 0 -1 -0
    outer loop
      vertex 84 4.1 4.6
      vertex 2.7 4.1 1.6
      vertex 84 4.1 1.6
    endloop
  endfacet
  facet normal -1 0 0
    outer loop
      vertex 2.7 24.6 1.6
      vertex 2.7 28.6 4.6
      vertex 2.7 28.6 1.6
    endloop
  endfacet
  facet normal -1 -0 0
    outer loop
      vertex 2.7 28.6 4.6
      vertex 2.7 24.6 1.6
      vertex 2.7 24.6 4.6
    endloop
  endfacet
  facet normal 0 0 1
    outer loop
      vertex 84 28.6 4.6
      vertex 82.8 27.4 4.6
      vertex 84 24.6 4.6
    endloop
  endfacet
  facet normal 0 0 1
    outer loop
      vertex 84 28.6 4.6
      vertex 3.9 27.4 4.6
      vertex 82.8 27.4 4.6
    endloop
  endfacet
  facet normal -0 0 1
    outer loop
      vertex 2.7 28.6 4.6
      vertex 3.9 27.4 4.6
      vertex 84 28.6 4.6
    endloop
  endfacet
  facet normal 0 0 1
    outer loop
      vertex 2.7 24.6 4.6
      vertex 3.9 27.4 4.6
      vertex 2.7 28.6 4.6
    endloop
  endfacet
  facet normal 0 0 1
    outer loop
      vertex 3.9 27.4 4.6
      vertex 2.7 24.6 4.6
      vertex 3.9 24.6 4.6
    endloop
  endfacet
  facet normal 0 0 1
    outer loop
      vertex 84 24.6 4.6
      vertex 82.8 27.4 4.6
      vertex 82.8 24.6 4.6
    endloop
  endfacet
  facet normal 1 -0 0
    outer loop
      vertex 84 24.6 4.6
      vertex 84 28.6 1.6
      vertex 84 28.6 4.6
    endloop
  endfacet
  facet normal 1 0 0
    outer loop
      vertex 84 28.6 1.6
      vertex 84 24.6 4.6
      vertex 84 24.6 1.6
    endloop
  endfacet
  facet normal 0 1 -0
    outer loop
      vertex 84 28.6 1.6
      vertex 2.7 28.6 4.6
      vertex 84 28.6 4.6
    endloop
  endfacet
  facet normal 0 1 0
    outer loop
      vertex 2.7 28.6 4.6
      vertex 84 28.6 1.6
      vertex 2.7 28.6 1.6
    endloop
  endfacet
  facet normal 0 -1 0
    outer loop
      vertex 3.9 27.4 1.6
      vertex 82.8 27.4 4.6
      vertex 3.9 27.4 4.6
    endloop
  endfacet
  facet normal 0 -1 -0
    outer loop
      vertex 82.8 27.4 4.6
      vertex 3.9 27.4 1.6
      vertex 82.8 27.4 1.6
    endloop
  endfacet
  facet normal 1 -0 0
    outer loop
      vertex 3.9 5.3 4.6
      vertex 3.9 8.1 1.6
      vertex 3.9 8.1 4.6
    endloop
  endfacet
  facet normal 1 0 0
    outer loop
      vertex 3.9 8.1 1.6
      vertex 3.9 5.3 4.6
      vertex 3.9 5.3 1.6
    endloop
  endfacet
  facet normal 0 1 -0
    outer loop
      vertex 3.9 8.1 1.6
      vertex 2.7 8.1 4.6
      vertex 3.9 8.1 4.6
    endloop
  endfacet
  facet normal 0 1 0
    outer loop
      vertex 2.7 8.1 4.6
      vertex 3.9 8.1 1.6
      vertex 2.7 8.1 1.6
    endloop
  endfacet
  facet normal 1 -0 0
    outer loop
      vertex 3.9 24.6 4.6
      vertex 3.9 27.4 1.6
      vertex 3.9 27.4 4.6
    endloop
  endfacet
  facet normal 1 0 0
    outer loop
      vertex 3.9 27.4 1.6
      vertex 3.9 24.6 4.6
      vertex 3.9 24.6 1.6
    endloop
  endfacet
  facet normal 0 -1 0
    outer loop
      vertex 2.7 24.6 1.6
      vertex 3.9 24.6 4.6
      vertex 2.7 24.6 4.6
    endloop
  endfacet
  facet normal 0 -1 -0
    outer loop
      vertex 3.9 24.6 4.6
      vertex 2.7 24.6 1.6
      vertex 3.9 24.6 1.6
    endloop
  endfacet
  facet normal -1 0 0
    outer loop
      vertex 82.8 5.3 1.6
      vertex 82.8 8.1 4.6
      vertex 82.8 8.1 1.6
    endloop
  endfacet
  facet normal -1 -0 0
    outer loop
      vertex 82.8 8.1 4.6
      vertex 82.8 5.3 1.6
      vertex 82.8 5.3 4.6
    endloop
  endfacet
  facet normal 0 1 -0
    outer loop
      vertex 84 8.1 1.6
      vertex 82.8 8.1 4.6
      vertex 84 8.1 4.6
    endloop
  endfacet
  facet normal 0 1 0
    outer loop
      vertex 82.8 8.1 4.6
      vertex 84 8.1 1.6
      vertex 82.8 8.1 1.6
    endloop
  endfacet
  facet normal -1 0 0
    outer loop
      vertex 82.8 24.6 1.6
      vertex 82.8 27.4 4.6
      vertex 82.8 27.4 1.6
    endloop
  endfacet
  facet normal -1 -0 0
    outer loop
      vertex 82.8 27.4 4.6
      vertex 82.8 24.6 1.6
      vertex 82.8 24.6 4.6
    endloop
  endfacet
  facet normal 0 -1 0
    outer loop
      vertex 82.8 24.6 1.6
      vertex 84 24.6 4.6
      vertex 82.8 24.6 4.6
    endloop
  endfacet
  facet normal 0 -1 -0
    outer loop
      vertex 84 24.6 4.6
      vertex 82.8 24.6 1.6
      vertex 84 24.6 1.6
    endloop
  endfacet
  facet normal -1 0 0
    outer loop
      vertex 3.4 2 28.4
      vertex 3.4 5.4 26.4
      vertex 3.4 2 23
    endloop
  endfacet
  facet normal -1 0 0
    outer loop
      vertex 3.4 5.4 26.4
      vertex 3.4 2 28.4
      vertex 3.4 5.4 28.4
    endloop
  endfacet
  facet normal -0 0 1
    outer loop
      vertex 3.4 5.4 28.4
      vertex 6.4 2 28.4
      vertex 6.4 5.4 28.4
    endloop
  endfacet
  facet normal 0 0 1
    outer loop
      vertex 6.4 2 28.4
      vertex 3.4 5.4 28.4
      vertex 3.4 2 28.4
    endloop
  endfacet
  facet normal 1 -0 0
    outer loop
      vertex 6.4 2 28.4
      vertex 6.4 5.4 26.4
      vertex 6.4 5.4 28.4
    endloop
  endfacet
  facet normal 1 0 0
    outer loop
      vertex 6.4 5.4 26.4
      vertex 6.4 2 28.4
      vertex 6.4 2 23
    endloop
  endfacet
  facet normal 0 0.707107 -0.707107
    outer loop
      vertex 6.4 2 23
      vertex 3.4 5.4 26.4
      vertex 6.4 5.4 26.4
    endloop
  endfacet
  facet normal 0 0.707107 -0.707107
    outer loop
      vertex 3.4 5.4 26.4
      vertex 6.4 2 23
      vertex 3.4 2 23
    endloop
  endfacet
  facet normal 0 1 -0
    outer loop
      vertex 6.4 5.4 26.4
      vertex 3.4 5.4 28.4
      vertex 6.4 5.4 28.4
    endloop
  endfacet
  facet normal 0 1 0
    outer loop
      vertex 3.4 5.4 28.4
      vertex 6.4 5.4 26.4
      vertex 3.4 5.4 26.4
    endloop
  endfacet
  facet normal 0 0.707107 -0.707107
    outer loop
      vertex 69.9 2 22
      vertex 63 6.4 26.4
      vertex 69.9 6.4 26.4
    endloop
  endfacet
  facet normal 0 0.707107 -0.707107
    outer loop
      vertex 63 6.4 26.4
      vertex 69.9 2 22
      vertex 63 2 22
    endloop
  endfacet
  facet normal -1 0 0
    outer loop
      vertex 63 2 28.4
      vertex 63 6.4 26.4
      vertex 63 2 22
    endloop
  endfacet
  facet normal -1 0 0
    outer loop
      vertex 63 6.4 26.4
      vertex 63 2 28.4
      vertex 63 6.4 28.4
    endloop
  endfacet
  facet normal -0 0 1
    outer loop
      vertex 63 6.4 28.4
      vertex 66.4 2 28.4
      vertex 66.4 6.4 28.4
    endloop
  endfacet
  facet normal 0 0 1
    outer loop
      vertex 66.4 2 28.4
      vertex 63 6.4 28.4
      vertex 63 2 28.4
    endloop
  endfacet
  facet normal 0 1 0
    outer loop
      vertex 69.9 6.4 31.6
      vertex 66.4 6.4 28.4
      vertex 66.4 6.4 31.6
    endloop
  endfacet
  facet normal 0 1 -0
    outer loop
      vertex 69.9 6.4 26.4
      vertex 66.4 6.4 28.4
      vertex 69.9 6.4 31.6
    endloop
  endfacet
  facet normal 0 1 0
    outer loop
      vertex 63 6.4 26.4
      vertex 66.4 6.4 28.4
      vertex 69.9 6.4 26.4
    endloop
  endfacet
  facet normal 0 1 0
    outer loop
      vertex 66.4 6.4 28.4
      vertex 63 6.4 26.4
      vertex 63 6.4 28.4
    endloop
  endfacet
  facet normal -1 0 0
    outer loop
      vertex 66.4 2 28.4
      vertex 66.4 6.4 31.6
      vertex 66.4 6.4 28.4
    endloop
  endfacet
  facet normal -1 -0 0
    outer loop
      vertex 66.4 6.4 31.6
      vertex 66.4 2 28.4
      vertex 66.4 2 31.6
    endloop
  endfacet
  facet normal 1 -0 0
    outer loop
      vertex 69.9 2 31.6
      vertex 69.9 6.4 26.4
      vertex 69.9 6.4 31.6
    endloop
  endfacet
  facet normal 1 0 0
    outer loop
      vertex 69.9 6.4 26.4
      vertex 69.9 2 31.6
      vertex 69.9 2 22
    endloop
  endfacet
  facet normal -0 0 1
    outer loop
      vertex 66.4 6.4 31.6
      vertex 69.9 2 31.6
      vertex 69.9 6.4 31.6
    endloop
  endfacet
  facet normal 0 0 1
    outer loop
      vertex 69.9 2 31.6
      vertex 66.4 6.4 31.6
      vertex 66.4 2 31.6
    endloop
  endfacet
  facet normal -1 0 0
    outer loop
      vertex 3.4 27.3 26.4
      vertex 3.4 30.7 28.4
      vertex 3.4 30.7 23
    endloop
  endfacet
  facet normal -1 -0 0
    outer loop
      vertex 3.4 30.7 28.4
      vertex 3.4 27.3 26.4
      vertex 3.4 27.3 28.4
    endloop
  endfacet
  facet normal -0 0 1
    outer loop
      vertex 3.4 30.7 28.4
      vertex 6.4 27.3 28.4
      vertex 6.4 30.7 28.4
    endloop
  endfacet
  facet normal 0 0 1
    outer loop
      vertex 6.4 27.3 28.4
      vertex 3.4 30.7 28.4
      vertex 3.4 27.3 28.4
    endloop
  endfacet
  facet normal 1 0 0
    outer loop
      vertex 6.4 27.3 26.4
      vertex 6.4 30.7 28.4
      vertex 6.4 27.3 28.4
    endloop
  endfacet
  facet normal 1 0 0
    outer loop
      vertex 6.4 30.7 28.4
      vertex 6.4 27.3 26.4
      vertex 6.4 30.7 23
    endloop
  endfacet
  facet normal 0 -0.707107 -0.707107
    outer loop
      vertex 3.4 30.7 23
      vertex 6.4 27.3 26.4
      vertex 3.4 27.3 26.4
    endloop
  endfacet
  facet normal 0 -0.707107 -0.707107
    outer loop
      vertex 6.4 27.3 26.4
      vertex 3.4 30.7 23
      vertex 6.4 30.7 23
    endloop
  endfacet
  facet normal 0 -1 0
    outer loop
      vertex 3.4 27.3 26.4
      vertex 6.4 27.3 28.4
      vertex 3.4 27.3 28.4
    endloop
  endfacet
  facet normal 0 -1 -0
    outer loop
      vertex 6.4 27.3 28.4
      vertex 3.4 27.3 26.4
      vertex 6.4 27.3 26.4
    endloop
  endfacet
  facet normal 0 -0.707107 -0.707107
    outer loop
      vertex 63 30.7 22
      vertex 69.9 26.3 26.4
      vertex 63 26.3 26.4
    endloop
  endfacet
  facet normal 0 -0.707107 -0.707107
    outer loop
      vertex 69.9 26.3 26.4
      vertex 63 30.7 22
      vertex 69.9 30.7 22
    endloop
  endfacet
  facet normal -1 0 0
    outer loop
      vertex 63 26.3 26.4
      vertex 63 30.7 28.4
      vertex 63 30.7 22
    endloop
  endfacet
  facet normal -1 -0 0
    outer loop
      vertex 63 30.7 28.4
      vertex 63 26.3 26.4
      vertex 63 26.3 28.4
    endloop
  endfacet
  facet normal -0 0 1
    outer loop
      vertex 63 30.7 28.4
      vertex 66.4 26.3 28.4
      vertex 66.4 30.7 28.4
    endloop
  endfacet
  facet normal 0 0 1
    outer loop
      vertex 66.4 26.3 28.4
      vertex 63 30.7 28.4
      vertex 63 26.3 28.4
    endloop
  endfacet
  facet normal 0 -1 0
    outer loop
      vertex 63 26.3 28.4
      vertex 63 26.3 26.4
      vertex 66.4 26.3 28.4
    endloop
  endfacet
  facet normal 0 -1 0
    outer loop
      vertex 66.4 26.3 28.4
      vertex 69.9 26.3 31.6
      vertex 66.4 26.3 31.6
    endloop
  endfacet
  facet normal 0 -1 0
    outer loop
      vertex 66.4 26.3 28.4
      vertex 69.9 26.3 26.4
      vertex 69.9 26.3 31.6
    endloop
  endfacet
  facet normal 0 -1 0
    outer loop
      vertex 69.9 26.3 26.4
      vertex 66.4 26.3 28.4
      vertex 63 26.3 26.4
    endloop
  endfacet
  facet normal -1 0 0
    outer loop
      vertex 66.4 26.3 28.4
      vertex 66.4 30.7 31.6
      vertex 66.4 30.7 28.4
    endloop
  endfacet
  facet normal -1 -0 0
    outer loop
      vertex 66.4 30.7 31.6
      vertex 66.4 26.3 28.4
      vertex 66.4 26.3 31.6
    endloop
  endfacet
  facet normal 1 0 0
    outer loop
      vertex 69.9 26.3 26.4
      vertex 69.9 30.7 31.6
      vertex 69.9 26.3 31.6
    endloop
  endfacet
  facet normal 1 0 0
    outer loop
      vertex 69.9 30.7 31.6
      vertex 69.9 26.3 26.4
      vertex 69.9 30.7 22
    endloop
  endfacet
  facet normal -0 0 1
    outer loop
      vertex 66.4 30.7 31.6
      vertex 69.9 26.3 31.6
      vertex 69.9 30.7 31.6
    endloop
  endfacet
  facet normal 0 0 1
    outer loop
      vertex 69.9 26.3 31.6
      vertex 66.4 30.7 31.6
      vertex 66.4 26.3 31.6
    endloop
  endfacet
  facet normal 0.99786 0.0653933 0
    outer loop
      vertex 3.7 -0.299999 34.4
      vertex 3.68034 0 0
      vertex 3.68034 0 34.4
    endloop
  endfacet
  facet normal 0.99786 0.0653933 0
    outer loop
      vertex 3.68034 0 0
      vertex 3.7 -0.299999 34.4
      vertex 3.7 -0.299999 0
    endloop
  endfacet
  facet normal -0.065402 0.997859 0
    outer loop
      vertex -0.299999 3.7 0
      vertex -0.822104 3.66578 34.4
      vertex -0.299999 3.7 34.4
    endloop
  endfacet
  facet normal -0.065402 0.997859 0
    outer loop
      vertex -0.822104 3.66578 34.4
      vertex -0.299999 3.7 0
      vertex -0.822104 3.66578 0
    endloop
  endfacet
  facet normal 0.0654023 -0.997859 0
    outer loop
      vertex -0.299999 -4.3 0
      vertex 0.222104 -4.26578 34.4
      vertex -0.299999 -4.3 34.4
    endloop
  endfacet
  facet normal 0.0654023 -0.997859 0
    outer loop
      vertex 0.222104 -4.26578 34.4
      vertex -0.299999 -4.3 0
      vertex 0.222104 -4.26578 0
    endloop
  endfacet
  facet normal 0.65934 0.751845 -0
    outer loop
      vertex 2.52843 2.52843 1.6
      vertex 2.13505 2.87341 34.4
      vertex 2.52843 2.52843 34.4
    endloop
  endfacet
  facet normal 0.65934 0.751845 0
    outer loop
      vertex 2.13505 2.87341 34.4
      vertex 2.52843 2.52843 1.6
      vertex 2.13505 2.87341 1.6
    endloop
  endfacet
  facet normal -0.751845 0.65934 0
    outer loop
      vertex -3.47341 2.13505 0
      vertex -3.12843 2.52843 34.4
      vertex -3.12843 2.52843 0
    endloop
  endfacet
  facet normal -0.751845 0.65934 0
    outer loop
      vertex -3.12843 2.52843 34.4
      vertex -3.47341 2.13505 0
      vertex -3.47341 2.13505 34.4
    endloop
  endfacet
  facet normal -0.442291 0.896871 0
    outer loop
      vertex -1.83073 3.39552 0
      vertex -2.3 3.1641 34.4
      vertex -1.83073 3.39552 34.4
    endloop
  endfacet
  facet normal -0.442291 0.896871 0
    outer loop
      vertex -2.3 3.1641 34.4
      vertex -1.83073 3.39552 0
      vertex -2.3 3.1641 0
    endloop
  endfacet
  facet normal 0.831471 -0.555569 0
    outer loop
      vertex 2.87341 -2.73505 34.4
      vertex 3.1641 -2.3 0
      vertex 3.1641 -2.3 34.4
    endloop
  endfacet
  facet normal 0.831471 -0.555569 0
    outer loop
      vertex 3.1641 -2.3 0
      vertex 2.87341 -2.73505 34.4
      vertex 2.87341 -2.73505 0
    endloop
  endfacet
  facet normal 0.555581 0.831463 -0
    outer loop
      vertex 2.13505 2.87341 1.6
      vertex 2 2.96365 34.4
      vertex 2.13505 2.87341 34.4
    endloop
  endfacet
  facet normal 0.555581 0.831463 0
    outer loop
      vertex 2 2.96365 34.4
      vertex 2.13505 2.87341 1.6
      vertex 2 2.96365 1.6
    endloop
  endfacet
  facet normal -0.946933 0.321432 0
    outer loop
      vertex -4.1637 0.735275 0
      vertex -3.99552 1.23073 34.4
      vertex -3.99552 1.23073 0
    endloop
  endfacet
  facet normal -0.946933 0.321432 0
    outer loop
      vertex -3.99552 1.23073 34.4
      vertex -4.1637 0.735275 0
      vertex -4.1637 0.735275 34.4
    endloop
  endfacet
  facet normal -0.831471 0.555569 0
    outer loop
      vertex -3.7641 1.7 0
      vertex -3.47341 2.13505 34.4
      vertex -3.47341 2.13505 0
    endloop
  endfacet
  facet normal -0.831471 0.555569 0
    outer loop
      vertex -3.47341 2.13505 34.4
      vertex -3.7641 1.7 0
      vertex -3.7641 1.7 34.4
    endloop
  endfacet
  facet normal -0.195096 0.980784 0
    outer loop
      vertex -0.822104 3.66578 0
      vertex -1.33528 3.5637 34.4
      vertex -0.822104 3.66578 34.4
    endloop
  endfacet
  facet normal -0.195096 0.980784 0
    outer loop
      vertex -1.33528 3.5637 34.4
      vertex -0.822104 3.66578 0
      vertex -1.33528 3.5637 0
    endloop
  endfacet
  facet normal 0.980784 -0.195096 0
    outer loop
      vertex 3.5637 -1.33528 34.4
      vertex 3.66578 -0.822104 0
      vertex 3.66578 -0.822104 34.4
    endloop
  endfacet
  facet normal 0.980784 -0.195096 0
    outer loop
      vertex 3.66578 -0.822104 0
      vertex 3.5637 -1.33528 34.4
      vertex 3.5637 -1.33528 0
    endloop
  endfacet
  facet normal 0.195098 -0.980784 0
    outer loop
      vertex 0.222104 -4.26578 0
      vertex 0.735275 -4.1637 34.4
      vertex 0.222104 -4.26578 34.4
    endloop
  endfacet
  facet normal 0.195098 -0.980784 0
    outer loop
      vertex 0.735275 -4.1637 34.4
      vertex 0.222104 -4.26578 0
      vertex 0.735275 -4.1637 0
    endloop
  endfacet
  facet normal 0.442291 -0.896871 0
    outer loop
      vertex 1.23073 -3.99552 0
      vertex 1.7 -3.7641 34.4
      vertex 1.23073 -3.99552 34.4
    endloop
  endfacet
  facet normal 0.442291 -0.896871 0
    outer loop
      vertex 1.7 -3.7641 34.4
      vertex 1.23073 -3.99552 0
      vertex 1.7 -3.7641 0
    endloop
  endfacet
  facet normal 0.751845 0.65934 0
    outer loop
      vertex 2.87341 2.13505 34.4
      vertex 2.52843 2.52843 1.6
      vertex 2.52843 2.52843 34.4
    endloop
  endfacet
  facet normal 0.751845 0.65934 0
    outer loop
      vertex 2.52843 2.52843 1.6
      vertex 2.87341 2.13505 34.4
      vertex 2.87341 2.13505 1.6
    endloop
  endfacet
  facet normal 0.831463 0.555581 0
    outer loop
      vertex 2.96365 2 34.4
      vertex 2.87341 2.13505 1.6
      vertex 2.87341 2.13505 34.4
    endloop
  endfacet
  facet normal 0.831463 0.555581 0
    outer loop
      vertex 2.87341 2.13505 1.6
      vertex 2.96365 2 34.4
      vertex 2.96365 2 1.6
    endloop
  endfacet
  facet normal 0.0653933 0.99786 -0
    outer loop
      vertex 0 3.68034 0
      vertex -0.299999 3.7 34.4
      vertex 0 3.68034 34.4
    endloop
  endfacet
  facet normal 0.0653933 0.99786 0
    outer loop
      vertex -0.299999 3.7 34.4
      vertex 0 3.68034 0
      vertex -0.299999 3.7 0
    endloop
  endfacet
  facet normal -0.896871 0.442291 0
    outer loop
      vertex -3.99552 1.23073 0
      vertex -3.7641 1.7 34.4
      vertex -3.7641 1.7 0
    endloop
  endfacet
  facet normal -0.896871 0.442291 0
    outer loop
      vertex -3.7641 1.7 34.4
      vertex -3.99552 1.23073 0
      vertex -3.99552 1.23073 34.4
    endloop
  endfacet
  facet normal -0.980784 0.195098 0
    outer loop
      vertex -4.26578 0.222104 0
      vertex -4.1637 0.735275 34.4
      vertex -4.1637 0.735275 0
    endloop
  endfacet
  facet normal -0.980784 0.195098 0
    outer loop
      vertex -4.1637 0.735275 34.4
      vertex -4.26578 0.222104 0
      vertex -4.26578 0.222104 34.4
    endloop
  endfacet
  facet normal -0.997859 0.0654023 0
    outer loop
      vertex -4.3 -0.299999 0
      vertex -4.26578 0.222104 34.4
      vertex -4.26578 0.222104 0
    endloop
  endfacet
  facet normal -0.997859 0.0654023 0
    outer loop
      vertex -4.26578 0.222104 34.4
      vertex -4.3 -0.299999 0
      vertex -4.3 -0.299999 34.4
    endloop
  endfacet
  facet normal -0.997859 -0.065402 0
    outer loop
      vertex -4.26578 -0.822104 0
      vertex -4.3 -0.299999 34.4
      vertex -4.3 -0.299999 0
    endloop
  endfacet
  facet normal -0.997859 -0.065402 0
    outer loop
      vertex -4.3 -0.299999 34.4
      vertex -4.26578 -0.822104 0
      vertex -4.26578 -0.822104 34.4
    endloop
  endfacet
  facet normal -0.555569 0.831471 0
    outer loop
      vertex -2.3 3.1641 0
      vertex -2.73505 2.87341 34.4
      vertex -2.3 3.1641 34.4
    endloop
  endfacet
  facet normal -0.555569 0.831471 0
    outer loop
      vertex -2.73505 2.87341 34.4
      vertex -2.3 3.1641 0
      vertex -2.73505 2.87341 0
    endloop
  endfacet
  facet normal -0.65934 0.751845 0
    outer loop
      vertex -2.73505 2.87341 0
      vertex -3.12843 2.52843 34.4
      vertex -2.73505 2.87341 34.4
    endloop
  endfacet
  facet normal -0.65934 0.751845 0
    outer loop
      vertex -3.12843 2.52843 34.4
      vertex -2.73505 2.87341 0
      vertex -3.12843 2.52843 0
    endloop
  endfacet
  facet normal -0.321435 0.946932 0
    outer loop
      vertex -1.33528 3.5637 0
      vertex -1.83073 3.39552 34.4
      vertex -1.33528 3.5637 34.4
    endloop
  endfacet
  facet normal -0.321435 0.946932 0
    outer loop
      vertex -1.83073 3.39552 34.4
      vertex -1.33528 3.5637 0
      vertex -1.83073 3.39552 0
    endloop
  endfacet
  facet normal 0.997859 -0.065402 0
    outer loop
      vertex 3.66578 -0.822104 34.4
      vertex 3.7 -0.299999 0
      vertex 3.7 -0.299999 34.4
    endloop
  endfacet
  facet normal 0.997859 -0.065402 0
    outer loop
      vertex 3.7 -0.299999 0
      vertex 3.66578 -0.822104 34.4
      vertex 3.66578 -0.822104 0
    endloop
  endfacet
  facet normal 0.751845 -0.65934 0
    outer loop
      vertex 2.52843 -3.12843 34.4
      vertex 2.87341 -2.73505 0
      vertex 2.87341 -2.73505 34.4
    endloop
  endfacet
  facet normal 0.751845 -0.65934 0
    outer loop
      vertex 2.87341 -2.73505 0
      vertex 2.52843 -3.12843 34.4
      vertex 2.52843 -3.12843 0
    endloop
  endfacet
  facet normal -0.555569 -0.831471 0
    outer loop
      vertex -2.73505 -3.47341 0
      vertex -2.3 -3.7641 34.4
      vertex -2.73505 -3.47341 34.4
    endloop
  endfacet
  facet normal -0.555569 -0.831471 -0
    outer loop
      vertex -2.3 -3.7641 34.4
      vertex -2.73505 -3.47341 0
      vertex -2.3 -3.7641 0
    endloop
  endfacet
  facet normal -0.831471 -0.555569 0
    outer loop
      vertex -3.47341 -2.73505 0
      vertex -3.7641 -2.3 34.4
      vertex -3.7641 -2.3 0
    endloop
  endfacet
  facet normal -0.831471 -0.555569 0
    outer loop
      vertex -3.7641 -2.3 34.4
      vertex -3.47341 -2.73505 0
      vertex -3.47341 -2.73505 34.4
    endloop
  endfacet
  facet normal -0.751845 -0.65934 0
    outer loop
      vertex -3.12843 -3.12843 0
      vertex -3.47341 -2.73505 34.4
      vertex -3.47341 -2.73505 0
    endloop
  endfacet
  facet normal -0.751845 -0.65934 0
    outer loop
      vertex -3.47341 -2.73505 34.4
      vertex -3.12843 -3.12843 0
      vertex -3.12843 -3.12843 34.4
    endloop
  endfacet
  facet normal 0.896871 -0.442291 0
    outer loop
      vertex 3.1641 -2.3 34.4
      vertex 3.39552 -1.83073 0
      vertex 3.39552 -1.83073 34.4
    endloop
  endfacet
  facet normal 0.896871 -0.442291 0
    outer loop
      vertex 3.39552 -1.83073 0
      vertex 3.1641 -2.3 34.4
      vertex 3.1641 -2.3 0
    endloop
  endfacet
  facet normal -0.195096 -0.980784 0
    outer loop
      vertex -1.33528 -4.1637 0
      vertex -0.822104 -4.26578 34.4
      vertex -1.33528 -4.1637 34.4
    endloop
  endfacet
  facet normal -0.195096 -0.980784 -0
    outer loop
      vertex -0.822104 -4.26578 34.4
      vertex -1.33528 -4.1637 0
      vertex -0.822104 -4.26578 0
    endloop
  endfacet
  facet normal -0.65934 -0.751845 0
    outer loop
      vertex -3.12843 -3.12843 0
      vertex -2.73505 -3.47341 34.4
      vertex -3.12843 -3.12843 34.4
    endloop
  endfacet
  facet normal -0.65934 -0.751845 -0
    outer loop
      vertex -2.73505 -3.47341 34.4
      vertex -3.12843 -3.12843 0
      vertex -2.73505 -3.47341 0
    endloop
  endfacet
  facet normal -0.946932 -0.321435 0
    outer loop
      vertex -3.99552 -1.83073 0
      vertex -4.1637 -1.33528 34.4
      vertex -4.1637 -1.33528 0
    endloop
  endfacet
  facet normal -0.946932 -0.321435 0
    outer loop
      vertex -4.1637 -1.33528 34.4
      vertex -3.99552 -1.83073 0
      vertex -3.99552 -1.83073 34.4
    endloop
  endfacet
  facet normal -0.980784 -0.195096 0
    outer loop
      vertex -4.1637 -1.33528 0
      vertex -4.26578 -0.822104 34.4
      vertex -4.26578 -0.822104 0
    endloop
  endfacet
  facet normal -0.980784 -0.195096 0
    outer loop
      vertex -4.26578 -0.822104 34.4
      vertex -4.1637 -1.33528 0
      vertex -4.1637 -1.33528 34.4
    endloop
  endfacet
  facet normal -0.896871 -0.442291 0
    outer loop
      vertex -3.7641 -2.3 0
      vertex -3.99552 -1.83073 34.4
      vertex -3.99552 -1.83073 0
    endloop
  endfacet
  facet normal -0.896871 -0.442291 0
    outer loop
      vertex -3.99552 -1.83073 34.4
      vertex -3.7641 -2.3 0
      vertex -3.7641 -2.3 34.4
    endloop
  endfacet
  facet normal 0.321432 -0.946933 0
    outer loop
      vertex 0.735275 -4.1637 0
      vertex 1.23073 -3.99552 34.4
      vertex 0.735275 -4.1637 34.4
    endloop
  endfacet
  facet normal 0.321432 -0.946933 0
    outer loop
      vertex 1.23073 -3.99552 34.4
      vertex 0.735275 -4.1637 0
      vertex 1.23073 -3.99552 0
    endloop
  endfacet
  facet normal 0.65934 -0.751845 0
    outer loop
      vertex 2.13505 -3.47341 0
      vertex 2.52843 -3.12843 34.4
      vertex 2.13505 -3.47341 34.4
    endloop
  endfacet
  facet normal 0.65934 -0.751845 0
    outer loop
      vertex 2.52843 -3.12843 34.4
      vertex 2.13505 -3.47341 0
      vertex 2.52843 -3.12843 0
    endloop
  endfacet
  facet normal 0.555569 -0.831471 0
    outer loop
      vertex 1.7 -3.7641 0
      vertex 2.13505 -3.47341 34.4
      vertex 1.7 -3.7641 34.4
    endloop
  endfacet
  facet normal 0.555569 -0.831471 0
    outer loop
      vertex 2.13505 -3.47341 34.4
      vertex 1.7 -3.7641 0
      vertex 2.13505 -3.47341 0
    endloop
  endfacet
  facet normal 0.946932 -0.321435 0
    outer loop
      vertex 3.39552 -1.83073 34.4
      vertex 3.5637 -1.33528 0
      vertex 3.5637 -1.33528 34.4
    endloop
  endfacet
  facet normal 0.946932 -0.321435 0
    outer loop
      vertex 3.5637 -1.33528 0
      vertex 3.39552 -1.83073 34.4
      vertex 3.39552 -1.83073 0
    endloop
  endfacet
  facet normal -0.065402 -0.997859 0
    outer loop
      vertex -0.822104 -4.26578 0
      vertex -0.299999 -4.3 34.4
      vertex -0.822104 -4.26578 34.4
    endloop
  endfacet
  facet normal -0.065402 -0.997859 -0
    outer loop
      vertex -0.299999 -4.3 34.4
      vertex -0.822104 -4.26578 0
      vertex -0.299999 -4.3 0
    endloop
  endfacet
  facet normal -0.321435 -0.946932 0
    outer loop
      vertex -1.83073 -3.99552 0
      vertex -1.33528 -4.1637 34.4
      vertex -1.83073 -3.99552 34.4
    endloop
  endfacet
  facet normal -0.321435 -0.946932 -0
    outer loop
      vertex -1.33528 -4.1637 34.4
      vertex -1.83073 -3.99552 0
      vertex -1.33528 -4.1637 0
    endloop
  endfacet
  facet normal -0.442291 -0.896871 0
    outer loop
      vertex -2.3 -3.7641 0
      vertex -1.83073 -3.99552 34.4
      vertex -2.3 -3.7641 34.4
    endloop
  endfacet
  facet normal -0.442291 -0.896871 -0
    outer loop
      vertex -1.83073 -3.99552 34.4
      vertex -2.3 -3.7641 0
      vertex -1.83073 -3.99552 0
    endloop
  endfacet
  facet normal 0.997859 0.0654027 0
    outer loop
      vertex 3.7 33 34.4
      vertex 3.66578 33.5221 0
      vertex 3.66578 33.5221 34.4
    endloop
  endfacet
  facet normal 0.997859 0.0654027 0
    outer loop
      vertex 3.66578 33.5221 0
      vertex 3.7 33 34.4
      vertex 3.7 33 0
    endloop
  endfacet
  facet normal -0.065364 0.997861 0
    outer loop
      vertex -0.299999 37 0
      vertex -0.822104 36.9658 34.4
      vertex -0.299999 37 34.4
    endloop
  endfacet
  facet normal -0.065364 0.997861 0
    outer loop
      vertex -0.822104 36.9658 34.4
      vertex -0.299999 37 0
      vertex -0.822104 36.9658 0
    endloop
  endfacet
  facet normal 0.659362 0.751826 -0
    outer loop
      vertex 2.52843 35.8284 0
      vertex 2.13505 36.1734 34.4
      vertex 2.52843 35.8284 34.4
    endloop
  endfacet
  facet normal 0.659362 0.751826 0
    outer loop
      vertex 2.13505 36.1734 34.4
      vertex 2.52843 35.8284 0
      vertex 2.13505 36.1734 0
    endloop
  endfacet
  facet normal -0.751861 0.659321 0
    outer loop
      vertex -3.47341 35.435 0
      vertex -3.12843 35.8284 34.4
      vertex -3.12843 35.8284 0
    endloop
  endfacet
  facet normal -0.751861 0.659321 0
    outer loop
      vertex -3.12843 35.8284 34.4
      vertex -3.47341 35.435 0
      vertex -3.47341 35.435 34.4
    endloop
  endfacet
  facet normal -0.44226 0.896887 0
    outer loop
      vertex -1.83073 36.6955 0
      vertex -2.3 36.4641 34.4
      vertex -1.83073 36.6955 34.4
    endloop
  endfacet
  facet normal -0.44226 0.896887 0
    outer loop
      vertex -2.3 36.4641 34.4
      vertex -1.83073 36.6955 0
      vertex -2.3 36.4641 0
    endloop
  endfacet
  facet normal -0.946922 -0.321464 0
    outer loop
      vertex -3.99552 31.4693 0
      vertex -4.1637 31.9647 34.4
      vertex -4.1637 31.9647 0
    endloop
  endfacet
  facet normal -0.946922 -0.321464 0
    outer loop
      vertex -4.1637 31.9647 34.4
      vertex -3.99552 31.4693 0
      vertex -3.99552 31.4693 34.4
    endloop
  endfacet
  facet normal 0.896883 0.442268 0
    outer loop
      vertex 3.39552 34.5307 34.4
      vertex 3.1641 35 0
      vertex 3.1641 35 34.4
    endloop
  endfacet
  facet normal 0.896883 0.442268 0
    outer loop
      vertex 3.1641 35 0
      vertex 3.39552 34.5307 34.4
      vertex 3.39552 34.5307 0
    endloop
  endfacet
  facet normal 0.980786 0.195087 0
    outer loop
      vertex 3.66578 33.5221 34.4
      vertex 3.5637 34.0353 0
      vertex 3.5637 34.0353 34.4
    endloop
  endfacet
  facet normal 0.980786 0.195087 0
    outer loop
      vertex 3.5637 34.0353 0
      vertex 3.66578 33.5221 34.4
      vertex 3.66578 33.5221 0
    endloop
  endfacet
  facet normal 0.321466 0.946921 -0
    outer loop
      vertex 1.23073 36.6955 0
      vertex 0.735275 36.8637 34.4
      vertex 1.23073 36.6955 34.4
    endloop
  endfacet
  facet normal 0.321466 0.946921 0
    outer loop
      vertex 0.735275 36.8637 34.4
      vertex 1.23073 36.6955 0
      vertex 0.735275 36.8637 0
    endloop
  endfacet
  facet normal 0.44226 0.896887 -0
    outer loop
      vertex 1.7 36.4641 0
      vertex 1.23073 36.6955 34.4
      vertex 1.7 36.4641 34.4
    endloop
  endfacet
  facet normal 0.44226 0.896887 0
    outer loop
      vertex 1.23073 36.6955 34.4
      vertex 1.7 36.4641 0
      vertex 1.23073 36.6955 0
    endloop
  endfacet
  facet normal -0.896883 0.442268 0
    outer loop
      vertex -3.99552 34.5307 0
      vertex -3.7641 35 34.4
      vertex -3.7641 35 0
    endloop
  endfacet
  facet normal -0.896883 0.442268 0
    outer loop
      vertex -3.7641 35 34.4
      vertex -3.99552 34.5307 0
      vertex -3.99552 34.5307 34.4
    endloop
  endfacet
  facet normal -0.831441 0.555613 0
    outer loop
      vertex -3.7641 35 0
      vertex -3.47341 35.435 34.4
      vertex -3.47341 35.435 0
    endloop
  endfacet
  facet normal -0.831441 0.555613 0
    outer loop
      vertex -3.47341 35.435 34.4
      vertex -3.7641 35 0
      vertex -3.7641 35 34.4
    endloop
  endfacet
  facet normal -0.555582 0.831462 0
    outer loop
      vertex -2.3 36.4641 0
      vertex -2.73505 36.1734 34.4
      vertex -2.3 36.4641 34.4
    endloop
  endfacet
  facet normal -0.555582 0.831462 0
    outer loop
      vertex -2.73505 36.1734 34.4
      vertex -2.3 36.4641 0
      vertex -2.73505 36.1734 0
    endloop
  endfacet
  facet normal -0.321469 0.94692 0
    outer loop
      vertex -1.33528 36.8637 0
      vertex -1.83073 36.6955 34.4
      vertex -1.33528 36.8637 34.4
    endloop
  endfacet
  facet normal -0.321469 0.94692 0
    outer loop
      vertex -1.83073 36.6955 34.4
      vertex -1.33528 36.8637 0
      vertex -1.83073 36.6955 0
    endloop
  endfacet
  facet normal 0.751861 -0.659321 0
    outer loop
      vertex 2.52843 30.1716 34.4
      vertex 2.87341 30.565 1.6
      vertex 2.87341 30.565 34.4
    endloop
  endfacet
  facet normal 0.751861 -0.659321 0
    outer loop
      vertex 2.87341 30.565 1.6
      vertex 2.52843 30.1716 34.4
      vertex 2.52843 30.1716 1.6
    endloop
  endfacet
  facet normal 0.55541 -0.831576 0
    outer loop
      vertex 2 29.7364 1.6
      vertex 2.13505 29.8266 34.4
      vertex 2 29.7364 34.4
    endloop
  endfacet
  facet normal 0.55541 -0.831576 0
    outer loop
      vertex 2.13505 29.8266 34.4
      vertex 2 29.7364 1.6
      vertex 2.13505 29.8266 1.6
    endloop
  endfacet
  facet normal 0.831368 -0.555723 0
    outer loop
      vertex 2.87341 30.565 34.4
      vertex 2.96365 30.7 1.6
      vertex 2.96365 30.7 34.4
    endloop
  endfacet
  facet normal 0.831368 -0.555723 0
    outer loop
      vertex 2.96365 30.7 1.6
      vertex 2.87341 30.565 34.4
      vertex 2.87341 30.565 1.6
    endloop
  endfacet
  facet normal -0.321469 -0.94692 0
    outer loop
      vertex -1.83073 29.3045 0
      vertex -1.33528 29.1363 34.4
      vertex -1.83073 29.3045 34.4
    endloop
  endfacet
  facet normal -0.321469 -0.94692 -0
    outer loop
      vertex -1.33528 29.1363 34.4
      vertex -1.83073 29.3045 0
      vertex -1.33528 29.1363 0
    endloop
  endfacet
  facet normal -0.195133 -0.980777 0
    outer loop
      vertex -1.33528 29.1363 0
      vertex -0.822104 29.0342 34.4
      vertex -1.33528 29.1363 34.4
    endloop
  endfacet
  facet normal -0.195133 -0.980777 -0
    outer loop
      vertex -0.822104 29.0342 34.4
      vertex -1.33528 29.1363 0
      vertex -0.822104 29.0342 0
    endloop
  endfacet
  facet normal -0.831441 -0.555613 0
    outer loop
      vertex -3.47341 30.565 0
      vertex -3.7641 31 34.4
      vertex -3.7641 31 0
    endloop
  endfacet
  facet normal -0.831441 -0.555613 0
    outer loop
      vertex -3.7641 31 34.4
      vertex -3.47341 30.565 0
      vertex -3.47341 30.565 34.4
    endloop
  endfacet
  facet normal -0.751861 -0.659321 0
    outer loop
      vertex -3.12843 30.1716 0
      vertex -3.47341 30.565 34.4
      vertex -3.47341 30.565 0
    endloop
  endfacet
  facet normal -0.751861 -0.659321 0
    outer loop
      vertex -3.47341 30.565 34.4
      vertex -3.12843 30.1716 0
      vertex -3.12843 30.1716 34.4
    endloop
  endfacet
  facet normal -0.980786 -0.195087 0
    outer loop
      vertex -4.1637 31.9647 0
      vertex -4.26578 32.4779 34.4
      vertex -4.26578 32.4779 0
    endloop
  endfacet
  facet normal -0.980786 -0.195087 0
    outer loop
      vertex -4.26578 32.4779 34.4
      vertex -4.1637 31.9647 0
      vertex -4.1637 31.9647 34.4
    endloop
  endfacet
  facet normal 0.946922 0.321464 0
    outer loop
      vertex 3.5637 34.0353 34.4
      vertex 3.39552 34.5307 0
      vertex 3.39552 34.5307 34.4
    endloop
  endfacet
  facet normal 0.946922 0.321464 0
    outer loop
      vertex 3.39552 34.5307 0
      vertex 3.5637 34.0353 34.4
      vertex 3.5637 34.0353 0
    endloop
  endfacet
  facet normal 0.751861 0.659321 0
    outer loop
      vertex 2.87341 35.435 34.4
      vertex 2.52843 35.8284 0
      vertex 2.52843 35.8284 34.4
    endloop
  endfacet
  facet normal 0.751861 0.659321 0
    outer loop
      vertex 2.52843 35.8284 0
      vertex 2.87341 35.435 34.4
      vertex 2.87341 35.435 0
    endloop
  endfacet
  facet normal 0.831441 0.555613 0
    outer loop
      vertex 3.1641 35 34.4
      vertex 2.87341 35.435 0
      vertex 2.87341 35.435 34.4
    endloop
  endfacet
  facet normal 0.831441 0.555613 0
    outer loop
      vertex 2.87341 35.435 0
      vertex 3.1641 35 34.4
      vertex 3.1641 35 0
    endloop
  endfacet
  facet normal 0.0653642 0.997861 -0
    outer loop
      vertex 0.222104 36.9658 0
      vertex -0.299999 37 34.4
      vertex 0.222104 36.9658 34.4
    endloop
  endfacet
  facet normal 0.0653642 0.997861 0
    outer loop
      vertex -0.299999 37 34.4
      vertex 0.222104 36.9658 0
      vertex -0.299999 37 0
    endloop
  endfacet
  facet normal 0.555582 0.831462 -0
    outer loop
      vertex 2.13505 36.1734 0
      vertex 1.7 36.4641 34.4
      vertex 2.13505 36.1734 34.4
    endloop
  endfacet
  facet normal 0.555582 0.831462 0
    outer loop
      vertex 1.7 36.4641 34.4
      vertex 2.13505 36.1734 0
      vertex 1.7 36.4641 0
    endloop
  endfacet
  facet normal -0.946922 0.321464 0
    outer loop
      vertex -4.1637 34.0353 0
      vertex -3.99552 34.5307 34.4
      vertex -3.99552 34.5307 0
    endloop
  endfacet
  facet normal -0.946922 0.321464 0
    outer loop
      vertex -3.99552 34.5307 34.4
      vertex -4.1637 34.0353 0
      vertex -4.1637 34.0353 34.4
    endloop
  endfacet
  facet normal -0.997859 0.0654027 0
    outer loop
      vertex -4.3 33 0
      vertex -4.26578 33.5221 34.4
      vertex -4.26578 33.5221 0
    endloop
  endfacet
  facet normal -0.997859 0.0654027 0
    outer loop
      vertex -4.26578 33.5221 34.4
      vertex -4.3 33 0
      vertex -4.3 33 34.4
    endloop
  endfacet
  facet normal -0.997859 -0.0654027 0
    outer loop
      vertex -4.26578 32.4779 0
      vertex -4.3 33 34.4
      vertex -4.3 33 0
    endloop
  endfacet
  facet normal -0.997859 -0.0654027 0
    outer loop
      vertex -4.3 33 34.4
      vertex -4.26578 32.4779 0
      vertex -4.26578 32.4779 34.4
    endloop
  endfacet
  facet normal -0.195133 0.980777 0
    outer loop
      vertex -0.822104 36.9658 0
      vertex -1.33528 36.8637 34.4
      vertex -0.822104 36.9658 34.4
    endloop
  endfacet
  facet normal -0.195133 0.980777 0
    outer loop
      vertex -1.33528 36.8637 34.4
      vertex -0.822104 36.9658 0
      vertex -1.33528 36.8637 0
    endloop
  endfacet
  facet normal 0.99786 -0.0653931 0
    outer loop
      vertex 3.68034 32.7 34.4
      vertex 3.7 33 0
      vertex 3.7 33 34.4
    endloop
  endfacet
  facet normal 0.99786 -0.0653931 0
    outer loop
      vertex 3.7 33 0
      vertex 3.68034 32.7 34.4
      vertex 3.68034 32.7 0
    endloop
  endfacet
  facet normal 0.659362 -0.751826 0
    outer loop
      vertex 2.13505 29.8266 1.6
      vertex 2.52843 30.1716 34.4
      vertex 2.13505 29.8266 34.4
    endloop
  endfacet
  facet normal 0.659362 -0.751826 0
    outer loop
      vertex 2.52843 30.1716 34.4
      vertex 2.13505 29.8266 1.6
      vertex 2.52843 30.1716 1.6
    endloop
  endfacet
  facet normal -0.555582 -0.831462 0
    outer loop
      vertex -2.73505 29.8266 0
      vertex -2.3 29.5359 34.4
      vertex -2.73505 29.8266 34.4
    endloop
  endfacet
  facet normal -0.555582 -0.831462 -0
    outer loop
      vertex -2.3 29.5359 34.4
      vertex -2.73505 29.8266 0
      vertex -2.3 29.5359 0
    endloop
  endfacet
  facet normal -0.44226 -0.896887 0
    outer loop
      vertex -2.3 29.5359 0
      vertex -1.83073 29.3045 34.4
      vertex -2.3 29.5359 34.4
    endloop
  endfacet
  facet normal -0.44226 -0.896887 -0
    outer loop
      vertex -1.83073 29.3045 34.4
      vertex -2.3 29.5359 0
      vertex -1.83073 29.3045 0
    endloop
  endfacet
  facet normal -0.065364 -0.997861 0
    outer loop
      vertex -0.822104 29.0342 0
      vertex -0.299999 29 34.4
      vertex -0.822104 29.0342 34.4
    endloop
  endfacet
  facet normal -0.065364 -0.997861 -0
    outer loop
      vertex -0.299999 29 34.4
      vertex -0.822104 29.0342 0
      vertex -0.299999 29 0
    endloop
  endfacet
  facet normal -0.659362 -0.751826 0
    outer loop
      vertex -3.12843 30.1716 0
      vertex -2.73505 29.8266 34.4
      vertex -3.12843 30.1716 34.4
    endloop
  endfacet
  facet normal -0.659362 -0.751826 -0
    outer loop
      vertex -2.73505 29.8266 34.4
      vertex -3.12843 30.1716 0
      vertex -2.73505 29.8266 0
    endloop
  endfacet
  facet normal 0.195134 0.980777 -0
    outer loop
      vertex 0.735275 36.8637 0
      vertex 0.222104 36.9658 34.4
      vertex 0.735275 36.8637 34.4
    endloop
  endfacet
  facet normal 0.195134 0.980777 0
    outer loop
      vertex 0.222104 36.9658 34.4
      vertex 0.735275 36.8637 0
      vertex 0.222104 36.9658 0
    endloop
  endfacet
  facet normal -0.980786 0.195087 0
    outer loop
      vertex -4.26578 33.5221 0
      vertex -4.1637 34.0353 34.4
      vertex -4.1637 34.0353 0
    endloop
  endfacet
  facet normal -0.980786 0.195087 0
    outer loop
      vertex -4.1637 34.0353 34.4
      vertex -4.26578 33.5221 0
      vertex -4.26578 33.5221 34.4
    endloop
  endfacet
  facet normal -0.659362 0.751826 0
    outer loop
      vertex -2.73505 36.1734 0
      vertex -3.12843 35.8284 34.4
      vertex -2.73505 36.1734 34.4
    endloop
  endfacet
  facet normal -0.659362 0.751826 0
    outer loop
      vertex -3.12843 35.8284 34.4
      vertex -2.73505 36.1734 0
      vertex -3.12843 35.8284 0
    endloop
  endfacet
  facet normal 0.0655258 -0.997851 0
    outer loop
      vertex -0.299999 29 0
      vertex 0 29.0197 34.4
      vertex -0.299999 29 34.4
    endloop
  endfacet
  facet normal 0.0655258 -0.997851 0
    outer loop
      vertex 0 29.0197 34.4
      vertex -0.299999 29 0
      vertex 0 29.0197 0
    endloop
  endfacet
  facet normal -0.896883 -0.442268 0
    outer loop
      vertex -3.7641 31 0
      vertex -3.99552 31.4693 34.4
      vertex -3.99552 31.4693 0
    endloop
  endfacet
  facet normal -0.896883 -0.442268 0
    outer loop
      vertex -3.99552 31.4693 34.4
      vertex -3.7641 31 0
      vertex -3.7641 31 34.4
    endloop
  endfacet
  facet normal 0.896887 0.44226 0
    outer loop
      vertex 90.6955 1.23073 34.4
      vertex 90.4641 1.7 0
      vertex 90.4641 1.7 34.4
    endloop
  endfacet
  facet normal 0.896887 0.44226 0
    outer loop
      vertex 90.4641 1.7 0
      vertex 90.6955 1.23073 34.4
      vertex 90.6955 1.23073 0
    endloop
  endfacet
  facet normal 0.831462 0.555582 0
    outer loop
      vertex 90.4641 1.7 34.4
      vertex 90.1734 2.13505 0
      vertex 90.1734 2.13505 34.4
    endloop
  endfacet
  facet normal 0.831462 0.555582 0
    outer loop
      vertex 90.1734 2.13505 0
      vertex 90.4641 1.7 34.4
      vertex 90.4641 1.7 0
    endloop
  endfacet
  facet normal 0.321464 0.946922 -0
    outer loop
      vertex 88.5307 3.39552 0
      vertex 88.0353 3.5637 34.4
      vertex 88.5307 3.39552 34.4
    endloop
  endfacet
  facet normal 0.321464 0.946922 0
    outer loop
      vertex 88.0353 3.5637 34.4
      vertex 88.5307 3.39552 0
      vertex 88.0353 3.5637 0
    endloop
  endfacet
  facet normal 0.980777 -0.195133 0
    outer loop
      vertex 90.8637 -1.33528 34.4
      vertex 90.9658 -0.822104 0
      vertex 90.9658 -0.822104 34.4
    endloop
  endfacet
  facet normal 0.980777 -0.195133 0
    outer loop
      vertex 90.9658 -0.822104 0
      vertex 90.8637 -1.33528 34.4
      vertex 90.8637 -1.33528 0
    endloop
  endfacet
  facet normal -0.0653931 0.99786 0
    outer loop
      vertex 87 3.7 0
      vertex 86.7 3.68034 34.4
      vertex 87 3.7 34.4
    endloop
  endfacet
  facet normal -0.0653931 0.99786 0
    outer loop
      vertex 86.7 3.68034 34.4
      vertex 87 3.7 0
      vertex 86.7 3.68034 0
    endloop
  endfacet
  facet normal 0.555613 0.831441 -0
    outer loop
      vertex 89.435 2.87341 0
      vertex 89 3.1641 34.4
      vertex 89.435 2.87341 34.4
    endloop
  endfacet
  facet normal 0.555613 0.831441 0
    outer loop
      vertex 89 3.1641 34.4
      vertex 89.435 2.87341 0
      vertex 89 3.1641 0
    endloop
  endfacet
  facet normal -0.997851 0.0655258 0
    outer loop
      vertex 83 -0.299999 0
      vertex 83.0197 0 34.4
      vertex 83.0197 0 0
    endloop
  endfacet
  facet normal -0.997851 0.0655258 0
    outer loop
      vertex 83.0197 0 34.4
      vertex 83 -0.299999 0
      vertex 83 -0.299999 34.4
    endloop
  endfacet
  facet normal -0.831576 0.55541 0
    outer loop
      vertex 83.7364 2 1.6
      vertex 83.8266 2.13505 34.4
      vertex 83.8266 2.13505 1.6
    endloop
  endfacet
  facet normal -0.831576 0.55541 0
    outer loop
      vertex 83.8266 2.13505 34.4
      vertex 83.7364 2 1.6
      vertex 83.7364 2 34.4
    endloop
  endfacet
  facet normal -0.555723 0.831368 0
    outer loop
      vertex 84.7 2.96365 1.6
      vertex 84.565 2.87341 34.4
      vertex 84.7 2.96365 34.4
    endloop
  endfacet
  facet normal -0.555723 0.831368 0
    outer loop
      vertex 84.565 2.87341 34.4
      vertex 84.7 2.96365 1.6
      vertex 84.565 2.87341 1.6
    endloop
  endfacet
  facet normal 0.997861 -0.065364 0
    outer loop
      vertex 90.9658 -0.822104 34.4
      vertex 91 -0.299999 0
      vertex 91 -0.299999 34.4
    endloop
  endfacet
  facet normal 0.997861 -0.065364 0
    outer loop
      vertex 91 -0.299999 0
      vertex 90.9658 -0.822104 34.4
      vertex 90.9658 -0.822104 0
    endloop
  endfacet
  facet normal 0.94692 -0.321469 0
    outer loop
      vertex 90.6955 -1.83073 34.4
      vertex 90.8637 -1.33528 0
      vertex 90.8637 -1.33528 34.4
    endloop
  endfacet
  facet normal 0.94692 -0.321469 0
    outer loop
      vertex 90.8637 -1.33528 0
      vertex 90.6955 -1.83073 34.4
      vertex 90.6955 -1.83073 0
    endloop
  endfacet
  facet normal -0.555613 -0.831441 0
    outer loop
      vertex 84.565 -3.47341 0
      vertex 85 -3.7641 34.4
      vertex 84.565 -3.47341 34.4
    endloop
  endfacet
  facet normal -0.555613 -0.831441 -0
    outer loop
      vertex 85 -3.7641 34.4
      vertex 84.565 -3.47341 0
      vertex 85 -3.7641 0
    endloop
  endfacet
  facet normal -0.831462 -0.555582 0
    outer loop
      vertex 83.8266 -2.73505 0
      vertex 83.5359 -2.3 34.4
      vertex 83.5359 -2.3 0
    endloop
  endfacet
  facet normal -0.831462 -0.555582 0
    outer loop
      vertex 83.5359 -2.3 34.4
      vertex 83.8266 -2.73505 0
      vertex 83.8266 -2.73505 34.4
    endloop
  endfacet
  facet normal 0.555613 -0.831441 0
    outer loop
      vertex 89 -3.7641 0
      vertex 89.435 -3.47341 34.4
      vertex 89 -3.7641 34.4
    endloop
  endfacet
  facet normal 0.555613 -0.831441 0
    outer loop
      vertex 89.435 -3.47341 34.4
      vertex 89 -3.7641 0
      vertex 89.435 -3.47341 0
    endloop
  endfacet
  facet normal 0.980777 0.195134 0
    outer loop
      vertex 90.9658 0.222104 34.4
      vertex 90.8637 0.735275 0
      vertex 90.8637 0.735275 34.4
    endloop
  endfacet
  facet normal 0.980777 0.195134 0
    outer loop
      vertex 90.8637 0.735275 0
      vertex 90.9658 0.222104 34.4
      vertex 90.9658 0.222104 0
    endloop
  endfacet
  facet normal 0.946921 0.321466 0
    outer loop
      vertex 90.8637 0.735275 34.4
      vertex 90.6955 1.23073 0
      vertex 90.6955 1.23073 34.4
    endloop
  endfacet
  facet normal 0.946921 0.321466 0
    outer loop
      vertex 90.6955 1.23073 0
      vertex 90.8637 0.735275 34.4
      vertex 90.8637 0.735275 0
    endloop
  endfacet
  facet normal 0.659321 0.751861 -0
    outer loop
      vertex 89.8284 2.52843 0
      vertex 89.435 2.87341 34.4
      vertex 89.8284 2.52843 34.4
    endloop
  endfacet
  facet normal 0.659321 0.751861 0
    outer loop
      vertex 89.435 2.87341 34.4
      vertex 89.8284 2.52843 0
      vertex 89.435 2.87341 0
    endloop
  endfacet
  facet normal 0.751826 0.659362 0
    outer loop
      vertex 90.1734 2.13505 34.4
      vertex 89.8284 2.52843 0
      vertex 89.8284 2.52843 34.4
    endloop
  endfacet
  facet normal 0.751826 0.659362 0
    outer loop
      vertex 89.8284 2.52843 0
      vertex 90.1734 2.13505 34.4
      vertex 90.1734 2.13505 0
    endloop
  endfacet
  facet normal 0.195087 0.980786 -0
    outer loop
      vertex 88.0353 3.5637 0
      vertex 87.5221 3.66578 34.4
      vertex 88.0353 3.5637 34.4
    endloop
  endfacet
  facet normal 0.195087 0.980786 0
    outer loop
      vertex 87.5221 3.66578 34.4
      vertex 88.0353 3.5637 0
      vertex 87.5221 3.66578 0
    endloop
  endfacet
  facet normal 0.0654027 0.997859 -0
    outer loop
      vertex 87.5221 3.66578 0
      vertex 87 3.7 34.4
      vertex 87.5221 3.66578 34.4
    endloop
  endfacet
  facet normal 0.0654027 0.997859 0
    outer loop
      vertex 87 3.7 34.4
      vertex 87.5221 3.66578 0
      vertex 87 3.7 0
    endloop
  endfacet
  facet normal 0.442268 0.896883 -0
    outer loop
      vertex 89 3.1641 0
      vertex 88.5307 3.39552 34.4
      vertex 89 3.1641 34.4
    endloop
  endfacet
  facet normal 0.442268 0.896883 0
    outer loop
      vertex 88.5307 3.39552 34.4
      vertex 89 3.1641 0
      vertex 88.5307 3.39552 0
    endloop
  endfacet
  facet normal -0.659321 0.751861 0
    outer loop
      vertex 84.565 2.87341 1.6
      vertex 84.1716 2.52843 34.4
      vertex 84.565 2.87341 34.4
    endloop
  endfacet
  facet normal -0.659321 0.751861 0
    outer loop
      vertex 84.1716 2.52843 34.4
      vertex 84.565 2.87341 1.6
      vertex 84.1716 2.52843 1.6
    endloop
  endfacet
  facet normal -0.751826 0.659362 0
    outer loop
      vertex 83.8266 2.13505 1.6
      vertex 84.1716 2.52843 34.4
      vertex 84.1716 2.52843 1.6
    endloop
  endfacet
  facet normal -0.751826 0.659362 0
    outer loop
      vertex 84.1716 2.52843 34.4
      vertex 83.8266 2.13505 1.6
      vertex 83.8266 2.13505 34.4
    endloop
  endfacet
  facet normal 0.997861 0.0653642 0
    outer loop
      vertex 91 -0.299999 34.4
      vertex 90.9658 0.222104 0
      vertex 90.9658 0.222104 34.4
    endloop
  endfacet
  facet normal 0.997861 0.0653642 0
    outer loop
      vertex 90.9658 0.222104 0
      vertex 91 -0.299999 34.4
      vertex 91 -0.299999 0
    endloop
  endfacet
  facet normal 0.0654027 -0.997859 0
    outer loop
      vertex 87 -4.3 0
      vertex 87.5221 -4.26578 34.4
      vertex 87 -4.3 34.4
    endloop
  endfacet
  facet normal 0.0654027 -0.997859 0
    outer loop
      vertex 87.5221 -4.26578 34.4
      vertex 87 -4.3 0
      vertex 87.5221 -4.26578 0
    endloop
  endfacet
  facet normal -0.896887 -0.44226 0
    outer loop
      vertex 83.5359 -2.3 0
      vertex 83.3045 -1.83073 34.4
      vertex 83.3045 -1.83073 0
    endloop
  endfacet
  facet normal -0.896887 -0.44226 0
    outer loop
      vertex 83.3045 -1.83073 34.4
      vertex 83.5359 -2.3 0
      vertex 83.5359 -2.3 34.4
    endloop
  endfacet
  facet normal -0.751826 -0.659362 0
    outer loop
      vertex 84.1716 -3.12843 0
      vertex 83.8266 -2.73505 34.4
      vertex 83.8266 -2.73505 0
    endloop
  endfacet
  facet normal -0.751826 -0.659362 0
    outer loop
      vertex 83.8266 -2.73505 34.4
      vertex 84.1716 -3.12843 0
      vertex 84.1716 -3.12843 34.4
    endloop
  endfacet
  facet normal 0.195087 -0.980786 0
    outer loop
      vertex 87.5221 -4.26578 0
      vertex 88.0353 -4.1637 34.4
      vertex 87.5221 -4.26578 34.4
    endloop
  endfacet
  facet normal 0.195087 -0.980786 0
    outer loop
      vertex 88.0353 -4.1637 34.4
      vertex 87.5221 -4.26578 0
      vertex 88.0353 -4.1637 0
    endloop
  endfacet
  facet normal 0.751826 -0.659362 0
    outer loop
      vertex 89.8284 -3.12843 34.4
      vertex 90.1734 -2.73505 0
      vertex 90.1734 -2.73505 34.4
    endloop
  endfacet
  facet normal 0.751826 -0.659362 0
    outer loop
      vertex 90.1734 -2.73505 0
      vertex 89.8284 -3.12843 34.4
      vertex 89.8284 -3.12843 0
    endloop
  endfacet
  facet normal -0.997861 -0.065364 0
    outer loop
      vertex 83.0342 -0.822104 0
      vertex 83 -0.299999 34.4
      vertex 83 -0.299999 0
    endloop
  endfacet
  facet normal -0.997861 -0.065364 0
    outer loop
      vertex 83 -0.299999 34.4
      vertex 83.0342 -0.822104 0
      vertex 83.0342 -0.822104 34.4
    endloop
  endfacet
  facet normal -0.195087 -0.980786 0
    outer loop
      vertex 85.9647 -4.1637 0
      vertex 86.4779 -4.26578 34.4
      vertex 85.9647 -4.1637 34.4
    endloop
  endfacet
  facet normal -0.195087 -0.980786 -0
    outer loop
      vertex 86.4779 -4.26578 34.4
      vertex 85.9647 -4.1637 0
      vertex 86.4779 -4.26578 0
    endloop
  endfacet
  facet normal -0.980777 -0.195133 0
    outer loop
      vertex 83.1363 -1.33528 0
      vertex 83.0342 -0.822104 34.4
      vertex 83.0342 -0.822104 0
    endloop
  endfacet
  facet normal -0.980777 -0.195133 0
    outer loop
      vertex 83.0342 -0.822104 34.4
      vertex 83.1363 -1.33528 0
      vertex 83.1363 -1.33528 34.4
    endloop
  endfacet
  facet normal -0.659321 -0.751861 0
    outer loop
      vertex 84.1716 -3.12843 0
      vertex 84.565 -3.47341 34.4
      vertex 84.1716 -3.12843 34.4
    endloop
  endfacet
  facet normal -0.659321 -0.751861 -0
    outer loop
      vertex 84.565 -3.47341 34.4
      vertex 84.1716 -3.12843 0
      vertex 84.565 -3.47341 0
    endloop
  endfacet
  facet normal 0.442268 -0.896883 0
    outer loop
      vertex 88.5307 -3.99552 0
      vertex 89 -3.7641 34.4
      vertex 88.5307 -3.99552 34.4
    endloop
  endfacet
  facet normal 0.442268 -0.896883 0
    outer loop
      vertex 89 -3.7641 34.4
      vertex 88.5307 -3.99552 0
      vertex 89 -3.7641 0
    endloop
  endfacet
  facet normal 0.321464 -0.946922 0
    outer loop
      vertex 88.0353 -4.1637 0
      vertex 88.5307 -3.99552 34.4
      vertex 88.0353 -4.1637 34.4
    endloop
  endfacet
  facet normal 0.321464 -0.946922 0
    outer loop
      vertex 88.5307 -3.99552 34.4
      vertex 88.0353 -4.1637 0
      vertex 88.5307 -3.99552 0
    endloop
  endfacet
  facet normal 0.659321 -0.751861 0
    outer loop
      vertex 89.435 -3.47341 0
      vertex 89.8284 -3.12843 34.4
      vertex 89.435 -3.47341 34.4
    endloop
  endfacet
  facet normal 0.659321 -0.751861 0
    outer loop
      vertex 89.8284 -3.12843 34.4
      vertex 89.435 -3.47341 0
      vertex 89.8284 -3.12843 0
    endloop
  endfacet
  facet normal 0.896887 -0.44226 0
    outer loop
      vertex 90.4641 -2.3 34.4
      vertex 90.6955 -1.83073 0
      vertex 90.6955 -1.83073 34.4
    endloop
  endfacet
  facet normal 0.896887 -0.44226 0
    outer loop
      vertex 90.6955 -1.83073 0
      vertex 90.4641 -2.3 34.4
      vertex 90.4641 -2.3 0
    endloop
  endfacet
  facet normal 0.831462 -0.555582 0
    outer loop
      vertex 90.1734 -2.73505 34.4
      vertex 90.4641 -2.3 0
      vertex 90.4641 -2.3 34.4
    endloop
  endfacet
  facet normal 0.831462 -0.555582 0
    outer loop
      vertex 90.4641 -2.3 0
      vertex 90.1734 -2.73505 34.4
      vertex 90.1734 -2.73505 0
    endloop
  endfacet
  facet normal -0.0654027 -0.997859 0
    outer loop
      vertex 86.4779 -4.26578 0
      vertex 87 -4.3 34.4
      vertex 86.4779 -4.26578 34.4
    endloop
  endfacet
  facet normal -0.0654027 -0.997859 -0
    outer loop
      vertex 87 -4.3 34.4
      vertex 86.4779 -4.26578 0
      vertex 87 -4.3 0
    endloop
  endfacet
  facet normal -0.321464 -0.946922 0
    outer loop
      vertex 85.4693 -3.99552 0
      vertex 85.9647 -4.1637 34.4
      vertex 85.4693 -3.99552 34.4
    endloop
  endfacet
  facet normal -0.321464 -0.946922 -0
    outer loop
      vertex 85.9647 -4.1637 34.4
      vertex 85.4693 -3.99552 0
      vertex 85.9647 -4.1637 0
    endloop
  endfacet
  facet normal -0.94692 -0.321469 0
    outer loop
      vertex 83.3045 -1.83073 0
      vertex 83.1363 -1.33528 34.4
      vertex 83.1363 -1.33528 0
    endloop
  endfacet
  facet normal -0.94692 -0.321469 0
    outer loop
      vertex 83.1363 -1.33528 34.4
      vertex 83.3045 -1.83073 0
      vertex 83.3045 -1.83073 34.4
    endloop
  endfacet
  facet normal -0.442268 -0.896883 0
    outer loop
      vertex 85 -3.7641 0
      vertex 85.4693 -3.99552 34.4
      vertex 85 -3.7641 34.4
    endloop
  endfacet
  facet normal -0.442268 -0.896883 -0
    outer loop
      vertex 85.4693 -3.99552 34.4
      vertex 85 -3.7641 0
      vertex 85.4693 -3.99552 0
    endloop
  endfacet
  facet normal -0.980779 0.195124 0
    outer loop
      vertex 83.0342 33.5221 0
      vertex 83.1363 34.0353 34.4
      vertex 83.1363 34.0353 0
    endloop
  endfacet
  facet normal -0.980779 0.195124 0
    outer loop
      vertex 83.1363 34.0353 34.4
      vertex 83.0342 33.5221 0
      vertex 83.0342 33.5221 34.4
    endloop
  endfacet
  facet normal 0.980779 -0.195124 0
    outer loop
      vertex 90.8637 31.9647 34.4
      vertex 90.9658 32.4779 0
      vertex 90.9658 32.4779 34.4
    endloop
  endfacet
  facet normal 0.980779 -0.195124 0
    outer loop
      vertex 90.9658 32.4779 0
      vertex 90.8637 31.9647 34.4
      vertex 90.8637 31.9647 0
    endloop
  endfacet
  facet normal 0.442238 0.896898 -0
    outer loop
      vertex 89 36.4641 0
      vertex 88.5307 36.6955 34.4
      vertex 89 36.4641 34.4
    endloop
  endfacet
  facet normal 0.442238 0.896898 0
    outer loop
      vertex 88.5307 36.6955 34.4
      vertex 89 36.4641 0
      vertex 88.5307 36.6955 0
    endloop
  endfacet
  facet normal -0.442238 0.896898 0
    outer loop
      vertex 85.4693 36.6955 0
      vertex 85 36.4641 34.4
      vertex 85.4693 36.6955 34.4
    endloop
  endfacet
  facet normal -0.442238 0.896898 0
    outer loop
      vertex 85 36.4641 34.4
      vertex 85.4693 36.6955 0
      vertex 85 36.4641 0
    endloop
  endfacet
  facet normal -0.94691 0.321498 0
    outer loop
      vertex 83.1363 34.0353 0
      vertex 83.3045 34.5307 34.4
      vertex 83.3045 34.5307 0
    endloop
  endfacet
  facet normal -0.94691 0.321498 0
    outer loop
      vertex 83.3045 34.5307 34.4
      vertex 83.1363 34.0353 0
      vertex 83.1363 34.0353 34.4
    endloop
  endfacet
  facet normal -0.831481 -0.555553 0
    outer loop
      vertex 83.8266 30.565 1.6
      vertex 83.7364 30.7 34.4
      vertex 83.7364 30.7 1.6
    endloop
  endfacet
  facet normal -0.831481 -0.555553 0
    outer loop
      vertex 83.7364 30.7 34.4
      vertex 83.8266 30.565 1.6
      vertex 83.8266 30.565 34.4
    endloop
  endfacet
  facet normal 0.94691 0.321498 0
    outer loop
      vertex 90.8637 34.0353 34.4
      vertex 90.6955 34.5307 0
      vertex 90.6955 34.5307 34.4
    endloop
  endfacet
  facet normal 0.94691 0.321498 0
    outer loop
      vertex 90.6955 34.5307 0
      vertex 90.8637 34.0353 34.4
      vertex 90.8637 34.0353 0
    endloop
  endfacet
  facet normal 0.896898 0.442238 0
    outer loop
      vertex 90.6955 34.5307 34.4
      vertex 90.4641 35 0
      vertex 90.4641 35 34.4
    endloop
  endfacet
  facet normal 0.896898 0.442238 0
    outer loop
      vertex 90.4641 35 0
      vertex 90.6955 34.5307 34.4
      vertex 90.6955 34.5307 0
    endloop
  endfacet
  facet normal 0.831432 0.555626 0
    outer loop
      vertex 90.4641 35 34.4
      vertex 90.1734 35.435 0
      vertex 90.1734 35.435 34.4
    endloop
  endfacet
  facet normal 0.831432 0.555626 0
    outer loop
      vertex 90.1734 35.435 0
      vertex 90.4641 35 34.4
      vertex 90.4641 35 0
    endloop
  endfacet
  facet normal 0.751842 0.659343 0
    outer loop
      vertex 90.1734 35.435 34.4
      vertex 89.8284 35.8284 0
      vertex 89.8284 35.8284 34.4
    endloop
  endfacet
  facet normal 0.751842 0.659343 0
    outer loop
      vertex 89.8284 35.8284 0
      vertex 90.1734 35.435 34.4
      vertex 90.1734 35.435 0
    endloop
  endfacet
  facet normal 0.321498 0.94691 -0
    outer loop
      vertex 88.5307 36.6955 0
      vertex 88.0353 36.8637 34.4
      vertex 88.5307 36.6955 34.4
    endloop
  endfacet
  facet normal 0.321498 0.94691 0
    outer loop
      vertex 88.0353 36.8637 34.4
      vertex 88.5307 36.6955 0
      vertex 88.0353 36.8637 0
    endloop
  endfacet
  facet normal -0.0653646 0.997861 0
    outer loop
      vertex 87 37 0
      vertex 86.4779 36.9658 34.4
      vertex 87 37 34.4
    endloop
  endfacet
  facet normal -0.0653646 0.997861 0
    outer loop
      vertex 86.4779 36.9658 34.4
      vertex 87 37 0
      vertex 86.4779 36.9658 0
    endloop
  endfacet
  facet normal 0.0653646 0.997861 -0
    outer loop
      vertex 87.5221 36.9658 0
      vertex 87 37 34.4
      vertex 87.5221 36.9658 34.4
    endloop
  endfacet
  facet normal 0.0653646 0.997861 0
    outer loop
      vertex 87 37 34.4
      vertex 87.5221 36.9658 0
      vertex 87 37 0
    endloop
  endfacet
  facet normal -0.997851 -0.0655255 0
    outer loop
      vertex 83.0197 32.7 0
      vertex 83 33 34.4
      vertex 83 33 0
    endloop
  endfacet
  facet normal -0.997851 -0.0655255 0
    outer loop
      vertex 83 33 34.4
      vertex 83.0197 32.7 0
      vertex 83.0197 32.7 34.4
    endloop
  endfacet
  facet normal -0.831432 0.555626 0
    outer loop
      vertex 83.5359 35 0
      vertex 83.8266 35.435 34.4
      vertex 83.8266 35.435 0
    endloop
  endfacet
  facet normal -0.831432 0.555626 0
    outer loop
      vertex 83.8266 35.435 34.4
      vertex 83.5359 35 0
      vertex 83.5359 35 34.4
    endloop
  endfacet
  facet normal -0.555626 0.831432 0
    outer loop
      vertex 85 36.4641 0
      vertex 84.565 36.1734 34.4
      vertex 85 36.4641 34.4
    endloop
  endfacet
  facet normal -0.555626 0.831432 0
    outer loop
      vertex 84.565 36.1734 34.4
      vertex 85 36.4641 0
      vertex 84.565 36.1734 0
    endloop
  endfacet
  facet normal -0.659343 0.751842 0
    outer loop
      vertex 84.565 36.1734 0
      vertex 84.1716 35.8284 34.4
      vertex 84.565 36.1734 34.4
    endloop
  endfacet
  facet normal -0.659343 0.751842 0
    outer loop
      vertex 84.1716 35.8284 34.4
      vertex 84.565 36.1734 0
      vertex 84.1716 35.8284 0
    endloop
  endfacet
  facet normal 0.997861 -0.0653646 0
    outer loop
      vertex 90.9658 32.4779 34.4
      vertex 91 33 0
      vertex 91 33 34.4
    endloop
  endfacet
  facet normal 0.997861 -0.0653646 0
    outer loop
      vertex 91 33 0
      vertex 90.9658 32.4779 34.4
      vertex 90.9658 32.4779 0
    endloop
  endfacet
  facet normal 0.442238 -0.896898 0
    outer loop
      vertex 88.5307 29.3045 0
      vertex 89 29.5359 34.4
      vertex 88.5307 29.3045 34.4
    endloop
  endfacet
  facet normal 0.442238 -0.896898 0
    outer loop
      vertex 89 29.5359 34.4
      vertex 88.5307 29.3045 0
      vertex 89 29.5359 0
    endloop
  endfacet
  facet normal 0.831432 -0.555626 0
    outer loop
      vertex 90.1734 30.565 34.4
      vertex 90.4641 31 0
      vertex 90.4641 31 34.4
    endloop
  endfacet
  facet normal 0.831432 -0.555626 0
    outer loop
      vertex 90.4641 31 0
      vertex 90.1734 30.565 34.4
      vertex 90.1734 30.565 0
    endloop
  endfacet
  facet normal 0.751842 -0.659343 0
    outer loop
      vertex 89.8284 30.1716 34.4
      vertex 90.1734 30.565 0
      vertex 90.1734 30.565 34.4
    endloop
  endfacet
  facet normal 0.751842 -0.659343 0
    outer loop
      vertex 90.1734 30.565 0
      vertex 89.8284 30.1716 34.4
      vertex 89.8284 30.1716 0
    endloop
  endfacet
  facet normal 0.555626 -0.831432 0
    outer loop
      vertex 89 29.5359 0
      vertex 89.435 29.8266 34.4
      vertex 89 29.5359 34.4
    endloop
  endfacet
  facet normal 0.555626 -0.831432 0
    outer loop
      vertex 89.435 29.8266 34.4
      vertex 89 29.5359 0
      vertex 89.435 29.8266 0
    endloop
  endfacet
  facet normal 0.659343 0.751842 -0
    outer loop
      vertex 89.8284 35.8284 0
      vertex 89.435 36.1734 34.4
      vertex 89.8284 35.8284 34.4
    endloop
  endfacet
  facet normal 0.659343 0.751842 0
    outer loop
      vertex 89.435 36.1734 34.4
      vertex 89.8284 35.8284 0
      vertex 89.435 36.1734 0
    endloop
  endfacet
  facet normal -0.896898 0.442238 0
    outer loop
      vertex 83.3045 34.5307 0
      vertex 83.5359 35 34.4
      vertex 83.5359 35 0
    endloop
  endfacet
  facet normal -0.896898 0.442238 0
    outer loop
      vertex 83.5359 35 34.4
      vertex 83.3045 34.5307 0
      vertex 83.3045 34.5307 34.4
    endloop
  endfacet
  facet normal -0.195124 0.980779 0
    outer loop
      vertex 86.4779 36.9658 0
      vertex 85.9647 36.8637 34.4
      vertex 86.4779 36.9658 34.4
    endloop
  endfacet
  facet normal -0.195124 0.980779 0
    outer loop
      vertex 85.9647 36.8637 34.4
      vertex 86.4779 36.9658 0
      vertex 85.9647 36.8637 0
    endloop
  endfacet
  facet normal -0.321498 0.94691 0
    outer loop
      vertex 85.9647 36.8637 0
      vertex 85.4693 36.6955 34.4
      vertex 85.9647 36.8637 34.4
    endloop
  endfacet
  facet normal -0.321498 0.94691 0
    outer loop
      vertex 85.4693 36.6955 34.4
      vertex 85.9647 36.8637 0
      vertex 85.4693 36.6955 0
    endloop
  endfacet
  facet normal -0.751842 0.659343 0
    outer loop
      vertex 83.8266 35.435 0
      vertex 84.1716 35.8284 34.4
      vertex 84.1716 35.8284 0
    endloop
  endfacet
  facet normal -0.751842 0.659343 0
    outer loop
      vertex 84.1716 35.8284 34.4
      vertex 83.8266 35.435 0
      vertex 83.8266 35.435 34.4
    endloop
  endfacet
  facet normal 0.997861 0.0653646 0
    outer loop
      vertex 91 33 34.4
      vertex 90.9658 33.5221 0
      vertex 90.9658 33.5221 34.4
    endloop
  endfacet
  facet normal 0.997861 0.0653646 0
    outer loop
      vertex 90.9658 33.5221 0
      vertex 91 33 34.4
      vertex 91 33 0
    endloop
  endfacet
  facet normal 0.195124 -0.980779 0
    outer loop
      vertex 87.5221 29.0342 0
      vertex 88.0353 29.1363 34.4
      vertex 87.5221 29.0342 34.4
    endloop
  endfacet
  facet normal 0.195124 -0.980779 0
    outer loop
      vertex 88.0353 29.1363 34.4
      vertex 87.5221 29.0342 0
      vertex 88.0353 29.1363 0
    endloop
  endfacet
  facet normal 0.321498 -0.94691 0
    outer loop
      vertex 88.0353 29.1363 0
      vertex 88.5307 29.3045 34.4
      vertex 88.0353 29.1363 34.4
    endloop
  endfacet
  facet normal 0.321498 -0.94691 0
    outer loop
      vertex 88.5307 29.3045 34.4
      vertex 88.0353 29.1363 0
      vertex 88.5307 29.3045 0
    endloop
  endfacet
  facet normal 0.659343 -0.751842 0
    outer loop
      vertex 89.435 29.8266 0
      vertex 89.8284 30.1716 34.4
      vertex 89.435 29.8266 34.4
    endloop
  endfacet
  facet normal 0.659343 -0.751842 0
    outer loop
      vertex 89.8284 30.1716 34.4
      vertex 89.435 29.8266 0
      vertex 89.8284 30.1716 0
    endloop
  endfacet
  facet normal 0.94691 -0.321498 0
    outer loop
      vertex 90.6955 31.4693 34.4
      vertex 90.8637 31.9647 0
      vertex 90.8637 31.9647 34.4
    endloop
  endfacet
  facet normal 0.94691 -0.321498 0
    outer loop
      vertex 90.8637 31.9647 0
      vertex 90.6955 31.4693 34.4
      vertex 90.6955 31.4693 0
    endloop
  endfacet
  facet normal -0.0655255 -0.997851 0
    outer loop
      vertex 86.7 29.0197 0
      vertex 87 29 34.4
      vertex 86.7 29.0197 34.4
    endloop
  endfacet
  facet normal -0.0655255 -0.997851 -0
    outer loop
      vertex 87 29 34.4
      vertex 86.7 29.0197 0
      vertex 87 29 0
    endloop
  endfacet
  facet normal 0.0653646 -0.997861 0
    outer loop
      vertex 87 29 0
      vertex 87.5221 29.0342 34.4
      vertex 87 29 34.4
    endloop
  endfacet
  facet normal 0.0653646 -0.997861 0
    outer loop
      vertex 87.5221 29.0342 34.4
      vertex 87 29 0
      vertex 87.5221 29.0342 0
    endloop
  endfacet
  facet normal -0.555553 -0.831481 0
    outer loop
      vertex 84.565 29.8266 1.6
      vertex 84.7 29.7364 34.4
      vertex 84.565 29.8266 34.4
    endloop
  endfacet
  facet normal -0.555553 -0.831481 -0
    outer loop
      vertex 84.7 29.7364 34.4
      vertex 84.565 29.8266 1.6
      vertex 84.7 29.7364 1.6
    endloop
  endfacet
  facet normal -0.751842 -0.659343 0
    outer loop
      vertex 84.1716 30.1716 1.6
      vertex 83.8266 30.565 34.4
      vertex 83.8266 30.565 1.6
    endloop
  endfacet
  facet normal -0.751842 -0.659343 0
    outer loop
      vertex 83.8266 30.565 34.4
      vertex 84.1716 30.1716 1.6
      vertex 84.1716 30.1716 34.4
    endloop
  endfacet
  facet normal -0.659343 -0.751842 0
    outer loop
      vertex 84.1716 30.1716 1.6
      vertex 84.565 29.8266 34.4
      vertex 84.1716 30.1716 34.4
    endloop
  endfacet
  facet normal -0.659343 -0.751842 -0
    outer loop
      vertex 84.565 29.8266 34.4
      vertex 84.1716 30.1716 1.6
      vertex 84.565 29.8266 1.6
    endloop
  endfacet
  facet normal 0.980779 0.195124 0
    outer loop
      vertex 90.9658 33.5221 34.4
      vertex 90.8637 34.0353 0
      vertex 90.8637 34.0353 34.4
    endloop
  endfacet
  facet normal 0.980779 0.195124 0
    outer loop
      vertex 90.8637 34.0353 0
      vertex 90.9658 33.5221 34.4
      vertex 90.9658 33.5221 0
    endloop
  endfacet
  facet normal 0.555626 0.831432 -0
    outer loop
      vertex 89.435 36.1734 0
      vertex 89 36.4641 34.4
      vertex 89.435 36.1734 34.4
    endloop
  endfacet
  facet normal 0.555626 0.831432 0
    outer loop
      vertex 89 36.4641 34.4
      vertex 89.435 36.1734 0
      vertex 89 36.4641 0
    endloop
  endfacet
  facet normal 0.195124 0.980779 -0
    outer loop
      vertex 88.0353 36.8637 0
      vertex 87.5221 36.9658 34.4
      vertex 88.0353 36.8637 34.4
    endloop
  endfacet
  facet normal 0.195124 0.980779 0
    outer loop
      vertex 87.5221 36.9658 34.4
      vertex 88.0353 36.8637 0
      vertex 87.5221 36.9658 0
    endloop
  endfacet
  facet normal -0.997861 0.0653646 0
    outer loop
      vertex 83 33 0
      vertex 83.0342 33.5221 34.4
      vertex 83.0342 33.5221 0
    endloop
  endfacet
  facet normal -0.997861 0.0653646 0
    outer loop
      vertex 83.0342 33.5221 34.4
      vertex 83 33 0
      vertex 83 33 34.4
    endloop
  endfacet
  facet normal 0.896898 -0.442238 0
    outer loop
      vertex 90.4641 31 34.4
      vertex 90.6955 31.4693 0
      vertex 90.6955 31.4693 34.4
    endloop
  endfacet
  facet normal 0.896898 -0.442238 0
    outer loop
      vertex 90.6955 31.4693 0
      vertex 90.4641 31 34.4
      vertex 90.4641 31 0
    endloop
  endfacet
  facet normal -1 0 0
    outer loop
      vertex 70.87 27.2 25.01
      vertex 70.87 30.7 31.58
      vertex 70.87 30.7 21.51
    endloop
  endfacet
  facet normal -1 -0 0
    outer loop
      vertex 70.87 30.7 31.58
      vertex 70.87 27.2 25.01
      vertex 70.87 27.2 31.58
    endloop
  endfacet
  facet normal -0 0 1
    outer loop
      vertex 70.87 30.7 31.58
      vertex 72.07 30.69 31.58
      vertex 72.07 30.7 31.58
    endloop
  endfacet
  facet normal 0 0 1
    outer loop
      vertex 72.07 30.69 31.58
      vertex 70.87 30.7 31.58
      vertex 72.07 27.2 31.58
    endloop
  endfacet
  facet normal 0 0 1
    outer loop
      vertex 72.07 27.2 31.58
      vertex 70.87 30.7 31.58
      vertex 70.87 27.2 31.58
    endloop
  endfacet
  facet normal 1 -0 0
    outer loop
      vertex 72.07 27.2 31.58
      vertex 72.07 30.69 26.21
      vertex 72.07 30.69 31.58
    endloop
  endfacet
  facet normal 1 0 0
    outer loop
      vertex 72.07 30.69 26.21
      vertex 72.07 27.2 31.58
      vertex 72.07 27.2 26.21
    endloop
  endfacet
  facet normal 1 0 0
    outer loop
      vertex 72.07 30.7 31.58
      vertex 72.07 31.7 31.59
      vertex 72.07 30.7 31.59
    endloop
  endfacet
  facet normal 1 0 0
    outer loop
      vertex 72.07 31.7 31.59
      vertex 72.07 30.7 31.58
      vertex 72.07 31.7 26.21
    endloop
  endfacet
  facet normal 1 0 0
    outer loop
      vertex 72.07 30.69 26.21
      vertex 72.07 30.7 31.58
      vertex 72.07 30.69 31.58
    endloop
  endfacet
  facet normal 1 0 0
    outer loop
      vertex 72.07 30.7 31.58
      vertex 72.07 30.69 26.21
      vertex 72.07 31.7 26.21
    endloop
  endfacet
  facet normal 0 -1 0
    outer loop
      vertex 70.87 27.2 31.58
      vertex 72.07 27.2 26.21
      vertex 72.07 27.2 31.58
    endloop
  endfacet
  facet normal 0 -1 -0
    outer loop
      vertex 72.07 27.2 26.21
      vertex 70.87 27.2 25.01
      vertex 82.53 27.2 26.21
    endloop
  endfacet
  facet normal 0 -1 0
    outer loop
      vertex 70.87 27.2 25.01
      vertex 72.07 27.2 26.21
      vertex 70.87 27.2 31.58
    endloop
  endfacet
  facet normal 0 -1 0
    outer loop
      vertex 82.53 27.2 26.21
      vertex 83.73 27.2 31.58
      vertex 82.53 27.2 31.58
    endloop
  endfacet
  facet normal 0 -1 0
    outer loop
      vertex 82.53 27.2 26.21
      vertex 83.73 27.2 25.01
      vertex 83.73 27.2 31.58
    endloop
  endfacet
  facet normal 0 -1 0
    outer loop
      vertex 83.73 27.2 25.01
      vertex 82.53 27.2 26.21
      vertex 70.87 27.2 25.01
    endloop
  endfacet
  facet normal -1 0 0
    outer loop
      vertex 82.53 27.2 26.21
      vertex 82.53 30.69 31.58
      vertex 82.53 30.69 26.21
    endloop
  endfacet
  facet normal -1 -0 0
    outer loop
      vertex 82.53 30.69 31.58
      vertex 82.53 27.2 26.21
      vertex 82.53 27.2 31.58
    endloop
  endfacet
  facet normal -1 0 0
    outer loop
      vertex 82.53 31.7 26.21
      vertex 82.53 30.7 31.58
      vertex 82.53 31.7 31.59
    endloop
  endfacet
  facet normal -1 0 0
    outer loop
      vertex 82.53 30.69 26.21
      vertex 82.53 30.7 31.58
      vertex 82.53 31.7 26.21
    endloop
  endfacet
  facet normal -1 -0 0
    outer loop
      vertex 82.53 30.7 31.58
      vertex 82.53 30.69 26.21
      vertex 82.53 30.69 31.58
    endloop
  endfacet
  facet normal -1 -0 0
    outer loop
      vertex 82.53 31.7 31.59
      vertex 82.53 30.7 31.58
      vertex 82.53 30.7 31.59
    endloop
  endfacet
  facet normal 0 0 1
    outer loop
      vertex 82.53 30.69 31.58
      vertex 83.73 30.7 31.58
      vertex 82.53 30.7 31.58
    endloop
  endfacet
  facet normal 0 0 1
    outer loop
      vertex 83.73 30.7 31.58
      vertex 82.53 30.69 31.58
      vertex 83.73 27.2 31.58
    endloop
  endfacet
  facet normal 0 0 1
    outer loop
      vertex 83.73 27.2 31.58
      vertex 82.53 30.69 31.58
      vertex 82.53 27.2 31.58
    endloop
  endfacet
  facet normal 1 0 0
    outer loop
      vertex 83.73 27.2 25.01
      vertex 83.73 30.7 31.58
      vertex 83.73 27.2 31.58
    endloop
  endfacet
  facet normal 1 0 0
    outer loop
      vertex 83.73 30.7 31.58
      vertex 83.73 27.2 25.01
      vertex 83.73 30.7 21.51
    endloop
  endfacet
  facet normal 0 -0.707107 -0.707107
    outer loop
      vertex 70.87 27.2 25.01
      vertex 83.73 30.7 21.51
      vertex 83.73 27.2 25.01
    endloop
  endfacet
  facet normal -0 -0.707107 -0.707107
    outer loop
      vertex 83.73 30.7 21.51
      vertex 70.87 27.2 25.01
      vertex 70.87 30.7 21.51
    endloop
  endfacet
  facet normal -0 0 1
    outer loop
      vertex 72.07 30.69 26.21
      vertex 82.53 27.2 26.21
      vertex 82.53 30.69 26.21
    endloop
  endfacet
  facet normal 0 0 1
    outer loop
      vertex 82.53 27.2 26.21
      vertex 72.07 30.69 26.21
      vertex 72.07 27.2 26.21
    endloop
  endfacet
  facet normal -0 0 1
    outer loop
      vertex 72.07 31.7 26.21
      vertex 82.53 30.69 26.21
      vertex 82.53 31.7 26.21
    endloop
  endfacet
  facet normal 0 0 1
    outer loop
      vertex 82.53 30.69 26.21
      vertex 72.07 31.7 26.21
      vertex 72.07 30.69 26.21
    endloop
  endfacet
  facet normal -1 0 0
    outer loop
      vertex 40.35 40.7 17.9
      vertex 40.35 37.2 18.9
      vertex 40.35 40.7 25.9
    endloop
  endfacet
  facet normal -1 0 0
    outer loop
      vertex 40.35 32.7 14.4
      vertex 40.35 40.7 17.9
      vertex 40.35 32.7 9.89999
    endloop
  endfacet
  facet normal -1 -0 0
    outer loop
      vertex 40.35 40.7 17.9
      vertex 40.35 32.7 14.4
      vertex 40.35 37.2 18.9
    endloop
  endfacet
  facet normal -1 0 0
    outer loop
      vertex 40.35 37.2 24.9
      vertex 40.35 40.7 25.9
      vertex 40.35 37.2 18.9
    endloop
  endfacet
  facet normal -1 0 0
    outer loop
      vertex 40.35 32.7 29.4
      vertex 40.35 40.7 25.9
      vertex 40.35 37.2 24.9
    endloop
  endfacet
  facet normal -1 0 0
    outer loop
      vertex 40.35 40.7 25.9
      vertex 40.35 32.7 29.4
      vertex 40.35 32.7 33.9
    endloop
  endfacet
  facet normal 1 0 0
    outer loop
      vertex 46.35 40.7 25.9
      vertex 46.35 37.2 24.9
      vertex 46.35 40.7 17.9
    endloop
  endfacet
  facet normal 1 -0 0
    outer loop
      vertex 46.35 32.7 29.4
      vertex 46.35 40.7 25.9
      vertex 46.35 32.7 33.9
    endloop
  endfacet
  facet normal 1 0 0
    outer loop
      vertex 46.35 40.7 25.9
      vertex 46.35 32.7 29.4
      vertex 46.35 37.2 24.9
    endloop
  endfacet
  facet normal 1 -0 0
    outer loop
      vertex 46.35 37.2 18.9
      vertex 46.35 40.7 17.9
      vertex 46.35 37.2 24.9
    endloop
  endfacet
  facet normal 1 0 0
    outer loop
      vertex 46.35 32.7 14.4
      vertex 46.35 40.7 17.9
      vertex 46.35 37.2 18.9
    endloop
  endfacet
  facet normal 1 0 0
    outer loop
      vertex 46.35 40.7 17.9
      vertex 46.35 32.7 14.4
      vertex 46.35 32.7 9.89999
    endloop
  endfacet
  facet normal 0 0.707107 0.707107
    outer loop
      vertex 46.35 40.7 25.9
      vertex 40.35 32.7 33.9
      vertex 46.35 32.7 33.9
    endloop
  endfacet
  facet normal 0 0.707107 0.707107
    outer loop
      vertex 40.35 32.7 33.9
      vertex 46.35 40.7 25.9
      vertex 40.35 40.7 25.9
    endloop
  endfacet
  facet normal 0 1 -0
    outer loop
      vertex 46.35 40.7 17.9
      vertex 40.35 40.7 25.9
      vertex 46.35 40.7 25.9
    endloop
  endfacet
  facet normal 0 1 0
    outer loop
      vertex 40.35 40.7 25.9
      vertex 46.35 40.7 17.9
      vertex 40.35 40.7 17.9
    endloop
  endfacet
  facet normal 0 0.707107 -0.707106
    outer loop
      vertex 46.35 32.7 9.89999
      vertex 40.35 40.7 17.9
      vertex 46.35 40.7 17.9
    endloop
  endfacet
  facet normal 0 0.707107 -0.707106
    outer loop
      vertex 40.35 40.7 17.9
      vertex 46.35 32.7 9.89999
      vertex 40.35 32.7 9.89999
    endloop
  endfacet
  facet normal 0 -1 0
    outer loop
      vertex 40.35 37.2 18.9
      vertex 46.35 37.2 24.9
      vertex 40.35 37.2 24.9
    endloop
  endfacet
  facet normal 0 -1 -0
    outer loop
      vertex 46.35 37.2 24.9
      vertex 40.35 37.2 18.9
      vertex 46.35 37.2 18.9
    endloop
  endfacet
  facet normal 0 -0.707107 -0.707107
    outer loop
      vertex 40.35 37.2 24.9
      vertex 46.35 32.7 29.4
      vertex 40.35 32.7 29.4
    endloop
  endfacet
  facet normal 0 -0.707107 -0.707107
    outer loop
      vertex 46.35 32.7 29.4
      vertex 40.35 37.2 24.9
      vertex 46.35 37.2 24.9
    endloop
  endfacet
  facet normal 0 -0.707107 0.707107
    outer loop
      vertex 40.35 32.7 14.4
      vertex 46.35 37.2 18.9
      vertex 40.35 37.2 18.9
    endloop
  endfacet
  facet normal 0 -0.707107 0.707107
    outer loop
      vertex 46.35 37.2 18.9
      vertex 40.35 32.7 14.4
      vertex 46.35 32.7 14.4
    endloop
  endfacet
  facet normal 1 -0 0
    outer loop
      vertex 74.23 31.7 30.445
      vertex 74.23 32.7 27.355
      vertex 74.23 32.7 30.445
    endloop
  endfacet
  facet normal 1 0 0
    outer loop
      vertex 74.23 32.7 27.355
      vertex 74.23 31.7 30.445
      vertex 74.23 31.7 27.355
    endloop
  endfacet
  facet normal 0 0 -1
    outer loop
      vertex 74.23 31.7 30.445
      vertex 80.37 32.7 30.445
      vertex 80.37 31.7 30.445
    endloop
  endfacet
  facet normal -0 0 -1
    outer loop
      vertex 80.37 32.7 30.445
      vertex 74.23 31.7 30.445
      vertex 74.23 32.7 30.445
    endloop
  endfacet
  facet normal -1 0 0
    outer loop
      vertex 80.37 31.7 27.355
      vertex 80.37 32.7 30.445
      vertex 80.37 32.7 27.355
    endloop
  endfacet
  facet normal -1 -0 0
    outer loop
      vertex 80.37 32.7 30.445
      vertex 80.37 31.7 27.355
      vertex 80.37 31.7 30.445
    endloop
  endfacet
  facet normal -0 0 1
    outer loop
      vertex 74.23 32.7 27.355
      vertex 80.37 31.7 27.355
      vertex 80.37 32.7 27.355
    endloop
  endfacet
  facet normal 0 0 1
    outer loop
      vertex 80.37 31.7 27.355
      vertex 74.23 32.7 27.355
      vertex 74.23 31.7 27.355
    endloop
  endfacet
  facet normal 0 0 -1
    outer loop
      vertex 72.07 30.7 31.59
      vertex 82.53 31.7 31.59
      vertex 82.53 30.7 31.59
    endloop
  endfacet
  facet normal -0 0 -1
    outer loop
      vertex 82.53 31.7 31.59
      vertex 72.07 30.7 31.59
      vertex 72.07 31.7 31.59
    endloop
  endfacet
  facet normal 0 -1 0
    outer loop
      vertex 72.07 31.7 31.59
      vertex 74.23 31.7 30.445
      vertex 82.53 31.7 31.59
    endloop
  endfacet
  facet normal 0 -1 0
    outer loop
      vertex 72.07 31.7 31.59
      vertex 74.23 31.7 27.355
      vertex 74.23 31.7 30.445
    endloop
  endfacet
  facet normal 0 -1 -0
    outer loop
      vertex 74.23 31.7 27.355
      vertex 72.07 31.7 26.21
      vertex 80.37 31.7 27.355
    endloop
  endfacet
  facet normal 0 -1 0
    outer loop
      vertex 72.07 31.7 26.21
      vertex 74.23 31.7 27.355
      vertex 72.07 31.7 31.59
    endloop
  endfacet
  facet normal 0 -1 0
    outer loop
      vertex 80.37 31.7 30.445
      vertex 82.53 31.7 31.59
      vertex 74.23 31.7 30.445
    endloop
  endfacet
  facet normal 0 -1 0
    outer loop
      vertex 80.37 31.7 27.355
      vertex 82.53 31.7 31.59
      vertex 80.37 31.7 30.445
    endloop
  endfacet
  facet normal 0 -1 0
    outer loop
      vertex 80.37 31.7 27.355
      vertex 82.53 31.7 26.21
      vertex 82.53 31.7 31.59
    endloop
  endfacet
  facet normal 0 -1 0
    outer loop
      vertex 82.53 31.7 26.21
      vertex 80.37 31.7 27.355
      vertex 72.07 31.7 26.21
    endloop
  endfacet
  facet normal -0.555561 -0.831476 0
    outer loop
      vertex 0.7 1.43205 25.4
      vertex 0.917522 1.28671 34.4
      vertex 0.7 1.43205 34.4
    endloop
  endfacet
  facet normal -0.555561 -0.831476 -0
    outer loop
      vertex 0.917522 1.28671 34.4
      vertex 0.7 1.43205 25.4
      vertex 0.917522 1.28671 25.4
    endloop
  endfacet
  facet normal -0.980784 0.195098 0
    outer loop
      vertex 1.63185 -0.817637 25.4
      vertex 1.68289 -0.561052 34.4
      vertex 1.68289 -0.561052 25.4
    endloop
  endfacet
  facet normal -0.980784 0.195098 0
    outer loop
      vertex 1.68289 -0.561052 34.4
      vertex 1.63185 -0.817637 25.4
      vertex 1.63185 -0.817637 34.4
    endloop
  endfacet
  facet normal 0.195098 0.980784 -0
    outer loop
      vertex -0.561052 -2.28289 25.4
      vertex -0.817637 -2.23185 34.4
      vertex -0.561052 -2.28289 34.4
    endloop
  endfacet
  facet normal 0.195098 0.980784 0
    outer loop
      vertex -0.817637 -2.23185 34.4
      vertex -0.561052 -2.28289 25.4
      vertex -0.817637 -2.23185 25.4
    endloop
  endfacet
  facet normal 0.442299 -0.896868 0
    outer loop
      vertex -1.3 1.43205 25.4
      vertex -1.06537 1.54776 34.4
      vertex -1.3 1.43205 34.4
    endloop
  endfacet
  facet normal 0.442299 -0.896868 0
    outer loop
      vertex -1.06537 1.54776 34.4
      vertex -1.3 1.43205 25.4
      vertex -1.06537 1.54776 25.4
    endloop
  endfacet
  facet normal 0.946933 -0.321431 0
    outer loop
      vertex -2.23185 0.217638 34.4
      vertex -2.14776 0.465366 25.4
      vertex -2.14776 0.465366 34.4
    endloop
  endfacet
  facet normal 0.946933 -0.321431 0
    outer loop
      vertex -2.14776 0.465366 25.4
      vertex -2.23185 0.217638 34.4
      vertex -2.23185 0.217638 25.4
    endloop
  endfacet
  facet normal 0.896868 0.442299 0
    outer loop
      vertex -2.03205 -1.3 34.4
      vertex -2.14776 -1.06537 25.4
      vertex -2.14776 -1.06537 34.4
    endloop
  endfacet
  facet normal 0.896868 0.442299 0
    outer loop
      vertex -2.14776 -1.06537 25.4
      vertex -2.03205 -1.3 34.4
      vertex -2.03205 -1.3 25.4
    endloop
  endfacet
  facet normal -0.896871 -0.442293 0
    outer loop
      vertex 1.54776 0.465366 25.4
      vertex 1.43205 0.7 34.4
      vertex 1.43205 0.7 25.4
    endloop
  endfacet
  facet normal -0.896871 -0.442293 0
    outer loop
      vertex 1.43205 0.7 34.4
      vertex 1.54776 0.465366 25.4
      vertex 1.54776 0.465366 34.4
    endloop
  endfacet
  facet normal -0.831476 -0.555561 0
    outer loop
      vertex 1.43205 0.7 25.4
      vertex 1.28671 0.917522 34.4
      vertex 1.28671 0.917522 25.4
    endloop
  endfacet
  facet normal -0.831476 -0.555561 0
    outer loop
      vertex 1.28671 0.917522 34.4
      vertex 1.43205 0.7 25.4
      vertex 1.43205 0.7 34.4
    endloop
  endfacet
  facet normal -0.659366 -0.751822 0
    outer loop
      vertex 0.917522 1.28671 25.4
      vertex 1.11421 1.11421 34.4
      vertex 0.917522 1.28671 34.4
    endloop
  endfacet
  facet normal -0.659366 -0.751822 -0
    outer loop
      vertex 1.11421 1.11421 34.4
      vertex 0.917522 1.28671 25.4
      vertex 1.11421 1.11421 25.4
    endloop
  endfacet
  facet normal -0.321431 -0.946933 0
    outer loop
      vertex 0.217638 1.63185 25.4
      vertex 0.465366 1.54776 34.4
      vertex 0.217638 1.63185 34.4
    endloop
  endfacet
  facet normal -0.321431 -0.946933 -0
    outer loop
      vertex 0.465366 1.54776 34.4
      vertex 0.217638 1.63185 25.4
      vertex 0.465366 1.54776 25.4
    endloop
  endfacet
  facet normal 0.0654019 -0.997859 0
    outer loop
      vertex -0.561052 1.68289 25.4
      vertex -0.299999 1.7 34.4
      vertex -0.561052 1.68289 34.4
    endloop
  endfacet
  facet normal 0.0654019 -0.997859 0
    outer loop
      vertex -0.299999 1.7 34.4
      vertex -0.561052 1.68289 25.4
      vertex -0.299999 1.7 25.4
    endloop
  endfacet
  facet normal 0 0 1
    outer loop
      vertex 1.68289 -0.0389471 25.4
      vertex 1.68289 -0.561052 25.4
      vertex 1.7 -0.299999 25.4
    endloop
  endfacet
  facet normal 0 0 1
    outer loop
      vertex 1.63185 0.217638 25.4
      vertex 1.68289 -0.561052 25.4
      vertex 1.68289 -0.0389471 25.4
    endloop
  endfacet
  facet normal 0 0 1
    outer loop
      vertex 1.63185 0.217638 25.4
      vertex 1.63185 -0.817637 25.4
      vertex 1.68289 -0.561052 25.4
    endloop
  endfacet
  facet normal 0 0 1
    outer loop
      vertex 1.54776 0.465366 25.4
      vertex 1.63185 -0.817637 25.4
      vertex 1.63185 0.217638 25.4
    endloop
  endfacet
  facet normal 0 0 1
    outer loop
      vertex 1.54776 0.465366 25.4
      vertex 1.54776 -1.06537 25.4
      vertex 1.63185 -0.817637 25.4
    endloop
  endfacet
  facet normal 0 0 1
    outer loop
      vertex 1.43205 0.7 25.4
      vertex 1.54776 -1.06537 25.4
      vertex 1.54776 0.465366 25.4
    endloop
  endfacet
  facet normal 0 0 1
    outer loop
      vertex 1.43205 0.7 25.4
      vertex 1.43205 -1.3 25.4
      vertex 1.54776 -1.06537 25.4
    endloop
  endfacet
  facet normal 0 0 1
    outer loop
      vertex 1.28671 0.917522 25.4
      vertex 1.43205 -1.3 25.4
      vertex 1.43205 0.7 25.4
    endloop
  endfacet
  facet normal 0 0 1
    outer loop
      vertex 1.28671 0.917522 25.4
      vertex 1.28671 -1.51752 25.4
      vertex 1.43205 -1.3 25.4
    endloop
  endfacet
  facet normal 0 0 1
    outer loop
      vertex 1.11421 1.11421 25.4
      vertex 1.28671 -1.51752 25.4
      vertex 1.28671 0.917522 25.4
    endloop
  endfacet
  facet normal 0 0 1
    outer loop
      vertex 1.11421 1.11421 25.4
      vertex 1.11421 -1.71421 25.4
      vertex 1.28671 -1.51752 25.4
    endloop
  endfacet
  facet normal 0 0 1
    outer loop
      vertex 0.917522 1.28671 25.4
      vertex 1.11421 -1.71421 25.4
      vertex 1.11421 1.11421 25.4
    endloop
  endfacet
  facet normal 0 0 1
    outer loop
      vertex 0.917522 1.28671 25.4
      vertex 0.917522 -1.88671 25.4
      vertex 1.11421 -1.71421 25.4
    endloop
  endfacet
  facet normal 0 0 1
    outer loop
      vertex 0.7 1.43205 25.4
      vertex 0.917522 -1.88671 25.4
      vertex 0.917522 1.28671 25.4
    endloop
  endfacet
  facet normal 0 0 1
    outer loop
      vertex 0.7 1.43205 25.4
      vertex 0.7 -2.03205 25.4
      vertex 0.917522 -1.88671 25.4
    endloop
  endfacet
  facet normal 0 0 1
    outer loop
      vertex 0.465366 1.54776 25.4
      vertex 0.7 -2.03205 25.4
      vertex 0.7 1.43205 25.4
    endloop
  endfacet
  facet normal 0 0 1
    outer loop
      vertex 0.465366 1.54776 25.4
      vertex 0.465366 -2.14776 25.4
      vertex 0.7 -2.03205 25.4
    endloop
  endfacet
  facet normal 0 0 1
    outer loop
      vertex 0.217638 1.63185 25.4
      vertex 0.465366 -2.14776 25.4
      vertex 0.465366 1.54776 25.4
    endloop
  endfacet
  facet normal 0 0 1
    outer loop
      vertex 0.217638 1.63185 25.4
      vertex 0.217638 -2.23185 25.4
      vertex 0.465366 -2.14776 25.4
    endloop
  endfacet
  facet normal 0 0 1
    outer loop
      vertex -0.0389471 1.68289 25.4
      vertex 0.217638 -2.23185 25.4
      vertex 0.217638 1.63185 25.4
    endloop
  endfacet
  facet normal 0 0 1
    outer loop
      vertex -0.0389471 1.68289 25.4
      vertex -0.0389471 -2.28289 25.4
      vertex 0.217638 -2.23185 25.4
    endloop
  endfacet
  facet normal 0 0 1
    outer loop
      vertex -0.299999 1.7 25.4
      vertex -0.0389471 -2.28289 25.4
      vertex -0.0389471 1.68289 25.4
    endloop
  endfacet
  facet normal 0 0 1
    outer loop
      vertex -0.299999 1.7 25.4
      vertex -0.299999 -2.3 25.4
      vertex -0.0389471 -2.28289 25.4
    endloop
  endfacet
  facet normal -0 0 1
    outer loop
      vertex -0.561052 1.68289 25.4
      vertex -0.299999 -2.3 25.4
      vertex -0.299999 1.7 25.4
    endloop
  endfacet
  facet normal 0 0 1
    outer loop
      vertex -0.561052 1.68289 25.4
      vertex -0.561052 -2.28289 25.4
      vertex -0.299999 -2.3 25.4
    endloop
  endfacet
  facet normal -0 0 1
    outer loop
      vertex -0.817637 1.63185 25.4
      vertex -0.561052 -2.28289 25.4
      vertex -0.561052 1.68289 25.4
    endloop
  endfacet
  facet normal 0 0 1
    outer loop
      vertex -0.817637 1.63185 25.4
      vertex -0.817637 -2.23185 25.4
      vertex -0.561052 -2.28289 25.4
    endloop
  endfacet
  facet normal -0 0 1
    outer loop
      vertex -1.06537 1.54776 25.4
      vertex -0.817637 -2.23185 25.4
      vertex -0.817637 1.63185 25.4
    endloop
  endfacet
  facet normal 0 0 1
    outer loop
      vertex -1.06537 1.54776 25.4
      vertex -1.06537 -2.14776 25.4
      vertex -0.817637 -2.23185 25.4
    endloop
  endfacet
  facet normal -0 0 1
    outer loop
      vertex -1.3 1.43205 25.4
      vertex -1.06537 -2.14776 25.4
      vertex -1.06537 1.54776 25.4
    endloop
  endfacet
  facet normal 0 0 1
    outer loop
      vertex -1.3 1.43205 25.4
      vertex -1.3 -2.03205 25.4
      vertex -1.06537 -2.14776 25.4
    endloop
  endfacet
  facet normal -0 0 1
    outer loop
      vertex -1.51752 1.28671 25.4
      vertex -1.3 -2.03205 25.4
      vertex -1.3 1.43205 25.4
    endloop
  endfacet
  facet normal 0 0 1
    outer loop
      vertex -1.51752 1.28671 25.4
      vertex -1.51752 -1.88671 25.4
      vertex -1.3 -2.03205 25.4
    endloop
  endfacet
  facet normal -0 0 1
    outer loop
      vertex -1.71421 1.11421 25.4
      vertex -1.51752 -1.88671 25.4
      vertex -1.51752 1.28671 25.4
    endloop
  endfacet
  facet normal 0 0 1
    outer loop
      vertex -1.71421 1.11421 25.4
      vertex -1.71421 -1.71421 25.4
      vertex -1.51752 -1.88671 25.4
    endloop
  endfacet
  facet normal -0 0 1
    outer loop
      vertex -1.88671 0.917522 25.4
      vertex -1.71421 -1.71421 25.4
      vertex -1.71421 1.11421 25.4
    endloop
  endfacet
  facet normal 0 0 1
    outer loop
      vertex -1.88671 0.917522 25.4
      vertex -1.88671 -1.51752 25.4
      vertex -1.71421 -1.71421 25.4
    endloop
  endfacet
  facet normal -0 0 1
    outer loop
      vertex -2.03205 0.7 25.4
      vertex -1.88671 -1.51752 25.4
      vertex -1.88671 0.917522 25.4
    endloop
  endfacet
  facet normal 0 0 1
    outer loop
      vertex -2.03205 0.7 25.4
      vertex -2.03205 -1.3 25.4
      vertex -1.88671 -1.51752 25.4
    endloop
  endfacet
  facet normal -0 0 1
    outer loop
      vertex -2.14776 0.465366 25.4
      vertex -2.03205 -1.3 25.4
      vertex -2.03205 0.7 25.4
    endloop
  endfacet
  facet normal 0 0 1
    outer loop
      vertex -2.14776 0.465366 25.4
      vertex -2.14776 -1.06537 25.4
      vertex -2.03205 -1.3 25.4
    endloop
  endfacet
  facet normal -0 0 1
    outer loop
      vertex -2.23185 0.217638 25.4
      vertex -2.14776 -1.06537 25.4
      vertex -2.14776 0.465366 25.4
    endloop
  endfacet
  facet normal 0 0 1
    outer loop
      vertex -2.23185 0.217638 25.4
      vertex -2.23185 -0.817637 25.4
      vertex -2.14776 -1.06537 25.4
    endloop
  endfacet
  facet normal -0 0 1
    outer loop
      vertex -2.28289 -0.0389471 25.4
      vertex -2.23185 -0.817637 25.4
      vertex -2.23185 0.217638 25.4
    endloop
  endfacet
  facet normal 0 0 1
    outer loop
      vertex -2.28289 -0.0389471 25.4
      vertex -2.28289 -0.561052 25.4
      vertex -2.23185 -0.817637 25.4
    endloop
  endfacet
  facet normal 0 -0 1
    outer loop
      vertex -2.28289 -0.561052 25.4
      vertex -2.28289 -0.0389471 25.4
      vertex -2.3 -0.299999 25.4
    endloop
  endfacet
  facet normal 0.997859 -0.0654022 0
    outer loop
      vertex -2.3 -0.299999 34.4
      vertex -2.28289 -0.0389471 25.4
      vertex -2.28289 -0.0389471 34.4
    endloop
  endfacet
  facet normal 0.997859 -0.0654022 0
    outer loop
      vertex -2.28289 -0.0389471 25.4
      vertex -2.3 -0.299999 34.4
      vertex -2.3 -0.299999 25.4
    endloop
  endfacet
  facet normal 0.831476 -0.555561 0
    outer loop
      vertex -2.03205 0.7 34.4
      vertex -1.88671 0.917522 25.4
      vertex -1.88671 0.917522 34.4
    endloop
  endfacet
  facet normal 0.831476 -0.555561 0
    outer loop
      vertex -1.88671 0.917522 25.4
      vertex -2.03205 0.7 34.4
      vertex -2.03205 0.7 25.4
    endloop
  endfacet
  facet normal 0.555564 -0.831474 0
    outer loop
      vertex -1.51752 1.28671 25.4
      vertex -1.3 1.43205 34.4
      vertex -1.51752 1.28671 34.4
    endloop
  endfacet
  facet normal 0.555564 -0.831474 0
    outer loop
      vertex -1.3 1.43205 34.4
      vertex -1.51752 1.28671 25.4
      vertex -1.3 1.43205 25.4
    endloop
  endfacet
  facet normal 0.321426 -0.946935 0
    outer loop
      vertex -1.06537 1.54776 25.4
      vertex -0.817637 1.63185 34.4
      vertex -1.06537 1.54776 34.4
    endloop
  endfacet
  facet normal 0.321426 -0.946935 0
    outer loop
      vertex -0.817637 1.63185 34.4
      vertex -1.06537 1.54776 25.4
      vertex -0.817637 1.63185 25.4
    endloop
  endfacet
  facet normal -0.997859 -0.0654022 0
    outer loop
      vertex 1.7 -0.299999 25.4
      vertex 1.68289 -0.0389471 34.4
      vertex 1.68289 -0.0389471 25.4
    endloop
  endfacet
  facet normal -0.997859 -0.0654022 0
    outer loop
      vertex 1.68289 -0.0389471 34.4
      vertex 1.7 -0.299999 25.4
      vertex 1.7 -0.299999 34.4
    endloop
  endfacet
  facet normal -0.195098 0.980784 0
    outer loop
      vertex 0.217638 -2.23185 25.4
      vertex -0.0389471 -2.28289 34.4
      vertex 0.217638 -2.23185 34.4
    endloop
  endfacet
  facet normal -0.195098 0.980784 0
    outer loop
      vertex -0.0389471 -2.28289 34.4
      vertex 0.217638 -2.23185 25.4
      vertex -0.0389471 -2.28289 25.4
    endloop
  endfacet
  facet normal -0.946935 0.321426 0
    outer loop
      vertex 1.54776 -1.06537 25.4
      vertex 1.63185 -0.817637 34.4
      vertex 1.63185 -0.817637 25.4
    endloop
  endfacet
  facet normal -0.946935 0.321426 0
    outer loop
      vertex 1.63185 -0.817637 34.4
      vertex 1.54776 -1.06537 25.4
      vertex 1.54776 -1.06537 34.4
    endloop
  endfacet
  facet normal -0.442293 0.896871 0
    outer loop
      vertex 0.7 -2.03205 25.4
      vertex 0.465366 -2.14776 34.4
      vertex 0.7 -2.03205 34.4
    endloop
  endfacet
  facet normal -0.442293 0.896871 0
    outer loop
      vertex 0.465366 -2.14776 34.4
      vertex 0.7 -2.03205 25.4
      vertex 0.465366 -2.14776 25.4
    endloop
  endfacet
  facet normal -0.555561 0.831476 0
    outer loop
      vertex 0.917522 -1.88671 25.4
      vertex 0.7 -2.03205 34.4
      vertex 0.917522 -1.88671 34.4
    endloop
  endfacet
  facet normal -0.555561 0.831476 0
    outer loop
      vertex 0.7 -2.03205 34.4
      vertex 0.917522 -1.88671 25.4
      vertex 0.7 -2.03205 25.4
    endloop
  endfacet
  facet normal 0.0654019 0.997859 -0
    outer loop
      vertex -0.299999 -2.3 25.4
      vertex -0.561052 -2.28289 34.4
      vertex -0.299999 -2.3 34.4
    endloop
  endfacet
  facet normal 0.0654019 0.997859 0
    outer loop
      vertex -0.561052 -2.28289 34.4
      vertex -0.299999 -2.3 25.4
      vertex -0.561052 -2.28289 25.4
    endloop
  endfacet
  facet normal 0.555564 0.831474 -0
    outer loop
      vertex -1.3 -2.03205 25.4
      vertex -1.51752 -1.88671 34.4
      vertex -1.3 -2.03205 34.4
    endloop
  endfacet
  facet normal 0.555564 0.831474 0
    outer loop
      vertex -1.51752 -1.88671 34.4
      vertex -1.3 -2.03205 25.4
      vertex -1.51752 -1.88671 25.4
    endloop
  endfacet
  facet normal 0.831474 0.555564 0
    outer loop
      vertex -1.88671 -1.51752 34.4
      vertex -2.03205 -1.3 25.4
      vertex -2.03205 -1.3 34.4
    endloop
  endfacet
  facet normal 0.831474 0.555564 0
    outer loop
      vertex -2.03205 -1.3 25.4
      vertex -1.88671 -1.51752 34.4
      vertex -1.88671 -1.51752 25.4
    endloop
  endfacet
  facet normal 0.980784 0.195098 0
    outer loop
      vertex -2.23185 -0.817637 34.4
      vertex -2.28289 -0.561052 25.4
      vertex -2.28289 -0.561052 34.4
    endloop
  endfacet
  facet normal 0.980784 0.195098 0
    outer loop
      vertex -2.28289 -0.561052 25.4
      vertex -2.23185 -0.817637 34.4
      vertex -2.23185 -0.817637 25.4
    endloop
  endfacet
  facet normal -0.980784 -0.195098 0
    outer loop
      vertex 1.68289 -0.0389471 25.4
      vertex 1.63185 0.217638 34.4
      vertex 1.63185 0.217638 25.4
    endloop
  endfacet
  facet normal -0.980784 -0.195098 0
    outer loop
      vertex 1.63185 0.217638 34.4
      vertex 1.68289 -0.0389471 25.4
      vertex 1.68289 -0.0389471 34.4
    endloop
  endfacet
  facet normal -0.946933 -0.321431 0
    outer loop
      vertex 1.63185 0.217638 25.4
      vertex 1.54776 0.465366 34.4
      vertex 1.54776 0.465366 25.4
    endloop
  endfacet
  facet normal -0.946933 -0.321431 0
    outer loop
      vertex 1.54776 0.465366 34.4
      vertex 1.63185 0.217638 25.4
      vertex 1.63185 0.217638 34.4
    endloop
  endfacet
  facet normal -0.751822 -0.659366 0
    outer loop
      vertex 1.28671 0.917522 25.4
      vertex 1.11421 1.11421 34.4
      vertex 1.11421 1.11421 25.4
    endloop
  endfacet
  facet normal -0.751822 -0.659366 0
    outer loop
      vertex 1.11421 1.11421 34.4
      vertex 1.28671 0.917522 25.4
      vertex 1.28671 0.917522 34.4
    endloop
  endfacet
  facet normal -0.442293 -0.896871 0
    outer loop
      vertex 0.465366 1.54776 25.4
      vertex 0.7 1.43205 34.4
      vertex 0.465366 1.54776 34.4
    endloop
  endfacet
  facet normal -0.442293 -0.896871 -0
    outer loop
      vertex 0.7 1.43205 34.4
      vertex 0.465366 1.54776 25.4
      vertex 0.7 1.43205 25.4
    endloop
  endfacet
  facet normal -0.195098 -0.980784 0
    outer loop
      vertex -0.0389471 1.68289 25.4
      vertex 0.217638 1.63185 34.4
      vertex -0.0389471 1.68289 34.4
    endloop
  endfacet
  facet normal -0.195098 -0.980784 -0
    outer loop
      vertex 0.217638 1.63185 34.4
      vertex -0.0389471 1.68289 25.4
      vertex 0.217638 1.63185 25.4
    endloop
  endfacet
  facet normal -0.0654022 -0.997859 0
    outer loop
      vertex -0.299999 1.7 25.4
      vertex -0.0389471 1.68289 34.4
      vertex -0.299999 1.7 34.4
    endloop
  endfacet
  facet normal -0.0654022 -0.997859 -0
    outer loop
      vertex -0.0389471 1.68289 34.4
      vertex -0.299999 1.7 25.4
      vertex -0.0389471 1.68289 25.4
    endloop
  endfacet
  facet normal 0.997859 0.0654019 0
    outer loop
      vertex -2.28289 -0.561052 34.4
      vertex -2.3 -0.299999 25.4
      vertex -2.3 -0.299999 34.4
    endloop
  endfacet
  facet normal 0.997859 0.0654019 0
    outer loop
      vertex -2.3 -0.299999 25.4
      vertex -2.28289 -0.561052 34.4
      vertex -2.28289 -0.561052 25.4
    endloop
  endfacet
  facet normal 0.980784 -0.195098 0
    outer loop
      vertex -2.28289 -0.0389471 34.4
      vertex -2.23185 0.217638 25.4
      vertex -2.23185 0.217638 34.4
    endloop
  endfacet
  facet normal 0.980784 -0.195098 0
    outer loop
      vertex -2.23185 0.217638 25.4
      vertex -2.28289 -0.0389471 34.4
      vertex -2.28289 -0.0389471 25.4
    endloop
  endfacet
  facet normal 0.896871 -0.442293 0
    outer loop
      vertex -2.14776 0.465366 34.4
      vertex -2.03205 0.7 25.4
      vertex -2.03205 0.7 34.4
    endloop
  endfacet
  facet normal 0.896871 -0.442293 0
    outer loop
      vertex -2.03205 0.7 25.4
      vertex -2.14776 0.465366 34.4
      vertex -2.14776 0.465366 25.4
    endloop
  endfacet
  facet normal 0.195098 -0.980784 0
    outer loop
      vertex -0.817637 1.63185 25.4
      vertex -0.561052 1.68289 34.4
      vertex -0.817637 1.63185 34.4
    endloop
  endfacet
  facet normal 0.195098 -0.980784 0
    outer loop
      vertex -0.561052 1.68289 34.4
      vertex -0.817637 1.63185 25.4
      vertex -0.561052 1.68289 25.4
    endloop
  endfacet
  facet normal 0.659362 -0.751826 0
    outer loop
      vertex -1.71421 1.11421 25.4
      vertex -1.51752 1.28671 34.4
      vertex -1.71421 1.11421 34.4
    endloop
  endfacet
  facet normal 0.659362 -0.751826 0
    outer loop
      vertex -1.51752 1.28671 34.4
      vertex -1.71421 1.11421 25.4
      vertex -1.51752 1.28671 25.4
    endloop
  endfacet
  facet normal 0.751822 -0.659366 0
    outer loop
      vertex -1.88671 0.917522 34.4
      vertex -1.71421 1.11421 25.4
      vertex -1.71421 1.11421 34.4
    endloop
  endfacet
  facet normal 0.751822 -0.659366 0
    outer loop
      vertex -1.71421 1.11421 25.4
      vertex -1.88671 0.917522 34.4
      vertex -1.88671 0.917522 25.4
    endloop
  endfacet
  facet normal -0.997859 0.0654019 0
    outer loop
      vertex 1.68289 -0.561052 25.4
      vertex 1.7 -0.299999 34.4
      vertex 1.7 -0.299999 25.4
    endloop
  endfacet
  facet normal -0.997859 0.0654019 0
    outer loop
      vertex 1.7 -0.299999 34.4
      vertex 1.68289 -0.561052 25.4
      vertex 1.68289 -0.561052 34.4
    endloop
  endfacet
  facet normal -0.321431 0.946933 0
    outer loop
      vertex 0.465366 -2.14776 25.4
      vertex 0.217638 -2.23185 34.4
      vertex 0.465366 -2.14776 34.4
    endloop
  endfacet
  facet normal -0.321431 0.946933 0
    outer loop
      vertex 0.217638 -2.23185 34.4
      vertex 0.465366 -2.14776 25.4
      vertex 0.217638 -2.23185 25.4
    endloop
  endfacet
  facet normal -0.751826 0.659362 0
    outer loop
      vertex 1.11421 -1.71421 25.4
      vertex 1.28671 -1.51752 34.4
      vertex 1.28671 -1.51752 25.4
    endloop
  endfacet
  facet normal -0.751826 0.659362 0
    outer loop
      vertex 1.28671 -1.51752 34.4
      vertex 1.11421 -1.71421 25.4
      vertex 1.11421 -1.71421 34.4
    endloop
  endfacet
  facet normal -0.659366 0.751822 0
    outer loop
      vertex 1.11421 -1.71421 25.4
      vertex 0.917522 -1.88671 34.4
      vertex 1.11421 -1.71421 34.4
    endloop
  endfacet
  facet normal -0.659366 0.751822 0
    outer loop
      vertex 0.917522 -1.88671 34.4
      vertex 1.11421 -1.71421 25.4
      vertex 0.917522 -1.88671 25.4
    endloop
  endfacet
  facet normal -0.0654022 0.997859 0
    outer loop
      vertex -0.0389471 -2.28289 25.4
      vertex -0.299999 -2.3 34.4
      vertex -0.0389471 -2.28289 34.4
    endloop
  endfacet
  facet normal -0.0654022 0.997859 0
    outer loop
      vertex -0.299999 -2.3 34.4
      vertex -0.0389471 -2.28289 25.4
      vertex -0.299999 -2.3 25.4
    endloop
  endfacet
  facet normal 0.321426 0.946935 -0
    outer loop
      vertex -0.817637 -2.23185 25.4
      vertex -1.06537 -2.14776 34.4
      vertex -0.817637 -2.23185 34.4
    endloop
  endfacet
  facet normal 0.321426 0.946935 0
    outer loop
      vertex -1.06537 -2.14776 34.4
      vertex -0.817637 -2.23185 25.4
      vertex -1.06537 -2.14776 25.4
    endloop
  endfacet
  facet normal 0.946935 0.321426 0
    outer loop
      vertex -2.14776 -1.06537 34.4
      vertex -2.23185 -0.817637 25.4
      vertex -2.23185 -0.817637 34.4
    endloop
  endfacet
  facet normal 0.946935 0.321426 0
    outer loop
      vertex -2.23185 -0.817637 25.4
      vertex -2.14776 -1.06537 34.4
      vertex -2.14776 -1.06537 25.4
    endloop
  endfacet
  facet normal 0.751826 0.659362 0
    outer loop
      vertex -1.71421 -1.71421 34.4
      vertex -1.88671 -1.51752 25.4
      vertex -1.88671 -1.51752 34.4
    endloop
  endfacet
  facet normal 0.751826 0.659362 0
    outer loop
      vertex -1.88671 -1.51752 25.4
      vertex -1.71421 -1.71421 34.4
      vertex -1.71421 -1.71421 25.4
    endloop
  endfacet
  facet normal 0.659362 0.751826 -0
    outer loop
      vertex -1.51752 -1.88671 25.4
      vertex -1.71421 -1.71421 34.4
      vertex -1.51752 -1.88671 34.4
    endloop
  endfacet
  facet normal 0.659362 0.751826 0
    outer loop
      vertex -1.71421 -1.71421 34.4
      vertex -1.51752 -1.88671 25.4
      vertex -1.71421 -1.71421 25.4
    endloop
  endfacet
  facet normal -0.896868 0.442299 0
    outer loop
      vertex 1.43205 -1.3 25.4
      vertex 1.54776 -1.06537 34.4
      vertex 1.54776 -1.06537 25.4
    endloop
  endfacet
  facet normal -0.896868 0.442299 0
    outer loop
      vertex 1.54776 -1.06537 34.4
      vertex 1.43205 -1.3 25.4
      vertex 1.43205 -1.3 34.4
    endloop
  endfacet
  facet normal -0.831474 0.555564 0
    outer loop
      vertex 1.28671 -1.51752 25.4
      vertex 1.43205 -1.3 34.4
      vertex 1.43205 -1.3 25.4
    endloop
  endfacet
  facet normal -0.831474 0.555564 0
    outer loop
      vertex 1.43205 -1.3 34.4
      vertex 1.28671 -1.51752 25.4
      vertex 1.28671 -1.51752 34.4
    endloop
  endfacet
  facet normal 0.442299 0.896868 -0
    outer loop
      vertex -1.06537 -2.14776 25.4
      vertex -1.3 -2.03205 34.4
      vertex -1.06537 -2.14776 34.4
    endloop
  endfacet
  facet normal 0.442299 0.896868 0
    outer loop
      vertex -1.3 -2.03205 34.4
      vertex -1.06537 -2.14776 25.4
      vertex -1.3 -2.03205 25.4
    endloop
  endfacet
  facet normal -0.946961 -0.321348 0
    outer loop
      vertex 1.63185 33.5176 25.4
      vertex 1.54776 33.7654 34.4
      vertex 1.54776 33.7654 25.4
    endloop
  endfacet
  facet normal -0.946961 -0.321348 0
    outer loop
      vertex 1.54776 33.7654 34.4
      vertex 1.63185 33.5176 25.4
      vertex 1.63185 33.5176 34.4
    endloop
  endfacet
  facet normal -0.99786 -0.0653902 0
    outer loop
      vertex 1.7 33 25.4
      vertex 1.68289 33.2611 34.4
      vertex 1.68289 33.2611 25.4
    endloop
  endfacet
  facet normal -0.99786 -0.0653902 0
    outer loop
      vertex 1.68289 33.2611 34.4
      vertex 1.7 33 25.4
      vertex 1.7 33 34.4
    endloop
  endfacet
  facet normal 0.0653639 -0.997861 0
    outer loop
      vertex -0.561052 34.9829 25.4
      vertex -0.299999 35 34.4
      vertex -0.561052 34.9829 34.4
    endloop
  endfacet
  facet normal 0.0653639 -0.997861 0
    outer loop
      vertex -0.299999 35 34.4
      vertex -0.561052 34.9829 25.4
      vertex -0.299999 35 25.4
    endloop
  endfacet
  facet normal -0.659366 -0.751822 0
    outer loop
      vertex 0.917522 34.5867 25.4
      vertex 1.11421 34.4142 34.4
      vertex 0.917522 34.5867 34.4
    endloop
  endfacet
  facet normal -0.659366 -0.751822 -0
    outer loop
      vertex 1.11421 34.4142 34.4
      vertex 0.917522 34.5867 25.4
      vertex 1.11421 34.4142 25.4
    endloop
  endfacet
  facet normal 0.751842 -0.659343 0
    outer loop
      vertex -1.88671 34.2175 34.4
      vertex -1.71421 34.4142 25.4
      vertex -1.71421 34.4142 34.4
    endloop
  endfacet
  facet normal 0.751842 -0.659343 0
    outer loop
      vertex -1.71421 34.4142 25.4
      vertex -1.88671 34.2175 34.4
      vertex -1.88671 34.2175 25.4
    endloop
  endfacet
  facet normal 0.442575 -0.896731 0
    outer loop
      vertex -1.3 34.732 25.4
      vertex -1.06537 34.8478 34.4
      vertex -1.3 34.732 34.4
    endloop
  endfacet
  facet normal 0.442575 -0.896731 0
    outer loop
      vertex -1.06537 34.8478 34.4
      vertex -1.3 34.732 25.4
      vertex -1.06537 34.8478 25.4
    endloop
  endfacet
  facet normal 0.751842 0.659343 0
    outer loop
      vertex -1.71421 31.5858 34.4
      vertex -1.88671 31.7825 25.4
      vertex -1.88671 31.7825 34.4
    endloop
  endfacet
  facet normal 0.751842 0.659343 0
    outer loop
      vertex -1.88671 31.7825 25.4
      vertex -1.71421 31.5858 34.4
      vertex -1.71421 31.5858 25.4
    endloop
  endfacet
  facet normal -0.896845 -0.442344 0
    outer loop
      vertex 1.54776 33.7654 25.4
      vertex 1.43205 34 34.4
      vertex 1.43205 34 25.4
    endloop
  endfacet
  facet normal -0.896845 -0.442344 0
    outer loop
      vertex 1.43205 34 34.4
      vertex 1.54776 33.7654 25.4
      vertex 1.54776 33.7654 34.4
    endloop
  endfacet
  facet normal -0.321466 -0.946921 0
    outer loop
      vertex 0.217638 34.9319 25.4
      vertex 0.465366 34.8478 34.4
      vertex 0.217638 34.9319 34.4
    endloop
  endfacet
  facet normal -0.321466 -0.946921 -0
    outer loop
      vertex 0.465366 34.8478 34.4
      vertex 0.217638 34.9319 25.4
      vertex 0.465366 34.8478 25.4
    endloop
  endfacet
  facet normal -0.0653641 -0.997861 0
    outer loop
      vertex -0.299999 35 25.4
      vertex -0.0389471 34.9829 34.4
      vertex -0.299999 35 34.4
    endloop
  endfacet
  facet normal -0.0653641 -0.997861 -0
    outer loop
      vertex -0.0389471 34.9829 34.4
      vertex -0.299999 35 25.4
      vertex -0.0389471 34.9829 25.4
    endloop
  endfacet
  facet normal -0.555455 -0.831547 0
    outer loop
      vertex 0.7 34.732 25.4
      vertex 0.917522 34.5867 34.4
      vertex 0.7 34.732 34.4
    endloop
  endfacet
  facet normal -0.555455 -0.831547 -0
    outer loop
      vertex 0.917522 34.5867 34.4
      vertex 0.7 34.732 25.4
      vertex 0.917522 34.5867 25.4
    endloop
  endfacet
  facet normal 0.896845 -0.442344 0
    outer loop
      vertex -2.14776 33.7654 34.4
      vertex -2.03205 34 25.4
      vertex -2.03205 34 34.4
    endloop
  endfacet
  facet normal 0.896845 -0.442344 0
    outer loop
      vertex -2.03205 34 25.4
      vertex -2.14776 33.7654 34.4
      vertex -2.14776 33.7654 25.4
    endloop
  endfacet
  facet normal 0.83145 -0.5556 0
    outer loop
      vertex -2.03205 34 34.4
      vertex -1.88671 34.2175 25.4
      vertex -1.88671 34.2175 34.4
    endloop
  endfacet
  facet normal 0.83145 -0.5556 0
    outer loop
      vertex -1.88671 34.2175 25.4
      vertex -2.03205 34 34.4
      vertex -2.03205 34 25.4
    endloop
  endfacet
  facet normal 0.980771 -0.19516 0
    outer loop
      vertex -2.28289 33.2611 34.4
      vertex -2.23185 33.5176 25.4
      vertex -2.23185 33.5176 34.4
    endloop
  endfacet
  facet normal 0.980771 -0.19516 0
    outer loop
      vertex -2.23185 33.5176 25.4
      vertex -2.28289 33.2611 34.4
      vertex -2.28289 33.2611 25.4
    endloop
  endfacet
  facet normal 0.99786 0.0653902 0
    outer loop
      vertex -2.28289 32.7389 34.4
      vertex -2.3 33 25.4
      vertex -2.3 33 34.4
    endloop
  endfacet
  facet normal 0.99786 0.0653902 0
    outer loop
      vertex -2.3 33 25.4
      vertex -2.28289 32.7389 34.4
      vertex -2.28289 32.7389 25.4
    endloop
  endfacet
  facet normal 0.555459 -0.831544 0
    outer loop
      vertex -1.51752 34.5867 25.4
      vertex -1.3 34.732 34.4
      vertex -1.51752 34.5867 34.4
    endloop
  endfacet
  facet normal 0.555459 -0.831544 0
    outer loop
      vertex -1.3 34.732 34.4
      vertex -1.51752 34.5867 25.4
      vertex -1.3 34.732 25.4
    endloop
  endfacet
  facet normal 0.194951 -0.980813 0
    outer loop
      vertex -0.817637 34.9319 25.4
      vertex -0.561052 34.9829 34.4
      vertex -0.817637 34.9319 34.4
    endloop
  endfacet
  facet normal 0.194951 -0.980813 0
    outer loop
      vertex -0.561052 34.9829 34.4
      vertex -0.817637 34.9319 25.4
      vertex -0.561052 34.9829 25.4
    endloop
  endfacet
  facet normal -0.321466 0.946921 0
    outer loop
      vertex 0.465366 31.1522 25.4
      vertex 0.217638 31.0681 34.4
      vertex 0.465366 31.1522 34.4
    endloop
  endfacet
  facet normal -0.321466 0.946921 0
    outer loop
      vertex 0.217638 31.0681 34.4
      vertex 0.465366 31.1522 25.4
      vertex 0.217638 31.0681 25.4
    endloop
  endfacet
  facet normal -0.194951 0.980813 0
    outer loop
      vertex 0.217638 31.0681 25.4
      vertex -0.0389471 31.0171 34.4
      vertex 0.217638 31.0681 34.4
    endloop
  endfacet
  facet normal -0.194951 0.980813 0
    outer loop
      vertex -0.0389471 31.0171 34.4
      vertex 0.217638 31.0681 25.4
      vertex -0.0389471 31.0171 25.4
    endloop
  endfacet
  facet normal -0.751842 0.659343 0
    outer loop
      vertex 1.11421 31.5858 25.4
      vertex 1.28671 31.7825 34.4
      vertex 1.28671 31.7825 25.4
    endloop
  endfacet
  facet normal -0.751842 0.659343 0
    outer loop
      vertex 1.28671 31.7825 34.4
      vertex 1.11421 31.5858 25.4
      vertex 1.11421 31.5858 34.4
    endloop
  endfacet
  facet normal -0.555719 0.83137 0
    outer loop
      vertex 0.917522 31.4133 25.4
      vertex 0.7 31.2679 34.4
      vertex 0.917522 31.4133 34.4
    endloop
  endfacet
  facet normal -0.555719 0.83137 0
    outer loop
      vertex 0.7 31.2679 34.4
      vertex 0.917522 31.4133 25.4
      vertex 0.7 31.2679 25.4
    endloop
  endfacet
  facet normal -0.83145 0.5556 0
    outer loop
      vertex 1.28671 31.7825 25.4
      vertex 1.43205 32 34.4
      vertex 1.43205 32 25.4
    endloop
  endfacet
  facet normal -0.83145 0.5556 0
    outer loop
      vertex 1.43205 32 34.4
      vertex 1.28671 31.7825 25.4
      vertex 1.28671 31.7825 34.4
    endloop
  endfacet
  facet normal 0.194951 0.980813 -0
    outer loop
      vertex -0.561052 31.0171 25.4
      vertex -0.817637 31.0681 34.4
      vertex -0.561052 31.0171 34.4
    endloop
  endfacet
  facet normal 0.194951 0.980813 0
    outer loop
      vertex -0.817637 31.0681 34.4
      vertex -0.561052 31.0171 25.4
      vertex -0.817637 31.0681 25.4
    endloop
  endfacet
  facet normal 0.980771 0.19516 0
    outer loop
      vertex -2.23185 32.4824 34.4
      vertex -2.28289 32.7389 25.4
      vertex -2.28289 32.7389 34.4
    endloop
  endfacet
  facet normal 0.980771 0.19516 0
    outer loop
      vertex -2.28289 32.7389 25.4
      vertex -2.23185 32.4824 34.4
      vertex -2.23185 32.4824 25.4
    endloop
  endfacet
  facet normal 0.83145 0.5556 0
    outer loop
      vertex -1.88671 31.7825 34.4
      vertex -2.03205 32 25.4
      vertex -2.03205 32 34.4
    endloop
  endfacet
  facet normal 0.83145 0.5556 0
    outer loop
      vertex -2.03205 32 25.4
      vertex -1.88671 31.7825 34.4
      vertex -1.88671 31.7825 25.4
    endloop
  endfacet
  facet normal -0.980771 -0.19516 0
    outer loop
      vertex 1.68289 33.2611 25.4
      vertex 1.63185 33.5176 34.4
      vertex 1.63185 33.5176 25.4
    endloop
  endfacet
  facet normal -0.980771 -0.19516 0
    outer loop
      vertex 1.63185 33.5176 34.4
      vertex 1.68289 33.2611 25.4
      vertex 1.68289 33.2611 34.4
    endloop
  endfacet
  facet normal -0.83145 -0.5556 0
    outer loop
      vertex 1.43205 34 25.4
      vertex 1.28671 34.2175 34.4
      vertex 1.28671 34.2175 25.4
    endloop
  endfacet
  facet normal -0.83145 -0.5556 0
    outer loop
      vertex 1.28671 34.2175 34.4
      vertex 1.43205 34 25.4
      vertex 1.43205 34 34.4
    endloop
  endfacet
  facet normal -0.751842 -0.659343 0
    outer loop
      vertex 1.28671 34.2175 25.4
      vertex 1.11421 34.4142 34.4
      vertex 1.11421 34.4142 25.4
    endloop
  endfacet
  facet normal -0.751842 -0.659343 0
    outer loop
      vertex 1.11421 34.4142 34.4
      vertex 1.28671 34.2175 25.4
      vertex 1.28671 34.2175 34.4
    endloop
  endfacet
  facet normal 0 0 1
    outer loop
      vertex 1.68289 33.2611 25.4
      vertex 1.68289 32.7389 25.4
      vertex 1.7 33 25.4
    endloop
  endfacet
  facet normal 0 0 1
    outer loop
      vertex 1.63185 33.5176 25.4
      vertex 1.68289 32.7389 25.4
      vertex 1.68289 33.2611 25.4
    endloop
  endfacet
  facet normal 0 0 1
    outer loop
      vertex 1.63185 33.5176 25.4
      vertex 1.63185 32.4824 25.4
      vertex 1.68289 32.7389 25.4
    endloop
  endfacet
  facet normal 0 0 1
    outer loop
      vertex 1.54776 33.7654 25.4
      vertex 1.63185 32.4824 25.4
      vertex 1.63185 33.5176 25.4
    endloop
  endfacet
  facet normal 0 0 1
    outer loop
      vertex 1.54776 33.7654 25.4
      vertex 1.54776 32.2346 25.4
      vertex 1.63185 32.4824 25.4
    endloop
  endfacet
  facet normal 0 0 1
    outer loop
      vertex 1.43205 34 25.4
      vertex 1.54776 32.2346 25.4
      vertex 1.54776 33.7654 25.4
    endloop
  endfacet
  facet normal 0 0 1
    outer loop
      vertex 1.43205 34 25.4
      vertex 1.43205 32 25.4
      vertex 1.54776 32.2346 25.4
    endloop
  endfacet
  facet normal 0 0 1
    outer loop
      vertex 1.28671 34.2175 25.4
      vertex 1.43205 32 25.4
      vertex 1.43205 34 25.4
    endloop
  endfacet
  facet normal 0 0 1
    outer loop
      vertex 1.28671 34.2175 25.4
      vertex 1.28671 31.7825 25.4
      vertex 1.43205 32 25.4
    endloop
  endfacet
  facet normal 0 0 1
    outer loop
      vertex 1.11421 34.4142 25.4
      vertex 1.28671 31.7825 25.4
      vertex 1.28671 34.2175 25.4
    endloop
  endfacet
  facet normal 0 0 1
    outer loop
      vertex 1.11421 34.4142 25.4
      vertex 1.11421 31.5858 25.4
      vertex 1.28671 31.7825 25.4
    endloop
  endfacet
  facet normal 0 0 1
    outer loop
      vertex 0.917522 34.5867 25.4
      vertex 1.11421 31.5858 25.4
      vertex 1.11421 34.4142 25.4
    endloop
  endfacet
  facet normal 0 0 1
    outer loop
      vertex 0.917522 34.5867 25.4
      vertex 0.917522 31.4133 25.4
      vertex 1.11421 31.5858 25.4
    endloop
  endfacet
  facet normal 0 0 1
    outer loop
      vertex 0.7 34.732 25.4
      vertex 0.917522 31.4133 25.4
      vertex 0.917522 34.5867 25.4
    endloop
  endfacet
  facet normal 0 0 1
    outer loop
      vertex 0.7 34.732 25.4
      vertex 0.7 31.2679 25.4
      vertex 0.917522 31.4133 25.4
    endloop
  endfacet
  facet normal 0 0 1
    outer loop
      vertex 0.465366 34.8478 25.4
      vertex 0.7 31.2679 25.4
      vertex 0.7 34.732 25.4
    endloop
  endfacet
  facet normal 0 0 1
    outer loop
      vertex 0.465366 34.8478 25.4
      vertex 0.465366 31.1522 25.4
      vertex 0.7 31.2679 25.4
    endloop
  endfacet
  facet normal 0 0 1
    outer loop
      vertex 0.217638 34.9319 25.4
      vertex 0.465366 31.1522 25.4
      vertex 0.465366 34.8478 25.4
    endloop
  endfacet
  facet normal 0 0 1
    outer loop
      vertex 0.217638 34.9319 25.4
      vertex 0.217638 31.0681 25.4
      vertex 0.465366 31.1522 25.4
    endloop
  endfacet
  facet normal 0 0 1
    outer loop
      vertex -0.0389471 34.9829 25.4
      vertex 0.217638 31.0681 25.4
      vertex 0.217638 34.9319 25.4
    endloop
  endfacet
  facet normal 0 0 1
    outer loop
      vertex -0.0389471 34.9829 25.4
      vertex -0.0389471 31.0171 25.4
      vertex 0.217638 31.0681 25.4
    endloop
  endfacet
  facet normal 0 0 1
    outer loop
      vertex -0.299999 35 25.4
      vertex -0.0389471 31.0171 25.4
      vertex -0.0389471 34.9829 25.4
    endloop
  endfacet
  facet normal 0 0 1
    outer loop
      vertex -0.299999 35 25.4
      vertex -0.299999 31 25.4
      vertex -0.0389471 31.0171 25.4
    endloop
  endfacet
  facet normal -0 0 1
    outer loop
      vertex -0.561052 34.9829 25.4
      vertex -0.299999 31 25.4
      vertex -0.299999 35 25.4
    endloop
  endfacet
  facet normal 0 0 1
    outer loop
      vertex -0.561052 34.9829 25.4
      vertex -0.561052 31.0171 25.4
      vertex -0.299999 31 25.4
    endloop
  endfacet
  facet normal -0 0 1
    outer loop
      vertex -0.817637 34.9319 25.4
      vertex -0.561052 31.0171 25.4
      vertex -0.561052 34.9829 25.4
    endloop
  endfacet
  facet normal 0 0 1
    outer loop
      vertex -0.817637 34.9319 25.4
      vertex -0.817637 31.0681 25.4
      vertex -0.561052 31.0171 25.4
    endloop
  endfacet
  facet normal -0 0 1
    outer loop
      vertex -1.06537 34.8478 25.4
      vertex -0.817637 31.0681 25.4
      vertex -0.817637 34.9319 25.4
    endloop
  endfacet
  facet normal 0 0 1
    outer loop
      vertex -1.06537 34.8478 25.4
      vertex -1.06537 31.1522 25.4
      vertex -0.817637 31.0681 25.4
    endloop
  endfacet
  facet normal -0 0 1
    outer loop
      vertex -1.3 34.732 25.4
      vertex -1.06537 31.1522 25.4
      vertex -1.06537 34.8478 25.4
    endloop
  endfacet
  facet normal 0 0 1
    outer loop
      vertex -1.3 34.732 25.4
      vertex -1.3 31.2679 25.4
      vertex -1.06537 31.1522 25.4
    endloop
  endfacet
  facet normal -0 0 1
    outer loop
      vertex -1.51752 34.5867 25.4
      vertex -1.3 31.2679 25.4
      vertex -1.3 34.732 25.4
    endloop
  endfacet
  facet normal 0 0 1
    outer loop
      vertex -1.51752 34.5867 25.4
      vertex -1.51752 31.4133 25.4
      vertex -1.3 31.2679 25.4
    endloop
  endfacet
  facet normal -0 0 1
    outer loop
      vertex -1.71421 34.4142 25.4
      vertex -1.51752 31.4133 25.4
      vertex -1.51752 34.5867 25.4
    endloop
  endfacet
  facet normal 0 0 1
    outer loop
      vertex -1.71421 34.4142 25.4
      vertex -1.71421 31.5858 25.4
      vertex -1.51752 31.4133 25.4
    endloop
  endfacet
  facet normal -0 0 1
    outer loop
      vertex -1.88671 34.2175 25.4
      vertex -1.71421 31.5858 25.4
      vertex -1.71421 34.4142 25.4
    endloop
  endfacet
  facet normal 0 0 1
    outer loop
      vertex -1.88671 34.2175 25.4
      vertex -1.88671 31.7825 25.4
      vertex -1.71421 31.5858 25.4
    endloop
  endfacet
  facet normal -0 0 1
    outer loop
      vertex -2.03205 34 25.4
      vertex -1.88671 31.7825 25.4
      vertex -1.88671 34.2175 25.4
    endloop
  endfacet
  facet normal 0 0 1
    outer loop
      vertex -2.03205 34 25.4
      vertex -2.03205 32 25.4
      vertex -1.88671 31.7825 25.4
    endloop
  endfacet
  facet normal -0 0 1
    outer loop
      vertex -2.14776 33.7654 25.4
      vertex -2.03205 32 25.4
      vertex -2.03205 34 25.4
    endloop
  endfacet
  facet normal 0 0 1
    outer loop
      vertex -2.14776 33.7654 25.4
      vertex -2.14776 32.2346 25.4
      vertex -2.03205 32 25.4
    endloop
  endfacet
  facet normal -0 0 1
    outer loop
      vertex -2.23185 33.5176 25.4
      vertex -2.14776 32.2346 25.4
      vertex -2.14776 33.7654 25.4
    endloop
  endfacet
  facet normal 0 0 1
    outer loop
      vertex -2.23185 33.5176 25.4
      vertex -2.23185 32.4824 25.4
      vertex -2.14776 32.2346 25.4
    endloop
  endfacet
  facet normal -0 0 1
    outer loop
      vertex -2.28289 33.2611 25.4
      vertex -2.23185 32.4824 25.4
      vertex -2.23185 33.5176 25.4
    endloop
  endfacet
  facet normal 0 0 1
    outer loop
      vertex -2.28289 33.2611 25.4
      vertex -2.28289 32.7389 25.4
      vertex -2.23185 32.4824 25.4
    endloop
  endfacet
  facet normal 0 -0 1
    outer loop
      vertex -2.28289 32.7389 25.4
      vertex -2.28289 33.2611 25.4
      vertex -2.3 33 25.4
    endloop
  endfacet
  facet normal 0.946961 -0.321348 0
    outer loop
      vertex -2.23185 33.5176 34.4
      vertex -2.14776 33.7654 25.4
      vertex -2.14776 33.7654 34.4
    endloop
  endfacet
  facet normal 0.946961 -0.321348 0
    outer loop
      vertex -2.14776 33.7654 25.4
      vertex -2.23185 33.5176 34.4
      vertex -2.23185 33.5176 25.4
    endloop
  endfacet
  facet normal -0.659366 0.751822 0
    outer loop
      vertex 1.11421 31.5858 25.4
      vertex 0.917522 31.4133 34.4
      vertex 1.11421 31.5858 34.4
    endloop
  endfacet
  facet normal -0.659366 0.751822 0
    outer loop
      vertex 0.917522 31.4133 34.4
      vertex 1.11421 31.5858 25.4
      vertex 0.917522 31.4133 25.4
    endloop
  endfacet
  facet normal -0.946961 0.321348 0
    outer loop
      vertex 1.54776 32.2346 25.4
      vertex 1.63185 32.4824 34.4
      vertex 1.63185 32.4824 25.4
    endloop
  endfacet
  facet normal -0.946961 0.321348 0
    outer loop
      vertex 1.63185 32.4824 34.4
      vertex 1.54776 32.2346 25.4
      vertex 1.54776 32.2346 34.4
    endloop
  endfacet
  facet normal -0.99786 0.0653902 0
    outer loop
      vertex 1.68289 32.7389 25.4
      vertex 1.7 33 34.4
      vertex 1.7 33 25.4
    endloop
  endfacet
  facet normal -0.99786 0.0653902 0
    outer loop
      vertex 1.7 33 34.4
      vertex 1.68289 32.7389 25.4
      vertex 1.68289 32.7389 34.4
    endloop
  endfacet
  facet normal 0.0653639 0.997861 -0
    outer loop
      vertex -0.299999 31 25.4
      vertex -0.561052 31.0171 34.4
      vertex -0.299999 31 34.4
    endloop
  endfacet
  facet normal 0.0653639 0.997861 0
    outer loop
      vertex -0.561052 31.0171 34.4
      vertex -0.299999 31 25.4
      vertex -0.561052 31.0171 25.4
    endloop
  endfacet
  facet normal 0.442268 0.896883 -0
    outer loop
      vertex -1.06537 31.1522 25.4
      vertex -1.3 31.2679 34.4
      vertex -1.06537 31.1522 34.4
    endloop
  endfacet
  facet normal 0.442268 0.896883 0
    outer loop
      vertex -1.3 31.2679 34.4
      vertex -1.06537 31.1522 25.4
      vertex -1.3 31.2679 25.4
    endloop
  endfacet
  facet normal 0.555723 0.831368 -0
    outer loop
      vertex -1.3 31.2679 25.4
      vertex -1.51752 31.4133 34.4
      vertex -1.3 31.2679 34.4
    endloop
  endfacet
  facet normal 0.555723 0.831368 0
    outer loop
      vertex -1.51752 31.4133 34.4
      vertex -1.3 31.2679 25.4
      vertex -1.51752 31.4133 25.4
    endloop
  endfacet
  facet normal 0.32146 0.946923 -0
    outer loop
      vertex -0.817637 31.0681 25.4
      vertex -1.06537 31.1522 34.4
      vertex -0.817637 31.0681 34.4
    endloop
  endfacet
  facet normal 0.32146 0.946923 0
    outer loop
      vertex -1.06537 31.1522 34.4
      vertex -0.817637 31.0681 25.4
      vertex -1.06537 31.1522 25.4
    endloop
  endfacet
  facet normal -0.0653641 0.997861 0
    outer loop
      vertex -0.0389471 31.0171 25.4
      vertex -0.299999 31 34.4
      vertex -0.0389471 31.0171 34.4
    endloop
  endfacet
  facet normal -0.0653641 0.997861 0
    outer loop
      vertex -0.299999 31 34.4
      vertex -0.0389471 31.0171 25.4
      vertex -0.299999 31 25.4
    endloop
  endfacet
  facet normal 0.659362 0.751826 -0
    outer loop
      vertex -1.51752 31.4133 25.4
      vertex -1.71421 31.5858 34.4
      vertex -1.51752 31.4133 34.4
    endloop
  endfacet
  facet normal 0.659362 0.751826 0
    outer loop
      vertex -1.71421 31.5858 34.4
      vertex -1.51752 31.4133 25.4
      vertex -1.71421 31.5858 25.4
    endloop
  endfacet
  facet normal 0.946961 0.321348 0
    outer loop
      vertex -2.14776 32.2346 34.4
      vertex -2.23185 32.4824 25.4
      vertex -2.23185 32.4824 34.4
    endloop
  endfacet
  facet normal 0.946961 0.321348 0
    outer loop
      vertex -2.23185 32.4824 25.4
      vertex -2.14776 32.2346 34.4
      vertex -2.14776 32.2346 25.4
    endloop
  endfacet
  facet normal -0.194951 -0.980813 0
    outer loop
      vertex -0.0389471 34.9829 25.4
      vertex 0.217638 34.9319 34.4
      vertex -0.0389471 34.9829 34.4
    endloop
  endfacet
  facet normal -0.194951 -0.980813 -0
    outer loop
      vertex 0.217638 34.9319 34.4
      vertex -0.0389471 34.9829 25.4
      vertex 0.217638 34.9319 25.4
    endloop
  endfacet
  facet normal -0.442569 -0.896734 0
    outer loop
      vertex 0.465366 34.8478 25.4
      vertex 0.7 34.732 34.4
      vertex 0.465366 34.8478 34.4
    endloop
  endfacet
  facet normal -0.442569 -0.896734 -0
    outer loop
      vertex 0.7 34.732 34.4
      vertex 0.465366 34.8478 25.4
      vertex 0.7 34.732 25.4
    endloop
  endfacet
  facet normal 0.99786 -0.0653902 0
    outer loop
      vertex -2.3 33 34.4
      vertex -2.28289 33.2611 25.4
      vertex -2.28289 33.2611 34.4
    endloop
  endfacet
  facet normal 0.99786 -0.0653902 0
    outer loop
      vertex -2.28289 33.2611 25.4
      vertex -2.3 33 34.4
      vertex -2.3 33 25.4
    endloop
  endfacet
  facet normal 0.659362 -0.751826 0
    outer loop
      vertex -1.71421 34.4142 25.4
      vertex -1.51752 34.5867 34.4
      vertex -1.71421 34.4142 34.4
    endloop
  endfacet
  facet normal 0.659362 -0.751826 0
    outer loop
      vertex -1.51752 34.5867 34.4
      vertex -1.71421 34.4142 25.4
      vertex -1.51752 34.5867 25.4
    endloop
  endfacet
  facet normal 0.32146 -0.946923 0
    outer loop
      vertex -1.06537 34.8478 25.4
      vertex -0.817637 34.9319 34.4
      vertex -1.06537 34.8478 34.4
    endloop
  endfacet
  facet normal 0.32146 -0.946923 0
    outer loop
      vertex -0.817637 34.9319 34.4
      vertex -1.06537 34.8478 25.4
      vertex -0.817637 34.9319 25.4
    endloop
  endfacet
  facet normal -0.442262 0.896886 0
    outer loop
      vertex 0.7 31.2679 25.4
      vertex 0.465366 31.1522 34.4
      vertex 0.7 31.2679 34.4
    endloop
  endfacet
  facet normal -0.442262 0.896886 0
    outer loop
      vertex 0.465366 31.1522 34.4
      vertex 0.7 31.2679 25.4
      vertex 0.465366 31.1522 25.4
    endloop
  endfacet
  facet normal -0.980771 0.19516 0
    outer loop
      vertex 1.63185 32.4824 25.4
      vertex 1.68289 32.7389 34.4
      vertex 1.68289 32.7389 25.4
    endloop
  endfacet
  facet normal -0.980771 0.19516 0
    outer loop
      vertex 1.68289 32.7389 34.4
      vertex 1.63185 32.4824 25.4
      vertex 1.63185 32.4824 34.4
    endloop
  endfacet
  facet normal -0.896845 0.442344 0
    outer loop
      vertex 1.43205 32 25.4
      vertex 1.54776 32.2346 34.4
      vertex 1.54776 32.2346 25.4
    endloop
  endfacet
  facet normal -0.896845 0.442344 0
    outer loop
      vertex 1.54776 32.2346 34.4
      vertex 1.43205 32 25.4
      vertex 1.43205 32 34.4
    endloop
  endfacet
  facet normal 0.896845 0.442344 0
    outer loop
      vertex -2.03205 32 34.4
      vertex -2.14776 32.2346 25.4
      vertex -2.14776 32.2346 34.4
    endloop
  endfacet
  facet normal 0.896845 0.442344 0
    outer loop
      vertex -2.14776 32.2346 25.4
      vertex -2.03205 32 34.4
      vertex -2.03205 32 25.4
    endloop
  endfacet
  facet normal -0.997861 -0.0653641 0
    outer loop
      vertex 89 -0.299999 25.4
      vertex 88.9829 -0.0389471 34.4
      vertex 88.9829 -0.0389471 25.4
    endloop
  endfacet
  facet normal -0.997861 -0.0653641 0
    outer loop
      vertex 88.9829 -0.0389471 34.4
      vertex 89 -0.299999 25.4
      vertex 89 -0.299999 34.4
    endloop
  endfacet
  facet normal 0.0653902 -0.99786 0
    outer loop
      vertex 86.7389 1.68289 25.4
      vertex 87 1.7 34.4
      vertex 86.7389 1.68289 34.4
    endloop
  endfacet
  facet normal 0.0653902 -0.99786 0
    outer loop
      vertex 87 1.7 34.4
      vertex 86.7389 1.68289 25.4
      vertex 87 1.7 25.4
    endloop
  endfacet
  facet normal -0.659343 -0.751842 0
    outer loop
      vertex 88.2175 1.28671 25.4
      vertex 88.4142 1.11421 34.4
      vertex 88.2175 1.28671 34.4
    endloop
  endfacet
  facet normal -0.659343 -0.751842 -0
    outer loop
      vertex 88.4142 1.11421 34.4
      vertex 88.2175 1.28671 25.4
      vertex 88.4142 1.11421 25.4
    endloop
  endfacet
  facet normal 0.751822 -0.659366 0
    outer loop
      vertex 85.4133 0.917522 34.4
      vertex 85.5858 1.11421 25.4
      vertex 85.5858 1.11421 34.4
    endloop
  endfacet
  facet normal 0.751822 -0.659366 0
    outer loop
      vertex 85.5858 1.11421 25.4
      vertex 85.4133 0.917522 34.4
      vertex 85.4133 0.917522 25.4
    endloop
  endfacet
  facet normal 0.442344 -0.896845 0
    outer loop
      vertex 86 1.43205 25.4
      vertex 86.2346 1.54776 34.4
      vertex 86 1.43205 34.4
    endloop
  endfacet
  facet normal 0.442344 -0.896845 0
    outer loop
      vertex 86.2346 1.54776 34.4
      vertex 86 1.43205 25.4
      vertex 86.2346 1.54776 25.4
    endloop
  endfacet
  facet normal 0.946923 0.32146 0
    outer loop
      vertex 85.1522 -1.06537 34.4
      vertex 85.0681 -0.817637 25.4
      vertex 85.0681 -0.817637 34.4
    endloop
  endfacet
  facet normal 0.946923 0.32146 0
    outer loop
      vertex 85.0681 -0.817637 25.4
      vertex 85.1522 -1.06537 34.4
      vertex 85.1522 -1.06537 25.4
    endloop
  endfacet
  facet normal -0.896734 -0.442569 0
    outer loop
      vertex 88.8478 0.465366 25.4
      vertex 88.732 0.7 34.4
      vertex 88.732 0.7 25.4
    endloop
  endfacet
  facet normal -0.896734 -0.442569 0
    outer loop
      vertex 88.732 0.7 34.4
      vertex 88.8478 0.465366 25.4
      vertex 88.8478 0.465366 34.4
    endloop
  endfacet
  facet normal -0.980813 -0.194951 0
    outer loop
      vertex 88.9829 -0.0389471 25.4
      vertex 88.9319 0.217638 34.4
      vertex 88.9319 0.217638 25.4
    endloop
  endfacet
  facet normal -0.980813 -0.194951 0
    outer loop
      vertex 88.9319 0.217638 34.4
      vertex 88.9829 -0.0389471 25.4
      vertex 88.9829 -0.0389471 34.4
    endloop
  endfacet
  facet normal -0.831547 -0.555455 0
    outer loop
      vertex 88.732 0.7 25.4
      vertex 88.5867 0.917522 34.4
      vertex 88.5867 0.917522 25.4
    endloop
  endfacet
  facet normal -0.831547 -0.555455 0
    outer loop
      vertex 88.5867 0.917522 34.4
      vertex 88.732 0.7 25.4
      vertex 88.732 0.7 34.4
    endloop
  endfacet
  facet normal -0.321348 -0.946961 0
    outer loop
      vertex 87.5176 1.63185 25.4
      vertex 87.7654 1.54776 34.4
      vertex 87.5176 1.63185 34.4
    endloop
  endfacet
  facet normal -0.321348 -0.946961 -0
    outer loop
      vertex 87.7654 1.54776 34.4
      vertex 87.5176 1.63185 25.4
      vertex 87.7654 1.54776 25.4
    endloop
  endfacet
  facet normal -0.5556 -0.83145 0
    outer loop
      vertex 88 1.43205 25.4
      vertex 88.2175 1.28671 34.4
      vertex 88 1.43205 34.4
    endloop
  endfacet
  facet normal -0.5556 -0.83145 -0
    outer loop
      vertex 88.2175 1.28671 34.4
      vertex 88 1.43205 25.4
      vertex 88.2175 1.28671 25.4
    endloop
  endfacet
  facet normal 0.896734 -0.442569 0
    outer loop
      vertex 85.1522 0.465366 34.4
      vertex 85.268 0.7 25.4
      vertex 85.268 0.7 34.4
    endloop
  endfacet
  facet normal 0.896734 -0.442569 0
    outer loop
      vertex 85.268 0.7 25.4
      vertex 85.1522 0.465366 34.4
      vertex 85.1522 0.465366 25.4
    endloop
  endfacet
  facet normal 0.831547 -0.555455 0
    outer loop
      vertex 85.268 0.7 34.4
      vertex 85.4133 0.917522 25.4
      vertex 85.4133 0.917522 34.4
    endloop
  endfacet
  facet normal 0.831547 -0.555455 0
    outer loop
      vertex 85.4133 0.917522 25.4
      vertex 85.268 0.7 34.4
      vertex 85.268 0.7 25.4
    endloop
  endfacet
  facet normal 0.980813 -0.194951 0
    outer loop
      vertex 85.0171 -0.0389471 34.4
      vertex 85.0681 0.217638 25.4
      vertex 85.0681 0.217638 34.4
    endloop
  endfacet
  facet normal 0.980813 -0.194951 0
    outer loop
      vertex 85.0681 0.217638 25.4
      vertex 85.0171 -0.0389471 34.4
      vertex 85.0171 -0.0389471 25.4
    endloop
  endfacet
  facet normal 0.5556 -0.83145 0
    outer loop
      vertex 85.7825 1.28671 25.4
      vertex 86 1.43205 34.4
      vertex 85.7825 1.28671 34.4
    endloop
  endfacet
  facet normal 0.5556 -0.83145 0
    outer loop
      vertex 86 1.43205 34.4
      vertex 85.7825 1.28671 25.4
      vertex 86 1.43205 25.4
    endloop
  endfacet
  facet normal 0.321348 -0.946961 0
    outer loop
      vertex 86.2346 1.54776 25.4
      vertex 86.4824 1.63185 34.4
      vertex 86.2346 1.54776 34.4
    endloop
  endfacet
  facet normal 0.321348 -0.946961 0
    outer loop
      vertex 86.4824 1.63185 34.4
      vertex 86.2346 1.54776 25.4
      vertex 86.4824 1.63185 25.4
    endloop
  endfacet
  facet normal -0.321348 0.946961 0
    outer loop
      vertex 87.7654 -2.14776 25.4
      vertex 87.5176 -2.23185 34.4
      vertex 87.7654 -2.14776 34.4
    endloop
  endfacet
  facet normal -0.321348 0.946961 0
    outer loop
      vertex 87.5176 -2.23185 34.4
      vertex 87.7654 -2.14776 25.4
      vertex 87.5176 -2.23185 25.4
    endloop
  endfacet
  facet normal -0.19516 0.980771 0
    outer loop
      vertex 87.5176 -2.23185 25.4
      vertex 87.2611 -2.28289 34.4
      vertex 87.5176 -2.23185 34.4
    endloop
  endfacet
  facet normal -0.19516 0.980771 0
    outer loop
      vertex 87.2611 -2.28289 34.4
      vertex 87.5176 -2.23185 25.4
      vertex 87.2611 -2.28289 25.4
    endloop
  endfacet
  facet normal -0.751826 0.659362 0
    outer loop
      vertex 88.4142 -1.71421 25.4
      vertex 88.5867 -1.51752 34.4
      vertex 88.5867 -1.51752 25.4
    endloop
  endfacet
  facet normal -0.751826 0.659362 0
    outer loop
      vertex 88.5867 -1.51752 34.4
      vertex 88.4142 -1.71421 25.4
      vertex 88.4142 -1.71421 34.4
    endloop
  endfacet
  facet normal -0.5556 0.83145 0
    outer loop
      vertex 88.2175 -1.88671 25.4
      vertex 88 -2.03205 34.4
      vertex 88.2175 -1.88671 34.4
    endloop
  endfacet
  facet normal -0.5556 0.83145 0
    outer loop
      vertex 88 -2.03205 34.4
      vertex 88.2175 -1.88671 25.4
      vertex 88 -2.03205 25.4
    endloop
  endfacet
  facet normal -0.980813 0.194951 0
    outer loop
      vertex 88.9319 -0.817637 25.4
      vertex 88.9829 -0.561052 34.4
      vertex 88.9829 -0.561052 25.4
    endloop
  endfacet
  facet normal -0.980813 0.194951 0
    outer loop
      vertex 88.9829 -0.561052 34.4
      vertex 88.9319 -0.817637 25.4
      vertex 88.9319 -0.817637 34.4
    endloop
  endfacet
  facet normal 0.321348 0.946961 -0
    outer loop
      vertex 86.4824 -2.23185 25.4
      vertex 86.2346 -2.14776 34.4
      vertex 86.4824 -2.23185 34.4
    endloop
  endfacet
  facet normal 0.321348 0.946961 0
    outer loop
      vertex 86.2346 -2.14776 34.4
      vertex 86.4824 -2.23185 25.4
      vertex 86.2346 -2.14776 25.4
    endloop
  endfacet
  facet normal 0.19516 0.980771 -0
    outer loop
      vertex 86.7389 -2.28289 25.4
      vertex 86.4824 -2.23185 34.4
      vertex 86.7389 -2.28289 34.4
    endloop
  endfacet
  facet normal 0.19516 0.980771 0
    outer loop
      vertex 86.4824 -2.23185 34.4
      vertex 86.7389 -2.28289 25.4
      vertex 86.4824 -2.23185 25.4
    endloop
  endfacet
  facet normal 0.831544 0.555459 0
    outer loop
      vertex 85.4133 -1.51752 34.4
      vertex 85.268 -1.3 25.4
      vertex 85.268 -1.3 34.4
    endloop
  endfacet
  facet normal 0.831544 0.555459 0
    outer loop
      vertex 85.268 -1.3 25.4
      vertex 85.4133 -1.51752 34.4
      vertex 85.4133 -1.51752 25.4
    endloop
  endfacet
  facet normal 0.751826 0.659362 0
    outer loop
      vertex 85.5858 -1.71421 34.4
      vertex 85.4133 -1.51752 25.4
      vertex 85.4133 -1.51752 34.4
    endloop
  endfacet
  facet normal 0.751826 0.659362 0
    outer loop
      vertex 85.4133 -1.51752 25.4
      vertex 85.5858 -1.71421 34.4
      vertex 85.5858 -1.71421 25.4
    endloop
  endfacet
  facet normal 0.980813 0.194951 0
    outer loop
      vertex 85.0681 -0.817637 34.4
      vertex 85.0171 -0.561052 25.4
      vertex 85.0171 -0.561052 34.4
    endloop
  endfacet
  facet normal 0.980813 0.194951 0
    outer loop
      vertex 85.0171 -0.561052 25.4
      vertex 85.0681 -0.817637 34.4
      vertex 85.0681 -0.817637 25.4
    endloop
  endfacet
  facet normal -0.946921 -0.321466 0
    outer loop
      vertex 88.9319 0.217638 25.4
      vertex 88.8478 0.465366 34.4
      vertex 88.8478 0.465366 25.4
    endloop
  endfacet
  facet normal -0.946921 -0.321466 0
    outer loop
      vertex 88.8478 0.465366 34.4
      vertex 88.9319 0.217638 25.4
      vertex 88.9319 0.217638 34.4
    endloop
  endfacet
  facet normal -0.751822 -0.659366 0
    outer loop
      vertex 88.5867 0.917522 25.4
      vertex 88.4142 1.11421 34.4
      vertex 88.4142 1.11421 25.4
    endloop
  endfacet
  facet normal -0.751822 -0.659366 0
    outer loop
      vertex 88.4142 1.11421 34.4
      vertex 88.5867 0.917522 25.4
      vertex 88.5867 0.917522 34.4
    endloop
  endfacet
  facet normal -0.0653902 -0.99786 0
    outer loop
      vertex 87 1.7 25.4
      vertex 87.2611 1.68289 34.4
      vertex 87 1.7 34.4
    endloop
  endfacet
  facet normal -0.0653902 -0.99786 -0
    outer loop
      vertex 87.2611 1.68289 34.4
      vertex 87 1.7 25.4
      vertex 87.2611 1.68289 25.4
    endloop
  endfacet
  facet normal 0 0 1
    outer loop
      vertex 88.9829 -0.0389471 25.4
      vertex 88.9829 -0.561052 25.4
      vertex 89 -0.299999 25.4
    endloop
  endfacet
  facet normal 0 0 1
    outer loop
      vertex 88.9319 0.217638 25.4
      vertex 88.9829 -0.561052 25.4
      vertex 88.9829 -0.0389471 25.4
    endloop
  endfacet
  facet normal 0 0 1
    outer loop
      vertex 88.9319 0.217638 25.4
      vertex 88.9319 -0.817637 25.4
      vertex 88.9829 -0.561052 25.4
    endloop
  endfacet
  facet normal 0 0 1
    outer loop
      vertex 88.8478 0.465366 25.4
      vertex 88.9319 -0.817637 25.4
      vertex 88.9319 0.217638 25.4
    endloop
  endfacet
  facet normal 0 0 1
    outer loop
      vertex 88.8478 0.465366 25.4
      vertex 88.8478 -1.06537 25.4
      vertex 88.9319 -0.817637 25.4
    endloop
  endfacet
  facet normal 0 0 1
    outer loop
      vertex 88.732 0.7 25.4
      vertex 88.8478 -1.06537 25.4
      vertex 88.8478 0.465366 25.4
    endloop
  endfacet
  facet normal 0 0 1
    outer loop
      vertex 88.732 0.7 25.4
      vertex 88.732 -1.3 25.4
      vertex 88.8478 -1.06537 25.4
    endloop
  endfacet
  facet normal 0 0 1
    outer loop
      vertex 88.5867 0.917522 25.4
      vertex 88.732 -1.3 25.4
      vertex 88.732 0.7 25.4
    endloop
  endfacet
  facet normal 0 0 1
    outer loop
      vertex 88.5867 0.917522 25.4
      vertex 88.5867 -1.51752 25.4
      vertex 88.732 -1.3 25.4
    endloop
  endfacet
  facet normal 0 0 1
    outer loop
      vertex 88.4142 1.11421 25.4
      vertex 88.5867 -1.51752 25.4
      vertex 88.5867 0.917522 25.4
    endloop
  endfacet
  facet normal 0 0 1
    outer loop
      vertex 88.4142 1.11421 25.4
      vertex 88.4142 -1.71421 25.4
      vertex 88.5867 -1.51752 25.4
    endloop
  endfacet
  facet normal 0 0 1
    outer loop
      vertex 88.2175 1.28671 25.4
      vertex 88.4142 -1.71421 25.4
      vertex 88.4142 1.11421 25.4
    endloop
  endfacet
  facet normal 0 0 1
    outer loop
      vertex 88.2175 1.28671 25.4
      vertex 88.2175 -1.88671 25.4
      vertex 88.4142 -1.71421 25.4
    endloop
  endfacet
  facet normal 0 0 1
    outer loop
      vertex 88 1.43205 25.4
      vertex 88.2175 -1.88671 25.4
      vertex 88.2175 1.28671 25.4
    endloop
  endfacet
  facet normal 0 0 1
    outer loop
      vertex 88 1.43205 25.4
      vertex 88 -2.03205 25.4
      vertex 88.2175 -1.88671 25.4
    endloop
  endfacet
  facet normal 0 0 1
    outer loop
      vertex 87.7654 1.54776 25.4
      vertex 88 -2.03205 25.4
      vertex 88 1.43205 25.4
    endloop
  endfacet
  facet normal 0 0 1
    outer loop
      vertex 87.7654 1.54776 25.4
      vertex 87.7654 -2.14776 25.4
      vertex 88 -2.03205 25.4
    endloop
  endfacet
  facet normal 0 0 1
    outer loop
      vertex 87.5176 1.63185 25.4
      vertex 87.7654 -2.14776 25.4
      vertex 87.7654 1.54776 25.4
    endloop
  endfacet
  facet normal 0 0 1
    outer loop
      vertex 87.5176 1.63185 25.4
      vertex 87.5176 -2.23185 25.4
      vertex 87.7654 -2.14776 25.4
    endloop
  endfacet
  facet normal 0 0 1
    outer loop
      vertex 87.2611 1.68289 25.4
      vertex 87.5176 -2.23185 25.4
      vertex 87.5176 1.63185 25.4
    endloop
  endfacet
  facet normal 0 0 1
    outer loop
      vertex 87.2611 1.68289 25.4
      vertex 87.2611 -2.28289 25.4
      vertex 87.5176 -2.23185 25.4
    endloop
  endfacet
  facet normal 0 0 1
    outer loop
      vertex 87 1.7 25.4
      vertex 87.2611 -2.28289 25.4
      vertex 87.2611 1.68289 25.4
    endloop
  endfacet
  facet normal 0 0 1
    outer loop
      vertex 87 1.7 25.4
      vertex 87 -2.3 25.4
      vertex 87.2611 -2.28289 25.4
    endloop
  endfacet
  facet normal -0 0 1
    outer loop
      vertex 86.7389 1.68289 25.4
      vertex 87 -2.3 25.4
      vertex 87 1.7 25.4
    endloop
  endfacet
  facet normal 0 0 1
    outer loop
      vertex 86.7389 1.68289 25.4
      vertex 86.7389 -2.28289 25.4
      vertex 87 -2.3 25.4
    endloop
  endfacet
  facet normal -0 0 1
    outer loop
      vertex 86.4824 1.63185 25.4
      vertex 86.7389 -2.28289 25.4
      vertex 86.7389 1.68289 25.4
    endloop
  endfacet
  facet normal 0 0 1
    outer loop
      vertex 86.4824 1.63185 25.4
      vertex 86.4824 -2.23185 25.4
      vertex 86.7389 -2.28289 25.4
    endloop
  endfacet
  facet normal -0 0 1
    outer loop
      vertex 86.2346 1.54776 25.4
      vertex 86.4824 -2.23185 25.4
      vertex 86.4824 1.63185 25.4
    endloop
  endfacet
  facet normal 0 0 1
    outer loop
      vertex 86.2346 1.54776 25.4
      vertex 86.2346 -2.14776 25.4
      vertex 86.4824 -2.23185 25.4
    endloop
  endfacet
  facet normal -0 0 1
    outer loop
      vertex 86 1.43205 25.4
      vertex 86.2346 -2.14776 25.4
      vertex 86.2346 1.54776 25.4
    endloop
  endfacet
  facet normal 0 0 1
    outer loop
      vertex 86 1.43205 25.4
      vertex 86 -2.03205 25.4
      vertex 86.2346 -2.14776 25.4
    endloop
  endfacet
  facet normal -0 0 1
    outer loop
      vertex 85.7825 1.28671 25.4
      vertex 86 -2.03205 25.4
      vertex 86 1.43205 25.4
    endloop
  endfacet
  facet normal 0 0 1
    outer loop
      vertex 85.7825 1.28671 25.4
      vertex 85.7825 -1.88671 25.4
      vertex 86 -2.03205 25.4
    endloop
  endfacet
  facet normal -0 0 1
    outer loop
      vertex 85.5858 1.11421 25.4
      vertex 85.7825 -1.88671 25.4
      vertex 85.7825 1.28671 25.4
    endloop
  endfacet
  facet normal 0 0 1
    outer loop
      vertex 85.5858 1.11421 25.4
      vertex 85.5858 -1.71421 25.4
      vertex 85.7825 -1.88671 25.4
    endloop
  endfacet
  facet normal -0 0 1
    outer loop
      vertex 85.4133 0.917522 25.4
      vertex 85.5858 -1.71421 25.4
      vertex 85.5858 1.11421 25.4
    endloop
  endfacet
  facet normal 0 0 1
    outer loop
      vertex 85.4133 0.917522 25.4
      vertex 85.4133 -1.51752 25.4
      vertex 85.5858 -1.71421 25.4
    endloop
  endfacet
  facet normal -0 0 1
    outer loop
      vertex 85.268 0.7 25.4
      vertex 85.4133 -1.51752 25.4
      vertex 85.4133 0.917522 25.4
    endloop
  endfacet
  facet normal 0 0 1
    outer loop
      vertex 85.268 0.7 25.4
      vertex 85.268 -1.3 25.4
      vertex 85.4133 -1.51752 25.4
    endloop
  endfacet
  facet normal -0 0 1
    outer loop
      vertex 85.1522 0.465366 25.4
      vertex 85.268 -1.3 25.4
      vertex 85.268 0.7 25.4
    endloop
  endfacet
  facet normal 0 0 1
    outer loop
      vertex 85.1522 0.465366 25.4
      vertex 85.1522 -1.06537 25.4
      vertex 85.268 -1.3 25.4
    endloop
  endfacet
  facet normal -0 0 1
    outer loop
      vertex 85.0681 0.217638 25.4
      vertex 85.1522 -1.06537 25.4
      vertex 85.1522 0.465366 25.4
    endloop
  endfacet
  facet normal 0 0 1
    outer loop
      vertex 85.0681 0.217638 25.4
      vertex 85.0681 -0.817637 25.4
      vertex 85.1522 -1.06537 25.4
    endloop
  endfacet
  facet normal -0 0 1
    outer loop
      vertex 85.0171 -0.0389471 25.4
      vertex 85.0681 -0.817637 25.4
      vertex 85.0681 0.217638 25.4
    endloop
  endfacet
  facet normal 0 0 1
    outer loop
      vertex 85.0171 -0.0389471 25.4
      vertex 85.0171 -0.561052 25.4
      vertex 85.0681 -0.817637 25.4
    endloop
  endfacet
  facet normal 0 -0 1
    outer loop
      vertex 85.0171 -0.561052 25.4
      vertex 85.0171 -0.0389471 25.4
      vertex 85 -0.299999 25.4
    endloop
  endfacet
  facet normal 0.946921 -0.321466 0
    outer loop
      vertex 85.0681 0.217638 34.4
      vertex 85.1522 0.465366 25.4
      vertex 85.1522 0.465366 34.4
    endloop
  endfacet
  facet normal 0.946921 -0.321466 0
    outer loop
      vertex 85.1522 0.465366 25.4
      vertex 85.0681 0.217638 34.4
      vertex 85.0681 0.217638 25.4
    endloop
  endfacet
  facet normal 0.997861 -0.0653641 0
    outer loop
      vertex 85 -0.299999 34.4
      vertex 85.0171 -0.0389471 25.4
      vertex 85.0171 -0.0389471 34.4
    endloop
  endfacet
  facet normal 0.997861 -0.0653641 0
    outer loop
      vertex 85.0171 -0.0389471 25.4
      vertex 85 -0.299999 34.4
      vertex 85 -0.299999 25.4
    endloop
  endfacet
  facet normal 0.19516 -0.980771 0
    outer loop
      vertex 86.4824 1.63185 25.4
      vertex 86.7389 1.68289 34.4
      vertex 86.4824 1.63185 34.4
    endloop
  endfacet
  facet normal 0.19516 -0.980771 0
    outer loop
      vertex 86.7389 1.68289 34.4
      vertex 86.4824 1.63185 25.4
      vertex 86.7389 1.68289 25.4
    endloop
  endfacet
  facet normal -0.997861 0.0653639 0
    outer loop
      vertex 88.9829 -0.561052 25.4
      vertex 89 -0.299999 34.4
      vertex 89 -0.299999 25.4
    endloop
  endfacet
  facet normal -0.997861 0.0653639 0
    outer loop
      vertex 89 -0.299999 34.4
      vertex 88.9829 -0.561052 25.4
      vertex 88.9829 -0.561052 34.4
    endloop
  endfacet
  facet normal -0.659343 0.751842 0
    outer loop
      vertex 88.4142 -1.71421 25.4
      vertex 88.2175 -1.88671 34.4
      vertex 88.4142 -1.71421 34.4
    endloop
  endfacet
  facet normal -0.659343 0.751842 0
    outer loop
      vertex 88.2175 -1.88671 34.4
      vertex 88.4142 -1.71421 25.4
      vertex 88.2175 -1.88671 25.4
    endloop
  endfacet
  facet normal -0.946923 0.32146 0
    outer loop
      vertex 88.8478 -1.06537 25.4
      vertex 88.9319 -0.817637 34.4
      vertex 88.9319 -0.817637 25.4
    endloop
  endfacet
  facet normal -0.946923 0.32146 0
    outer loop
      vertex 88.9319 -0.817637 34.4
      vertex 88.8478 -1.06537 25.4
      vertex 88.8478 -1.06537 34.4
    endloop
  endfacet
  facet normal -0.831544 0.555459 0
    outer loop
      vertex 88.5867 -1.51752 25.4
      vertex 88.732 -1.3 34.4
      vertex 88.732 -1.3 25.4
    endloop
  endfacet
  facet normal -0.831544 0.555459 0
    outer loop
      vertex 88.732 -1.3 34.4
      vertex 88.5867 -1.51752 25.4
      vertex 88.5867 -1.51752 34.4
    endloop
  endfacet
  facet normal -0.896731 0.442575 0
    outer loop
      vertex 88.732 -1.3 25.4
      vertex 88.8478 -1.06537 34.4
      vertex 88.8478 -1.06537 25.4
    endloop
  endfacet
  facet normal -0.896731 0.442575 0
    outer loop
      vertex 88.8478 -1.06537 34.4
      vertex 88.732 -1.3 25.4
      vertex 88.732 -1.3 34.4
    endloop
  endfacet
  facet normal 0.5556 0.83145 -0
    outer loop
      vertex 86 -2.03205 25.4
      vertex 85.7825 -1.88671 34.4
      vertex 86 -2.03205 34.4
    endloop
  endfacet
  facet normal 0.5556 0.83145 0
    outer loop
      vertex 85.7825 -1.88671 34.4
      vertex 86 -2.03205 25.4
      vertex 85.7825 -1.88671 25.4
    endloop
  endfacet
  facet normal 0.442344 0.896845 -0
    outer loop
      vertex 86.2346 -2.14776 25.4
      vertex 86 -2.03205 34.4
      vertex 86.2346 -2.14776 34.4
    endloop
  endfacet
  facet normal 0.442344 0.896845 0
    outer loop
      vertex 86 -2.03205 34.4
      vertex 86.2346 -2.14776 25.4
      vertex 86 -2.03205 25.4
    endloop
  endfacet
  facet normal 0.0653902 0.99786 -0
    outer loop
      vertex 87 -2.3 25.4
      vertex 86.7389 -2.28289 34.4
      vertex 87 -2.3 34.4
    endloop
  endfacet
  facet normal 0.0653902 0.99786 0
    outer loop
      vertex 86.7389 -2.28289 34.4
      vertex 87 -2.3 25.4
      vertex 86.7389 -2.28289 25.4
    endloop
  endfacet
  facet normal 0.659343 0.751842 -0
    outer loop
      vertex 85.7825 -1.88671 25.4
      vertex 85.5858 -1.71421 34.4
      vertex 85.7825 -1.88671 34.4
    endloop
  endfacet
  facet normal 0.659343 0.751842 0
    outer loop
      vertex 85.5858 -1.71421 34.4
      vertex 85.7825 -1.88671 25.4
      vertex 85.5858 -1.71421 25.4
    endloop
  endfacet
  facet normal -0.19516 -0.980771 0
    outer loop
      vertex 87.2611 1.68289 25.4
      vertex 87.5176 1.63185 34.4
      vertex 87.2611 1.68289 34.4
    endloop
  endfacet
  facet normal -0.19516 -0.980771 -0
    outer loop
      vertex 87.5176 1.63185 34.4
      vertex 87.2611 1.68289 25.4
      vertex 87.5176 1.63185 25.4
    endloop
  endfacet
  facet normal -0.442344 -0.896845 0
    outer loop
      vertex 87.7654 1.54776 25.4
      vertex 88 1.43205 34.4
      vertex 87.7654 1.54776 34.4
    endloop
  endfacet
  facet normal -0.442344 -0.896845 -0
    outer loop
      vertex 88 1.43205 34.4
      vertex 87.7654 1.54776 25.4
      vertex 88 1.43205 25.4
    endloop
  endfacet
  facet normal 0.997861 0.0653639 0
    outer loop
      vertex 85.0171 -0.561052 34.4
      vertex 85 -0.299999 25.4
      vertex 85 -0.299999 34.4
    endloop
  endfacet
  facet normal 0.997861 0.0653639 0
    outer loop
      vertex 85 -0.299999 25.4
      vertex 85.0171 -0.561052 34.4
      vertex 85.0171 -0.561052 25.4
    endloop
  endfacet
  facet normal 0.659343 -0.751842 0
    outer loop
      vertex 85.5858 1.11421 25.4
      vertex 85.7825 1.28671 34.4
      vertex 85.5858 1.11421 34.4
    endloop
  endfacet
  facet normal 0.659343 -0.751842 0
    outer loop
      vertex 85.7825 1.28671 34.4
      vertex 85.5858 1.11421 25.4
      vertex 85.7825 1.28671 25.4
    endloop
  endfacet
  facet normal -0.442344 0.896845 0
    outer loop
      vertex 88 -2.03205 25.4
      vertex 87.7654 -2.14776 34.4
      vertex 88 -2.03205 34.4
    endloop
  endfacet
  facet normal -0.442344 0.896845 0
    outer loop
      vertex 87.7654 -2.14776 34.4
      vertex 88 -2.03205 25.4
      vertex 87.7654 -2.14776 25.4
    endloop
  endfacet
  facet normal -0.0653902 0.99786 0
    outer loop
      vertex 87.2611 -2.28289 25.4
      vertex 87 -2.3 34.4
      vertex 87.2611 -2.28289 34.4
    endloop
  endfacet
  facet normal -0.0653902 0.99786 0
    outer loop
      vertex 87 -2.3 34.4
      vertex 87.2611 -2.28289 25.4
      vertex 87 -2.3 25.4
    endloop
  endfacet
  facet normal 0.896731 0.442575 0
    outer loop
      vertex 85.268 -1.3 34.4
      vertex 85.1522 -1.06537 25.4
      vertex 85.1522 -1.06537 34.4
    endloop
  endfacet
  facet normal 0.896731 0.442575 0
    outer loop
      vertex 85.1522 -1.06537 25.4
      vertex 85.268 -1.3 34.4
      vertex 85.268 -1.3 25.4
    endloop
  endfacet
  facet normal -0.997862 -0.0653521 0
    outer loop
      vertex 89 33 25.4
      vertex 88.9829 33.2611 34.4
      vertex 88.9829 33.2611 25.4
    endloop
  endfacet
  facet normal -0.997862 -0.0653521 0
    outer loop
      vertex 88.9829 33.2611 34.4
      vertex 89 33 25.4
      vertex 89 33 34.4
    endloop
  endfacet
  facet normal 0.0653521 -0.997862 0
    outer loop
      vertex 86.7389 34.9829 25.4
      vertex 87 35 34.4
      vertex 86.7389 34.9829 34.4
    endloop
  endfacet
  facet normal 0.0653521 -0.997862 0
    outer loop
      vertex 87 35 34.4
      vertex 86.7389 34.9829 25.4
      vertex 87 35 25.4
    endloop
  endfacet
  facet normal -0.659343 -0.751842 0
    outer loop
      vertex 88.2175 34.5867 25.4
      vertex 88.4142 34.4142 34.4
      vertex 88.2175 34.5867 34.4
    endloop
  endfacet
  facet normal -0.659343 -0.751842 -0
    outer loop
      vertex 88.4142 34.4142 34.4
      vertex 88.2175 34.5867 25.4
      vertex 88.4142 34.4142 25.4
    endloop
  endfacet
  facet normal 0.751842 -0.659343 0
    outer loop
      vertex 85.4133 34.2175 34.4
      vertex 85.5858 34.4142 25.4
      vertex 85.5858 34.4142 34.4
    endloop
  endfacet
  facet normal 0.751842 -0.659343 0
    outer loop
      vertex 85.5858 34.4142 25.4
      vertex 85.4133 34.2175 34.4
      vertex 85.4133 34.2175 25.4
    endloop
  endfacet
  facet normal 0.442621 -0.896709 0
    outer loop
      vertex 86 34.732 25.4
      vertex 86.2346 34.8478 34.4
      vertex 86 34.732 34.4
    endloop
  endfacet
  facet normal 0.442621 -0.896709 0
    outer loop
      vertex 86.2346 34.8478 34.4
      vertex 86 34.732 25.4
      vertex 86.2346 34.8478 25.4
    endloop
  endfacet
  facet normal -0.896709 -0.442621 0
    outer loop
      vertex 88.8478 33.7654 25.4
      vertex 88.732 34 34.4
      vertex 88.732 34 25.4
    endloop
  endfacet
  facet normal -0.896709 -0.442621 0
    outer loop
      vertex 88.732 34 34.4
      vertex 88.8478 33.7654 25.4
      vertex 88.8478 33.7654 34.4
    endloop
  endfacet
  facet normal -0.980801 -0.195013 0
    outer loop
      vertex 88.9829 33.2611 25.4
      vertex 88.9319 33.5176 34.4
      vertex 88.9319 33.5176 25.4
    endloop
  endfacet
  facet normal -0.980801 -0.195013 0
    outer loop
      vertex 88.9319 33.5176 34.4
      vertex 88.9829 33.2611 25.4
      vertex 88.9829 33.2611 34.4
    endloop
  endfacet
  facet normal -0.831521 -0.555494 0
    outer loop
      vertex 88.732 34 25.4
      vertex 88.5867 34.2175 34.4
      vertex 88.5867 34.2175 25.4
    endloop
  endfacet
  facet normal -0.831521 -0.555494 0
    outer loop
      vertex 88.5867 34.2175 34.4
      vertex 88.732 34 25.4
      vertex 88.732 34 34.4
    endloop
  endfacet
  facet normal -0.321382 -0.94695 0
    outer loop
      vertex 87.5176 34.9319 25.4
      vertex 87.7654 34.8478 34.4
      vertex 87.5176 34.9319 34.4
    endloop
  endfacet
  facet normal -0.321382 -0.94695 -0
    outer loop
      vertex 87.7654 34.8478 34.4
      vertex 87.5176 34.9319 25.4
      vertex 87.7654 34.8478 25.4
    endloop
  endfacet
  facet normal -0.555494 -0.831521 0
    outer loop
      vertex 88 34.732 25.4
      vertex 88.2175 34.5867 34.4
      vertex 88 34.732 34.4
    endloop
  endfacet
  facet normal -0.555494 -0.831521 -0
    outer loop
      vertex 88.2175 34.5867 34.4
      vertex 88 34.732 25.4
      vertex 88.2175 34.5867 25.4
    endloop
  endfacet
  facet normal 0.94695 -0.321382 0
    outer loop
      vertex 85.0681 33.5176 34.4
      vertex 85.1522 33.7654 25.4
      vertex 85.1522 33.7654 34.4
    endloop
  endfacet
  facet normal 0.94695 -0.321382 0
    outer loop
      vertex 85.1522 33.7654 25.4
      vertex 85.0681 33.5176 34.4
      vertex 85.0681 33.5176 25.4
    endloop
  endfacet
  facet normal 0.831521 -0.555494 0
    outer loop
      vertex 85.268 34 34.4
      vertex 85.4133 34.2175 25.4
      vertex 85.4133 34.2175 34.4
    endloop
  endfacet
  facet normal 0.831521 -0.555494 0
    outer loop
      vertex 85.4133 34.2175 25.4
      vertex 85.268 34 34.4
      vertex 85.268 34 25.4
    endloop
  endfacet
  facet normal 0.980801 -0.195013 0
    outer loop
      vertex 85.0171 33.2611 34.4
      vertex 85.0681 33.5176 25.4
      vertex 85.0681 33.5176 34.4
    endloop
  endfacet
  facet normal 0.980801 -0.195013 0
    outer loop
      vertex 85.0681 33.5176 25.4
      vertex 85.0171 33.2611 34.4
      vertex 85.0171 33.2611 25.4
    endloop
  endfacet
  facet normal 0.555494 -0.831521 0
    outer loop
      vertex 85.7825 34.5867 25.4
      vertex 86 34.732 34.4
      vertex 85.7825 34.5867 34.4
    endloop
  endfacet
  facet normal 0.555494 -0.831521 0
    outer loop
      vertex 86 34.732 34.4
      vertex 85.7825 34.5867 25.4
      vertex 86 34.732 25.4
    endloop
  endfacet
  facet normal 0.195013 -0.980801 0
    outer loop
      vertex 86.4824 34.9319 25.4
      vertex 86.7389 34.9829 34.4
      vertex 86.4824 34.9319 34.4
    endloop
  endfacet
  facet normal 0.195013 -0.980801 0
    outer loop
      vertex 86.7389 34.9829 34.4
      vertex 86.4824 34.9319 25.4
      vertex 86.7389 34.9829 25.4
    endloop
  endfacet
  facet normal -0.442314 0.89686 0
    outer loop
      vertex 88 31.2679 25.4
      vertex 87.7654 31.1522 34.4
      vertex 88 31.2679 34.4
    endloop
  endfacet
  facet normal -0.442314 0.89686 0
    outer loop
      vertex 87.7654 31.1522 34.4
      vertex 88 31.2679 25.4
      vertex 87.7654 31.1522 25.4
    endloop
  endfacet
  facet normal -0.195013 0.980801 0
    outer loop
      vertex 87.5176 31.0681 25.4
      vertex 87.2611 31.0171 34.4
      vertex 87.5176 31.0681 34.4
    endloop
  endfacet
  facet normal -0.195013 0.980801 0
    outer loop
      vertex 87.2611 31.0171 34.4
      vertex 87.5176 31.0681 25.4
      vertex 87.2611 31.0171 25.4
    endloop
  endfacet
  facet normal -0.555758 0.831344 0
    outer loop
      vertex 88.2175 31.4133 25.4
      vertex 88 31.2679 34.4
      vertex 88.2175 31.4133 34.4
    endloop
  endfacet
  facet normal -0.555758 0.831344 0
    outer loop
      vertex 88 31.2679 34.4
      vertex 88.2175 31.4133 25.4
      vertex 88 31.2679 25.4
    endloop
  endfacet
  facet normal -0.980801 0.195013 0
    outer loop
      vertex 88.9319 32.4824 25.4
      vertex 88.9829 32.7389 34.4
      vertex 88.9829 32.7389 25.4
    endloop
  endfacet
  facet normal -0.980801 0.195013 0
    outer loop
      vertex 88.9829 32.7389 34.4
      vertex 88.9319 32.4824 25.4
      vertex 88.9319 32.4824 34.4
    endloop
  endfacet
  facet normal 0.195013 0.980801 -0
    outer loop
      vertex 86.7389 31.0171 25.4
      vertex 86.4824 31.0681 34.4
      vertex 86.7389 31.0171 34.4
    endloop
  endfacet
  facet normal 0.195013 0.980801 0
    outer loop
      vertex 86.4824 31.0681 34.4
      vertex 86.7389 31.0171 25.4
      vertex 86.4824 31.0681 25.4
    endloop
  endfacet
  facet normal 0.831521 0.555494 0
    outer loop
      vertex 85.4133 31.7825 34.4
      vertex 85.268 32 25.4
      vertex 85.268 32 34.4
    endloop
  endfacet
  facet normal 0.831521 0.555494 0
    outer loop
      vertex 85.268 32 25.4
      vertex 85.4133 31.7825 34.4
      vertex 85.4133 31.7825 25.4
    endloop
  endfacet
  facet normal 0.980801 0.195013 0
    outer loop
      vertex 85.0681 32.4824 34.4
      vertex 85.0171 32.7389 25.4
      vertex 85.0171 32.7389 34.4
    endloop
  endfacet
  facet normal 0.980801 0.195013 0
    outer loop
      vertex 85.0171 32.7389 25.4
      vertex 85.0681 32.4824 34.4
      vertex 85.0681 32.4824 25.4
    endloop
  endfacet
  facet normal -0.94695 -0.321382 0
    outer loop
      vertex 88.9319 33.5176 25.4
      vertex 88.8478 33.7654 34.4
      vertex 88.8478 33.7654 25.4
    endloop
  endfacet
  facet normal -0.94695 -0.321382 0
    outer loop
      vertex 88.8478 33.7654 34.4
      vertex 88.9319 33.5176 25.4
      vertex 88.9319 33.5176 34.4
    endloop
  endfacet
  facet normal -0.751842 -0.659343 0
    outer loop
      vertex 88.5867 34.2175 25.4
      vertex 88.4142 34.4142 34.4
      vertex 88.4142 34.4142 25.4
    endloop
  endfacet
  facet normal -0.751842 -0.659343 0
    outer loop
      vertex 88.4142 34.4142 34.4
      vertex 88.5867 34.2175 25.4
      vertex 88.5867 34.2175 34.4
    endloop
  endfacet
  facet normal -0.195013 -0.980801 0
    outer loop
      vertex 87.2611 34.9829 25.4
      vertex 87.5176 34.9319 34.4
      vertex 87.2611 34.9829 34.4
    endloop
  endfacet
  facet normal -0.195013 -0.980801 -0
    outer loop
      vertex 87.5176 34.9319 34.4
      vertex 87.2611 34.9829 25.4
      vertex 87.5176 34.9319 25.4
    endloop
  endfacet
  facet normal -0.0653521 -0.997862 0
    outer loop
      vertex 87 35 25.4
      vertex 87.2611 34.9829 34.4
      vertex 87 35 34.4
    endloop
  endfacet
  facet normal -0.0653521 -0.997862 -0
    outer loop
      vertex 87.2611 34.9829 34.4
      vertex 87 35 25.4
      vertex 87.2611 34.9829 25.4
    endloop
  endfacet
  facet normal -0.442621 -0.896709 0
    outer loop
      vertex 87.7654 34.8478 25.4
      vertex 88 34.732 34.4
      vertex 87.7654 34.8478 34.4
    endloop
  endfacet
  facet normal -0.442621 -0.896709 -0
    outer loop
      vertex 88 34.732 34.4
      vertex 87.7654 34.8478 25.4
      vertex 88 34.732 25.4
    endloop
  endfacet
  facet normal 0 0 1
    outer loop
      vertex 88.9829 33.2611 25.4
      vertex 88.9829 32.7389 25.4
      vertex 89 33 25.4
    endloop
  endfacet
  facet normal 0 0 1
    outer loop
      vertex 88.9319 33.5176 25.4
      vertex 88.9829 32.7389 25.4
      vertex 88.9829 33.2611 25.4
    endloop
  endfacet
  facet normal 0 0 1
    outer loop
      vertex 88.9319 33.5176 25.4
      vertex 88.9319 32.4824 25.4
      vertex 88.9829 32.7389 25.4
    endloop
  endfacet
  facet normal 0 0 1
    outer loop
      vertex 88.8478 33.7654 25.4
      vertex 88.9319 32.4824 25.4
      vertex 88.9319 33.5176 25.4
    endloop
  endfacet
  facet normal 0 0 1
    outer loop
      vertex 88.8478 33.7654 25.4
      vertex 88.8478 32.2346 25.4
      vertex 88.9319 32.4824 25.4
    endloop
  endfacet
  facet normal 0 0 1
    outer loop
      vertex 88.732 34 25.4
      vertex 88.8478 32.2346 25.4
      vertex 88.8478 33.7654 25.4
    endloop
  endfacet
  facet normal 0 0 1
    outer loop
      vertex 88.732 34 25.4
      vertex 88.732 32 25.4
      vertex 88.8478 32.2346 25.4
    endloop
  endfacet
  facet normal 0 0 1
    outer loop
      vertex 88.5867 34.2175 25.4
      vertex 88.732 32 25.4
      vertex 88.732 34 25.4
    endloop
  endfacet
  facet normal 0 0 1
    outer loop
      vertex 88.5867 34.2175 25.4
      vertex 88.5867 31.7825 25.4
      vertex 88.732 32 25.4
    endloop
  endfacet
  facet normal 0 0 1
    outer loop
      vertex 88.4142 34.4142 25.4
      vertex 88.5867 31.7825 25.4
      vertex 88.5867 34.2175 25.4
    endloop
  endfacet
  facet normal 0 0 1
    outer loop
      vertex 88.4142 34.4142 25.4
      vertex 88.4142 31.5858 25.4
      vertex 88.5867 31.7825 25.4
    endloop
  endfacet
  facet normal 0 0 1
    outer loop
      vertex 88.2175 34.5867 25.4
      vertex 88.4142 31.5858 25.4
      vertex 88.4142 34.4142 25.4
    endloop
  endfacet
  facet normal 0 0 1
    outer loop
      vertex 88.2175 34.5867 25.4
      vertex 88.2175 31.4133 25.4
      vertex 88.4142 31.5858 25.4
    endloop
  endfacet
  facet normal 0 0 1
    outer loop
      vertex 88 34.732 25.4
      vertex 88.2175 31.4133 25.4
      vertex 88.2175 34.5867 25.4
    endloop
  endfacet
  facet normal 0 0 1
    outer loop
      vertex 88 34.732 25.4
      vertex 88 31.2679 25.4
      vertex 88.2175 31.4133 25.4
    endloop
  endfacet
  facet normal 0 0 1
    outer loop
      vertex 87.7654 34.8478 25.4
      vertex 88 31.2679 25.4
      vertex 88 34.732 25.4
    endloop
  endfacet
  facet normal 0 0 1
    outer loop
      vertex 87.7654 34.8478 25.4
      vertex 87.7654 31.1522 25.4
      vertex 88 31.2679 25.4
    endloop
  endfacet
  facet normal 0 0 1
    outer loop
      vertex 87.5176 34.9319 25.4
      vertex 87.7654 31.1522 25.4
      vertex 87.7654 34.8478 25.4
    endloop
  endfacet
  facet normal 0 0 1
    outer loop
      vertex 87.5176 34.9319 25.4
      vertex 87.5176 31.0681 25.4
      vertex 87.7654 31.1522 25.4
    endloop
  endfacet
  facet normal 0 0 1
    outer loop
      vertex 87.2611 34.9829 25.4
      vertex 87.5176 31.0681 25.4
      vertex 87.5176 34.9319 25.4
    endloop
  endfacet
  facet normal 0 0 1
    outer loop
      vertex 87.2611 34.9829 25.4
      vertex 87.2611 31.0171 25.4
      vertex 87.5176 31.0681 25.4
    endloop
  endfacet
  facet normal 0 0 1
    outer loop
      vertex 87 35 25.4
      vertex 87.2611 31.0171 25.4
      vertex 87.2611 34.9829 25.4
    endloop
  endfacet
  facet normal 0 0 1
    outer loop
      vertex 87 35 25.4
      vertex 87 31 25.4
      vertex 87.2611 31.0171 25.4
    endloop
  endfacet
  facet normal -0 0 1
    outer loop
      vertex 86.7389 34.9829 25.4
      vertex 87 31 25.4
      vertex 87 35 25.4
    endloop
  endfacet
  facet normal 0 0 1
    outer loop
      vertex 86.7389 34.9829 25.4
      vertex 86.7389 31.0171 25.4
      vertex 87 31 25.4
    endloop
  endfacet
  facet normal -0 0 1
    outer loop
      vertex 86.4824 34.9319 25.4
      vertex 86.7389 31.0171 25.4
      vertex 86.7389 34.9829 25.4
    endloop
  endfacet
  facet normal 0 0 1
    outer loop
      vertex 86.4824 34.9319 25.4
      vertex 86.4824 31.0681 25.4
      vertex 86.7389 31.0171 25.4
    endloop
  endfacet
  facet normal -0 0 1
    outer loop
      vertex 86.2346 34.8478 25.4
      vertex 86.4824 31.0681 25.4
      vertex 86.4824 34.9319 25.4
    endloop
  endfacet
  facet normal 0 0 1
    outer loop
      vertex 86.2346 34.8478 25.4
      vertex 86.2346 31.1522 25.4
      vertex 86.4824 31.0681 25.4
    endloop
  endfacet
  facet normal -0 0 1
    outer loop
      vertex 86 34.732 25.4
      vertex 86.2346 31.1522 25.4
      vertex 86.2346 34.8478 25.4
    endloop
  endfacet
  facet normal 0 0 1
    outer loop
      vertex 86 34.732 25.4
      vertex 86 31.2679 25.4
      vertex 86.2346 31.1522 25.4
    endloop
  endfacet
  facet normal -0 0 1
    outer loop
      vertex 85.7825 34.5867 25.4
      vertex 86 31.2679 25.4
      vertex 86 34.732 25.4
    endloop
  endfacet
  facet normal 0 0 1
    outer loop
      vertex 85.7825 34.5867 25.4
      vertex 85.7825 31.4133 25.4
      vertex 86 31.2679 25.4
    endloop
  endfacet
  facet normal -0 0 1
    outer loop
      vertex 85.5858 34.4142 25.4
      vertex 85.7825 31.4133 25.4
      vertex 85.7825 34.5867 25.4
    endloop
  endfacet
  facet normal 0 0 1
    outer loop
      vertex 85.5858 34.4142 25.4
      vertex 85.5858 31.5858 25.4
      vertex 85.7825 31.4133 25.4
    endloop
  endfacet
  facet normal -0 0 1
    outer loop
      vertex 85.4133 34.2175 25.4
      vertex 85.5858 31.5858 25.4
      vertex 85.5858 34.4142 25.4
    endloop
  endfacet
  facet normal 0 0 1
    outer loop
      vertex 85.4133 34.2175 25.4
      vertex 85.4133 31.7825 25.4
      vertex 85.5858 31.5858 25.4
    endloop
  endfacet
  facet normal -0 0 1
    outer loop
      vertex 85.268 34 25.4
      vertex 85.4133 31.7825 25.4
      vertex 85.4133 34.2175 25.4
    endloop
  endfacet
  facet normal 0 0 1
    outer loop
      vertex 85.268 34 25.4
      vertex 85.268 32 25.4
      vertex 85.4133 31.7825 25.4
    endloop
  endfacet
  facet normal -0 0 1
    outer loop
      vertex 85.1522 33.7654 25.4
      vertex 85.268 32 25.4
      vertex 85.268 34 25.4
    endloop
  endfacet
  facet normal 0 0 1
    outer loop
      vertex 85.1522 33.7654 25.4
      vertex 85.1522 32.2346 25.4
      vertex 85.268 32 25.4
    endloop
  endfacet
  facet normal -0 0 1
    outer loop
      vertex 85.0681 33.5176 25.4
      vertex 85.1522 32.2346 25.4
      vertex 85.1522 33.7654 25.4
    endloop
  endfacet
  facet normal 0 0 1
    outer loop
      vertex 85.0681 33.5176 25.4
      vertex 85.0681 32.4824 25.4
      vertex 85.1522 32.2346 25.4
    endloop
  endfacet
  facet normal -0 0 1
    outer loop
      vertex 85.0171 33.2611 25.4
      vertex 85.0681 32.4824 25.4
      vertex 85.0681 33.5176 25.4
    endloop
  endfacet
  facet normal 0 0 1
    outer loop
      vertex 85.0171 33.2611 25.4
      vertex 85.0171 32.7389 25.4
      vertex 85.0681 32.4824 25.4
    endloop
  endfacet
  facet normal 0 -0 1
    outer loop
      vertex 85.0171 32.7389 25.4
      vertex 85.0171 33.2611 25.4
      vertex 85 33 25.4
    endloop
  endfacet
  facet normal 0.896709 -0.442621 0
    outer loop
      vertex 85.1522 33.7654 34.4
      vertex 85.268 34 25.4
      vertex 85.268 34 34.4
    endloop
  endfacet
  facet normal 0.896709 -0.442621 0
    outer loop
      vertex 85.268 34 25.4
      vertex 85.1522 33.7654 34.4
      vertex 85.1522 33.7654 25.4
    endloop
  endfacet
  facet normal 0.997862 -0.0653521 0
    outer loop
      vertex 85 33 34.4
      vertex 85.0171 33.2611 25.4
      vertex 85.0171 33.2611 34.4
    endloop
  endfacet
  facet normal 0.997862 -0.0653521 0
    outer loop
      vertex 85.0171 33.2611 25.4
      vertex 85 33 34.4
      vertex 85 33 25.4
    endloop
  endfacet
  facet normal 0.659343 -0.751842 0
    outer loop
      vertex 85.5858 34.4142 25.4
      vertex 85.7825 34.5867 34.4
      vertex 85.5858 34.4142 34.4
    endloop
  endfacet
  facet normal 0.659343 -0.751842 0
    outer loop
      vertex 85.7825 34.5867 34.4
      vertex 85.5858 34.4142 25.4
      vertex 85.7825 34.5867 25.4
    endloop
  endfacet
  facet normal 0.321382 -0.94695 0
    outer loop
      vertex 86.2346 34.8478 25.4
      vertex 86.4824 34.9319 34.4
      vertex 86.2346 34.8478 34.4
    endloop
  endfacet
  facet normal 0.321382 -0.94695 0
    outer loop
      vertex 86.4824 34.9319 34.4
      vertex 86.2346 34.8478 25.4
      vertex 86.4824 34.9319 25.4
    endloop
  endfacet
  facet normal -0.997862 0.0653521 0
    outer loop
      vertex 88.9829 32.7389 25.4
      vertex 89 33 34.4
      vertex 89 33 25.4
    endloop
  endfacet
  facet normal -0.997862 0.0653521 0
    outer loop
      vertex 89 33 34.4
      vertex 88.9829 32.7389 25.4
      vertex 88.9829 32.7389 34.4
    endloop
  endfacet
  facet normal -0.321382 0.94695 0
    outer loop
      vertex 87.7654 31.1522 25.4
      vertex 87.5176 31.0681 34.4
      vertex 87.7654 31.1522 34.4
    endloop
  endfacet
  facet normal -0.321382 0.94695 0
    outer loop
      vertex 87.5176 31.0681 34.4
      vertex 87.7654 31.1522 25.4
      vertex 87.5176 31.0681 25.4
    endloop
  endfacet
  facet normal -0.659343 0.751842 0
    outer loop
      vertex 88.4142 31.5858 25.4
      vertex 88.2175 31.4133 34.4
      vertex 88.4142 31.5858 34.4
    endloop
  endfacet
  facet normal -0.659343 0.751842 0
    outer loop
      vertex 88.2175 31.4133 34.4
      vertex 88.4142 31.5858 25.4
      vertex 88.2175 31.4133 25.4
    endloop
  endfacet
  facet normal -0.831521 0.555494 0
    outer loop
      vertex 88.5867 31.7825 25.4
      vertex 88.732 32 34.4
      vertex 88.732 32 25.4
    endloop
  endfacet
  facet normal -0.831521 0.555494 0
    outer loop
      vertex 88.732 32 34.4
      vertex 88.5867 31.7825 25.4
      vertex 88.5867 31.7825 34.4
    endloop
  endfacet
  facet normal -0.94695 0.321382 0
    outer loop
      vertex 88.8478 32.2346 25.4
      vertex 88.9319 32.4824 34.4
      vertex 88.9319 32.4824 25.4
    endloop
  endfacet
  facet normal -0.94695 0.321382 0
    outer loop
      vertex 88.9319 32.4824 34.4
      vertex 88.8478 32.2346 25.4
      vertex 88.8478 32.2346 34.4
    endloop
  endfacet
  facet normal 0.555758 0.831344 -0
    outer loop
      vertex 86 31.2679 25.4
      vertex 85.7825 31.4133 34.4
      vertex 86 31.2679 34.4
    endloop
  endfacet
  facet normal 0.555758 0.831344 0
    outer loop
      vertex 85.7825 31.4133 34.4
      vertex 86 31.2679 25.4
      vertex 85.7825 31.4133 25.4
    endloop
  endfacet
  facet normal 0.321382 0.94695 -0
    outer loop
      vertex 86.4824 31.0681 25.4
      vertex 86.2346 31.1522 34.4
      vertex 86.4824 31.0681 34.4
    endloop
  endfacet
  facet normal 0.321382 0.94695 0
    outer loop
      vertex 86.2346 31.1522 34.4
      vertex 86.4824 31.0681 25.4
      vertex 86.2346 31.1522 25.4
    endloop
  endfacet
  facet normal 0.0653521 0.997862 -0
    outer loop
      vertex 87 31 25.4
      vertex 86.7389 31.0171 34.4
      vertex 87 31 34.4
    endloop
  endfacet
  facet normal 0.0653521 0.997862 0
    outer loop
      vertex 86.7389 31.0171 34.4
      vertex 87 31 25.4
      vertex 86.7389 31.0171 25.4
    endloop
  endfacet
  facet normal 0.751842 0.659343 0
    outer loop
      vertex 85.5858 31.5858 34.4
      vertex 85.4133 31.7825 25.4
      vertex 85.4133 31.7825 34.4
    endloop
  endfacet
  facet normal 0.751842 0.659343 0
    outer loop
      vertex 85.4133 31.7825 25.4
      vertex 85.5858 31.5858 34.4
      vertex 85.5858 31.5858 25.4
    endloop
  endfacet
  facet normal 0.94695 0.321382 0
    outer loop
      vertex 85.1522 32.2346 34.4
      vertex 85.0681 32.4824 25.4
      vertex 85.0681 32.4824 34.4
    endloop
  endfacet
  facet normal 0.94695 0.321382 0
    outer loop
      vertex 85.0681 32.4824 25.4
      vertex 85.1522 32.2346 34.4
      vertex 85.1522 32.2346 25.4
    endloop
  endfacet
  facet normal 0.997862 0.0653521 0
    outer loop
      vertex 85.0171 32.7389 34.4
      vertex 85 33 25.4
      vertex 85 33 34.4
    endloop
  endfacet
  facet normal 0.997862 0.0653521 0
    outer loop
      vertex 85 33 25.4
      vertex 85.0171 32.7389 34.4
      vertex 85.0171 32.7389 25.4
    endloop
  endfacet
  facet normal -0.751842 0.659343 0
    outer loop
      vertex 88.4142 31.5858 25.4
      vertex 88.5867 31.7825 34.4
      vertex 88.5867 31.7825 25.4
    endloop
  endfacet
  facet normal -0.751842 0.659343 0
    outer loop
      vertex 88.5867 31.7825 34.4
      vertex 88.4142 31.5858 25.4
      vertex 88.4142 31.5858 34.4
    endloop
  endfacet
  facet normal -0.896709 0.442621 0
    outer loop
      vertex 88.732 32 25.4
      vertex 88.8478 32.2346 34.4
      vertex 88.8478 32.2346 25.4
    endloop
  endfacet
  facet normal -0.896709 0.442621 0
    outer loop
      vertex 88.8478 32.2346 34.4
      vertex 88.732 32 25.4
      vertex 88.732 32 34.4
    endloop
  endfacet
  facet normal 0.442314 0.89686 -0
    outer loop
      vertex 86.2346 31.1522 25.4
      vertex 86 31.2679 34.4
      vertex 86.2346 31.1522 34.4
    endloop
  endfacet
  facet normal 0.442314 0.89686 0
    outer loop
      vertex 86 31.2679 34.4
      vertex 86.2346 31.1522 25.4
      vertex 86 31.2679 25.4
    endloop
  endfacet
  facet normal -0.0653521 0.997862 0
    outer loop
      vertex 87.2611 31.0171 25.4
      vertex 87 31 34.4
      vertex 87.2611 31.0171 34.4
    endloop
  endfacet
  facet normal -0.0653521 0.997862 0
    outer loop
      vertex 87 31 34.4
      vertex 87.2611 31.0171 25.4
      vertex 87 31 25.4
    endloop
  endfacet
  facet normal 0.659343 0.751842 -0
    outer loop
      vertex 85.7825 31.4133 25.4
      vertex 85.5858 31.5858 34.4
      vertex 85.7825 31.4133 34.4
    endloop
  endfacet
  facet normal 0.659343 0.751842 0
    outer loop
      vertex 85.5858 31.5858 34.4
      vertex 85.7825 31.4133 25.4
      vertex 85.5858 31.5858 25.4
    endloop
  endfacet
  facet normal 0.896709 0.442621 0
    outer loop
      vertex 85.268 32 34.4
      vertex 85.1522 32.2346 25.4
      vertex 85.1522 32.2346 34.4
    endloop
  endfacet
  facet normal 0.896709 0.442621 0
    outer loop
      vertex 85.1522 32.2346 25.4
      vertex 85.268 32 34.4
      vertex 85.268 32 25.4
    endloop
  endfacet
  facet normal 0 -0.997844 0.0656309
    outer loop
      vertex 0 21.2397 30.6434
      vertex 2 21.25 30.8
      vertex 0 21.25 30.8
    endloop
  endfacet
  facet normal 0 -0.997844 0.0656309
    outer loop
      vertex 2 21.25 30.8
      vertex 0 21.2397 30.6434
      vertex 2 21.2397 30.6434
    endloop
  endfacet
  facet normal -0 0.555582 0.831462
    outer loop
      vertex 0 12.05 29.7608
      vertex 2 11.9195 29.848
      vertex 2 12.05 29.7608
    endloop
  endfacet
  facet normal 0 0.555582 0.831462
    outer loop
      vertex 2 11.9195 29.848
      vertex 0 12.05 29.7608
      vertex 0 11.9195 29.848
    endloop
  endfacet
  facet normal 0 0.896708 0.442622
    outer loop
      vertex 2 11.6108 30.2
      vertex 0 11.5413 30.3408
      vertex 2 11.5413 30.3408
    endloop
  endfacet
  facet normal 0 0.896708 0.442622
    outer loop
      vertex 0 11.5413 30.3408
      vertex 2 11.6108 30.2
      vertex 0 11.6108 30.2
    endloop
  endfacet
  facet normal 0 -0.0656309 0.997844
    outer loop
      vertex 0 20.2066 29.6103
      vertex 2 20.05 29.6
      vertex 2 20.2066 29.6103
    endloop
  endfacet
  facet normal 0 -0.0656309 0.997844
    outer loop
      vertex 2 20.05 29.6
      vertex 0 20.2066 29.6103
      vertex 0 20.05 29.6
    endloop
  endfacet
  facet normal -0 0 1
    outer loop
      vertex 0 20.05 29.6
      vertex 2 12.65 29.6
      vertex 2 20.05 29.6
    endloop
  endfacet
  facet normal 0 0 1
    outer loop
      vertex 2 12.65 29.6
      vertex 0 20.05 29.6
      vertex 0 12.65 29.6
    endloop
  endfacet
  facet normal -0 0.321194 0.947013
    outer loop
      vertex 0 12.3394 29.6409
      vertex 2 12.1908 29.6913
      vertex 2 12.3394 29.6409
    endloop
  endfacet
  facet normal 0 0.321194 0.947013
    outer loop
      vertex 2 12.1908 29.6913
      vertex 0 12.3394 29.6409
      vertex 0 12.1908 29.6913
    endloop
  endfacet
  facet normal 0 0.997844 0.0656309
    outer loop
      vertex 2 11.4603 30.6434
      vertex 0 11.45 30.8
      vertex 2 11.45 30.8
    endloop
  endfacet
  facet normal 0 0.997844 0.0656309
    outer loop
      vertex 0 11.45 30.8
      vertex 2 11.4603 30.6434
      vertex 0 11.4603 30.6434
    endloop
  endfacet
  facet normal -0 0.659406 0.751787
    outer loop
      vertex 0 11.9195 29.848
      vertex 2 11.8015 29.9515
      vertex 2 11.9195 29.848
    endloop
  endfacet
  facet normal 0 0.659406 0.751787
    outer loop
      vertex 2 11.8015 29.9515
      vertex 0 11.9195 29.848
      vertex 0 11.8015 29.9515
    endloop
  endfacet
  facet normal 0 0.194891 -0.980825
    outer loop
      vertex 0 12.3394 33.7591
      vertex 2 12.4934 33.7897
      vertex 2 12.3394 33.7591
    endloop
  endfacet
  facet normal 0 0.194891 -0.980825
    outer loop
      vertex 2 12.4934 33.7897
      vertex 0 12.3394 33.7591
      vertex 0 12.4934 33.7897
    endloop
  endfacet
  facet normal 0 -0.194891 0.980825
    outer loop
      vertex 0 20.3606 29.6409
      vertex 2 20.2066 29.6103
      vertex 2 20.3606 29.6409
    endloop
  endfacet
  facet normal 0 -0.194891 0.980825
    outer loop
      vertex 2 20.2066 29.6103
      vertex 0 20.3606 29.6409
      vertex 0 20.2066 29.6103
    endloop
  endfacet
  facet normal -0 0.194891 0.980825
    outer loop
      vertex 0 12.4934 29.6103
      vertex 2 12.3394 29.6409
      vertex 2 12.4934 29.6103
    endloop
  endfacet
  facet normal 0 0.194891 0.980825
    outer loop
      vertex 2 12.3394 29.6409
      vertex 0 12.4934 29.6103
      vertex 0 12.3394 29.6409
    endloop
  endfacet
  facet normal -0 0.442622 0.896708
    outer loop
      vertex 0 12.1908 29.6913
      vertex 2 12.05 29.7608
      vertex 2 12.1908 29.6913
    endloop
  endfacet
  facet normal 0 0.442622 0.896708
    outer loop
      vertex 2 12.05 29.7608
      vertex 0 12.1908 29.6913
      vertex 0 12.05 29.7608
    endloop
  endfacet
  facet normal 0 0.947013 0.321194
    outer loop
      vertex 2 11.5413 30.3408
      vertex 0 11.4909 30.4894
      vertex 2 11.4909 30.4894
    endloop
  endfacet
  facet normal 0 0.947013 0.321194
    outer loop
      vertex 0 11.4909 30.4894
      vertex 2 11.5413 30.3408
      vertex 0 11.5413 30.3408
    endloop
  endfacet
  facet normal 0 -0.442622 -0.896708
    outer loop
      vertex 0 20.5092 33.7087
      vertex 2 20.65 33.6392
      vertex 2 20.5092 33.7087
    endloop
  endfacet
  facet normal -0 -0.442622 -0.896708
    outer loop
      vertex 2 20.65 33.6392
      vertex 0 20.5092 33.7087
      vertex 0 20.65 33.6392
    endloop
  endfacet
  facet normal 0 0.0656309 -0.997844
    outer loop
      vertex 0 12.4934 33.7897
      vertex 2 12.65 33.8
      vertex 2 12.4934 33.7897
    endloop
  endfacet
  facet normal 0 0.0656309 -0.997844
    outer loop
      vertex 2 12.65 33.8
      vertex 0 12.4934 33.7897
      vertex 0 12.65 33.8
    endloop
  endfacet
  facet normal 0 -0.980825 0.194891
    outer loop
      vertex 0 21.2091 30.4894
      vertex 2 21.2397 30.6434
      vertex 0 21.2397 30.6434
    endloop
  endfacet
  facet normal 0 -0.980825 0.194891
    outer loop
      vertex 2 21.2397 30.6434
      vertex 0 21.2091 30.4894
      vertex 2 21.2091 30.4894
    endloop
  endfacet
  facet normal 0 -0.321194 0.947013
    outer loop
      vertex 0 20.5092 29.6913
      vertex 2 20.3606 29.6409
      vertex 2 20.5092 29.6913
    endloop
  endfacet
  facet normal 0 -0.321194 0.947013
    outer loop
      vertex 2 20.3606 29.6409
      vertex 0 20.5092 29.6913
      vertex 0 20.3606 29.6409
    endloop
  endfacet
  facet normal -0 0.0656309 0.997844
    outer loop
      vertex 0 12.65 29.6
      vertex 2 12.4934 29.6103
      vertex 2 12.65 29.6
    endloop
  endfacet
  facet normal 0 0.0656309 0.997844
    outer loop
      vertex 2 12.4934 29.6103
      vertex 0 12.65 29.6
      vertex 0 12.4934 29.6103
    endloop
  endfacet
  facet normal 0 0.831462 0.555582
    outer loop
      vertex 2 11.698 30.0695
      vertex 0 11.6108 30.2
      vertex 2 11.6108 30.2
    endloop
  endfacet
  facet normal 0 0.831462 0.555582
    outer loop
      vertex 0 11.6108 30.2
      vertex 2 11.698 30.0695
      vertex 0 11.698 30.0695
    endloop
  endfacet
  facet normal 0 0.980825 0.194891
    outer loop
      vertex 2 11.4909 30.4894
      vertex 0 11.4603 30.6434
      vertex 2 11.4603 30.6434
    endloop
  endfacet
  facet normal 0 0.980825 0.194891
    outer loop
      vertex 0 11.4603 30.6434
      vertex 2 11.4909 30.4894
      vertex 0 11.4909 30.4894
    endloop
  endfacet
  facet normal 0 -0.0656309 -0.997844
    outer loop
      vertex 0 20.05 33.8
      vertex 2 20.2066 33.7897
      vertex 2 20.05 33.8
    endloop
  endfacet
  facet normal -0 -0.0656309 -0.997844
    outer loop
      vertex 2 20.2066 33.7897
      vertex 0 20.05 33.8
      vertex 0 20.2066 33.7897
    endloop
  endfacet
  facet normal 0 0 -1
    outer loop
      vertex 0 12.65 33.8
      vertex 2 20.05 33.8
      vertex 2 12.65 33.8
    endloop
  endfacet
  facet normal -0 0 -1
    outer loop
      vertex 2 20.05 33.8
      vertex 0 12.65 33.8
      vertex 0 20.05 33.8
    endloop
  endfacet
  facet normal 0 0.659406 -0.751787
    outer loop
      vertex 0 11.8015 33.4485
      vertex 2 11.9195 33.552
      vertex 2 11.8015 33.4485
    endloop
  endfacet
  facet normal 0 0.659406 -0.751787
    outer loop
      vertex 2 11.9195 33.552
      vertex 0 11.8015 33.4485
      vertex 0 11.9195 33.552
    endloop
  endfacet
  facet normal 0 1 -0
    outer loop
      vertex 2 11.45 30.8
      vertex 0 11.45 32.6
      vertex 2 11.45 32.6
    endloop
  endfacet
  facet normal 0 1 0
    outer loop
      vertex 0 11.45 32.6
      vertex 2 11.45 30.8
      vertex 0 11.45 30.8
    endloop
  endfacet
  facet normal 0 0.321194 -0.947013
    outer loop
      vertex 0 12.1908 33.7087
      vertex 2 12.3394 33.7591
      vertex 2 12.1908 33.7087
    endloop
  endfacet
  facet normal 0 0.321194 -0.947013
    outer loop
      vertex 2 12.3394 33.7591
      vertex 0 12.1908 33.7087
      vertex 0 12.3394 33.7591
    endloop
  endfacet
  facet normal 0 -1 0
    outer loop
      vertex 0 21.25 30.8
      vertex 2 21.25 32.6
      vertex 0 21.25 32.6
    endloop
  endfacet
  facet normal 0 -1 -0
    outer loop
      vertex 2 21.25 32.6
      vertex 0 21.25 30.8
      vertex 2 21.25 30.8
    endloop
  endfacet
  facet normal 0 -0.947013 0.321194
    outer loop
      vertex 0 21.1587 30.3408
      vertex 2 21.2091 30.4894
      vertex 0 21.2091 30.4894
    endloop
  endfacet
  facet normal 0 -0.947013 0.321194
    outer loop
      vertex 2 21.2091 30.4894
      vertex 0 21.1587 30.3408
      vertex 2 21.1587 30.3408
    endloop
  endfacet
  facet normal 0 -0.659406 0.751787
    outer loop
      vertex 0 20.8985 29.9515
      vertex 2 20.7805 29.848
      vertex 2 20.8985 29.9515
    endloop
  endfacet
  facet normal 0 -0.659406 0.751787
    outer loop
      vertex 2 20.7805 29.848
      vertex 0 20.8985 29.9515
      vertex 0 20.7805 29.848
    endloop
  endfacet
  facet normal 0 -0.751787 0.659406
    outer loop
      vertex 0 20.8985 29.9515
      vertex 2 21.002 30.0695
      vertex 0 21.002 30.0695
    endloop
  endfacet
  facet normal 0 -0.751787 0.659406
    outer loop
      vertex 2 21.002 30.0695
      vertex 0 20.8985 29.9515
      vertex 2 20.8985 29.9515
    endloop
  endfacet
  facet normal 0 -0.442622 0.896708
    outer loop
      vertex 0 20.65 29.7608
      vertex 2 20.5092 29.6913
      vertex 2 20.65 29.7608
    endloop
  endfacet
  facet normal 0 -0.442622 0.896708
    outer loop
      vertex 2 20.5092 29.6913
      vertex 0 20.65 29.7608
      vertex 0 20.5092 29.6913
    endloop
  endfacet
  facet normal 0 0.751787 0.659406
    outer loop
      vertex 2 11.8015 29.9515
      vertex 0 11.698 30.0695
      vertex 2 11.698 30.0695
    endloop
  endfacet
  facet normal 0 0.751787 0.659406
    outer loop
      vertex 0 11.698 30.0695
      vertex 2 11.8015 29.9515
      vertex 0 11.8015 29.9515
    endloop
  endfacet
  facet normal 0 -0.831462 -0.555582
    outer loop
      vertex 0 21.0892 33.2
      vertex 2 21.002 33.3305
      vertex 0 21.002 33.3305
    endloop
  endfacet
  facet normal 0 -0.831462 -0.555582
    outer loop
      vertex 2 21.002 33.3305
      vertex 0 21.0892 33.2
      vertex 2 21.0892 33.2
    endloop
  endfacet
  facet normal 0 -0.555582 -0.831462
    outer loop
      vertex 0 20.65 33.6392
      vertex 2 20.7805 33.552
      vertex 2 20.65 33.6392
    endloop
  endfacet
  facet normal -0 -0.555582 -0.831462
    outer loop
      vertex 2 20.7805 33.552
      vertex 0 20.65 33.6392
      vertex 0 20.7805 33.552
    endloop
  endfacet
  facet normal 0 -0.321194 -0.947013
    outer loop
      vertex 0 20.3606 33.7591
      vertex 2 20.5092 33.7087
      vertex 2 20.3606 33.7591
    endloop
  endfacet
  facet normal -0 -0.321194 -0.947013
    outer loop
      vertex 2 20.5092 33.7087
      vertex 0 20.3606 33.7591
      vertex 0 20.5092 33.7087
    endloop
  endfacet
  facet normal 0 -0.194891 -0.980825
    outer loop
      vertex 0 20.2066 33.7897
      vertex 2 20.3606 33.7591
      vertex 2 20.2066 33.7897
    endloop
  endfacet
  facet normal -0 -0.194891 -0.980825
    outer loop
      vertex 2 20.3606 33.7591
      vertex 0 20.2066 33.7897
      vertex 0 20.3606 33.7591
    endloop
  endfacet
  facet normal 0 0.442622 -0.896708
    outer loop
      vertex 0 12.05 33.6392
      vertex 2 12.1908 33.7087
      vertex 2 12.05 33.6392
    endloop
  endfacet
  facet normal 0 0.442622 -0.896708
    outer loop
      vertex 2 12.1908 33.7087
      vertex 0 12.05 33.6392
      vertex 0 12.1908 33.7087
    endloop
  endfacet
  facet normal 0 0.555582 -0.831462
    outer loop
      vertex 0 11.9195 33.552
      vertex 2 12.05 33.6392
      vertex 2 11.9195 33.552
    endloop
  endfacet
  facet normal 0 0.555582 -0.831462
    outer loop
      vertex 2 12.05 33.6392
      vertex 0 11.9195 33.552
      vertex 0 12.05 33.6392
    endloop
  endfacet
  facet normal 0 0.997844 -0.0656309
    outer loop
      vertex 2 11.45 32.6
      vertex 0 11.4603 32.7566
      vertex 2 11.4603 32.7566
    endloop
  endfacet
  facet normal 0 0.997844 -0.0656309
    outer loop
      vertex 0 11.4603 32.7566
      vertex 2 11.45 32.6
      vertex 0 11.45 32.6
    endloop
  endfacet
  facet normal 0 -0.831462 0.555582
    outer loop
      vertex 0 21.002 30.0695
      vertex 2 21.0892 30.2
      vertex 0 21.0892 30.2
    endloop
  endfacet
  facet normal 0 -0.831462 0.555582
    outer loop
      vertex 2 21.0892 30.2
      vertex 0 21.002 30.0695
      vertex 2 21.002 30.0695
    endloop
  endfacet
  facet normal 0 -0.751787 -0.659406
    outer loop
      vertex 0 21.002 33.3305
      vertex 2 20.8985 33.4485
      vertex 0 20.8985 33.4485
    endloop
  endfacet
  facet normal 0 -0.751787 -0.659406
    outer loop
      vertex 2 20.8985 33.4485
      vertex 0 21.002 33.3305
      vertex 2 21.002 33.3305
    endloop
  endfacet
  facet normal 0 0.980825 -0.194891
    outer loop
      vertex 2 11.4603 32.7566
      vertex 0 11.4909 32.9106
      vertex 2 11.4909 32.9106
    endloop
  endfacet
  facet normal 0 0.980825 -0.194891
    outer loop
      vertex 0 11.4909 32.9106
      vertex 2 11.4603 32.7566
      vertex 0 11.4603 32.7566
    endloop
  endfacet
  facet normal 0 -0.947013 -0.321194
    outer loop
      vertex 0 21.2091 32.9106
      vertex 2 21.1587 33.0592
      vertex 0 21.1587 33.0592
    endloop
  endfacet
  facet normal 0 -0.947013 -0.321194
    outer loop
      vertex 2 21.1587 33.0592
      vertex 0 21.2091 32.9106
      vertex 2 21.2091 32.9106
    endloop
  endfacet
  facet normal 0 -0.555582 0.831462
    outer loop
      vertex 0 20.7805 29.848
      vertex 2 20.65 29.7608
      vertex 2 20.7805 29.848
    endloop
  endfacet
  facet normal 0 -0.555582 0.831462
    outer loop
      vertex 2 20.65 29.7608
      vertex 0 20.7805 29.848
      vertex 0 20.65 29.7608
    endloop
  endfacet
  facet normal 0 -0.896708 0.442622
    outer loop
      vertex 0 21.0892 30.2
      vertex 2 21.1587 30.3408
      vertex 0 21.1587 30.3408
    endloop
  endfacet
  facet normal 0 -0.896708 0.442622
    outer loop
      vertex 2 21.1587 30.3408
      vertex 0 21.0892 30.2
      vertex 2 21.0892 30.2
    endloop
  endfacet
  facet normal 0 -0.659406 -0.751787
    outer loop
      vertex 0 20.7805 33.552
      vertex 2 20.8985 33.4485
      vertex 2 20.7805 33.552
    endloop
  endfacet
  facet normal -0 -0.659406 -0.751787
    outer loop
      vertex 2 20.8985 33.4485
      vertex 0 20.7805 33.552
      vertex 0 20.8985 33.4485
    endloop
  endfacet
  facet normal 0 0.947013 -0.321194
    outer loop
      vertex 2 11.4909 32.9106
      vertex 0 11.5413 33.0592
      vertex 2 11.5413 33.0592
    endloop
  endfacet
  facet normal 0 0.947013 -0.321194
    outer loop
      vertex 0 11.5413 33.0592
      vertex 2 11.4909 32.9106
      vertex 0 11.4909 32.9106
    endloop
  endfacet
  facet normal 0 0.751787 -0.659406
    outer loop
      vertex 2 11.698 33.3305
      vertex 0 11.8015 33.4485
      vertex 2 11.8015 33.4485
    endloop
  endfacet
  facet normal 0 0.751787 -0.659406
    outer loop
      vertex 0 11.8015 33.4485
      vertex 2 11.698 33.3305
      vertex 0 11.698 33.3305
    endloop
  endfacet
  facet normal 0 0.896708 -0.442622
    outer loop
      vertex 2 11.5413 33.0592
      vertex 0 11.6108 33.2
      vertex 2 11.6108 33.2
    endloop
  endfacet
  facet normal 0 0.896708 -0.442622
    outer loop
      vertex 0 11.6108 33.2
      vertex 2 11.5413 33.0592
      vertex 0 11.5413 33.0592
    endloop
  endfacet
  facet normal 0 -0.980825 -0.194891
    outer loop
      vertex 0 21.2397 32.7566
      vertex 2 21.2091 32.9106
      vertex 0 21.2091 32.9106
    endloop
  endfacet
  facet normal 0 -0.980825 -0.194891
    outer loop
      vertex 2 21.2091 32.9106
      vertex 0 21.2397 32.7566
      vertex 2 21.2397 32.7566
    endloop
  endfacet
  facet normal 0 -0.997844 -0.0656309
    outer loop
      vertex 0 21.25 32.6
      vertex 2 21.2397 32.7566
      vertex 0 21.2397 32.7566
    endloop
  endfacet
  facet normal 0 -0.997844 -0.0656309
    outer loop
      vertex 2 21.2397 32.7566
      vertex 0 21.25 32.6
      vertex 2 21.25 32.6
    endloop
  endfacet
  facet normal 0 -0.896708 -0.442622
    outer loop
      vertex 0 21.1587 33.0592
      vertex 2 21.0892 33.2
      vertex 0 21.0892 33.2
    endloop
  endfacet
  facet normal 0 -0.896708 -0.442622
    outer loop
      vertex 2 21.0892 33.2
      vertex 0 21.1587 33.0592
      vertex 2 21.1587 33.0592
    endloop
  endfacet
  facet normal 0 0.831462 -0.555582
    outer loop
      vertex 2 11.6108 33.2
      vertex 0 11.698 33.3305
      vertex 2 11.698 33.3305
    endloop
  endfacet
  facet normal 0 0.831462 -0.555582
    outer loop
      vertex 0 11.698 33.3305
      vertex 2 11.6108 33.2
      vertex 0 11.6108 33.2
    endloop
  endfacet
  facet normal -0.997863 0 -0.0653349
    outer loop
      vertex 80.6 0 28.9
      vertex 80.5718 2 29.3307
      vertex 80.6 2 28.9
    endloop
  endfacet
  facet normal -0.997863 -0 -0.0653349
    outer loop
      vertex 80.5718 2 29.3307
      vertex 80.6 0 28.9
      vertex 80.5718 0 29.3307
    endloop
  endfacet
  facet normal -0.980794 0 -0.195047
    outer loop
      vertex 80.5718 0 29.3307
      vertex 80.4876 2 29.7541
      vertex 80.5718 2 29.3307
    endloop
  endfacet
  facet normal -0.980794 -0 -0.195047
    outer loop
      vertex 80.4876 2 29.7541
      vertex 80.5718 0 29.3307
      vertex 80.4876 0 29.7541
    endloop
  endfacet
  facet normal 0.997863 0 -0.0653349
    outer loop
      vertex 74.0282 0 29.3307
      vertex 74 2 28.9
      vertex 74.0282 2 29.3307
    endloop
  endfacet
  facet normal 0.997863 0 -0.0653349
    outer loop
      vertex 74 2 28.9
      vertex 74.0282 0 29.3307
      vertex 74 0 28.9
    endloop
  endfacet
  facet normal -0.0653349 0 -0.997863
    outer loop
      vertex 77.3 0 32.2
      vertex 77.7307 2 32.1718
      vertex 77.7307 0 32.1718
    endloop
  endfacet
  facet normal -0.0653349 0 -0.997863
    outer loop
      vertex 77.7307 2 32.1718
      vertex 77.3 0 32.2
      vertex 77.3 2 32.2
    endloop
  endfacet
  facet normal -0.659259 0 -0.751916
    outer loop
      vertex 79.3089 0 31.5181
      vertex 79.6335 2 31.2335
      vertex 79.6335 0 31.2335
    endloop
  endfacet
  facet normal -0.659259 0 -0.751916
    outer loop
      vertex 79.6335 2 31.2335
      vertex 79.3089 0 31.5181
      vertex 79.3089 2 31.5181
    endloop
  endfacet
  facet normal 0.321504 0 -0.946908
    outer loop
      vertex 76.0371 0 31.9488
      vertex 76.4459 2 32.0876
      vertex 76.4459 0 32.0876
    endloop
  endfacet
  facet normal 0.321504 0 -0.946908
    outer loop
      vertex 76.4459 2 32.0876
      vertex 76.0371 0 31.9488
      vertex 76.0371 2 31.9488
    endloop
  endfacet
  facet normal -0.83148 0 0.555555
    outer loop
      vertex 79.9181 0 26.8911
      vertex 80.1579 2 27.25
      vertex 79.9181 2 26.8911
    endloop
  endfacet
  facet normal -0.83148 0 0.555555
    outer loop
      vertex 80.1579 2 27.25
      vertex 79.9181 0 26.8911
      vertex 80.1579 0 27.25
    endloop
  endfacet
  facet normal -0.321504 0 -0.946908
    outer loop
      vertex 78.1541 0 32.0876
      vertex 78.5629 2 31.9488
      vertex 78.5629 0 31.9488
    endloop
  endfacet
  facet normal -0.321504 0 -0.946908
    outer loop
      vertex 78.5629 2 31.9488
      vertex 78.1541 0 32.0876
      vertex 78.1541 2 32.0876
    endloop
  endfacet
  facet normal -0.442295 0 -0.89687
    outer loop
      vertex 78.5629 0 31.9488
      vertex 78.95 2 31.7579
      vertex 78.95 0 31.7579
    endloop
  endfacet
  facet normal -0.442295 0 -0.89687
    outer loop
      vertex 78.95 2 31.7579
      vertex 78.5629 0 31.9488
      vertex 78.5629 2 31.9488
    endloop
  endfacet
  facet normal 0.89687 0 -0.442295
    outer loop
      vertex 74.4421 0 30.55
      vertex 74.2512 2 30.1629
      vertex 74.4421 2 30.55
    endloop
  endfacet
  facet normal 0.89687 0 -0.442295
    outer loop
      vertex 74.2512 2 30.1629
      vertex 74.4421 0 30.55
      vertex 74.2512 0 30.1629
    endloop
  endfacet
  facet normal 0.751916 0 -0.659259
    outer loop
      vertex 74.9665 0 31.2335
      vertex 74.6819 2 30.9089
      vertex 74.9665 2 31.2335
    endloop
  endfacet
  facet normal 0.751916 0 -0.659259
    outer loop
      vertex 74.6819 2 30.9089
      vertex 74.9665 0 31.2335
      vertex 74.6819 0 30.9089
    endloop
  endfacet
  facet normal 0.195047 0 -0.980794
    outer loop
      vertex 76.4459 0 32.0876
      vertex 76.8693 2 32.1718
      vertex 76.8693 0 32.1718
    endloop
  endfacet
  facet normal 0.195047 0 -0.980794
    outer loop
      vertex 76.8693 2 32.1718
      vertex 76.4459 0 32.0876
      vertex 76.4459 2 32.0876
    endloop
  endfacet
  facet normal -0.980794 0 0.195047
    outer loop
      vertex 80.4876 0 28.0459
      vertex 80.5718 2 28.4693
      vertex 80.4876 2 28.0459
    endloop
  endfacet
  facet normal -0.980794 0 0.195047
    outer loop
      vertex 80.5718 2 28.4693
      vertex 80.4876 0 28.0459
      vertex 80.5718 0 28.4693
    endloop
  endfacet
  facet normal -0.195047 0 0.980794
    outer loop
      vertex 77.7307 2 25.6282
      vertex 78.1541 0 25.7124
      vertex 78.1541 2 25.7124
    endloop
  endfacet
  facet normal -0.195047 0 0.980794
    outer loop
      vertex 78.1541 0 25.7124
      vertex 77.7307 2 25.6282
      vertex 77.7307 0 25.6282
    endloop
  endfacet
  facet normal -0.83148 0 -0.555555
    outer loop
      vertex 80.1579 0 30.55
      vertex 79.9181 2 30.9089
      vertex 80.1579 2 30.55
    endloop
  endfacet
  facet normal -0.83148 -0 -0.555555
    outer loop
      vertex 79.9181 2 30.9089
      vertex 80.1579 0 30.55
      vertex 79.9181 0 30.9089
    endloop
  endfacet
  facet normal -0.195047 0 -0.980794
    outer loop
      vertex 77.7307 0 32.1718
      vertex 78.1541 2 32.0876
      vertex 78.1541 0 32.0876
    endloop
  endfacet
  facet normal -0.195047 0 -0.980794
    outer loop
      vertex 78.1541 2 32.0876
      vertex 77.7307 0 32.1718
      vertex 77.7307 2 32.1718
    endloop
  endfacet
  facet normal -0.555555 0 -0.83148
    outer loop
      vertex 78.95 0 31.7579
      vertex 79.3089 2 31.5181
      vertex 79.3089 0 31.5181
    endloop
  endfacet
  facet normal -0.555555 0 -0.83148
    outer loop
      vertex 79.3089 2 31.5181
      vertex 78.95 0 31.7579
      vertex 78.95 2 31.7579
    endloop
  endfacet
  facet normal 0.946908 0 -0.321504
    outer loop
      vertex 74.2512 0 30.1629
      vertex 74.1124 2 29.7541
      vertex 74.2512 2 30.1629
    endloop
  endfacet
  facet normal 0.946908 0 -0.321504
    outer loop
      vertex 74.1124 2 29.7541
      vertex 74.2512 0 30.1629
      vertex 74.1124 0 29.7541
    endloop
  endfacet
  facet normal 0.442295 0 -0.89687
    outer loop
      vertex 75.65 0 31.7579
      vertex 76.0371 2 31.9488
      vertex 76.0371 0 31.9488
    endloop
  endfacet
  facet normal 0.442295 0 -0.89687
    outer loop
      vertex 76.0371 2 31.9488
      vertex 75.65 0 31.7579
      vertex 75.65 2 31.7579
    endloop
  endfacet
  facet normal 0.0653349 0 -0.997863
    outer loop
      vertex 76.8693 0 32.1718
      vertex 77.3 2 32.2
      vertex 77.3 0 32.2
    endloop
  endfacet
  facet normal 0.0653349 0 -0.997863
    outer loop
      vertex 77.3 2 32.2
      vertex 76.8693 0 32.1718
      vertex 76.8693 2 32.1718
    endloop
  endfacet
  facet normal -0.997863 0 0.0653349
    outer loop
      vertex 80.5718 0 28.4693
      vertex 80.6 2 28.9
      vertex 80.5718 2 28.4693
    endloop
  endfacet
  facet normal -0.997863 0 0.0653349
    outer loop
      vertex 80.6 2 28.9
      vertex 80.5718 0 28.4693
      vertex 80.6 0 28.9
    endloop
  endfacet
  facet normal 0.659259 0 0.751916
    outer loop
      vertex 74.9665 2 26.5665
      vertex 75.2911 0 26.2819
      vertex 75.2911 2 26.2819
    endloop
  endfacet
  facet normal 0.659259 0 0.751916
    outer loop
      vertex 75.2911 0 26.2819
      vertex 74.9665 2 26.5665
      vertex 74.9665 0 26.5665
    endloop
  endfacet
  facet normal 0.89687 -0 0.442295
    outer loop
      vertex 74.2512 0 27.6371
      vertex 74.4421 2 27.25
      vertex 74.2512 2 27.6371
    endloop
  endfacet
  facet normal 0.89687 0 0.442295
    outer loop
      vertex 74.4421 2 27.25
      vertex 74.2512 0 27.6371
      vertex 74.4421 0 27.25
    endloop
  endfacet
  facet normal 0.946908 -0 0.321504
    outer loop
      vertex 74.1124 0 28.0459
      vertex 74.2512 2 27.6371
      vertex 74.1124 2 28.0459
    endloop
  endfacet
  facet normal 0.946908 0 0.321504
    outer loop
      vertex 74.2512 2 27.6371
      vertex 74.1124 0 28.0459
      vertex 74.2512 0 27.6371
    endloop
  endfacet
  facet normal 0.751916 -0 0.659259
    outer loop
      vertex 74.6819 0 26.8911
      vertex 74.9665 2 26.5665
      vertex 74.6819 2 26.8911
    endloop
  endfacet
  facet normal 0.751916 0 0.659259
    outer loop
      vertex 74.9665 2 26.5665
      vertex 74.6819 0 26.8911
      vertex 74.9665 0 26.5665
    endloop
  endfacet
  facet normal -0.0653349 0 0.997863
    outer loop
      vertex 77.3 2 25.6
      vertex 77.7307 0 25.6282
      vertex 77.7307 2 25.6282
    endloop
  endfacet
  facet normal -0.0653349 0 0.997863
    outer loop
      vertex 77.7307 0 25.6282
      vertex 77.3 2 25.6
      vertex 77.3 0 25.6
    endloop
  endfacet
  facet normal -0.946908 0 -0.321504
    outer loop
      vertex 80.4876 0 29.7541
      vertex 80.3488 2 30.1629
      vertex 80.4876 2 29.7541
    endloop
  endfacet
  facet normal -0.946908 -0 -0.321504
    outer loop
      vertex 80.3488 2 30.1629
      vertex 80.4876 0 29.7541
      vertex 80.3488 0 30.1629
    endloop
  endfacet
  facet normal -0.89687 0 -0.442295
    outer loop
      vertex 80.3488 0 30.1629
      vertex 80.1579 2 30.55
      vertex 80.3488 2 30.1629
    endloop
  endfacet
  facet normal -0.89687 -0 -0.442295
    outer loop
      vertex 80.1579 2 30.55
      vertex 80.3488 0 30.1629
      vertex 80.1579 0 30.55
    endloop
  endfacet
  facet normal -0.751916 0 -0.659259
    outer loop
      vertex 79.9181 0 30.9089
      vertex 79.6335 2 31.2335
      vertex 79.9181 2 30.9089
    endloop
  endfacet
  facet normal -0.751916 -0 -0.659259
    outer loop
      vertex 79.6335 2 31.2335
      vertex 79.9181 0 30.9089
      vertex 79.6335 0 31.2335
    endloop
  endfacet
  facet normal 0.83148 0 -0.555555
    outer loop
      vertex 74.6819 0 30.9089
      vertex 74.4421 2 30.55
      vertex 74.6819 2 30.9089
    endloop
  endfacet
  facet normal 0.83148 0 -0.555555
    outer loop
      vertex 74.4421 2 30.55
      vertex 74.6819 0 30.9089
      vertex 74.4421 0 30.55
    endloop
  endfacet
  facet normal 0.980794 0 -0.195047
    outer loop
      vertex 74.1124 0 29.7541
      vertex 74.0282 2 29.3307
      vertex 74.1124 2 29.7541
    endloop
  endfacet
  facet normal 0.980794 0 -0.195047
    outer loop
      vertex 74.0282 2 29.3307
      vertex 74.1124 0 29.7541
      vertex 74.0282 0 29.3307
    endloop
  endfacet
  facet normal 0.555555 0 -0.83148
    outer loop
      vertex 75.2911 0 31.5181
      vertex 75.65 2 31.7579
      vertex 75.65 0 31.7579
    endloop
  endfacet
  facet normal 0.555555 0 -0.83148
    outer loop
      vertex 75.65 2 31.7579
      vertex 75.2911 0 31.5181
      vertex 75.2911 2 31.5181
    endloop
  endfacet
  facet normal 0.659259 0 -0.751916
    outer loop
      vertex 74.9665 0 31.2335
      vertex 75.2911 2 31.5181
      vertex 75.2911 0 31.5181
    endloop
  endfacet
  facet normal 0.659259 0 -0.751916
    outer loop
      vertex 75.2911 2 31.5181
      vertex 74.9665 0 31.2335
      vertex 74.9665 2 31.2335
    endloop
  endfacet
  facet normal -0.89687 0 0.442295
    outer loop
      vertex 80.1579 0 27.25
      vertex 80.3488 2 27.6371
      vertex 80.1579 2 27.25
    endloop
  endfacet
  facet normal -0.89687 0 0.442295
    outer loop
      vertex 80.3488 2 27.6371
      vertex 80.1579 0 27.25
      vertex 80.3488 0 27.6371
    endloop
  endfacet
  facet normal -0.751916 0 0.659259
    outer loop
      vertex 79.6335 0 26.5665
      vertex 79.9181 2 26.8911
      vertex 79.6335 2 26.5665
    endloop
  endfacet
  facet normal -0.751916 0 0.659259
    outer loop
      vertex 79.9181 2 26.8911
      vertex 79.6335 0 26.5665
      vertex 79.9181 0 26.8911
    endloop
  endfacet
  facet normal -0.555555 0 0.83148
    outer loop
      vertex 78.95 2 26.0421
      vertex 79.3089 0 26.2819
      vertex 79.3089 2 26.2819
    endloop
  endfacet
  facet normal -0.555555 0 0.83148
    outer loop
      vertex 79.3089 0 26.2819
      vertex 78.95 2 26.0421
      vertex 78.95 0 26.0421
    endloop
  endfacet
  facet normal -0.659259 0 0.751916
    outer loop
      vertex 79.3089 2 26.2819
      vertex 79.6335 0 26.5665
      vertex 79.6335 2 26.5665
    endloop
  endfacet
  facet normal -0.659259 0 0.751916
    outer loop
      vertex 79.6335 0 26.5665
      vertex 79.3089 2 26.2819
      vertex 79.3089 0 26.2819
    endloop
  endfacet
  facet normal 0.321504 0 0.946908
    outer loop
      vertex 76.0371 2 25.8512
      vertex 76.4459 0 25.7124
      vertex 76.4459 2 25.7124
    endloop
  endfacet
  facet normal 0.321504 0 0.946908
    outer loop
      vertex 76.4459 0 25.7124
      vertex 76.0371 2 25.8512
      vertex 76.0371 0 25.8512
    endloop
  endfacet
  facet normal 0.83148 -0 0.555555
    outer loop
      vertex 74.4421 0 27.25
      vertex 74.6819 2 26.8911
      vertex 74.4421 2 27.25
    endloop
  endfacet
  facet normal 0.83148 0 0.555555
    outer loop
      vertex 74.6819 2 26.8911
      vertex 74.4421 0 27.25
      vertex 74.6819 0 26.8911
    endloop
  endfacet
  facet normal 0.980794 -0 0.195047
    outer loop
      vertex 74.0282 0 28.4693
      vertex 74.1124 2 28.0459
      vertex 74.0282 2 28.4693
    endloop
  endfacet
  facet normal 0.980794 0 0.195047
    outer loop
      vertex 74.1124 2 28.0459
      vertex 74.0282 0 28.4693
      vertex 74.1124 0 28.0459
    endloop
  endfacet
  facet normal 0.997863 -0 0.0653349
    outer loop
      vertex 74 0 28.9
      vertex 74.0282 2 28.4693
      vertex 74 2 28.9
    endloop
  endfacet
  facet normal 0.997863 0 0.0653349
    outer loop
      vertex 74.0282 2 28.4693
      vertex 74 0 28.9
      vertex 74.0282 0 28.4693
    endloop
  endfacet
  facet normal -0.321504 0 0.946908
    outer loop
      vertex 78.1541 2 25.7124
      vertex 78.5629 0 25.8512
      vertex 78.5629 2 25.8512
    endloop
  endfacet
  facet normal -0.321504 0 0.946908
    outer loop
      vertex 78.5629 0 25.8512
      vertex 78.1541 2 25.7124
      vertex 78.1541 0 25.7124
    endloop
  endfacet
  facet normal -0.442295 0 0.89687
    outer loop
      vertex 78.5629 2 25.8512
      vertex 78.95 0 26.0421
      vertex 78.95 2 26.0421
    endloop
  endfacet
  facet normal -0.442295 0 0.89687
    outer loop
      vertex 78.95 0 26.0421
      vertex 78.5629 2 25.8512
      vertex 78.5629 0 25.8512
    endloop
  endfacet
  facet normal -0.946908 0 0.321504
    outer loop
      vertex 80.3488 0 27.6371
      vertex 80.4876 2 28.0459
      vertex 80.3488 2 27.6371
    endloop
  endfacet
  facet normal -0.946908 0 0.321504
    outer loop
      vertex 80.4876 2 28.0459
      vertex 80.3488 0 27.6371
      vertex 80.4876 0 28.0459
    endloop
  endfacet
  facet normal 0.442295 0 0.89687
    outer loop
      vertex 75.65 2 26.0421
      vertex 76.0371 0 25.8512
      vertex 76.0371 2 25.8512
    endloop
  endfacet
  facet normal 0.442295 0 0.89687
    outer loop
      vertex 76.0371 0 25.8512
      vertex 75.65 2 26.0421
      vertex 75.65 0 26.0421
    endloop
  endfacet
  facet normal 0.555555 0 0.83148
    outer loop
      vertex 75.2911 2 26.2819
      vertex 75.65 0 26.0421
      vertex 75.65 2 26.0421
    endloop
  endfacet
  facet normal 0.555555 0 0.83148
    outer loop
      vertex 75.65 0 26.0421
      vertex 75.2911 2 26.2819
      vertex 75.2911 0 26.2819
    endloop
  endfacet
  facet normal 0.195047 0 0.980794
    outer loop
      vertex 76.4459 2 25.7124
      vertex 76.8693 0 25.6282
      vertex 76.8693 2 25.6282
    endloop
  endfacet
  facet normal 0.195047 0 0.980794
    outer loop
      vertex 76.8693 0 25.6282
      vertex 76.4459 2 25.7124
      vertex 76.4459 0 25.7124
    endloop
  endfacet
  facet normal 0.0653349 0 0.997863
    outer loop
      vertex 76.8693 2 25.6282
      vertex 77.3 0 25.6
      vertex 77.3 2 25.6
    endloop
  endfacet
  facet normal 0.0653349 0 0.997863
    outer loop
      vertex 77.3 0 25.6
      vertex 76.8693 2 25.6282
      vertex 76.8693 0 25.6282
    endloop
  endfacet
endsolid OpenSCAD_Model
