solid OpenSCAD_Model
  facet normal -1 0 0
    outer loop
      vertex 3.4 2.25 1.6
      vertex 3.4 3.45 3.59
      vertex 3.4 3.45 1.6
    endloop
  endfacet
  facet normal -1 -0 0
    outer loop
      vertex 3.4 3.45 3.59
      vertex 3.4 2.25 1.6
      vertex 3.4 2.25 3.59
    endloop
  endfacet
  facet normal -0 0 1
    outer loop
      vertex 3.4 3.45 3.59
      vertex 61 2.25 3.59
      vertex 61 3.45 3.59
    endloop
  endfacet
  facet normal 0 0 1
    outer loop
      vertex 61 2.25 3.59
      vertex 3.4 3.45 3.59
      vertex 3.4 2.25 3.59
    endloop
  endfacet
  facet normal 1 -0 0
    outer loop
      vertex 61 2.25 3.59
      vertex 61 3.45 1.6
      vertex 61 3.45 3.59
    endloop
  endfacet
  facet normal 1 0 0
    outer loop
      vertex 61 3.45 1.6
      vertex 61 2.25 3.59
      vertex 61 2.25 1.6
    endloop
  endfacet
  facet normal 0 1 -0
    outer loop
      vertex 61 3.45 1.6
      vertex 3.4 3.45 3.59
      vertex 61 3.45 3.59
    endloop
  endfacet
  facet normal 0 1 0
    outer loop
      vertex 3.4 3.45 3.59
      vertex 61 3.45 1.6
      vertex 3.4 3.45 1.6
    endloop
  endfacet
  facet normal 0 -1 0
    outer loop
      vertex 3.4 2.25 1.6
      vertex 61 2.25 3.59
      vertex 3.4 2.25 3.59
    endloop
  endfacet
  facet normal 0 -1 -0
    outer loop
      vertex 61 2.25 3.59
      vertex 3.4 2.25 1.6
      vertex 61 2.25 1.6
    endloop
  endfacet
  facet normal -1 0 0
    outer loop
      vertex 3.4 29.25 1.6
      vertex 3.4 30.45 3.59
      vertex 3.4 30.45 1.6
    endloop
  endfacet
  facet normal -1 -0 0
    outer loop
      vertex 3.4 30.45 3.59
      vertex 3.4 29.25 1.6
      vertex 3.4 29.25 3.59
    endloop
  endfacet
  facet normal -0 0 1
    outer loop
      vertex 3.4 30.45 3.59
      vertex 61 29.25 3.59
      vertex 61 30.45 3.59
    endloop
  endfacet
  facet normal 0 0 1
    outer loop
      vertex 61 29.25 3.59
      vertex 3.4 30.45 3.59
      vertex 3.4 29.25 3.59
    endloop
  endfacet
  facet normal 1 -0 0
    outer loop
      vertex 61 29.25 3.59
      vertex 61 30.45 1.6
      vertex 61 30.45 3.59
    endloop
  endfacet
  facet normal 1 0 0
    outer loop
      vertex 61 30.45 1.6
      vertex 61 29.25 3.59
      vertex 61 29.25 1.6
    endloop
  endfacet
  facet normal 0 1 -0
    outer loop
      vertex 61 30.45 1.6
      vertex 3.4 30.45 3.59
      vertex 61 30.45 3.59
    endloop
  endfacet
  facet normal 0 1 0
    outer loop
      vertex 3.4 30.45 3.59
      vertex 61 30.45 1.6
      vertex 3.4 30.45 1.6
    endloop
  endfacet
  facet normal 0 -1 0
    outer loop
      vertex 3.4 29.25 1.6
      vertex 61 29.25 3.59
      vertex 3.4 29.25 3.59
    endloop
  endfacet
  facet normal 0 -1 -0
    outer loop
      vertex 61 29.25 3.59
      vertex 3.4 29.25 1.6
      vertex 61 29.25 1.6
    endloop
  endfacet
  facet normal 0.997858 0.0654233 0
    outer loop
      vertex 64.55 28.3 5.89
      vertex 64.5393 28.4632 1.6
      vertex 64.5393 28.4632 5.89
    endloop
  endfacet
  facet normal 0.997858 0.0654233 0
    outer loop
      vertex 64.5393 28.4632 1.6
      vertex 64.55 28.3 5.89
      vertex 64.55 28.3 1.6
    endloop
  endfacet
  facet normal -0.997858 0.0654233 0
    outer loop
      vertex 62.05 28.3 1.6
      vertex 62.0607 28.4632 5.89
      vertex 62.0607 28.4632 1.6
    endloop
  endfacet
  facet normal -0.997858 0.0654233 0
    outer loop
      vertex 62.0607 28.4632 5.89
      vertex 62.05 28.3 1.6
      vertex 62.05 28.3 5.89
    endloop
  endfacet
  facet normal -0.0654233 0.997858 0
    outer loop
      vertex 63.3 29.55 1.6
      vertex 63.1368 29.5393 5.89
      vertex 63.3 29.55 5.89
    endloop
  endfacet
  facet normal -0.0654233 0.997858 0
    outer loop
      vertex 63.1368 29.5393 5.89
      vertex 63.3 29.55 1.6
      vertex 63.1368 29.5393 1.6
    endloop
  endfacet
  facet normal 0.659414 0.75178 -0
    outer loop
      vertex 64.1839 29.1839 1.6
      vertex 64.061 29.2917 5.89
      vertex 64.1839 29.1839 5.89
    endloop
  endfacet
  facet normal 0.659414 0.75178 0
    outer loop
      vertex 64.061 29.2917 5.89
      vertex 64.1839 29.1839 1.6
      vertex 64.061 29.2917 1.6
    endloop
  endfacet
  facet normal -0.75178 0.659414 0
    outer loop
      vertex 62.3083 29.061 1.6
      vertex 62.4161 29.1839 5.89
      vertex 62.4161 29.1839 1.6
    endloop
  endfacet
  facet normal -0.75178 0.659414 0
    outer loop
      vertex 62.4161 29.1839 5.89
      vertex 62.3083 29.061 1.6
      vertex 62.3083 29.061 5.89
    endloop
  endfacet
  facet normal -0.442313 0.896861 0
    outer loop
      vertex 62.8216 29.4548 1.6
      vertex 62.675 29.3825 5.89
      vertex 62.8216 29.4548 5.89
    endloop
  endfacet
  facet normal -0.442313 0.896861 0
    outer loop
      vertex 62.675 29.3825 5.89
      vertex 62.8216 29.4548 1.6
      vertex 62.675 29.3825 1.6
    endloop
  endfacet
  facet normal 0.896861 0.442313 0
    outer loop
      vertex 64.4548 28.7784 5.89
      vertex 64.3825 28.925 1.6
      vertex 64.3825 28.925 5.89
    endloop
  endfacet
  facet normal 0.896861 0.442313 0
    outer loop
      vertex 64.3825 28.925 1.6
      vertex 64.4548 28.7784 5.89
      vertex 64.4548 28.7784 1.6
    endloop
  endfacet
  facet normal 0.980768 0.195175 0
    outer loop
      vertex 64.5393 28.4632 5.89
      vertex 64.5074 28.6235 1.6
      vertex 64.5074 28.6235 5.89
    endloop
  endfacet
  facet normal 0.980768 0.195175 0
    outer loop
      vertex 64.5074 28.6235 1.6
      vertex 64.5393 28.4632 5.89
      vertex 64.5393 28.4632 1.6
    endloop
  endfacet
  facet normal 0.831674 0.555265 0
    outer loop
      vertex 64.3825 28.925 5.89
      vertex 64.2917 29.061 1.6
      vertex 64.2917 29.061 5.89
    endloop
  endfacet
  facet normal 0.831674 0.555265 0
    outer loop
      vertex 64.2917 29.061 1.6
      vertex 64.3825 28.925 5.89
      vertex 64.3825 28.925 1.6
    endloop
  endfacet
  facet normal 0.321541 0.946896 -0
    outer loop
      vertex 63.7784 29.4548 1.6
      vertex 63.6235 29.5074 5.89
      vertex 63.7784 29.4548 5.89
    endloop
  endfacet
  facet normal 0.321541 0.946896 0
    outer loop
      vertex 63.6235 29.5074 5.89
      vertex 63.7784 29.4548 1.6
      vertex 63.6235 29.5074 1.6
    endloop
  endfacet
  facet normal 0.195175 0.980768 -0
    outer loop
      vertex 63.6235 29.5074 1.6
      vertex 63.4632 29.5393 5.89
      vertex 63.6235 29.5074 5.89
    endloop
  endfacet
  facet normal 0.195175 0.980768 0
    outer loop
      vertex 63.4632 29.5393 5.89
      vertex 63.6235 29.5074 1.6
      vertex 63.4632 29.5393 1.6
    endloop
  endfacet
  facet normal 0.442313 0.896861 -0
    outer loop
      vertex 63.925 29.3825 1.6
      vertex 63.7784 29.4548 5.89
      vertex 63.925 29.3825 5.89
    endloop
  endfacet
  facet normal 0.442313 0.896861 0
    outer loop
      vertex 63.7784 29.4548 5.89
      vertex 63.925 29.3825 1.6
      vertex 63.7784 29.4548 1.6
    endloop
  endfacet
  facet normal -0.947082 0.320993 0
    outer loop
      vertex 62.0926 28.6235 1.6
      vertex 62.1451 28.7784 5.89
      vertex 62.1451 28.7784 1.6
    endloop
  endfacet
  facet normal -0.947082 0.320993 0
    outer loop
      vertex 62.1451 28.7784 5.89
      vertex 62.0926 28.6235 1.6
      vertex 62.0926 28.6235 5.89
    endloop
  endfacet
  facet normal -0.831674 0.555265 0
    outer loop
      vertex 62.2175 28.925 1.6
      vertex 62.3083 29.061 5.89
      vertex 62.3083 29.061 1.6
    endloop
  endfacet
  facet normal -0.831674 0.555265 0
    outer loop
      vertex 62.3083 29.061 5.89
      vertex 62.2175 28.925 1.6
      vertex 62.2175 28.925 5.89
    endloop
  endfacet
  facet normal -0.980768 0.195175 0
    outer loop
      vertex 62.0607 28.4632 1.6
      vertex 62.0926 28.6235 5.89
      vertex 62.0926 28.6235 1.6
    endloop
  endfacet
  facet normal -0.980768 0.195175 0
    outer loop
      vertex 62.0926 28.6235 5.89
      vertex 62.0607 28.4632 1.6
      vertex 62.0607 28.4632 5.89
    endloop
  endfacet
  facet normal 0 0 1
    outer loop
      vertex 64.5393 28.4632 5.89
      vertex 64.5393 28.1368 5.89
      vertex 64.55 28.3 5.89
    endloop
  endfacet
  facet normal 0 0 1
    outer loop
      vertex 64.5074 28.6235 5.89
      vertex 64.5393 28.1368 5.89
      vertex 64.5393 28.4632 5.89
    endloop
  endfacet
  facet normal 0 0 1
    outer loop
      vertex 64.5074 28.6235 5.89
      vertex 64.5074 27.9765 5.89
      vertex 64.5393 28.1368 5.89
    endloop
  endfacet
  facet normal 0 0 1
    outer loop
      vertex 64.4548 28.7784 5.89
      vertex 64.5074 27.9765 5.89
      vertex 64.5074 28.6235 5.89
    endloop
  endfacet
  facet normal 0 0 1
    outer loop
      vertex 64.4548 28.7784 5.89
      vertex 64.4548 27.8216 5.89
      vertex 64.5074 27.9765 5.89
    endloop
  endfacet
  facet normal 0 0 1
    outer loop
      vertex 64.3825 28.925 5.89
      vertex 64.4548 27.8216 5.89
      vertex 64.4548 28.7784 5.89
    endloop
  endfacet
  facet normal 0 0 1
    outer loop
      vertex 64.3825 28.925 5.89
      vertex 64.3825 27.675 5.89
      vertex 64.4548 27.8216 5.89
    endloop
  endfacet
  facet normal 0 0 1
    outer loop
      vertex 64.2917 29.061 5.89
      vertex 64.3825 27.675 5.89
      vertex 64.3825 28.925 5.89
    endloop
  endfacet
  facet normal 0 0 1
    outer loop
      vertex 64.2917 29.061 5.89
      vertex 64.2917 27.539 5.89
      vertex 64.3825 27.675 5.89
    endloop
  endfacet
  facet normal 0 0 1
    outer loop
      vertex 64.1839 29.1839 5.89
      vertex 64.2917 27.539 5.89
      vertex 64.2917 29.061 5.89
    endloop
  endfacet
  facet normal 0 0 1
    outer loop
      vertex 64.1839 29.1839 5.89
      vertex 64.1839 27.4161 5.89
      vertex 64.2917 27.539 5.89
    endloop
  endfacet
  facet normal 0 0 1
    outer loop
      vertex 64.061 29.2917 5.89
      vertex 64.1839 27.4161 5.89
      vertex 64.1839 29.1839 5.89
    endloop
  endfacet
  facet normal 0 0 1
    outer loop
      vertex 64.061 29.2917 5.89
      vertex 64.061 27.3083 5.89
      vertex 64.1839 27.4161 5.89
    endloop
  endfacet
  facet normal 0 0 1
    outer loop
      vertex 63.925 29.3825 5.89
      vertex 64.061 27.3083 5.89
      vertex 64.061 29.2917 5.89
    endloop
  endfacet
  facet normal 0 0 1
    outer loop
      vertex 63.925 29.3825 5.89
      vertex 63.925 27.2175 5.89
      vertex 64.061 27.3083 5.89
    endloop
  endfacet
  facet normal 0 0 1
    outer loop
      vertex 63.7784 29.4548 5.89
      vertex 63.925 27.2175 5.89
      vertex 63.925 29.3825 5.89
    endloop
  endfacet
  facet normal 0 0 1
    outer loop
      vertex 63.7784 29.4548 5.89
      vertex 63.7784 27.1451 5.89
      vertex 63.925 27.2175 5.89
    endloop
  endfacet
  facet normal 0 0 1
    outer loop
      vertex 63.6235 29.5074 5.89
      vertex 63.7784 27.1451 5.89
      vertex 63.7784 29.4548 5.89
    endloop
  endfacet
  facet normal 0 0 1
    outer loop
      vertex 63.6235 29.5074 5.89
      vertex 63.6235 27.0926 5.89
      vertex 63.7784 27.1451 5.89
    endloop
  endfacet
  facet normal 0 0 1
    outer loop
      vertex 63.4632 29.5393 5.89
      vertex 63.6235 27.0926 5.89
      vertex 63.6235 29.5074 5.89
    endloop
  endfacet
  facet normal 0 0 1
    outer loop
      vertex 63.4632 29.5393 5.89
      vertex 63.4632 27.0607 5.89
      vertex 63.6235 27.0926 5.89
    endloop
  endfacet
  facet normal 0 0 1
    outer loop
      vertex 63.3 29.55 5.89
      vertex 63.4632 27.0607 5.89
      vertex 63.4632 29.5393 5.89
    endloop
  endfacet
  facet normal 0 0 1
    outer loop
      vertex 63.3 29.55 5.89
      vertex 63.3 27.05 5.89
      vertex 63.4632 27.0607 5.89
    endloop
  endfacet
  facet normal -0 0 1
    outer loop
      vertex 63.1368 29.5393 5.89
      vertex 63.3 27.05 5.89
      vertex 63.3 29.55 5.89
    endloop
  endfacet
  facet normal 0 0 1
    outer loop
      vertex 63.1368 29.5393 5.89
      vertex 63.1368 27.0607 5.89
      vertex 63.3 27.05 5.89
    endloop
  endfacet
  facet normal -0 0 1
    outer loop
      vertex 62.9765 29.5074 5.89
      vertex 63.1368 27.0607 5.89
      vertex 63.1368 29.5393 5.89
    endloop
  endfacet
  facet normal 0 0 1
    outer loop
      vertex 62.9765 29.5074 5.89
      vertex 62.9765 27.0926 5.89
      vertex 63.1368 27.0607 5.89
    endloop
  endfacet
  facet normal -0 0 1
    outer loop
      vertex 62.8216 29.4548 5.89
      vertex 62.9765 27.0926 5.89
      vertex 62.9765 29.5074 5.89
    endloop
  endfacet
  facet normal 0 0 1
    outer loop
      vertex 62.8216 29.4548 5.89
      vertex 62.8216 27.1451 5.89
      vertex 62.9765 27.0926 5.89
    endloop
  endfacet
  facet normal -0 0 1
    outer loop
      vertex 62.675 29.3825 5.89
      vertex 62.8216 27.1451 5.89
      vertex 62.8216 29.4548 5.89
    endloop
  endfacet
  facet normal 0 0 1
    outer loop
      vertex 62.675 29.3825 5.89
      vertex 62.675 27.2175 5.89
      vertex 62.8216 27.1451 5.89
    endloop
  endfacet
  facet normal -0 0 1
    outer loop
      vertex 62.539 29.2917 5.89
      vertex 62.675 27.2175 5.89
      vertex 62.675 29.3825 5.89
    endloop
  endfacet
  facet normal 0 0 1
    outer loop
      vertex 62.539 29.2917 5.89
      vertex 62.539 27.3083 5.89
      vertex 62.675 27.2175 5.89
    endloop
  endfacet
  facet normal -0 0 1
    outer loop
      vertex 62.4161 29.1839 5.89
      vertex 62.539 27.3083 5.89
      vertex 62.539 29.2917 5.89
    endloop
  endfacet
  facet normal 0 0 1
    outer loop
      vertex 62.4161 29.1839 5.89
      vertex 62.4161 27.4161 5.89
      vertex 62.539 27.3083 5.89
    endloop
  endfacet
  facet normal -0 0 1
    outer loop
      vertex 62.3083 29.061 5.89
      vertex 62.4161 27.4161 5.89
      vertex 62.4161 29.1839 5.89
    endloop
  endfacet
  facet normal 0 0 1
    outer loop
      vertex 62.3083 29.061 5.89
      vertex 62.3083 27.539 5.89
      vertex 62.4161 27.4161 5.89
    endloop
  endfacet
  facet normal -0 0 1
    outer loop
      vertex 62.2175 28.925 5.89
      vertex 62.3083 27.539 5.89
      vertex 62.3083 29.061 5.89
    endloop
  endfacet
  facet normal 0 0 1
    outer loop
      vertex 62.2175 28.925 5.89
      vertex 62.2175 27.675 5.89
      vertex 62.3083 27.539 5.89
    endloop
  endfacet
  facet normal -0 0 1
    outer loop
      vertex 62.1451 28.7784 5.89
      vertex 62.2175 27.675 5.89
      vertex 62.2175 28.925 5.89
    endloop
  endfacet
  facet normal 0 0 1
    outer loop
      vertex 62.1451 28.7784 5.89
      vertex 62.1451 27.8216 5.89
      vertex 62.2175 27.675 5.89
    endloop
  endfacet
  facet normal -0 0 1
    outer loop
      vertex 62.0926 28.6235 5.89
      vertex 62.1451 27.8216 5.89
      vertex 62.1451 28.7784 5.89
    endloop
  endfacet
  facet normal 0 0 1
    outer loop
      vertex 62.0926 28.6235 5.89
      vertex 62.0926 27.9765 5.89
      vertex 62.1451 27.8216 5.89
    endloop
  endfacet
  facet normal -0 0 1
    outer loop
      vertex 62.0607 28.4632 5.89
      vertex 62.0926 27.9765 5.89
      vertex 62.0926 28.6235 5.89
    endloop
  endfacet
  facet normal 0 0 1
    outer loop
      vertex 62.0607 28.4632 5.89
      vertex 62.0607 28.1368 5.89
      vertex 62.0926 27.9765 5.89
    endloop
  endfacet
  facet normal 0 -0 1
    outer loop
      vertex 62.0607 28.1368 5.89
      vertex 62.0607 28.4632 5.89
      vertex 62.05 28.3 5.89
    endloop
  endfacet
  facet normal -0.321541 0.946896 0
    outer loop
      vertex 62.9765 29.5074 1.6
      vertex 62.8216 29.4548 5.89
      vertex 62.9765 29.5074 5.89
    endloop
  endfacet
  facet normal -0.321541 0.946896 0
    outer loop
      vertex 62.8216 29.4548 5.89
      vertex 62.9765 29.5074 1.6
      vertex 62.8216 29.4548 1.6
    endloop
  endfacet
  facet normal 0.442805 -0.896618 0
    outer loop
      vertex 63.7784 27.1451 1.6
      vertex 63.925 27.2175 5.89
      vertex 63.7784 27.1451 5.89
    endloop
  endfacet
  facet normal 0.442805 -0.896618 0
    outer loop
      vertex 63.925 27.2175 5.89
      vertex 63.7784 27.1451 1.6
      vertex 63.925 27.2175 1.6
    endloop
  endfacet
  facet normal 0.946896 -0.321541 0
    outer loop
      vertex 64.4548 27.8216 5.89
      vertex 64.5074 27.9765 1.6
      vertex 64.5074 27.9765 5.89
    endloop
  endfacet
  facet normal 0.946896 -0.321541 0
    outer loop
      vertex 64.5074 27.9765 1.6
      vertex 64.4548 27.8216 5.89
      vertex 64.4548 27.8216 1.6
    endloop
  endfacet
  facet normal -0.320993 -0.947082 0
    outer loop
      vertex 62.8216 27.1451 1.6
      vertex 62.9765 27.0926 5.89
      vertex 62.8216 27.1451 5.89
    endloop
  endfacet
  facet normal -0.320993 -0.947082 -0
    outer loop
      vertex 62.9765 27.0926 5.89
      vertex 62.8216 27.1451 1.6
      vertex 62.9765 27.0926 1.6
    endloop
  endfacet
  facet normal -0.896618 -0.442805 0
    outer loop
      vertex 62.2175 27.675 1.6
      vertex 62.1451 27.8216 5.89
      vertex 62.1451 27.8216 1.6
    endloop
  endfacet
  facet normal -0.896618 -0.442805 0
    outer loop
      vertex 62.1451 27.8216 5.89
      vertex 62.2175 27.675 1.6
      vertex 62.2175 27.675 5.89
    endloop
  endfacet
  facet normal 0.946896 0.321541 0
    outer loop
      vertex 64.5074 28.6235 5.89
      vertex 64.4548 28.7784 1.6
      vertex 64.4548 28.7784 5.89
    endloop
  endfacet
  facet normal 0.946896 0.321541 0
    outer loop
      vertex 64.4548 28.7784 1.6
      vertex 64.5074 28.6235 5.89
      vertex 64.5074 28.6235 1.6
    endloop
  endfacet
  facet normal 0.75178 0.659414 0
    outer loop
      vertex 64.2917 29.061 5.89
      vertex 64.1839 29.1839 1.6
      vertex 64.1839 29.1839 5.89
    endloop
  endfacet
  facet normal 0.75178 0.659414 0
    outer loop
      vertex 64.1839 29.1839 1.6
      vertex 64.2917 29.061 5.89
      vertex 64.2917 29.061 1.6
    endloop
  endfacet
  facet normal 0.0654233 0.997858 -0
    outer loop
      vertex 63.4632 29.5393 1.6
      vertex 63.3 29.55 5.89
      vertex 63.4632 29.5393 5.89
    endloop
  endfacet
  facet normal 0.0654233 0.997858 0
    outer loop
      vertex 63.3 29.55 5.89
      vertex 63.4632 29.5393 1.6
      vertex 63.3 29.55 1.6
    endloop
  endfacet
  facet normal 0.555265 0.831674 -0
    outer loop
      vertex 64.061 29.2917 1.6
      vertex 63.925 29.3825 5.89
      vertex 64.061 29.2917 5.89
    endloop
  endfacet
  facet normal 0.555265 0.831674 0
    outer loop
      vertex 63.925 29.3825 5.89
      vertex 64.061 29.2917 1.6
      vertex 63.925 29.3825 1.6
    endloop
  endfacet
  facet normal -0.896618 0.442805 0
    outer loop
      vertex 62.1451 28.7784 1.6
      vertex 62.2175 28.925 5.89
      vertex 62.2175 28.925 1.6
    endloop
  endfacet
  facet normal -0.896618 0.442805 0
    outer loop
      vertex 62.2175 28.925 5.89
      vertex 62.1451 28.7784 1.6
      vertex 62.1451 28.7784 5.89
    endloop
  endfacet
  facet normal -0.555265 0.831674 0
    outer loop
      vertex 62.675 29.3825 1.6
      vertex 62.539 29.2917 5.89
      vertex 62.675 29.3825 5.89
    endloop
  endfacet
  facet normal -0.555265 0.831674 0
    outer loop
      vertex 62.539 29.2917 5.89
      vertex 62.675 29.3825 1.6
      vertex 62.539 29.2917 1.6
    endloop
  endfacet
  facet normal -0.659414 0.75178 0
    outer loop
      vertex 62.539 29.2917 1.6
      vertex 62.4161 29.1839 5.89
      vertex 62.539 29.2917 5.89
    endloop
  endfacet
  facet normal -0.659414 0.75178 0
    outer loop
      vertex 62.4161 29.1839 5.89
      vertex 62.539 29.2917 1.6
      vertex 62.4161 29.1839 1.6
    endloop
  endfacet
  facet normal -0.195175 0.980768 0
    outer loop
      vertex 63.1368 29.5393 1.6
      vertex 62.9765 29.5074 5.89
      vertex 63.1368 29.5393 5.89
    endloop
  endfacet
  facet normal -0.195175 0.980768 0
    outer loop
      vertex 62.9765 29.5074 5.89
      vertex 63.1368 29.5393 1.6
      vertex 62.9765 29.5074 1.6
    endloop
  endfacet
  facet normal 0.997858 -0.0654233 0
    outer loop
      vertex 64.5393 28.1368 5.89
      vertex 64.55 28.3 1.6
      vertex 64.55 28.3 5.89
    endloop
  endfacet
  facet normal 0.997858 -0.0654233 0
    outer loop
      vertex 64.55 28.3 1.6
      vertex 64.5393 28.1368 5.89
      vertex 64.5393 28.1368 1.6
    endloop
  endfacet
  facet normal 0.0654233 -0.997858 0
    outer loop
      vertex 63.3 27.05 1.6
      vertex 63.4632 27.0607 5.89
      vertex 63.3 27.05 5.89
    endloop
  endfacet
  facet normal 0.0654233 -0.997858 0
    outer loop
      vertex 63.4632 27.0607 5.89
      vertex 63.3 27.05 1.6
      vertex 63.4632 27.0607 1.6
    endloop
  endfacet
  facet normal 0.320993 -0.947082 0
    outer loop
      vertex 63.6235 27.0926 1.6
      vertex 63.7784 27.1451 5.89
      vertex 63.6235 27.0926 5.89
    endloop
  endfacet
  facet normal 0.320993 -0.947082 0
    outer loop
      vertex 63.7784 27.1451 5.89
      vertex 63.6235 27.0926 1.6
      vertex 63.7784 27.1451 1.6
    endloop
  endfacet
  facet normal 0.555265 -0.831674 0
    outer loop
      vertex 63.925 27.2175 1.6
      vertex 64.061 27.3083 5.89
      vertex 63.925 27.2175 5.89
    endloop
  endfacet
  facet normal 0.555265 -0.831674 0
    outer loop
      vertex 64.061 27.3083 5.89
      vertex 63.925 27.2175 1.6
      vertex 64.061 27.3083 1.6
    endloop
  endfacet
  facet normal 0.75178 -0.659414 0
    outer loop
      vertex 64.1839 27.4161 5.89
      vertex 64.2917 27.539 1.6
      vertex 64.2917 27.539 5.89
    endloop
  endfacet
  facet normal 0.75178 -0.659414 0
    outer loop
      vertex 64.2917 27.539 1.6
      vertex 64.1839 27.4161 5.89
      vertex 64.1839 27.4161 1.6
    endloop
  endfacet
  facet normal 0.896861 -0.442313 0
    outer loop
      vertex 64.3825 27.675 5.89
      vertex 64.4548 27.8216 1.6
      vertex 64.4548 27.8216 5.89
    endloop
  endfacet
  facet normal 0.896861 -0.442313 0
    outer loop
      vertex 64.4548 27.8216 1.6
      vertex 64.3825 27.675 5.89
      vertex 64.3825 27.675 1.6
    endloop
  endfacet
  facet normal -0.659414 -0.75178 0
    outer loop
      vertex 62.4161 27.4161 1.6
      vertex 62.539 27.3083 5.89
      vertex 62.4161 27.4161 5.89
    endloop
  endfacet
  facet normal -0.659414 -0.75178 -0
    outer loop
      vertex 62.539 27.3083 5.89
      vertex 62.4161 27.4161 1.6
      vertex 62.539 27.3083 1.6
    endloop
  endfacet
  facet normal -0.442805 -0.896618 0
    outer loop
      vertex 62.675 27.2175 1.6
      vertex 62.8216 27.1451 5.89
      vertex 62.675 27.2175 5.89
    endloop
  endfacet
  facet normal -0.442805 -0.896618 -0
    outer loop
      vertex 62.8216 27.1451 5.89
      vertex 62.675 27.2175 1.6
      vertex 62.8216 27.1451 1.6
    endloop
  endfacet
  facet normal -0.195175 -0.980768 0
    outer loop
      vertex 62.9765 27.0926 1.6
      vertex 63.1368 27.0607 5.89
      vertex 62.9765 27.0926 5.89
    endloop
  endfacet
  facet normal -0.195175 -0.980768 -0
    outer loop
      vertex 63.1368 27.0607 5.89
      vertex 62.9765 27.0926 1.6
      vertex 63.1368 27.0607 1.6
    endloop
  endfacet
  facet normal -0.831674 -0.555265 0
    outer loop
      vertex 62.3083 27.539 1.6
      vertex 62.2175 27.675 5.89
      vertex 62.2175 27.675 1.6
    endloop
  endfacet
  facet normal -0.831674 -0.555265 0
    outer loop
      vertex 62.2175 27.675 5.89
      vertex 62.3083 27.539 1.6
      vertex 62.3083 27.539 5.89
    endloop
  endfacet
  facet normal -0.947082 -0.320993 0
    outer loop
      vertex 62.1451 27.8216 1.6
      vertex 62.0926 27.9765 5.89
      vertex 62.0926 27.9765 1.6
    endloop
  endfacet
  facet normal -0.947082 -0.320993 0
    outer loop
      vertex 62.0926 27.9765 5.89
      vertex 62.1451 27.8216 1.6
      vertex 62.1451 27.8216 5.89
    endloop
  endfacet
  facet normal -0.997858 -0.0654233 0
    outer loop
      vertex 62.0607 28.1368 1.6
      vertex 62.05 28.3 5.89
      vertex 62.05 28.3 1.6
    endloop
  endfacet
  facet normal -0.997858 -0.0654233 0
    outer loop
      vertex 62.05 28.3 5.89
      vertex 62.0607 28.1368 1.6
      vertex 62.0607 28.1368 5.89
    endloop
  endfacet
  facet normal 0.195175 -0.980768 0
    outer loop
      vertex 63.4632 27.0607 1.6
      vertex 63.6235 27.0926 5.89
      vertex 63.4632 27.0607 5.89
    endloop
  endfacet
  facet normal 0.195175 -0.980768 0
    outer loop
      vertex 63.6235 27.0926 5.89
      vertex 63.4632 27.0607 1.6
      vertex 63.6235 27.0926 1.6
    endloop
  endfacet
  facet normal 0.659414 -0.75178 0
    outer loop
      vertex 64.061 27.3083 1.6
      vertex 64.1839 27.4161 5.89
      vertex 64.061 27.3083 5.89
    endloop
  endfacet
  facet normal 0.659414 -0.75178 0
    outer loop
      vertex 64.1839 27.4161 5.89
      vertex 64.061 27.3083 1.6
      vertex 64.1839 27.4161 1.6
    endloop
  endfacet
  facet normal 0.831674 -0.555265 0
    outer loop
      vertex 64.2917 27.539 5.89
      vertex 64.3825 27.675 1.6
      vertex 64.3825 27.675 5.89
    endloop
  endfacet
  facet normal 0.831674 -0.555265 0
    outer loop
      vertex 64.3825 27.675 1.6
      vertex 64.2917 27.539 5.89
      vertex 64.2917 27.539 1.6
    endloop
  endfacet
  facet normal 0.980768 -0.195175 0
    outer loop
      vertex 64.5074 27.9765 5.89
      vertex 64.5393 28.1368 1.6
      vertex 64.5393 28.1368 5.89
    endloop
  endfacet
  facet normal 0.980768 -0.195175 0
    outer loop
      vertex 64.5393 28.1368 1.6
      vertex 64.5074 27.9765 5.89
      vertex 64.5074 27.9765 1.6
    endloop
  endfacet
  facet normal -0.555265 -0.831674 0
    outer loop
      vertex 62.539 27.3083 1.6
      vertex 62.675 27.2175 5.89
      vertex 62.539 27.3083 5.89
    endloop
  endfacet
  facet normal -0.555265 -0.831674 -0
    outer loop
      vertex 62.675 27.2175 5.89
      vertex 62.539 27.3083 1.6
      vertex 62.675 27.2175 1.6
    endloop
  endfacet
  facet normal -0.0654233 -0.997858 0
    outer loop
      vertex 63.1368 27.0607 1.6
      vertex 63.3 27.05 5.89
      vertex 63.1368 27.0607 5.89
    endloop
  endfacet
  facet normal -0.0654233 -0.997858 -0
    outer loop
      vertex 63.3 27.05 5.89
      vertex 63.1368 27.0607 1.6
      vertex 63.3 27.05 1.6
    endloop
  endfacet
  facet normal -0.75178 -0.659414 0
    outer loop
      vertex 62.4161 27.4161 1.6
      vertex 62.3083 27.539 5.89
      vertex 62.3083 27.539 1.6
    endloop
  endfacet
  facet normal -0.75178 -0.659414 0
    outer loop
      vertex 62.3083 27.539 5.89
      vertex 62.4161 27.4161 1.6
      vertex 62.4161 27.4161 5.89
    endloop
  endfacet
  facet normal -0.980768 -0.195175 0
    outer loop
      vertex 62.0926 27.9765 1.6
      vertex 62.0607 28.1368 5.89
      vertex 62.0607 28.1368 1.6
    endloop
  endfacet
  facet normal -0.980768 -0.195175 0
    outer loop
      vertex 62.0607 28.1368 5.89
      vertex 62.0926 27.9765 1.6
      vertex 62.0926 27.9765 5.89
    endloop
  endfacet
  facet normal 0.997857 0.0654392 0
    outer loop
      vertex 64.55 4.4 5.89
      vertex 64.5393 4.56316 1.6
      vertex 64.5393 4.56316 5.89
    endloop
  endfacet
  facet normal 0.997857 0.0654392 0
    outer loop
      vertex 64.5393 4.56316 1.6
      vertex 64.55 4.4 5.89
      vertex 64.55 4.4 1.6
    endloop
  endfacet
  facet normal -0.997857 0.0654392 0
    outer loop
      vertex 62.05 4.4 1.6
      vertex 62.0607 4.56316 5.89
      vertex 62.0607 4.56316 1.6
    endloop
  endfacet
  facet normal -0.997857 0.0654392 0
    outer loop
      vertex 62.0607 4.56316 5.89
      vertex 62.05 4.4 1.6
      vertex 62.05 4.4 5.89
    endloop
  endfacet
  facet normal -0.0653624 0.997862 0
    outer loop
      vertex 63.3 5.65 1.6
      vertex 63.1368 5.63931 5.89
      vertex 63.3 5.65 5.89
    endloop
  endfacet
  facet normal -0.0653624 0.997862 0
    outer loop
      vertex 63.1368 5.63931 5.89
      vertex 63.3 5.65 1.6
      vertex 63.1368 5.63931 1.6
    endloop
  endfacet
  facet normal 0.0653624 -0.997862 0
    outer loop
      vertex 63.3 3.15 1.6
      vertex 63.4632 3.16069 5.89
      vertex 63.3 3.15 5.89
    endloop
  endfacet
  facet normal 0.0653624 -0.997862 0
    outer loop
      vertex 63.4632 3.16069 5.89
      vertex 63.3 3.15 1.6
      vertex 63.4632 3.16069 1.6
    endloop
  endfacet
  facet normal 0.659448 0.75175 -0
    outer loop
      vertex 64.1839 5.28388 1.6
      vertex 64.061 5.39169 5.89
      vertex 64.1839 5.28388 5.89
    endloop
  endfacet
  facet normal 0.659448 0.75175 0
    outer loop
      vertex 64.061 5.39169 5.89
      vertex 64.1839 5.28388 1.6
      vertex 64.061 5.39169 1.6
    endloop
  endfacet
  facet normal -0.75186 0.659323 0
    outer loop
      vertex 62.3083 5.16095 1.6
      vertex 62.4161 5.28388 5.89
      vertex 62.4161 5.28388 1.6
    endloop
  endfacet
  facet normal -0.75186 0.659323 0
    outer loop
      vertex 62.4161 5.28388 5.89
      vertex 62.3083 5.16095 1.6
      vertex 62.3083 5.16095 5.89
    endloop
  endfacet
  facet normal -0.442411 0.896812 0
    outer loop
      vertex 62.8216 5.55485 1.6
      vertex 62.675 5.48253 5.89
      vertex 62.8216 5.55485 5.89
    endloop
  endfacet
  facet normal -0.442411 0.896812 0
    outer loop
      vertex 62.675 5.48253 5.89
      vertex 62.8216 5.55485 1.6
      vertex 62.675 5.48253 1.6
    endloop
  endfacet
  facet normal 0.896921 -0.442191 0
    outer loop
      vertex 64.3825 3.775 5.89
      vertex 64.4548 3.92165 1.6
      vertex 64.4548 3.92165 5.89
    endloop
  endfacet
  facet normal 0.896921 -0.442191 0
    outer loop
      vertex 64.4548 3.92165 1.6
      vertex 64.3825 3.775 5.89
      vertex 64.3825 3.775 1.6
    endloop
  endfacet
  facet normal 0.896921 0.442191 0
    outer loop
      vertex 64.4548 4.87835 5.89
      vertex 64.3825 5.025 1.6
      vertex 64.3825 5.025 5.89
    endloop
  endfacet
  facet normal 0.896921 0.442191 0
    outer loop
      vertex 64.3825 5.025 1.6
      vertex 64.4548 4.87835 5.89
      vertex 64.4548 4.87835 1.6
    endloop
  endfacet
  facet normal 0.831579 0.555406 0
    outer loop
      vertex 64.3825 5.025 5.89
      vertex 64.2917 5.16095 1.6
      vertex 64.2917 5.16095 5.89
    endloop
  endfacet
  facet normal 0.831579 0.555406 0
    outer loop
      vertex 64.2917 5.16095 1.6
      vertex 64.3825 5.025 5.89
      vertex 64.3825 5.025 1.6
    endloop
  endfacet
  facet normal 0.321322 0.94697 -0
    outer loop
      vertex 63.7784 5.55485 1.6
      vertex 63.6235 5.60741 5.89
      vertex 63.7784 5.55485 5.89
    endloop
  endfacet
  facet normal 0.321322 0.94697 0
    outer loop
      vertex 63.6235 5.60741 5.89
      vertex 63.7784 5.55485 1.6
      vertex 63.6235 5.60741 1.6
    endloop
  endfacet
  facet normal 0.195175 0.980768 -0
    outer loop
      vertex 63.6235 5.60741 1.6
      vertex 63.4632 5.63931 5.89
      vertex 63.6235 5.60741 5.89
    endloop
  endfacet
  facet normal 0.195175 0.980768 0
    outer loop
      vertex 63.4632 5.63931 5.89
      vertex 63.6235 5.60741 1.6
      vertex 63.4632 5.63931 1.6
    endloop
  endfacet
  facet normal 0.555434 0.831561 -0
    outer loop
      vertex 64.061 5.39169 1.6
      vertex 63.925 5.48253 5.89
      vertex 64.061 5.39169 5.89
    endloop
  endfacet
  facet normal 0.555434 0.831561 0
    outer loop
      vertex 63.925 5.48253 5.89
      vertex 64.061 5.39169 1.6
      vertex 63.925 5.48253 1.6
    endloop
  endfacet
  facet normal -0.896678 0.442683 0
    outer loop
      vertex 62.1451 4.87835 1.6
      vertex 62.2175 5.025 5.89
      vertex 62.2175 5.025 1.6
    endloop
  endfacet
  facet normal -0.896678 0.442683 0
    outer loop
      vertex 62.2175 5.025 5.89
      vertex 62.1451 4.87835 1.6
      vertex 62.1451 4.87835 5.89
    endloop
  endfacet
  facet normal -0.831579 0.555406 0
    outer loop
      vertex 62.2175 5.025 1.6
      vertex 62.3083 5.16095 5.89
      vertex 62.3083 5.16095 1.6
    endloop
  endfacet
  facet normal -0.831579 0.555406 0
    outer loop
      vertex 62.3083 5.16095 5.89
      vertex 62.2175 5.025 1.6
      vertex 62.2175 5.025 5.89
    endloop
  endfacet
  facet normal -0.947038 0.321123 0
    outer loop
      vertex 62.0926 4.72352 1.6
      vertex 62.1451 4.87835 5.89
      vertex 62.1451 4.87835 1.6
    endloop
  endfacet
  facet normal -0.947038 0.321123 0
    outer loop
      vertex 62.1451 4.87835 5.89
      vertex 62.0926 4.72352 1.6
      vertex 62.0926 4.72352 5.89
    endloop
  endfacet
  facet normal -0.321322 0.94697 0
    outer loop
      vertex 62.9765 5.60741 1.6
      vertex 62.8216 5.55485 5.89
      vertex 62.9765 5.60741 5.89
    endloop
  endfacet
  facet normal -0.321322 0.94697 0
    outer loop
      vertex 62.8216 5.55485 5.89
      vertex 62.9765 5.60741 1.6
      vertex 62.8216 5.55485 1.6
    endloop
  endfacet
  facet normal 0.980782 -0.195105 0
    outer loop
      vertex 64.5074 4.07648 5.89
      vertex 64.5393 4.23684 1.6
      vertex 64.5393 4.23684 5.89
    endloop
  endfacet
  facet normal 0.980782 -0.195105 0
    outer loop
      vertex 64.5393 4.23684 1.6
      vertex 64.5074 4.07648 5.89
      vertex 64.5074 4.07648 1.6
    endloop
  endfacet
  facet normal 0.195175 -0.980768 0
    outer loop
      vertex 63.4632 3.16069 1.6
      vertex 63.6235 3.19259 5.89
      vertex 63.4632 3.16069 5.89
    endloop
  endfacet
  facet normal 0.195175 -0.980768 0
    outer loop
      vertex 63.6235 3.19259 5.89
      vertex 63.4632 3.16069 1.6
      vertex 63.6235 3.19259 1.6
    endloop
  endfacet
  facet normal 0.442411 -0.896812 0
    outer loop
      vertex 63.7784 3.24515 1.6
      vertex 63.925 3.31747 5.89
      vertex 63.7784 3.24515 5.89
    endloop
  endfacet
  facet normal 0.442411 -0.896812 0
    outer loop
      vertex 63.925 3.31747 5.89
      vertex 63.7784 3.24515 1.6
      vertex 63.925 3.31747 1.6
    endloop
  endfacet
  facet normal 0.946851 0.321671 0
    outer loop
      vertex 64.5074 4.72352 5.89
      vertex 64.4548 4.87835 1.6
      vertex 64.4548 4.87835 5.89
    endloop
  endfacet
  facet normal 0.946851 0.321671 0
    outer loop
      vertex 64.4548 4.87835 1.6
      vertex 64.5074 4.72352 5.89
      vertex 64.5074 4.72352 1.6
    endloop
  endfacet
  facet normal 0.980782 0.195105 0
    outer loop
      vertex 64.5393 4.56316 5.89
      vertex 64.5074 4.72352 1.6
      vertex 64.5074 4.72352 5.89
    endloop
  endfacet
  facet normal 0.980782 0.195105 0
    outer loop
      vertex 64.5074 4.72352 1.6
      vertex 64.5393 4.56316 5.89
      vertex 64.5393 4.56316 1.6
    endloop
  endfacet
  facet normal 0.75186 0.659323 0
    outer loop
      vertex 64.2917 5.16095 5.89
      vertex 64.1839 5.28388 1.6
      vertex 64.1839 5.28388 5.89
    endloop
  endfacet
  facet normal 0.75186 0.659323 0
    outer loop
      vertex 64.1839 5.28388 1.6
      vertex 64.2917 5.16095 5.89
      vertex 64.2917 5.16095 1.6
    endloop
  endfacet
  facet normal 0.0653624 0.997862 -0
    outer loop
      vertex 63.4632 5.63931 1.6
      vertex 63.3 5.65 5.89
      vertex 63.4632 5.63931 5.89
    endloop
  endfacet
  facet normal 0.0653624 0.997862 0
    outer loop
      vertex 63.3 5.65 5.89
      vertex 63.4632 5.63931 1.6
      vertex 63.3 5.65 1.6
    endloop
  endfacet
  facet normal 0.442411 0.896812 -0
    outer loop
      vertex 63.925 5.48253 1.6
      vertex 63.7784 5.55485 5.89
      vertex 63.925 5.48253 5.89
    endloop
  endfacet
  facet normal 0.442411 0.896812 0
    outer loop
      vertex 63.7784 5.55485 5.89
      vertex 63.925 5.48253 1.6
      vertex 63.7784 5.55485 1.6
    endloop
  endfacet
  facet normal -0.980782 0.195105 0
    outer loop
      vertex 62.0607 4.56316 1.6
      vertex 62.0926 4.72352 5.89
      vertex 62.0926 4.72352 1.6
    endloop
  endfacet
  facet normal -0.980782 0.195105 0
    outer loop
      vertex 62.0926 4.72352 5.89
      vertex 62.0607 4.56316 1.6
      vertex 62.0607 4.56316 5.89
    endloop
  endfacet
  facet normal 0 0 1
    outer loop
      vertex 64.5393 4.56316 5.89
      vertex 64.5393 4.23684 5.89
      vertex 64.55 4.4 5.89
    endloop
  endfacet
  facet normal 0 0 1
    outer loop
      vertex 64.5074 4.72352 5.89
      vertex 64.5393 4.23684 5.89
      vertex 64.5393 4.56316 5.89
    endloop
  endfacet
  facet normal 0 0 1
    outer loop
      vertex 64.5074 4.72352 5.89
      vertex 64.5074 4.07648 5.89
      vertex 64.5393 4.23684 5.89
    endloop
  endfacet
  facet normal 0 0 1
    outer loop
      vertex 64.4548 4.87835 5.89
      vertex 64.5074 4.07648 5.89
      vertex 64.5074 4.72352 5.89
    endloop
  endfacet
  facet normal 0 0 1
    outer loop
      vertex 64.4548 4.87835 5.89
      vertex 64.4548 3.92165 5.89
      vertex 64.5074 4.07648 5.89
    endloop
  endfacet
  facet normal 0 0 1
    outer loop
      vertex 64.3825 5.025 5.89
      vertex 64.4548 3.92165 5.89
      vertex 64.4548 4.87835 5.89
    endloop
  endfacet
  facet normal 0 0 1
    outer loop
      vertex 64.3825 5.025 5.89
      vertex 64.3825 3.775 5.89
      vertex 64.4548 3.92165 5.89
    endloop
  endfacet
  facet normal 0 0 1
    outer loop
      vertex 64.2917 5.16095 5.89
      vertex 64.3825 3.775 5.89
      vertex 64.3825 5.025 5.89
    endloop
  endfacet
  facet normal 0 0 1
    outer loop
      vertex 64.2917 5.16095 5.89
      vertex 64.2917 3.63905 5.89
      vertex 64.3825 3.775 5.89
    endloop
  endfacet
  facet normal 0 0 1
    outer loop
      vertex 64.1839 5.28388 5.89
      vertex 64.2917 3.63905 5.89
      vertex 64.2917 5.16095 5.89
    endloop
  endfacet
  facet normal 0 0 1
    outer loop
      vertex 64.1839 5.28388 5.89
      vertex 64.1839 3.51612 5.89
      vertex 64.2917 3.63905 5.89
    endloop
  endfacet
  facet normal 0 0 1
    outer loop
      vertex 64.061 5.39169 5.89
      vertex 64.1839 3.51612 5.89
      vertex 64.1839 5.28388 5.89
    endloop
  endfacet
  facet normal 0 0 1
    outer loop
      vertex 64.061 5.39169 5.89
      vertex 64.061 3.40831 5.89
      vertex 64.1839 3.51612 5.89
    endloop
  endfacet
  facet normal 0 0 1
    outer loop
      vertex 63.925 5.48253 5.89
      vertex 64.061 3.40831 5.89
      vertex 64.061 5.39169 5.89
    endloop
  endfacet
  facet normal 0 0 1
    outer loop
      vertex 63.925 5.48253 5.89
      vertex 63.925 3.31747 5.89
      vertex 64.061 3.40831 5.89
    endloop
  endfacet
  facet normal 0 0 1
    outer loop
      vertex 63.7784 5.55485 5.89
      vertex 63.925 3.31747 5.89
      vertex 63.925 5.48253 5.89
    endloop
  endfacet
  facet normal 0 0 1
    outer loop
      vertex 63.7784 5.55485 5.89
      vertex 63.7784 3.24515 5.89
      vertex 63.925 3.31747 5.89
    endloop
  endfacet
  facet normal 0 0 1
    outer loop
      vertex 63.6235 5.60741 5.89
      vertex 63.7784 3.24515 5.89
      vertex 63.7784 5.55485 5.89
    endloop
  endfacet
  facet normal 0 0 1
    outer loop
      vertex 63.6235 5.60741 5.89
      vertex 63.6235 3.19259 5.89
      vertex 63.7784 3.24515 5.89
    endloop
  endfacet
  facet normal 0 0 1
    outer loop
      vertex 63.4632 5.63931 5.89
      vertex 63.6235 3.19259 5.89
      vertex 63.6235 5.60741 5.89
    endloop
  endfacet
  facet normal 0 0 1
    outer loop
      vertex 63.4632 5.63931 5.89
      vertex 63.4632 3.16069 5.89
      vertex 63.6235 3.19259 5.89
    endloop
  endfacet
  facet normal 0 0 1
    outer loop
      vertex 63.3 5.65 5.89
      vertex 63.4632 3.16069 5.89
      vertex 63.4632 5.63931 5.89
    endloop
  endfacet
  facet normal 0 0 1
    outer loop
      vertex 63.3 5.65 5.89
      vertex 63.3 3.15 5.89
      vertex 63.4632 3.16069 5.89
    endloop
  endfacet
  facet normal -0 0 1
    outer loop
      vertex 63.1368 5.63931 5.89
      vertex 63.3 3.15 5.89
      vertex 63.3 5.65 5.89
    endloop
  endfacet
  facet normal 0 0 1
    outer loop
      vertex 63.1368 5.63931 5.89
      vertex 63.1368 3.16069 5.89
      vertex 63.3 3.15 5.89
    endloop
  endfacet
  facet normal -0 0 1
    outer loop
      vertex 62.9765 5.60741 5.89
      vertex 63.1368 3.16069 5.89
      vertex 63.1368 5.63931 5.89
    endloop
  endfacet
  facet normal 0 0 1
    outer loop
      vertex 62.9765 5.60741 5.89
      vertex 62.9765 3.19259 5.89
      vertex 63.1368 3.16069 5.89
    endloop
  endfacet
  facet normal -0 0 1
    outer loop
      vertex 62.8216 5.55485 5.89
      vertex 62.9765 3.19259 5.89
      vertex 62.9765 5.60741 5.89
    endloop
  endfacet
  facet normal 0 0 1
    outer loop
      vertex 62.8216 5.55485 5.89
      vertex 62.8216 3.24515 5.89
      vertex 62.9765 3.19259 5.89
    endloop
  endfacet
  facet normal -0 0 1
    outer loop
      vertex 62.675 5.48253 5.89
      vertex 62.8216 3.24515 5.89
      vertex 62.8216 5.55485 5.89
    endloop
  endfacet
  facet normal 0 0 1
    outer loop
      vertex 62.675 5.48253 5.89
      vertex 62.675 3.31747 5.89
      vertex 62.8216 3.24515 5.89
    endloop
  endfacet
  facet normal -0 0 1
    outer loop
      vertex 62.539 5.39169 5.89
      vertex 62.675 3.31747 5.89
      vertex 62.675 5.48253 5.89
    endloop
  endfacet
  facet normal 0 0 1
    outer loop
      vertex 62.539 5.39169 5.89
      vertex 62.539 3.40831 5.89
      vertex 62.675 3.31747 5.89
    endloop
  endfacet
  facet normal -0 0 1
    outer loop
      vertex 62.4161 5.28388 5.89
      vertex 62.539 3.40831 5.89
      vertex 62.539 5.39169 5.89
    endloop
  endfacet
  facet normal 0 0 1
    outer loop
      vertex 62.4161 5.28388 5.89
      vertex 62.4161 3.51612 5.89
      vertex 62.539 3.40831 5.89
    endloop
  endfacet
  facet normal -0 0 1
    outer loop
      vertex 62.3083 5.16095 5.89
      vertex 62.4161 3.51612 5.89
      vertex 62.4161 5.28388 5.89
    endloop
  endfacet
  facet normal 0 0 1
    outer loop
      vertex 62.3083 5.16095 5.89
      vertex 62.3083 3.63905 5.89
      vertex 62.4161 3.51612 5.89
    endloop
  endfacet
  facet normal -0 0 1
    outer loop
      vertex 62.2175 5.025 5.89
      vertex 62.3083 3.63905 5.89
      vertex 62.3083 5.16095 5.89
    endloop
  endfacet
  facet normal 0 0 1
    outer loop
      vertex 62.2175 5.025 5.89
      vertex 62.2175 3.775 5.89
      vertex 62.3083 3.63905 5.89
    endloop
  endfacet
  facet normal -0 0 1
    outer loop
      vertex 62.1451 4.87835 5.89
      vertex 62.2175 3.775 5.89
      vertex 62.2175 5.025 5.89
    endloop
  endfacet
  facet normal 0 0 1
    outer loop
      vertex 62.1451 4.87835 5.89
      vertex 62.1451 3.92165 5.89
      vertex 62.2175 3.775 5.89
    endloop
  endfacet
  facet normal -0 0 1
    outer loop
      vertex 62.0926 4.72352 5.89
      vertex 62.1451 3.92165 5.89
      vertex 62.1451 4.87835 5.89
    endloop
  endfacet
  facet normal 0 0 1
    outer loop
      vertex 62.0926 4.72352 5.89
      vertex 62.0926 4.07648 5.89
      vertex 62.1451 3.92165 5.89
    endloop
  endfacet
  facet normal -0 0 1
    outer loop
      vertex 62.0607 4.56316 5.89
      vertex 62.0926 4.07648 5.89
      vertex 62.0926 4.72352 5.89
    endloop
  endfacet
  facet normal 0 0 1
    outer loop
      vertex 62.0607 4.56316 5.89
      vertex 62.0607 4.23684 5.89
      vertex 62.0926 4.07648 5.89
    endloop
  endfacet
  facet normal 0 -0 1
    outer loop
      vertex 62.0607 4.23684 5.89
      vertex 62.0607 4.56316 5.89
      vertex 62.05 4.4 5.89
    endloop
  endfacet
  facet normal -0.555434 0.831561 0
    outer loop
      vertex 62.675 5.48253 1.6
      vertex 62.539 5.39169 5.89
      vertex 62.675 5.48253 5.89
    endloop
  endfacet
  facet normal -0.555434 0.831561 0
    outer loop
      vertex 62.539 5.39169 5.89
      vertex 62.675 5.48253 1.6
      vertex 62.539 5.39169 1.6
    endloop
  endfacet
  facet normal -0.659448 0.75175 0
    outer loop
      vertex 62.539 5.39169 1.6
      vertex 62.4161 5.28388 5.89
      vertex 62.539 5.39169 5.89
    endloop
  endfacet
  facet normal -0.659448 0.75175 0
    outer loop
      vertex 62.4161 5.28388 5.89
      vertex 62.539 5.39169 1.6
      vertex 62.4161 5.28388 1.6
    endloop
  endfacet
  facet normal -0.195175 0.980768 0
    outer loop
      vertex 63.1368 5.63931 1.6
      vertex 62.9765 5.60741 5.89
      vertex 63.1368 5.63931 5.89
    endloop
  endfacet
  facet normal -0.195175 0.980768 0
    outer loop
      vertex 62.9765 5.60741 5.89
      vertex 63.1368 5.63931 1.6
      vertex 62.9765 5.60741 1.6
    endloop
  endfacet
  facet normal 0.997857 -0.0654392 0
    outer loop
      vertex 64.5393 4.23684 5.89
      vertex 64.55 4.4 1.6
      vertex 64.55 4.4 5.89
    endloop
  endfacet
  facet normal 0.997857 -0.0654392 0
    outer loop
      vertex 64.55 4.4 1.6
      vertex 64.5393 4.23684 5.89
      vertex 64.5393 4.23684 1.6
    endloop
  endfacet
  facet normal 0.75186 -0.659323 0
    outer loop
      vertex 64.1839 3.51612 5.89
      vertex 64.2917 3.63905 1.6
      vertex 64.2917 3.63905 5.89
    endloop
  endfacet
  facet normal 0.75186 -0.659323 0
    outer loop
      vertex 64.2917 3.63905 1.6
      vertex 64.1839 3.51612 5.89
      vertex 64.1839 3.51612 1.6
    endloop
  endfacet
  facet normal 0.946851 -0.321671 0
    outer loop
      vertex 64.4548 3.92165 5.89
      vertex 64.5074 4.07648 1.6
      vertex 64.5074 4.07648 5.89
    endloop
  endfacet
  facet normal 0.946851 -0.321671 0
    outer loop
      vertex 64.5074 4.07648 1.6
      vertex 64.4548 3.92165 5.89
      vertex 64.4548 3.92165 1.6
    endloop
  endfacet
  facet normal -0.659448 -0.75175 0
    outer loop
      vertex 62.4161 3.51612 1.6
      vertex 62.539 3.40831 5.89
      vertex 62.4161 3.51612 5.89
    endloop
  endfacet
  facet normal -0.659448 -0.75175 -0
    outer loop
      vertex 62.539 3.40831 5.89
      vertex 62.4161 3.51612 1.6
      vertex 62.539 3.40831 1.6
    endloop
  endfacet
  facet normal -0.896678 -0.442683 0
    outer loop
      vertex 62.2175 3.775 1.6
      vertex 62.1451 3.92165 5.89
      vertex 62.1451 3.92165 1.6
    endloop
  endfacet
  facet normal -0.896678 -0.442683 0
    outer loop
      vertex 62.1451 3.92165 5.89
      vertex 62.2175 3.775 1.6
      vertex 62.2175 3.775 5.89
    endloop
  endfacet
  facet normal -0.831579 -0.555406 0
    outer loop
      vertex 62.3083 3.63905 1.6
      vertex 62.2175 3.775 5.89
      vertex 62.2175 3.775 1.6
    endloop
  endfacet
  facet normal -0.831579 -0.555406 0
    outer loop
      vertex 62.2175 3.775 5.89
      vertex 62.3083 3.63905 1.6
      vertex 62.3083 3.63905 5.89
    endloop
  endfacet
  facet normal 0.555434 -0.831561 0
    outer loop
      vertex 63.925 3.31747 1.6
      vertex 64.061 3.40831 5.89
      vertex 63.925 3.31747 5.89
    endloop
  endfacet
  facet normal 0.555434 -0.831561 0
    outer loop
      vertex 64.061 3.40831 5.89
      vertex 63.925 3.31747 1.6
      vertex 64.061 3.40831 1.6
    endloop
  endfacet
  facet normal 0.659448 -0.75175 0
    outer loop
      vertex 64.061 3.40831 1.6
      vertex 64.1839 3.51612 5.89
      vertex 64.061 3.40831 5.89
    endloop
  endfacet
  facet normal 0.659448 -0.75175 0
    outer loop
      vertex 64.1839 3.51612 5.89
      vertex 64.061 3.40831 1.6
      vertex 64.1839 3.51612 1.6
    endloop
  endfacet
  facet normal 0.831579 -0.555406 0
    outer loop
      vertex 64.2917 3.63905 5.89
      vertex 64.3825 3.775 1.6
      vertex 64.3825 3.775 5.89
    endloop
  endfacet
  facet normal 0.831579 -0.555406 0
    outer loop
      vertex 64.3825 3.775 1.6
      vertex 64.2917 3.63905 5.89
      vertex 64.2917 3.63905 1.6
    endloop
  endfacet
  facet normal -0.75186 -0.659323 0
    outer loop
      vertex 62.4161 3.51612 1.6
      vertex 62.3083 3.63905 5.89
      vertex 62.3083 3.63905 1.6
    endloop
  endfacet
  facet normal -0.75186 -0.659323 0
    outer loop
      vertex 62.3083 3.63905 5.89
      vertex 62.4161 3.51612 1.6
      vertex 62.4161 3.51612 5.89
    endloop
  endfacet
  facet normal -0.947038 -0.321123 0
    outer loop
      vertex 62.1451 3.92165 1.6
      vertex 62.0926 4.07648 5.89
      vertex 62.0926 4.07648 1.6
    endloop
  endfacet
  facet normal -0.947038 -0.321123 0
    outer loop
      vertex 62.0926 4.07648 5.89
      vertex 62.1451 3.92165 1.6
      vertex 62.1451 3.92165 5.89
    endloop
  endfacet
  facet normal -0.997857 -0.0654392 0
    outer loop
      vertex 62.0607 4.23684 1.6
      vertex 62.05 4.4 5.89
      vertex 62.05 4.4 1.6
    endloop
  endfacet
  facet normal -0.997857 -0.0654392 0
    outer loop
      vertex 62.05 4.4 5.89
      vertex 62.0607 4.23684 1.6
      vertex 62.0607 4.23684 5.89
    endloop
  endfacet
  facet normal 0.321322 -0.94697 0
    outer loop
      vertex 63.6235 3.19259 1.6
      vertex 63.7784 3.24515 5.89
      vertex 63.6235 3.19259 5.89
    endloop
  endfacet
  facet normal 0.321322 -0.94697 0
    outer loop
      vertex 63.7784 3.24515 5.89
      vertex 63.6235 3.19259 1.6
      vertex 63.7784 3.24515 1.6
    endloop
  endfacet
  facet normal -0.0653624 -0.997862 0
    outer loop
      vertex 63.1368 3.16069 1.6
      vertex 63.3 3.15 5.89
      vertex 63.1368 3.16069 5.89
    endloop
  endfacet
  facet normal -0.0653624 -0.997862 -0
    outer loop
      vertex 63.3 3.15 5.89
      vertex 63.1368 3.16069 1.6
      vertex 63.3 3.15 1.6
    endloop
  endfacet
  facet normal -0.442411 -0.896812 0
    outer loop
      vertex 62.675 3.31747 1.6
      vertex 62.8216 3.24515 5.89
      vertex 62.675 3.31747 5.89
    endloop
  endfacet
  facet normal -0.442411 -0.896812 -0
    outer loop
      vertex 62.8216 3.24515 5.89
      vertex 62.675 3.31747 1.6
      vertex 62.8216 3.24515 1.6
    endloop
  endfacet
  facet normal -0.980782 -0.195105 0
    outer loop
      vertex 62.0926 4.07648 1.6
      vertex 62.0607 4.23684 5.89
      vertex 62.0607 4.23684 1.6
    endloop
  endfacet
  facet normal -0.980782 -0.195105 0
    outer loop
      vertex 62.0607 4.23684 5.89
      vertex 62.0926 4.07648 1.6
      vertex 62.0926 4.07648 5.89
    endloop
  endfacet
  facet normal -0.195175 -0.980768 0
    outer loop
      vertex 62.9765 3.19259 1.6
      vertex 63.1368 3.16069 5.89
      vertex 62.9765 3.19259 5.89
    endloop
  endfacet
  facet normal -0.195175 -0.980768 -0
    outer loop
      vertex 63.1368 3.16069 5.89
      vertex 62.9765 3.19259 1.6
      vertex 63.1368 3.16069 1.6
    endloop
  endfacet
  facet normal -0.321322 -0.94697 0
    outer loop
      vertex 62.8216 3.24515 1.6
      vertex 62.9765 3.19259 5.89
      vertex 62.8216 3.24515 5.89
    endloop
  endfacet
  facet normal -0.321322 -0.94697 -0
    outer loop
      vertex 62.9765 3.19259 5.89
      vertex 62.8216 3.24515 1.6
      vertex 62.9765 3.19259 1.6
    endloop
  endfacet
  facet normal -0.555434 -0.831561 0
    outer loop
      vertex 62.539 3.40831 1.6
      vertex 62.675 3.31747 5.89
      vertex 62.539 3.40831 5.89
    endloop
  endfacet
  facet normal -0.555434 -0.831561 -0
    outer loop
      vertex 62.675 3.31747 5.89
      vertex 62.539 3.40831 1.6
      vertex 62.675 3.31747 1.6
    endloop
  endfacet
  facet normal -1 0 0
    outer loop
      vertex 2.25 22.25 1.6
      vertex 2.25 28.25 3.6
      vertex 2.25 28.25 1.6
    endloop
  endfacet
  facet normal -1 -0 0
    outer loop
      vertex 2.25 28.25 3.6
      vertex 2.25 22.25 1.6
      vertex 2.25 22.25 3.6
    endloop
  endfacet
  facet normal -0 0 1
    outer loop
      vertex 2.24 28.25 4.6
      vertex 3.45 22.25 4.6
      vertex 3.45 28.25 4.6
    endloop
  endfacet
  facet normal 0 0 1
    outer loop
      vertex 3.45 22.25 4.6
      vertex 2.24 28.25 4.6
      vertex 2.24 22.25 4.6
    endloop
  endfacet
  facet normal 1 -0 0
    outer loop
      vertex 3.45 22.25 4.6
      vertex 3.45 28.25 1.6
      vertex 3.45 28.25 4.6
    endloop
  endfacet
  facet normal 1 0 0
    outer loop
      vertex 3.45 28.25 1.6
      vertex 3.45 22.25 4.6
      vertex 3.45 22.25 1.6
    endloop
  endfacet
  facet normal 0 1 -0
    outer loop
      vertex 2.25 28.25 3.6
      vertex 2.24 28.25 4.6
      vertex 3.45 28.25 4.6
    endloop
  endfacet
  facet normal 0 1 0
    outer loop
      vertex 2.24 28.25 4.6
      vertex 2.25 28.25 3.6
      vertex 1.45 28.25 4.2
    endloop
  endfacet
  facet normal 0 1 -0
    outer loop
      vertex 3.45 28.25 1.6
      vertex 2.25 28.25 3.6
      vertex 3.45 28.25 4.6
    endloop
  endfacet
  facet normal 0 1 0
    outer loop
      vertex 2.25 28.25 3.6
      vertex 3.45 28.25 1.6
      vertex 2.25 28.25 1.6
    endloop
  endfacet
  facet normal 0 1 0
    outer loop
      vertex 1.45 28.25 4.2
      vertex 2.25 28.25 3.6
      vertex 1.45 28.25 3.6
    endloop
  endfacet
  facet normal 0 -1 0
    outer loop
      vertex 2.25 22.25 3.6
      vertex 2.24 22.25 4.6
      vertex 1.45 22.25 4.2
    endloop
  endfacet
  facet normal 0 -1 0
    outer loop
      vertex 2.25 22.25 3.6
      vertex 1.45 22.25 4.2
      vertex 1.45 22.25 3.6
    endloop
  endfacet
  facet normal 0 -1 0
    outer loop
      vertex 2.24 22.25 4.6
      vertex 2.25 22.25 3.6
      vertex 3.45 22.25 4.6
    endloop
  endfacet
  facet normal 0 -1 0
    outer loop
      vertex 3.45 22.25 1.6
      vertex 2.25 22.25 3.6
      vertex 2.25 22.25 1.6
    endloop
  endfacet
  facet normal 0 -1 0
    outer loop
      vertex 2.25 22.25 3.6
      vertex 3.45 22.25 1.6
      vertex 3.45 22.25 4.6
    endloop
  endfacet
  facet normal -1 0 0
    outer loop
      vertex 1.45 22.25 3.6
      vertex 1.45 28.25 4.2
      vertex 1.45 28.25 3.6
    endloop
  endfacet
  facet normal -1 -0 0
    outer loop
      vertex 1.45 28.25 4.2
      vertex 1.45 22.25 3.6
      vertex 1.45 22.25 4.2
    endloop
  endfacet
  facet normal -0.451725 0 0.892157
    outer loop
      vertex 1.45 28.25 4.2
      vertex 2.24 22.25 4.6
      vertex 2.24 28.25 4.6
    endloop
  endfacet
  facet normal -0.451725 0 0.892157
    outer loop
      vertex 2.24 22.25 4.6
      vertex 1.45 28.25 4.2
      vertex 1.45 22.25 4.2
    endloop
  endfacet
  facet normal 0 0 -1
    outer loop
      vertex 1.45 22.25 3.6
      vertex 2.25 28.25 3.6
      vertex 2.25 22.25 3.6
    endloop
  endfacet
  facet normal -0 0 -1
    outer loop
      vertex 2.25 28.25 3.6
      vertex 1.45 22.25 3.6
      vertex 1.45 28.25 3.6
    endloop
  endfacet
  facet normal -1 0 0
    outer loop
      vertex 2.25 4.45 1.6
      vertex 2.25 10.45 3.6
      vertex 2.25 10.45 1.6
    endloop
  endfacet
  facet normal -1 -0 0
    outer loop
      vertex 2.25 10.45 3.6
      vertex 2.25 4.45 1.6
      vertex 2.25 4.45 3.6
    endloop
  endfacet
  facet normal -0 0 1
    outer loop
      vertex 2.24 10.45 4.6
      vertex 3.45 4.45 4.6
      vertex 3.45 10.45 4.6
    endloop
  endfacet
  facet normal 0 0 1
    outer loop
      vertex 3.45 4.45 4.6
      vertex 2.24 10.45 4.6
      vertex 2.24 4.45 4.6
    endloop
  endfacet
  facet normal 1 -0 0
    outer loop
      vertex 3.45 4.45 4.6
      vertex 3.45 10.45 1.6
      vertex 3.45 10.45 4.6
    endloop
  endfacet
  facet normal 1 0 0
    outer loop
      vertex 3.45 10.45 1.6
      vertex 3.45 4.45 4.6
      vertex 3.45 4.45 1.6
    endloop
  endfacet
  facet normal 0 1 -0
    outer loop
      vertex 2.25 10.45 3.6
      vertex 2.24 10.45 4.6
      vertex 3.45 10.45 4.6
    endloop
  endfacet
  facet normal 0 1 0
    outer loop
      vertex 2.24 10.45 4.6
      vertex 2.25 10.45 3.6
      vertex 1.45 10.45 4.2
    endloop
  endfacet
  facet normal 0 1 -0
    outer loop
      vertex 3.45 10.45 1.6
      vertex 2.25 10.45 3.6
      vertex 3.45 10.45 4.6
    endloop
  endfacet
  facet normal 0 1 0
    outer loop
      vertex 2.25 10.45 3.6
      vertex 3.45 10.45 1.6
      vertex 2.25 10.45 1.6
    endloop
  endfacet
  facet normal 0 1 0
    outer loop
      vertex 1.45 10.45 4.2
      vertex 2.25 10.45 3.6
      vertex 1.45 10.45 3.6
    endloop
  endfacet
  facet normal 0 -1 0
    outer loop
      vertex 2.25 4.45 3.6
      vertex 2.24 4.45 4.6
      vertex 1.45 4.45 4.2
    endloop
  endfacet
  facet normal 0 -1 0
    outer loop
      vertex 2.25 4.45 3.6
      vertex 1.45 4.45 4.2
      vertex 1.45 4.45 3.6
    endloop
  endfacet
  facet normal 0 -1 0
    outer loop
      vertex 2.24 4.45 4.6
      vertex 2.25 4.45 3.6
      vertex 3.45 4.45 4.6
    endloop
  endfacet
  facet normal 0 -1 0
    outer loop
      vertex 3.45 4.45 1.6
      vertex 2.25 4.45 3.6
      vertex 2.25 4.45 1.6
    endloop
  endfacet
  facet normal 0 -1 0
    outer loop
      vertex 2.25 4.45 3.6
      vertex 3.45 4.45 1.6
      vertex 3.45 4.45 4.6
    endloop
  endfacet
  facet normal -1 0 0
    outer loop
      vertex 1.45 4.45 3.6
      vertex 1.45 10.45 4.2
      vertex 1.45 10.45 3.6
    endloop
  endfacet
  facet normal -1 -0 0
    outer loop
      vertex 1.45 10.45 4.2
      vertex 1.45 4.45 3.6
      vertex 1.45 4.45 4.2
    endloop
  endfacet
  facet normal -0.451725 0 0.892157
    outer loop
      vertex 1.45 10.45 4.2
      vertex 2.24 4.45 4.6
      vertex 2.24 10.45 4.6
    endloop
  endfacet
  facet normal -0.451725 0 0.892157
    outer loop
      vertex 2.24 4.45 4.6
      vertex 1.45 10.45 4.2
      vertex 1.45 4.45 4.2
    endloop
  endfacet
  facet normal 0 0 -1
    outer loop
      vertex 1.45 4.45 3.6
      vertex 2.25 10.45 3.6
      vertex 2.25 4.45 3.6
    endloop
  endfacet
  facet normal -0 0 -1
    outer loop
      vertex 2.25 10.45 3.6
      vertex 1.45 4.45 3.6
      vertex 1.45 10.45 3.6
    endloop
  endfacet
  facet normal -0 0 -1
    outer loop
      vertex 14.7086 10.6695 0
      vertex 8.46776 9.36537 0
      vertex 14.7 10.8 0
    endloop
  endfacet
  facet normal 0 0 -1
    outer loop
      vertex 14.7 21.9 0
      vertex 8.60289 23.8389 0
      vertex 8.62 24.1 0
    endloop
  endfacet
  facet normal 0 0 -1
    outer loop
      vertex 8.35205 9.6 0
      vertex 14.7 10.8 0
      vertex 8.46776 9.36537 0
    endloop
  endfacet
  facet normal 0 0 -1
    outer loop
      vertex 14.7 21.9 0
      vertex 8.55185 23.5824 0
      vertex 8.60289 23.8389 0
    endloop
  endfacet
  facet normal 0 0 -1
    outer loop
      vertex 8.20671 9.81752 0
      vertex 14.7 10.8 0
      vertex 8.35205 9.6 0
    endloop
  endfacet
  facet normal 0 0 -1
    outer loop
      vertex 14.7 21.9 0
      vertex 8.46776 23.3346 0
      vertex 8.55185 23.5824 0
    endloop
  endfacet
  facet normal 0 0 -1
    outer loop
      vertex 8.03421 10.0142 0
      vertex 14.7 10.8 0
      vertex 8.20671 9.81752 0
    endloop
  endfacet
  facet normal 0 0 -1
    outer loop
      vertex 14.7 21.9 0
      vertex 8.35205 23.1 0
      vertex 8.46776 23.3346 0
    endloop
  endfacet
  facet normal 0 0 -1
    outer loop
      vertex 7.83752 10.1867 0
      vertex 14.7 10.8 0
      vertex 8.03421 10.0142 0
    endloop
  endfacet
  facet normal 0 0 -1
    outer loop
      vertex 14.7 21.9 0
      vertex 8.20671 22.8825 0
      vertex 8.35205 23.1 0
    endloop
  endfacet
  facet normal 0 0 -1
    outer loop
      vertex 7.62 10.3321 0
      vertex 14.7 10.8 0
      vertex 7.83752 10.1867 0
    endloop
  endfacet
  facet normal 0 0 -1
    outer loop
      vertex 14.7 21.9 0
      vertex 8.03421 22.6858 0
      vertex 8.20671 22.8825 0
    endloop
  endfacet
  facet normal -0 0 -1
    outer loop
      vertex 14.7 10.8 0
      vertex 7.62 10.3321 0
      vertex 14.7 21.9 0
    endloop
  endfacet
  facet normal 0 0 -1
    outer loop
      vertex 14.7 21.9 0
      vertex 7.83752 22.5133 0
      vertex 8.03421 22.6858 0
    endloop
  endfacet
  facet normal 0 0 -1
    outer loop
      vertex 7.62 22.3679 0
      vertex 14.7 21.9 0
      vertex 7.62 10.3321 0
    endloop
  endfacet
  facet normal 0 0 -1
    outer loop
      vertex 14.7 21.9 0
      vertex 7.62 22.3679 0
      vertex 7.83752 22.5133 0
    endloop
  endfacet
  facet normal 0 0 -1
    outer loop
      vertex 7.38537 10.4478 0
      vertex 7.62 22.3679 0
      vertex 7.62 10.3321 0
    endloop
  endfacet
  facet normal 0 0 -1
    outer loop
      vertex 7.38537 10.4478 0
      vertex 7.38537 22.2522 0
      vertex 7.62 22.3679 0
    endloop
  endfacet
  facet normal 0 0 -1
    outer loop
      vertex 7.13764 10.5319 0
      vertex 7.38537 22.2522 0
      vertex 7.38537 10.4478 0
    endloop
  endfacet
  facet normal 0 0 -1
    outer loop
      vertex 7.13764 10.5319 0
      vertex 7.13764 22.1681 0
      vertex 7.38537 22.2522 0
    endloop
  endfacet
  facet normal 0 0 -1
    outer loop
      vertex 6.88105 10.5829 0
      vertex 7.13764 22.1681 0
      vertex 7.13764 10.5319 0
    endloop
  endfacet
  facet normal 0 0 -1
    outer loop
      vertex 6.88105 10.5829 0
      vertex 6.88105 22.1171 0
      vertex 7.13764 22.1681 0
    endloop
  endfacet
  facet normal 0 0 -1
    outer loop
      vertex 6.62 10.6 0
      vertex 6.88105 22.1171 0
      vertex 6.88105 10.5829 0
    endloop
  endfacet
  facet normal 0 0 -1
    outer loop
      vertex 6.62 10.6 0
      vertex 6.62 22.1 0
      vertex 6.88105 22.1171 0
    endloop
  endfacet
  facet normal 0 0 -1
    outer loop
      vertex 6.35895 10.5829 0
      vertex 6.62 22.1 0
      vertex 6.62 10.6 0
    endloop
  endfacet
  facet normal 0 0 -1
    outer loop
      vertex 6.35895 10.5829 0
      vertex 6.35895 22.1171 0
      vertex 6.62 22.1 0
    endloop
  endfacet
  facet normal 0 0 -1
    outer loop
      vertex 6.10236 10.5319 0
      vertex 6.35895 22.1171 0
      vertex 6.35895 10.5829 0
    endloop
  endfacet
  facet normal 0 0 -1
    outer loop
      vertex 6.10236 10.5319 0
      vertex 6.10236 22.1681 0
      vertex 6.35895 22.1171 0
    endloop
  endfacet
  facet normal 0 0 -1
    outer loop
      vertex 5.85463 10.4478 0
      vertex 6.10236 22.1681 0
      vertex 6.10236 10.5319 0
    endloop
  endfacet
  facet normal 0 0 -1
    outer loop
      vertex 5.85463 10.4478 0
      vertex 5.85463 22.2522 0
      vertex 6.10236 22.1681 0
    endloop
  endfacet
  facet normal 0 0 -1
    outer loop
      vertex 5.62 10.3321 0
      vertex 5.85463 22.2522 0
      vertex 5.85463 10.4478 0
    endloop
  endfacet
  facet normal 0 0 -1
    outer loop
      vertex 5.62 10.3321 0
      vertex 5.62 22.3679 0
      vertex 5.85463 22.2522 0
    endloop
  endfacet
  facet normal 0 0 -1
    outer loop
      vertex 5.40248 10.1867 0
      vertex 5.62 22.3679 0
      vertex 5.62 10.3321 0
    endloop
  endfacet
  facet normal 0 0 -1
    outer loop
      vertex 5.40248 10.1867 0
      vertex 5.40248 22.5133 0
      vertex 5.62 22.3679 0
    endloop
  endfacet
  facet normal 0 0 -1
    outer loop
      vertex 5.20579 10.0142 0
      vertex 5.40248 22.5133 0
      vertex 5.40248 10.1867 0
    endloop
  endfacet
  facet normal 0 0 -1
    outer loop
      vertex 5.20579 10.0142 0
      vertex 5.20579 22.6858 0
      vertex 5.40248 22.5133 0
    endloop
  endfacet
  facet normal 0 0 -1
    outer loop
      vertex 5.03329 9.81752 0
      vertex 5.20579 22.6858 0
      vertex 5.20579 10.0142 0
    endloop
  endfacet
  facet normal 0 0 -1
    outer loop
      vertex 5.03329 9.81752 0
      vertex 5.03329 22.8825 0
      vertex 5.20579 22.6858 0
    endloop
  endfacet
  facet normal 0 0 -1
    outer loop
      vertex 4.88795 9.6 0
      vertex 5.03329 22.8825 0
      vertex 5.03329 9.81752 0
    endloop
  endfacet
  facet normal 0 0 -1
    outer loop
      vertex 4.88795 9.6 0
      vertex 4.88795 23.1 0
      vertex 5.03329 22.8825 0
    endloop
  endfacet
  facet normal 0 0 -1
    outer loop
      vertex 4.77224 9.36537 0
      vertex 4.88795 23.1 0
      vertex 4.88795 9.6 0
    endloop
  endfacet
  facet normal 0 0 -1
    outer loop
      vertex 4.77224 9.36537 0
      vertex 4.77224 23.3346 0
      vertex 4.88795 23.1 0
    endloop
  endfacet
  facet normal 0 0 -1
    outer loop
      vertex 0 2 0
      vertex 4.77224 9.36537 0
      vertex 4.68815 9.11764 0
    endloop
  endfacet
  facet normal -0 0 -1
    outer loop
      vertex 4.77224 9.36537 0
      vertex 0 2 0
      vertex 4.77224 23.3346 0
    endloop
  endfacet
  facet normal 0 0 -1
    outer loop
      vertex 0 2 0
      vertex 4.68815 9.11764 0
      vertex 4.63711 8.86105 0
    endloop
  endfacet
  facet normal 0 0 -1
    outer loop
      vertex 0 30.7 0
      vertex 4.77224 23.3346 0
      vertex 0 2 0
    endloop
  endfacet
  facet normal 0 0 -1
    outer loop
      vertex 0 2 0
      vertex 4.63711 8.86105 0
      vertex 4.62 8.6 0
    endloop
  endfacet
  facet normal 0 0 -1
    outer loop
      vertex 4.77224 23.3346 0
      vertex 0 30.7 0
      vertex 4.68815 23.5824 0
    endloop
  endfacet
  facet normal 0 0 -1
    outer loop
      vertex 82.0401 5.10363 0
      vertex 84.4 2 0
      vertex 82.1284 4.84352 0
    endloop
  endfacet
  facet normal 0 0 -1
    outer loop
      vertex 84.4 30.7 0
      vertex 82.182 28.1259 0
      vertex 82.2 28.4 0
    endloop
  endfacet
  facet normal 0 0 -1
    outer loop
      vertex 81.9187 5.35 0
      vertex 84.4 2 0
      vertex 82.0401 5.10363 0
    endloop
  endfacet
  facet normal 0 0 -1
    outer loop
      vertex 84.4 30.7 0
      vertex 82.1284 27.8565 0
      vertex 82.182 28.1259 0
    endloop
  endfacet
  facet normal 0 0 -1
    outer loop
      vertex 84.4 2 0
      vertex 81.9187 5.35 0
      vertex 84.4 30.7 0
    endloop
  endfacet
  facet normal 0 0 -1
    outer loop
      vertex 84.4 30.7 0
      vertex 82.0401 27.5964 0
      vertex 82.1284 27.8565 0
    endloop
  endfacet
  facet normal 0 0 -1
    outer loop
      vertex 81.9187 27.35 0
      vertex 84.4 30.7 0
      vertex 81.9187 5.35 0
    endloop
  endfacet
  facet normal 0 0 -1
    outer loop
      vertex 84.4 30.7 0
      vertex 81.9187 27.35 0
      vertex 82.0401 27.5964 0
    endloop
  endfacet
  facet normal 0 0 -1
    outer loop
      vertex 81.766 5.5784 0
      vertex 81.9187 27.35 0
      vertex 81.9187 5.35 0
    endloop
  endfacet
  facet normal 0 0 -1
    outer loop
      vertex 81.766 5.5784 0
      vertex 81.766 27.1216 0
      vertex 81.9187 27.35 0
    endloop
  endfacet
  facet normal 0 0 -1
    outer loop
      vertex 81.5849 5.78492 0
      vertex 81.766 27.1216 0
      vertex 81.766 5.5784 0
    endloop
  endfacet
  facet normal 0 0 -1
    outer loop
      vertex 81.5849 5.78492 0
      vertex 81.5849 26.9151 0
      vertex 81.766 27.1216 0
    endloop
  endfacet
  facet normal 0 0 -1
    outer loop
      vertex 81.3784 5.96604 0
      vertex 81.5849 26.9151 0
      vertex 81.5849 5.78492 0
    endloop
  endfacet
  facet normal 0 0 -1
    outer loop
      vertex 81.3784 5.96604 0
      vertex 81.3784 26.734 0
      vertex 81.5849 26.9151 0
    endloop
  endfacet
  facet normal 0 0 -1
    outer loop
      vertex 81.15 6.11865 0
      vertex 81.3784 26.734 0
      vertex 81.3784 5.96604 0
    endloop
  endfacet
  facet normal 0 0 -1
    outer loop
      vertex 81.15 6.11865 0
      vertex 81.15 26.5813 0
      vertex 81.3784 26.734 0
    endloop
  endfacet
  facet normal 0 0 -1
    outer loop
      vertex 80.9036 6.24015 0
      vertex 81.15 26.5813 0
      vertex 81.15 6.11865 0
    endloop
  endfacet
  facet normal 0 0 -1
    outer loop
      vertex 80.9036 6.24015 0
      vertex 80.9036 26.4599 0
      vertex 81.15 26.5813 0
    endloop
  endfacet
  facet normal 0 0 -1
    outer loop
      vertex 80.6435 6.32844 0
      vertex 80.9036 26.4599 0
      vertex 80.9036 6.24015 0
    endloop
  endfacet
  facet normal 0 0 -1
    outer loop
      vertex 80.6435 6.32844 0
      vertex 80.6435 26.3716 0
      vertex 80.9036 26.4599 0
    endloop
  endfacet
  facet normal 0 0 -1
    outer loop
      vertex 80.3741 6.38203 0
      vertex 80.6435 26.3716 0
      vertex 80.6435 6.32844 0
    endloop
  endfacet
  facet normal 0 0 -1
    outer loop
      vertex 80.3741 6.38203 0
      vertex 80.3741 26.318 0
      vertex 80.6435 26.3716 0
    endloop
  endfacet
  facet normal 0 0 -1
    outer loop
      vertex 80.1 6.4 0
      vertex 80.3741 26.318 0
      vertex 80.3741 6.38203 0
    endloop
  endfacet
  facet normal 0 0 -1
    outer loop
      vertex 80.1 6.4 0
      vertex 80.1 26.3 0
      vertex 80.3741 26.318 0
    endloop
  endfacet
  facet normal 0 0 -1
    outer loop
      vertex 79.8259 6.38203 0
      vertex 80.1 26.3 0
      vertex 80.1 6.4 0
    endloop
  endfacet
  facet normal 0 0 -1
    outer loop
      vertex 79.8259 6.38203 0
      vertex 79.8259 26.318 0
      vertex 80.1 26.3 0
    endloop
  endfacet
  facet normal 0 0 -1
    outer loop
      vertex 79.5565 6.32844 0
      vertex 79.8259 26.318 0
      vertex 79.8259 6.38203 0
    endloop
  endfacet
  facet normal 0 0 -1
    outer loop
      vertex 79.5565 6.32844 0
      vertex 79.5565 26.3716 0
      vertex 79.8259 26.318 0
    endloop
  endfacet
  facet normal 0 0 -1
    outer loop
      vertex 79.2964 6.24015 0
      vertex 79.5565 26.3716 0
      vertex 79.5565 6.32844 0
    endloop
  endfacet
  facet normal 0 0 -1
    outer loop
      vertex 79.2964 6.24015 0
      vertex 79.2964 26.4599 0
      vertex 79.5565 26.3716 0
    endloop
  endfacet
  facet normal 0 0 -1
    outer loop
      vertex 79.05 6.11865 0
      vertex 79.2964 26.4599 0
      vertex 79.2964 6.24015 0
    endloop
  endfacet
  facet normal 0 0 -1
    outer loop
      vertex 79.05 6.11865 0
      vertex 79.05 26.5813 0
      vertex 79.2964 26.4599 0
    endloop
  endfacet
  facet normal 0 0 -1
    outer loop
      vertex 78.8216 5.96604 0
      vertex 79.05 26.5813 0
      vertex 79.05 6.11865 0
    endloop
  endfacet
  facet normal 0 0 -1
    outer loop
      vertex 78.8216 5.96604 0
      vertex 78.8216 26.734 0
      vertex 79.05 26.5813 0
    endloop
  endfacet
  facet normal 0 0 -1
    outer loop
      vertex 78.6151 5.78492 0
      vertex 78.8216 26.734 0
      vertex 78.8216 5.96604 0
    endloop
  endfacet
  facet normal 0 0 -1
    outer loop
      vertex 78.6151 5.78492 0
      vertex 78.6151 26.9151 0
      vertex 78.8216 26.734 0
    endloop
  endfacet
  facet normal 0 0 -1
    outer loop
      vertex 78.434 5.5784 0
      vertex 78.6151 26.9151 0
      vertex 78.6151 5.78492 0
    endloop
  endfacet
  facet normal 0 0 -1
    outer loop
      vertex 78.434 5.5784 0
      vertex 78.434 27.1216 0
      vertex 78.6151 26.9151 0
    endloop
  endfacet
  facet normal 0 0 -1
    outer loop
      vertex 78.2813 5.35 0
      vertex 78.434 27.1216 0
      vertex 78.434 5.5784 0
    endloop
  endfacet
  facet normal 0 0 -1
    outer loop
      vertex 78.2813 5.35 0
      vertex 78.2813 27.35 0
      vertex 78.434 27.1216 0
    endloop
  endfacet
  facet normal 0 0 -1
    outer loop
      vertex 38.7 10.8 0
      vertex 78.2813 5.35 0
      vertex 78.1599 5.10363 0
    endloop
  endfacet
  facet normal 0 0 -1
    outer loop
      vertex 78.2813 5.35 0
      vertex 38.7 10.8 0
      vertex 78.2813 27.35 0
    endloop
  endfacet
  facet normal 0 0 -1
    outer loop
      vertex 38.7 10.8 0
      vertex 78.1599 5.10363 0
      vertex 78.0716 4.84352 0
    endloop
  endfacet
  facet normal 0 0 -1
    outer loop
      vertex 38.7 21.9 0
      vertex 78.2813 27.35 0
      vertex 38.7 10.8 0
    endloop
  endfacet
  facet normal 0 0 -1
    outer loop
      vertex 38.6914 10.6695 0
      vertex 78.0716 4.84352 0
      vertex 78.018 4.5741 0
    endloop
  endfacet
  facet normal -0 0 -1
    outer loop
      vertex 78.2813 27.35 0
      vertex 38.7 21.9 0
      vertex 78.1599 27.5964 0
    endloop
  endfacet
  facet normal 0 0 -1
    outer loop
      vertex 38.6659 10.5412 0
      vertex 78.018 4.5741 0
      vertex 78 4.3 0
    endloop
  endfacet
  facet normal -0 0 -1
    outer loop
      vertex 78.1599 27.5964 0
      vertex 38.7 21.9 0
      vertex 78.0716 27.8565 0
    endloop
  endfacet
  facet normal 0 0 -1
    outer loop
      vertex 81.766 3.0216 0
      vertex 84.4 2 0
      vertex 84.3829 1.73895 0
    endloop
  endfacet
  facet normal 0 0 -1
    outer loop
      vertex 82.182 4.5741 0
      vertex 84.4 2 0
      vertex 82.2 4.3 0
    endloop
  endfacet
  facet normal 0 0 -1
    outer loop
      vertex 81.766 3.0216 0
      vertex 84.3829 1.73895 0
      vertex 84.3318 1.48236 0
    endloop
  endfacet
  facet normal 0 0 -1
    outer loop
      vertex 82.1284 4.84352 0
      vertex 84.4 2 0
      vertex 82.182 4.5741 0
    endloop
  endfacet
  facet normal 0 0 -1
    outer loop
      vertex 81.5849 2.81507 0
      vertex 84.3318 1.48236 0
      vertex 84.2478 1.23463 0
    endloop
  endfacet
  facet normal 0 0 -1
    outer loop
      vertex 82.182 28.6741 0
      vertex 84.4 30.7 0
      vertex 82.2 28.4 0
    endloop
  endfacet
  facet normal 0 0 -1
    outer loop
      vertex 81.5849 2.81507 0
      vertex 84.2478 1.23463 0
      vertex 84.132 1 0
    endloop
  endfacet
  facet normal 0 0 -1
    outer loop
      vertex 82.1284 28.9435 0
      vertex 84.4 30.7 0
      vertex 82.182 28.6741 0
    endloop
  endfacet
  facet normal 0 0 -1
    outer loop
      vertex 81.5849 2.81507 0
      vertex 84.132 1 0
      vertex 83.9867 0.782476 0
    endloop
  endfacet
  facet normal 0 0 -1
    outer loop
      vertex 82.0401 29.2036 0
      vertex 84.4 30.7 0
      vertex 82.1284 28.9435 0
    endloop
  endfacet
  facet normal 0 0 -1
    outer loop
      vertex 81.5849 2.81507 0
      vertex 83.9867 0.782476 0
      vertex 83.8142 0.585786 0
    endloop
  endfacet
  facet normal 0 0 -1
    outer loop
      vertex 81.9187 29.45 0
      vertex 84.4 30.7 0
      vertex 82.0401 29.2036 0
    endloop
  endfacet
  facet normal 0 0 -1
    outer loop
      vertex 81.5849 2.81507 0
      vertex 83.8142 0.585786 0
      vertex 83.6175 0.413293 0
    endloop
  endfacet
  facet normal 0 0 -1
    outer loop
      vertex 81.766 29.6784 0
      vertex 84.4 30.7 0
      vertex 81.9187 29.45 0
    endloop
  endfacet
  facet normal 0 0 -1
    outer loop
      vertex 81.5849 2.81507 0
      vertex 83.6175 0.413293 0
      vertex 83.4 0.267949 0
    endloop
  endfacet
  facet normal -0 0 -1
    outer loop
      vertex 84.4 30.7 0
      vertex 81.766 29.6784 0
      vertex 84.3829 30.9611 0
    endloop
  endfacet
  facet normal 0 0 -1
    outer loop
      vertex 81.5849 2.81507 0
      vertex 83.4 0.267949 0
      vertex 83.1654 0.152241 0
    endloop
  endfacet
  facet normal -0 0 -1
    outer loop
      vertex 84.3829 30.9611 0
      vertex 81.766 29.6784 0
      vertex 84.3318 31.2176 0
    endloop
  endfacet
  facet normal 0 0 -1
    outer loop
      vertex 81.5849 2.81507 0
      vertex 83.1654 0.152241 0
      vertex 82.9176 0.0681477 0
    endloop
  endfacet
  facet normal 0 0 -1
    outer loop
      vertex 81.5849 29.8849 0
      vertex 84.3318 31.2176 0
      vertex 81.766 29.6784 0
    endloop
  endfacet
  facet normal 0 0 -1
    outer loop
      vertex 81.5849 2.81507 0
      vertex 82.9176 0.0681477 0
      vertex 82.661 0.0171099 0
    endloop
  endfacet
  facet normal -0 0 -1
    outer loop
      vertex 84.3318 31.2176 0
      vertex 81.5849 29.8849 0
      vertex 84.2478 31.4654 0
    endloop
  endfacet
  facet normal 0 0 -1
    outer loop
      vertex 81.3784 2.63396 0
      vertex 82.661 0.0171099 0
      vertex 82.4 0 0
    endloop
  endfacet
  facet normal -0 0 -1
    outer loop
      vertex 84.2478 31.4654 0
      vertex 81.5849 29.8849 0
      vertex 84.132 31.7 0
    endloop
  endfacet
  facet normal -0 0 -1
    outer loop
      vertex 84.132 31.7 0
      vertex 81.5849 29.8849 0
      vertex 83.9867 31.9175 0
    endloop
  endfacet
  facet normal 0 0 -1
    outer loop
      vertex 84.4 2 0
      vertex 82.182 4.02589 0
      vertex 82.2 4.3 0
    endloop
  endfacet
  facet normal 0 0 -1
    outer loop
      vertex 84.4 2 0
      vertex 82.1284 3.75648 0
      vertex 82.182 4.02589 0
    endloop
  endfacet
  facet normal 0 0 -1
    outer loop
      vertex 84.4 2 0
      vertex 82.0401 3.49636 0
      vertex 82.1284 3.75648 0
    endloop
  endfacet
  facet normal 0 0 -1
    outer loop
      vertex 84.4 2 0
      vertex 81.9187 3.25 0
      vertex 82.0401 3.49636 0
    endloop
  endfacet
  facet normal 0 0 -1
    outer loop
      vertex 84.4 2 0
      vertex 81.766 3.0216 0
      vertex 81.9187 3.25 0
    endloop
  endfacet
  facet normal 0 0 -1
    outer loop
      vertex 84.3318 1.48236 0
      vertex 81.5849 2.81507 0
      vertex 81.766 3.0216 0
    endloop
  endfacet
  facet normal 0 0 -1
    outer loop
      vertex 82.661 0.0171099 0
      vertex 81.3784 2.63396 0
      vertex 81.5849 2.81507 0
    endloop
  endfacet
  facet normal 0 0 -1
    outer loop
      vertex 82.4 0 0
      vertex 81.15 2.48135 0
      vertex 81.3784 2.63396 0
    endloop
  endfacet
  facet normal 0 0 -1
    outer loop
      vertex 82.4 0 0
      vertex 80.9036 2.35985 0
      vertex 81.15 2.48135 0
    endloop
  endfacet
  facet normal 0 0 -1
    outer loop
      vertex 82.4 0 0
      vertex 80.6435 2.27155 0
      vertex 80.9036 2.35985 0
    endloop
  endfacet
  facet normal 0 0 -1
    outer loop
      vertex 82.4 0 0
      vertex 80.3741 2.21797 0
      vertex 80.6435 2.27155 0
    endloop
  endfacet
  facet normal 0 0 -1
    outer loop
      vertex 82.4 0 0
      vertex 80.1 2.2 0
      vertex 80.3741 2.21797 0
    endloop
  endfacet
  facet normal 0 0 -1
    outer loop
      vertex 82.4 0 0
      vertex 79.8259 2.21797 0
      vertex 80.1 2.2 0
    endloop
  endfacet
  facet normal 0 0 -1
    outer loop
      vertex 82.4 0 0
      vertex 79.5565 2.27155 0
      vertex 79.8259 2.21797 0
    endloop
  endfacet
  facet normal 0 0 -1
    outer loop
      vertex 82.4 0 0
      vertex 79.2964 2.35985 0
      vertex 79.5565 2.27155 0
    endloop
  endfacet
  facet normal 0 0 -1
    outer loop
      vertex 82.4 0 0
      vertex 79.05 2.48135 0
      vertex 79.2964 2.35985 0
    endloop
  endfacet
  facet normal 0 0 -1
    outer loop
      vertex 82.4 0 0
      vertex 78.8216 2.63396 0
      vertex 79.05 2.48135 0
    endloop
  endfacet
  facet normal 0 0 -1
    outer loop
      vertex 38.6914 22.0305 0
      vertex 78.0716 27.8565 0
      vertex 38.7 21.9 0
    endloop
  endfacet
  facet normal 0 0 -1
    outer loop
      vertex 38.6239 10.4173 0
      vertex 78 4.3 0
      vertex 78.018 4.02589 0
    endloop
  endfacet
  facet normal 0 0 -1
    outer loop
      vertex 38.566 10.3 0
      vertex 78.018 4.02589 0
      vertex 78.0716 3.75648 0
    endloop
  endfacet
  facet normal 0 0 -1
    outer loop
      vertex 38.4934 10.1912 0
      vertex 78.0716 3.75648 0
      vertex 78.1599 3.49636 0
    endloop
  endfacet
  facet normal 0 0 -1
    outer loop
      vertex 38.4071 10.0929 0
      vertex 78.1599 3.49636 0
      vertex 78.2813 3.25 0
    endloop
  endfacet
  facet normal 0 0 -1
    outer loop
      vertex 38.3088 10.0066 0
      vertex 78.2813 3.25 0
      vertex 78.434 3.0216 0
    endloop
  endfacet
  facet normal 0 0 -1
    outer loop
      vertex 38.2 9.93397 0
      vertex 78.434 3.0216 0
      vertex 78.6151 2.81507 0
    endloop
  endfacet
  facet normal 0 0 -1
    outer loop
      vertex 38.0827 9.87612 0
      vertex 78.6151 2.81507 0
      vertex 78.8216 2.63396 0
    endloop
  endfacet
  facet normal 0 0 -1
    outer loop
      vertex 37.9588 9.83407 0
      vertex 78.8216 2.63396 0
      vertex 82.4 0 0
    endloop
  endfacet
  facet normal 0 0 -1
    outer loop
      vertex 78.0716 4.84352 0
      vertex 38.6914 10.6695 0
      vertex 38.7 10.8 0
    endloop
  endfacet
  facet normal 0 0 -1
    outer loop
      vertex 78.018 4.5741 0
      vertex 38.6659 10.5412 0
      vertex 38.6914 10.6695 0
    endloop
  endfacet
  facet normal 0 0 -1
    outer loop
      vertex 78 4.3 0
      vertex 38.6239 10.4173 0
      vertex 38.6659 10.5412 0
    endloop
  endfacet
  facet normal 0 0 -1
    outer loop
      vertex 78.018 4.02589 0
      vertex 38.566 10.3 0
      vertex 38.6239 10.4173 0
    endloop
  endfacet
  facet normal 0 0 -1
    outer loop
      vertex 78.0716 3.75648 0
      vertex 38.4934 10.1912 0
      vertex 38.566 10.3 0
    endloop
  endfacet
  facet normal 0 0 -1
    outer loop
      vertex 78.1599 3.49636 0
      vertex 38.4071 10.0929 0
      vertex 38.4934 10.1912 0
    endloop
  endfacet
  facet normal 0 0 -1
    outer loop
      vertex 78.2813 3.25 0
      vertex 38.3088 10.0066 0
      vertex 38.4071 10.0929 0
    endloop
  endfacet
  facet normal 0 0 -1
    outer loop
      vertex 78.434 3.0216 0
      vertex 38.2 9.93397 0
      vertex 38.3088 10.0066 0
    endloop
  endfacet
  facet normal 0 0 -1
    outer loop
      vertex 78.6151 2.81507 0
      vertex 38.0827 9.87612 0
      vertex 38.2 9.93397 0
    endloop
  endfacet
  facet normal 0 0 -1
    outer loop
      vertex 78.8216 2.63396 0
      vertex 37.9588 9.83407 0
      vertex 38.0827 9.87612 0
    endloop
  endfacet
  facet normal 0 0 -1
    outer loop
      vertex 82.4 0 0
      vertex 37.8305 9.80855 0
      vertex 37.9588 9.83407 0
    endloop
  endfacet
  facet normal 0 0 -1
    outer loop
      vertex 82.4 0 0
      vertex 37.7 9.8 0
      vertex 37.8305 9.80855 0
    endloop
  endfacet
  facet normal 0 0 -1
    outer loop
      vertex 2 0 0
      vertex 37.7 9.8 0
      vertex 82.4 0 0
    endloop
  endfacet
  facet normal -0 0 -1
    outer loop
      vertex 37.7 9.8 0
      vertex 2 0 0
      vertex 15.7 9.8 0
    endloop
  endfacet
  facet normal -0 0 -1
    outer loop
      vertex 14.7341 10.5412 0
      vertex 8.55185 9.11764 0
      vertex 14.7086 10.6695 0
    endloop
  endfacet
  facet normal 0 0 -1
    outer loop
      vertex 8.55185 9.11764 0
      vertex 14.7341 10.5412 0
      vertex 8.60289 8.86105 0
    endloop
  endfacet
  facet normal -0 0 -1
    outer loop
      vertex 14.7761 10.4173 0
      vertex 8.60289 8.86105 0
      vertex 14.7341 10.5412 0
    endloop
  endfacet
  facet normal 0 0 -1
    outer loop
      vertex 8.60289 8.86105 0
      vertex 14.7761 10.4173 0
      vertex 8.62 8.6 0
    endloop
  endfacet
  facet normal -0 0 -1
    outer loop
      vertex 14.834 10.3 0
      vertex 8.62 8.6 0
      vertex 14.7761 10.4173 0
    endloop
  endfacet
  facet normal -0 0 -1
    outer loop
      vertex 14.9066 10.1912 0
      vertex 8.62 8.6 0
      vertex 14.834 10.3 0
    endloop
  endfacet
  facet normal 0 0 -1
    outer loop
      vertex 8.60289 8.33895 0
      vertex 14.9066 10.1912 0
      vertex 14.9929 10.0929 0
    endloop
  endfacet
  facet normal 0 0 -1
    outer loop
      vertex 8.55185 8.08236 0
      vertex 14.9929 10.0929 0
      vertex 15.0912 10.0066 0
    endloop
  endfacet
  facet normal 0 0 -1
    outer loop
      vertex 8.46776 7.83463 0
      vertex 15.0912 10.0066 0
      vertex 15.2 9.93397 0
    endloop
  endfacet
  facet normal 0 0 -1
    outer loop
      vertex 8.35205 7.6 0
      vertex 15.2 9.93397 0
      vertex 15.3173 9.87612 0
    endloop
  endfacet
  facet normal 0 0 -1
    outer loop
      vertex 8.20671 7.38248 0
      vertex 15.3173 9.87612 0
      vertex 15.4412 9.83407 0
    endloop
  endfacet
  facet normal 0 0 -1
    outer loop
      vertex 8.20671 7.38248 0
      vertex 15.4412 9.83407 0
      vertex 15.5695 9.80855 0
    endloop
  endfacet
  facet normal 0 -0 -1
    outer loop
      vertex 7.83752 7.01329 0
      vertex 15.7 9.8 0
      vertex 2 0 0
    endloop
  endfacet
  facet normal 0 0 -1
    outer loop
      vertex 14.9066 10.1912 0
      vertex 8.60289 8.33895 0
      vertex 8.62 8.6 0
    endloop
  endfacet
  facet normal 0 0 -1
    outer loop
      vertex 14.9929 10.0929 0
      vertex 8.55185 8.08236 0
      vertex 8.60289 8.33895 0
    endloop
  endfacet
  facet normal 0 0 -1
    outer loop
      vertex 15.0912 10.0066 0
      vertex 8.46776 7.83463 0
      vertex 8.55185 8.08236 0
    endloop
  endfacet
  facet normal 0 0 -1
    outer loop
      vertex 15.2 9.93397 0
      vertex 8.35205 7.6 0
      vertex 8.46776 7.83463 0
    endloop
  endfacet
  facet normal 0 0 -1
    outer loop
      vertex 15.3173 9.87612 0
      vertex 8.20671 7.38248 0
      vertex 8.35205 7.6 0
    endloop
  endfacet
  facet normal 0 0 -1
    outer loop
      vertex 15.5695 9.80855 0
      vertex 8.03421 7.18579 0
      vertex 8.20671 7.38248 0
    endloop
  endfacet
  facet normal 0 -0 -1
    outer loop
      vertex 8.03421 7.18579 0
      vertex 15.7 9.8 0
      vertex 7.83752 7.01329 0
    endloop
  endfacet
  facet normal -0 0 -1
    outer loop
      vertex 15.7 9.8 0
      vertex 8.03421 7.18579 0
      vertex 15.5695 9.80855 0
    endloop
  endfacet
  facet normal 0 0 -1
    outer loop
      vertex 7.83752 7.01329 0
      vertex 2 0 0
      vertex 7.62 6.86795 0
    endloop
  endfacet
  facet normal 0 0 -1
    outer loop
      vertex 7.62 6.86795 0
      vertex 2 0 0
      vertex 7.38537 6.75224 0
    endloop
  endfacet
  facet normal 0 0 -1
    outer loop
      vertex 7.38537 6.75224 0
      vertex 2 0 0
      vertex 7.13764 6.66815 0
    endloop
  endfacet
  facet normal 0 0 -1
    outer loop
      vertex 7.13764 6.66815 0
      vertex 2 0 0
      vertex 6.88105 6.61711 0
    endloop
  endfacet
  facet normal 0 0 -1
    outer loop
      vertex 6.88105 6.61711 0
      vertex 2 0 0
      vertex 6.62 6.6 0
    endloop
  endfacet
  facet normal -0 0 -1
    outer loop
      vertex 4.63711 8.33895 0
      vertex 0 2 0
      vertex 4.62 8.6 0
    endloop
  endfacet
  facet normal -0 0 -1
    outer loop
      vertex 4.68815 8.08236 0
      vertex 0 2 0
      vertex 4.63711 8.33895 0
    endloop
  endfacet
  facet normal -0 0 -1
    outer loop
      vertex 4.77224 7.83463 0
      vertex 0 2 0
      vertex 4.68815 8.08236 0
    endloop
  endfacet
  facet normal -0 0 -1
    outer loop
      vertex 4.88795 7.6 0
      vertex 0 2 0
      vertex 4.77224 7.83463 0
    endloop
  endfacet
  facet normal -0 0 -1
    outer loop
      vertex 5.03329 7.38248 0
      vertex 0 2 0
      vertex 4.88795 7.6 0
    endloop
  endfacet
  facet normal -0 0 -1
    outer loop
      vertex 5.20579 7.18579 0
      vertex 0 2 0
      vertex 5.03329 7.38248 0
    endloop
  endfacet
  facet normal -0 0 -1
    outer loop
      vertex 5.40248 7.01329 0
      vertex 0 2 0
      vertex 5.20579 7.18579 0
    endloop
  endfacet
  facet normal -0 0 -1
    outer loop
      vertex 5.62 6.86795 0
      vertex 0 2 0
      vertex 5.40248 7.01329 0
    endloop
  endfacet
  facet normal 0 0 -1
    outer loop
      vertex 0 2 0
      vertex 5.62 6.86795 0
      vertex 2 0 0
    endloop
  endfacet
  facet normal -0 0 -1
    outer loop
      vertex 5.85463 6.75224 0
      vertex 2 0 0
      vertex 5.62 6.86795 0
    endloop
  endfacet
  facet normal -0 0 -1
    outer loop
      vertex 6.10236 6.66815 0
      vertex 2 0 0
      vertex 5.85463 6.75224 0
    endloop
  endfacet
  facet normal -0 0 -1
    outer loop
      vertex 6.35895 6.61711 0
      vertex 2 0 0
      vertex 6.10236 6.66815 0
    endloop
  endfacet
  facet normal -0 0 -1
    outer loop
      vertex 6.62 6.6 0
      vertex 2 0 0
      vertex 6.35895 6.61711 0
    endloop
  endfacet
  facet normal -0 0 -1
    outer loop
      vertex 83.9867 31.9175 0
      vertex 81.5849 29.8849 0
      vertex 83.8142 32.1142 0
    endloop
  endfacet
  facet normal -0 0 -1
    outer loop
      vertex 83.8142 32.1142 0
      vertex 81.5849 29.8849 0
      vertex 83.6175 32.2867 0
    endloop
  endfacet
  facet normal -0 0 -1
    outer loop
      vertex 83.6175 32.2867 0
      vertex 81.5849 29.8849 0
      vertex 83.4 32.4321 0
    endloop
  endfacet
  facet normal -0 0 -1
    outer loop
      vertex 83.4 32.4321 0
      vertex 81.5849 29.8849 0
      vertex 83.1654 32.5478 0
    endloop
  endfacet
  facet normal -0 0 -1
    outer loop
      vertex 83.1654 32.5478 0
      vertex 81.5849 29.8849 0
      vertex 82.9176 32.6319 0
    endloop
  endfacet
  facet normal -0 0 -1
    outer loop
      vertex 82.9176 32.6319 0
      vertex 81.5849 29.8849 0
      vertex 82.661 32.6829 0
    endloop
  endfacet
  facet normal 0 0 -1
    outer loop
      vertex 81.3784 30.066 0
      vertex 82.661 32.6829 0
      vertex 81.5849 29.8849 0
    endloop
  endfacet
  facet normal -0 0 -1
    outer loop
      vertex 82.661 32.6829 0
      vertex 81.3784 30.066 0
      vertex 82.4 32.7 0
    endloop
  endfacet
  facet normal 0 0 -1
    outer loop
      vertex 81.15 30.2187 0
      vertex 82.4 32.7 0
      vertex 81.3784 30.066 0
    endloop
  endfacet
  facet normal 0 0 -1
    outer loop
      vertex 80.9036 30.3401 0
      vertex 82.4 32.7 0
      vertex 81.15 30.2187 0
    endloop
  endfacet
  facet normal 0 0 -1
    outer loop
      vertex 80.6435 30.4284 0
      vertex 82.4 32.7 0
      vertex 80.9036 30.3401 0
    endloop
  endfacet
  facet normal 0 0 -1
    outer loop
      vertex 80.3741 30.482 0
      vertex 82.4 32.7 0
      vertex 80.6435 30.4284 0
    endloop
  endfacet
  facet normal 0 0 -1
    outer loop
      vertex 80.1 30.5 0
      vertex 82.4 32.7 0
      vertex 80.3741 30.482 0
    endloop
  endfacet
  facet normal 0 0 -1
    outer loop
      vertex 79.8259 30.482 0
      vertex 82.4 32.7 0
      vertex 80.1 30.5 0
    endloop
  endfacet
  facet normal 0 0 -1
    outer loop
      vertex 79.5565 30.4284 0
      vertex 82.4 32.7 0
      vertex 79.8259 30.482 0
    endloop
  endfacet
  facet normal 0 0 -1
    outer loop
      vertex 79.2964 30.3401 0
      vertex 82.4 32.7 0
      vertex 79.5565 30.4284 0
    endloop
  endfacet
  facet normal 0 0 -1
    outer loop
      vertex 79.05 30.2187 0
      vertex 82.4 32.7 0
      vertex 79.2964 30.3401 0
    endloop
  endfacet
  facet normal 0 0 -1
    outer loop
      vertex 78.8216 30.066 0
      vertex 82.4 32.7 0
      vertex 79.05 30.2187 0
    endloop
  endfacet
  facet normal -0 0 -1
    outer loop
      vertex 78.0716 27.8565 0
      vertex 38.6914 22.0305 0
      vertex 78.018 28.1259 0
    endloop
  endfacet
  facet normal 0 0 -1
    outer loop
      vertex 38.6659 22.1588 0
      vertex 78.018 28.1259 0
      vertex 38.6914 22.0305 0
    endloop
  endfacet
  facet normal -0 0 -1
    outer loop
      vertex 78.018 28.1259 0
      vertex 38.6659 22.1588 0
      vertex 78 28.4 0
    endloop
  endfacet
  facet normal 0 0 -1
    outer loop
      vertex 38.6239 22.2827 0
      vertex 78 28.4 0
      vertex 38.6659 22.1588 0
    endloop
  endfacet
  facet normal -0 0 -1
    outer loop
      vertex 78 28.4 0
      vertex 38.6239 22.2827 0
      vertex 78.018 28.6741 0
    endloop
  endfacet
  facet normal 0 0 -1
    outer loop
      vertex 38.566 22.4 0
      vertex 78.018 28.6741 0
      vertex 38.6239 22.2827 0
    endloop
  endfacet
  facet normal -0 0 -1
    outer loop
      vertex 78.018 28.6741 0
      vertex 38.566 22.4 0
      vertex 78.0716 28.9435 0
    endloop
  endfacet
  facet normal 0 0 -1
    outer loop
      vertex 38.4934 22.5088 0
      vertex 78.0716 28.9435 0
      vertex 38.566 22.4 0
    endloop
  endfacet
  facet normal -0 0 -1
    outer loop
      vertex 78.0716 28.9435 0
      vertex 38.4934 22.5088 0
      vertex 78.1599 29.2036 0
    endloop
  endfacet
  facet normal 0 0 -1
    outer loop
      vertex 38.4071 22.6071 0
      vertex 78.1599 29.2036 0
      vertex 38.4934 22.5088 0
    endloop
  endfacet
  facet normal -0 0 -1
    outer loop
      vertex 78.1599 29.2036 0
      vertex 38.4071 22.6071 0
      vertex 78.2813 29.45 0
    endloop
  endfacet
  facet normal 0 0 -1
    outer loop
      vertex 38.3088 22.6934 0
      vertex 78.2813 29.45 0
      vertex 38.4071 22.6071 0
    endloop
  endfacet
  facet normal -0 0 -1
    outer loop
      vertex 78.2813 29.45 0
      vertex 38.3088 22.6934 0
      vertex 78.434 29.6784 0
    endloop
  endfacet
  facet normal 0 0 -1
    outer loop
      vertex 38.2 22.766 0
      vertex 78.434 29.6784 0
      vertex 38.3088 22.6934 0
    endloop
  endfacet
  facet normal -0 0 -1
    outer loop
      vertex 78.434 29.6784 0
      vertex 38.2 22.766 0
      vertex 78.6151 29.8849 0
    endloop
  endfacet
  facet normal 0 0 -1
    outer loop
      vertex 38.0827 22.8239 0
      vertex 78.6151 29.8849 0
      vertex 38.2 22.766 0
    endloop
  endfacet
  facet normal -0 0 -1
    outer loop
      vertex 78.6151 29.8849 0
      vertex 38.0827 22.8239 0
      vertex 78.8216 30.066 0
    endloop
  endfacet
  facet normal 0 0 -1
    outer loop
      vertex 37.9588 22.8659 0
      vertex 78.8216 30.066 0
      vertex 38.0827 22.8239 0
    endloop
  endfacet
  facet normal -0 0 -1
    outer loop
      vertex 78.8216 30.066 0
      vertex 37.9588 22.8659 0
      vertex 82.4 32.7 0
    endloop
  endfacet
  facet normal 0 0 -1
    outer loop
      vertex 37.8305 22.8914 0
      vertex 82.4 32.7 0
      vertex 37.9588 22.8659 0
    endloop
  endfacet
  facet normal 0 0 -1
    outer loop
      vertex 37.7 22.9 0
      vertex 82.4 32.7 0
      vertex 37.8305 22.8914 0
    endloop
  endfacet
  facet normal 0 0 -1
    outer loop
      vertex 2 32.7 0
      vertex 37.7 22.9 0
      vertex 15.7 22.9 0
    endloop
  endfacet
  facet normal 0 0 -1
    outer loop
      vertex 8.03421 25.5142 0
      vertex 15.7 22.9 0
      vertex 15.5695 22.8914 0
    endloop
  endfacet
  facet normal 0 0 -1
    outer loop
      vertex 8.46776 9.36537 0
      vertex 14.7086 10.6695 0
      vertex 8.55185 9.11764 0
    endloop
  endfacet
  facet normal 0 0 -1
    outer loop
      vertex 14.7 21.9 0
      vertex 8.62 24.1 0
      vertex 14.7086 22.0305 0
    endloop
  endfacet
  facet normal 0 0 -1
    outer loop
      vertex 14.7086 22.0305 0
      vertex 8.62 24.1 0
      vertex 14.7341 22.1588 0
    endloop
  endfacet
  facet normal 0 0 -1
    outer loop
      vertex 14.7341 22.1588 0
      vertex 8.62 24.1 0
      vertex 14.7761 22.2827 0
    endloop
  endfacet
  facet normal 0 0 -1
    outer loop
      vertex 8.62 24.1 0
      vertex 14.834 22.4 0
      vertex 14.7761 22.2827 0
    endloop
  endfacet
  facet normal 0 0 -1
    outer loop
      vertex 8.62 24.1 0
      vertex 14.9066 22.5088 0
      vertex 14.834 22.4 0
    endloop
  endfacet
  facet normal 0 0 -1
    outer loop
      vertex 8.60289 24.3611 0
      vertex 14.9066 22.5088 0
      vertex 8.62 24.1 0
    endloop
  endfacet
  facet normal 0 0 -1
    outer loop
      vertex 14.9066 22.5088 0
      vertex 8.60289 24.3611 0
      vertex 14.9929 22.6071 0
    endloop
  endfacet
  facet normal 0 0 -1
    outer loop
      vertex 8.55185 24.6176 0
      vertex 14.9929 22.6071 0
      vertex 8.60289 24.3611 0
    endloop
  endfacet
  facet normal 0 0 -1
    outer loop
      vertex 14.9929 22.6071 0
      vertex 8.55185 24.6176 0
      vertex 15.0912 22.6934 0
    endloop
  endfacet
  facet normal 0 0 -1
    outer loop
      vertex 8.46776 24.8654 0
      vertex 15.0912 22.6934 0
      vertex 8.55185 24.6176 0
    endloop
  endfacet
  facet normal 0 0 -1
    outer loop
      vertex 15.0912 22.6934 0
      vertex 8.46776 24.8654 0
      vertex 15.2 22.766 0
    endloop
  endfacet
  facet normal 0 0 -1
    outer loop
      vertex 8.35205 25.1 0
      vertex 15.2 22.766 0
      vertex 8.46776 24.8654 0
    endloop
  endfacet
  facet normal 0 0 -1
    outer loop
      vertex 15.2 22.766 0
      vertex 8.35205 25.1 0
      vertex 15.3173 22.8239 0
    endloop
  endfacet
  facet normal 0 0 -1
    outer loop
      vertex 8.20671 25.3175 0
      vertex 15.3173 22.8239 0
      vertex 8.35205 25.1 0
    endloop
  endfacet
  facet normal 0 0 -1
    outer loop
      vertex 15.3173 22.8239 0
      vertex 8.20671 25.3175 0
      vertex 15.4412 22.8659 0
    endloop
  endfacet
  facet normal 0 0 -1
    outer loop
      vertex 15.4412 22.8659 0
      vertex 8.20671 25.3175 0
      vertex 15.5695 22.8914 0
    endloop
  endfacet
  facet normal 0 0 -1
    outer loop
      vertex 8.03421 25.5142 0
      vertex 15.5695 22.8914 0
      vertex 8.20671 25.3175 0
    endloop
  endfacet
  facet normal 0 0 -1
    outer loop
      vertex 15.7 22.9 0
      vertex 8.03421 25.5142 0
      vertex 7.83752 25.6867 0
    endloop
  endfacet
  facet normal 0 0 -1
    outer loop
      vertex 15.7 22.9 0
      vertex 7.83752 25.6867 0
      vertex 2 32.7 0
    endloop
  endfacet
  facet normal 0 0 -1
    outer loop
      vertex 2 32.7 0
      vertex 7.83752 25.6867 0
      vertex 7.62 25.8321 0
    endloop
  endfacet
  facet normal 0 0 -1
    outer loop
      vertex 2 32.7 0
      vertex 7.62 25.8321 0
      vertex 7.38537 25.9478 0
    endloop
  endfacet
  facet normal 0 0 -1
    outer loop
      vertex 2 32.7 0
      vertex 7.38537 25.9478 0
      vertex 7.13764 26.0319 0
    endloop
  endfacet
  facet normal 0 0 -1
    outer loop
      vertex 2 32.7 0
      vertex 7.13764 26.0319 0
      vertex 6.88105 26.0829 0
    endloop
  endfacet
  facet normal 0 0 -1
    outer loop
      vertex 2 32.7 0
      vertex 6.88105 26.0829 0
      vertex 6.62 26.1 0
    endloop
  endfacet
  facet normal 0 0 -1
    outer loop
      vertex 2 32.7 0
      vertex 6.62 26.1 0
      vertex 6.35895 26.0829 0
    endloop
  endfacet
  facet normal 0 0 -1
    outer loop
      vertex 4.68815 23.5824 0
      vertex 0 30.7 0
      vertex 4.63711 23.8389 0
    endloop
  endfacet
  facet normal 0 0 -1
    outer loop
      vertex 37.7 22.9 0
      vertex 2 32.7 0
      vertex 82.4 32.7 0
    endloop
  endfacet
  facet normal 0 0 -1
    outer loop
      vertex 6.10236 26.0319 0
      vertex 2 32.7 0
      vertex 6.35895 26.0829 0
    endloop
  endfacet
  facet normal 0 0 -1
    outer loop
      vertex 5.85463 25.9478 0
      vertex 2 32.7 0
      vertex 6.10236 26.0319 0
    endloop
  endfacet
  facet normal 0 0 -1
    outer loop
      vertex 5.62 25.8321 0
      vertex 2 32.7 0
      vertex 5.85463 25.9478 0
    endloop
  endfacet
  facet normal 0 0 -1
    outer loop
      vertex 0 30.7 0
      vertex 5.62 25.8321 0
      vertex 5.40248 25.6867 0
    endloop
  endfacet
  facet normal 0 0 -1
    outer loop
      vertex 0 30.7 0
      vertex 5.40248 25.6867 0
      vertex 5.20579 25.5142 0
    endloop
  endfacet
  facet normal 0 0 -1
    outer loop
      vertex 0 30.7 0
      vertex 5.20579 25.5142 0
      vertex 5.03329 25.3175 0
    endloop
  endfacet
  facet normal 0 0 -1
    outer loop
      vertex 0 30.7 0
      vertex 5.03329 25.3175 0
      vertex 4.88795 25.1 0
    endloop
  endfacet
  facet normal 0 0 -1
    outer loop
      vertex 0 30.7 0
      vertex 4.88795 25.1 0
      vertex 4.77224 24.8654 0
    endloop
  endfacet
  facet normal 0 0 -1
    outer loop
      vertex 0 30.7 0
      vertex 4.77224 24.8654 0
      vertex 4.68815 24.6176 0
    endloop
  endfacet
  facet normal 0 0 -1
    outer loop
      vertex 0 30.7 0
      vertex 4.68815 24.6176 0
      vertex 4.63711 24.3611 0
    endloop
  endfacet
  facet normal 0 0 -1
    outer loop
      vertex 4.63711 23.8389 0
      vertex 0 30.7 0
      vertex 4.62 24.1 0
    endloop
  endfacet
  facet normal 0 0 -1
    outer loop
      vertex 0 2 0
      vertex 2 0 0
      vertex 1.73895 0.0171099 0
    endloop
  endfacet
  facet normal 0 0 -1
    outer loop
      vertex 4.62 24.1 0
      vertex 0 30.7 0
      vertex 4.63711 24.3611 0
    endloop
  endfacet
  facet normal 0 0 -1
    outer loop
      vertex 0 2 0
      vertex 1.73895 0.0171099 0
      vertex 1.48236 0.0681477 0
    endloop
  endfacet
  facet normal 0 0 -1
    outer loop
      vertex 5.62 25.8321 0
      vertex 0 30.7 0
      vertex 2 32.7 0
    endloop
  endfacet
  facet normal 0 0 -1
    outer loop
      vertex 0 2 0
      vertex 1.48236 0.0681477 0
      vertex 1.23463 0.152241 0
    endloop
  endfacet
  facet normal 0 0 -1
    outer loop
      vertex 2 32.7 0
      vertex 0 30.7 0
      vertex 1.73895 32.6829 0
    endloop
  endfacet
  facet normal 0 0 -1
    outer loop
      vertex 0 2 0
      vertex 1.23463 0.152241 0
      vertex 1 0.267949 0
    endloop
  endfacet
  facet normal 0 0 -1
    outer loop
      vertex 1.73895 32.6829 0
      vertex 0 30.7 0
      vertex 1.48236 32.6319 0
    endloop
  endfacet
  facet normal 0 0 -1
    outer loop
      vertex 0 2 0
      vertex 1 0.267949 0
      vertex 0.782476 0.413293 0
    endloop
  endfacet
  facet normal 0 0 -1
    outer loop
      vertex 1.48236 32.6319 0
      vertex 0 30.7 0
      vertex 1.23463 32.5478 0
    endloop
  endfacet
  facet normal 0 0 -1
    outer loop
      vertex 0 2 0
      vertex 0.782476 0.413293 0
      vertex 0.585786 0.585786 0
    endloop
  endfacet
  facet normal 0 0 -1
    outer loop
      vertex 1.23463 32.5478 0
      vertex 0 30.7 0
      vertex 1 32.4321 0
    endloop
  endfacet
  facet normal 0 0 -1
    outer loop
      vertex 0 2 0
      vertex 0.585786 0.585786 0
      vertex 0.413293 0.782476 0
    endloop
  endfacet
  facet normal 0 0 -1
    outer loop
      vertex 1 32.4321 0
      vertex 0 30.7 0
      vertex 0.782476 32.2867 0
    endloop
  endfacet
  facet normal 0 0 -1
    outer loop
      vertex 0 2 0
      vertex 0.413293 0.782476 0
      vertex 0.267949 1 0
    endloop
  endfacet
  facet normal 0 0 -1
    outer loop
      vertex 0.782476 32.2867 0
      vertex 0 30.7 0
      vertex 0.585786 32.1142 0
    endloop
  endfacet
  facet normal 0 0 -1
    outer loop
      vertex 0 2 0
      vertex 0.267949 1 0
      vertex 0.152241 1.23463 0
    endloop
  endfacet
  facet normal 0 0 -1
    outer loop
      vertex 0.585786 32.1142 0
      vertex 0 30.7 0
      vertex 0.413293 31.9175 0
    endloop
  endfacet
  facet normal 0 0 -1
    outer loop
      vertex 0 2 0
      vertex 0.152241 1.23463 0
      vertex 0.0681477 1.48236 0
    endloop
  endfacet
  facet normal 0 0 -1
    outer loop
      vertex 0.413293 31.9175 0
      vertex 0 30.7 0
      vertex 0.267949 31.7 0
    endloop
  endfacet
  facet normal 0 0 -1
    outer loop
      vertex 0 2 0
      vertex 0.0681477 1.48236 0
      vertex 0.0171099 1.73895 0
    endloop
  endfacet
  facet normal 0 0 -1
    outer loop
      vertex 0.267949 31.7 0
      vertex 0 30.7 0
      vertex 0.152241 31.4654 0
    endloop
  endfacet
  facet normal 0 0 -1
    outer loop
      vertex 0.152241 31.4654 0
      vertex 0 30.7 0
      vertex 0.0681477 31.2176 0
    endloop
  endfacet
  facet normal 0 0 -1
    outer loop
      vertex 0.0681477 31.2176 0
      vertex 0 30.7 0
      vertex 0.0171099 30.9611 0
    endloop
  endfacet
  facet normal -0.195086 -0.980786 0
    outer loop
      vertex 1.48236 0.0681477 0
      vertex 1.73895 0.0171099 1.6
      vertex 1.48236 0.0681477 1.6
    endloop
  endfacet
  facet normal -0.195086 -0.980786 -0
    outer loop
      vertex 1.73895 0.0171099 1.6
      vertex 1.48236 0.0681477 0
      vertex 1.73895 0.0171099 0
    endloop
  endfacet
  facet normal 0.997862 0.0653521 0
    outer loop
      vertex 84.4 30.7 1.6
      vertex 84.3829 30.9611 0
      vertex 84.3829 30.9611 1.6
    endloop
  endfacet
  facet normal 0.997862 0.0653521 0
    outer loop
      vertex 84.3829 30.9611 0
      vertex 84.4 30.7 1.6
      vertex 84.4 30.7 0
    endloop
  endfacet
  facet normal -0.659347 -0.751839 0
    outer loop
      vertex 0.585786 0.585786 0
      vertex 0.782476 0.413293 1.6
      vertex 0.585786 0.585786 1.6
    endloop
  endfacet
  facet normal -0.659347 -0.751839 -0
    outer loop
      vertex 0.782476 0.413293 1.6
      vertex 0.585786 0.585786 0
      vertex 0.782476 0.413293 0
    endloop
  endfacet
  facet normal -0.99786 0.0653898 0
    outer loop
      vertex 0 30.7 0
      vertex 0.0171099 30.9611 1.6
      vertex 0.0171099 30.9611 0
    endloop
  endfacet
  facet normal -0.99786 0.0653898 0
    outer loop
      vertex 0.0171099 30.9611 1.6
      vertex 0 30.7 0
      vertex 0 30.7 1.6
    endloop
  endfacet
  facet normal 0.0654148 -0.997858 0
    outer loop
      vertex 82.4 0 0
      vertex 82.661 0.0171099 1.6
      vertex 82.4 0 1.6
    endloop
  endfacet
  facet normal 0.0654148 -0.997858 0
    outer loop
      vertex 82.661 0.0171099 1.6
      vertex 82.4 0 0
      vertex 82.661 0.0171099 0
    endloop
  endfacet
  facet normal 1 -0 0
    outer loop
      vertex 84.4 2 1.6
      vertex 84.4 30.7 0
      vertex 84.4 30.7 1.6
    endloop
  endfacet
  facet normal 1 0 0
    outer loop
      vertex 84.4 30.7 0
      vertex 84.4 2 1.6
      vertex 84.4 2 0
    endloop
  endfacet
  facet normal -0.997859 -0.0654023 0
    outer loop
      vertex 0.0171099 1.73895 0
      vertex 0 2 1.6
      vertex 0 2 0
    endloop
  endfacet
  facet normal -0.997859 -0.0654023 0
    outer loop
      vertex 0 2 1.6
      vertex 0.0171099 1.73895 0
      vertex 0.0171099 1.73895 1.6
    endloop
  endfacet
  facet normal -1 0 0
    outer loop
      vertex 0 2 0
      vertex 0 30.7 1.6
      vertex 0 30.7 0
    endloop
  endfacet
  facet normal -1 -0 0
    outer loop
      vertex 0 30.7 1.6
      vertex 0 2 0
      vertex 0 2 1.6
    endloop
  endfacet
  facet normal -0 0 1
    outer loop
      vertex 2.25 22.25 1.6
      vertex 3.45 10.45 1.6
      vertex 3.45 22.25 1.6
    endloop
  endfacet
  facet normal 0 0 1
    outer loop
      vertex 3.45 10.45 1.6
      vertex 2.25 22.25 1.6
      vertex 2.25 10.45 1.6
    endloop
  endfacet
  facet normal 0 0 1
    outer loop
      vertex 8.46776 23.3346 1.6
      vertex 12.9 23.4 1.6
      vertex 8.55185 23.5824 1.6
    endloop
  endfacet
  facet normal 0 0 1
    outer loop
      vertex 12.9 9.3 1.6
      vertex 8.60289 8.86105 1.6
      vertex 8.62 8.6 1.6
    endloop
  endfacet
  facet normal 0 0 1
    outer loop
      vertex 8.35205 23.1 1.6
      vertex 12.9 23.4 1.6
      vertex 8.46776 23.3346 1.6
    endloop
  endfacet
  facet normal 0 0 1
    outer loop
      vertex 12.9 9.3 1.6
      vertex 8.55185 9.11764 1.6
      vertex 8.60289 8.86105 1.6
    endloop
  endfacet
  facet normal 0 0 1
    outer loop
      vertex 8.20671 22.8825 1.6
      vertex 12.9 23.4 1.6
      vertex 8.35205 23.1 1.6
    endloop
  endfacet
  facet normal 0 0 1
    outer loop
      vertex 12.9 9.3 1.6
      vertex 8.46776 9.36537 1.6
      vertex 8.55185 9.11764 1.6
    endloop
  endfacet
  facet normal 0 0 1
    outer loop
      vertex 8.03421 22.6858 1.6
      vertex 12.9 23.4 1.6
      vertex 8.20671 22.8825 1.6
    endloop
  endfacet
  facet normal 0 0 1
    outer loop
      vertex 12.9 9.3 1.6
      vertex 8.35205 9.6 1.6
      vertex 8.46776 9.36537 1.6
    endloop
  endfacet
  facet normal 0 0 1
    outer loop
      vertex 7.83752 22.5133 1.6
      vertex 12.9 23.4 1.6
      vertex 8.03421 22.6858 1.6
    endloop
  endfacet
  facet normal 0 0 1
    outer loop
      vertex 12.9 9.3 1.6
      vertex 8.20671 9.81752 1.6
      vertex 8.35205 9.6 1.6
    endloop
  endfacet
  facet normal 0 0 1
    outer loop
      vertex 7.62 22.3679 1.6
      vertex 12.9 23.4 1.6
      vertex 7.83752 22.5133 1.6
    endloop
  endfacet
  facet normal 0 0 1
    outer loop
      vertex 12.9 9.3 1.6
      vertex 8.03421 10.0142 1.6
      vertex 8.20671 9.81752 1.6
    endloop
  endfacet
  facet normal 0 0 1
    outer loop
      vertex 12.9 23.4 1.6
      vertex 7.62 22.3679 1.6
      vertex 12.9 9.3 1.6
    endloop
  endfacet
  facet normal 0 0 1
    outer loop
      vertex 12.9 9.3 1.6
      vertex 7.83752 10.1867 1.6
      vertex 8.03421 10.0142 1.6
    endloop
  endfacet
  facet normal -0 0 1
    outer loop
      vertex 7.62 10.3321 1.6
      vertex 12.9 9.3 1.6
      vertex 7.62 22.3679 1.6
    endloop
  endfacet
  facet normal 0 0 1
    outer loop
      vertex 12.9 9.3 1.6
      vertex 7.62 10.3321 1.6
      vertex 7.83752 10.1867 1.6
    endloop
  endfacet
  facet normal -0 0 1
    outer loop
      vertex 7.38537 22.2522 1.6
      vertex 7.62 10.3321 1.6
      vertex 7.62 22.3679 1.6
    endloop
  endfacet
  facet normal 0 0 1
    outer loop
      vertex 7.38537 22.2522 1.6
      vertex 7.38537 10.4478 1.6
      vertex 7.62 10.3321 1.6
    endloop
  endfacet
  facet normal -0 0 1
    outer loop
      vertex 7.13764 22.1681 1.6
      vertex 7.38537 10.4478 1.6
      vertex 7.38537 22.2522 1.6
    endloop
  endfacet
  facet normal 0 0 1
    outer loop
      vertex 7.13764 22.1681 1.6
      vertex 7.13764 10.5319 1.6
      vertex 7.38537 10.4478 1.6
    endloop
  endfacet
  facet normal -0 0 1
    outer loop
      vertex 6.88105 22.1171 1.6
      vertex 7.13764 10.5319 1.6
      vertex 7.13764 22.1681 1.6
    endloop
  endfacet
  facet normal 0 0 1
    outer loop
      vertex 6.88105 22.1171 1.6
      vertex 6.88105 10.5829 1.6
      vertex 7.13764 10.5319 1.6
    endloop
  endfacet
  facet normal -0 0 1
    outer loop
      vertex 6.62 22.1 1.6
      vertex 6.88105 10.5829 1.6
      vertex 6.88105 22.1171 1.6
    endloop
  endfacet
  facet normal 0 0 1
    outer loop
      vertex 6.62 22.1 1.6
      vertex 6.62 10.6 1.6
      vertex 6.88105 10.5829 1.6
    endloop
  endfacet
  facet normal 0 0 1
    outer loop
      vertex 6.35895 22.1171 1.6
      vertex 6.62 10.6 1.6
      vertex 6.62 22.1 1.6
    endloop
  endfacet
  facet normal 0 0 1
    outer loop
      vertex 6.35895 22.1171 1.6
      vertex 6.35895 10.5829 1.6
      vertex 6.62 10.6 1.6
    endloop
  endfacet
  facet normal 0 0 1
    outer loop
      vertex 6.10236 22.1681 1.6
      vertex 6.35895 10.5829 1.6
      vertex 6.35895 22.1171 1.6
    endloop
  endfacet
  facet normal 0 0 1
    outer loop
      vertex 6.10236 22.1681 1.6
      vertex 6.10236 10.5319 1.6
      vertex 6.35895 10.5829 1.6
    endloop
  endfacet
  facet normal -0 0 1
    outer loop
      vertex 3.45 22.25 1.6
      vertex 6.10236 22.1681 1.6
      vertex 5.85463 22.2522 1.6
    endloop
  endfacet
  facet normal 0 0 1
    outer loop
      vertex 6.10236 22.1681 1.6
      vertex 3.45 22.25 1.6
      vertex 6.10236 10.5319 1.6
    endloop
  endfacet
  facet normal 0 0 1
    outer loop
      vertex 3.45 22.25 1.6
      vertex 5.85463 22.2522 1.6
      vertex 5.62 22.3679 1.6
    endloop
  endfacet
  facet normal 0 0 1
    outer loop
      vertex 3.45 10.45 1.6
      vertex 6.10236 10.5319 1.6
      vertex 3.45 22.25 1.6
    endloop
  endfacet
  facet normal 0 0 1
    outer loop
      vertex 3.45 22.25 1.6
      vertex 5.62 22.3679 1.6
      vertex 5.40248 22.5133 1.6
    endloop
  endfacet
  facet normal 0 0 1
    outer loop
      vertex 6.10236 10.5319 1.6
      vertex 3.45 10.45 1.6
      vertex 5.85463 10.4478 1.6
    endloop
  endfacet
  facet normal 0 0 1
    outer loop
      vertex 3.45 22.25 1.6
      vertex 5.40248 22.5133 1.6
      vertex 5.20579 22.6858 1.6
    endloop
  endfacet
  facet normal 0 0 1
    outer loop
      vertex 5.85463 10.4478 1.6
      vertex 3.45 10.45 1.6
      vertex 5.62 10.3321 1.6
    endloop
  endfacet
  facet normal 0 0 1
    outer loop
      vertex 3.45 22.25 1.6
      vertex 5.20579 22.6858 1.6
      vertex 5.03329 22.8825 1.6
    endloop
  endfacet
  facet normal 0 0 1
    outer loop
      vertex 5.62 10.3321 1.6
      vertex 3.45 10.45 1.6
      vertex 5.40248 10.1867 1.6
    endloop
  endfacet
  facet normal 0 0 1
    outer loop
      vertex 3.45 22.25 1.6
      vertex 5.03329 22.8825 1.6
      vertex 4.88795 23.1 1.6
    endloop
  endfacet
  facet normal 0 0 1
    outer loop
      vertex 5.40248 10.1867 1.6
      vertex 3.45 10.45 1.6
      vertex 5.20579 10.0142 1.6
    endloop
  endfacet
  facet normal 0 0 1
    outer loop
      vertex 3.45 22.25 1.6
      vertex 4.88795 23.1 1.6
      vertex 4.77224 23.3346 1.6
    endloop
  endfacet
  facet normal 0 0 1
    outer loop
      vertex 5.20579 10.0142 1.6
      vertex 3.45 10.45 1.6
      vertex 5.03329 9.81752 1.6
    endloop
  endfacet
  facet normal 0 0 1
    outer loop
      vertex 3.45 22.25 1.6
      vertex 4.77224 23.3346 1.6
      vertex 4.68815 23.5824 1.6
    endloop
  endfacet
  facet normal 0 0 1
    outer loop
      vertex 5.03329 9.81752 1.6
      vertex 3.45 10.45 1.6
      vertex 4.88795 9.6 1.6
    endloop
  endfacet
  facet normal 0 0 1
    outer loop
      vertex 3.45 22.25 1.6
      vertex 4.68815 23.5824 1.6
      vertex 4.63711 23.8389 1.6
    endloop
  endfacet
  facet normal 0 0 1
    outer loop
      vertex 4.88795 9.6 1.6
      vertex 3.45 10.45 1.6
      vertex 4.77224 9.36537 1.6
    endloop
  endfacet
  facet normal 0 0 1
    outer loop
      vertex 3.45 22.25 1.6
      vertex 4.63711 23.8389 1.6
      vertex 4.62 24.1 1.6
    endloop
  endfacet
  facet normal 0 0 1
    outer loop
      vertex 4.77224 9.36537 1.6
      vertex 3.45 10.45 1.6
      vertex 4.68815 9.11764 1.6
    endloop
  endfacet
  facet normal 0 0 1
    outer loop
      vertex 62.3083 5.16095 1.6
      vertex 46.4 9.3 1.6
      vertex 62.2175 5.025 1.6
    endloop
  endfacet
  facet normal 0 0 1
    outer loop
      vertex 61 29.25 1.6
      vertex 46.3872 23.5958 1.6
      vertex 46.4 23.4 1.6
    endloop
  endfacet
  facet normal 0 0 1
    outer loop
      vertex 61 29.25 1.6
      vertex 46.3489 23.7882 1.6
      vertex 46.3872 23.5958 1.6
    endloop
  endfacet
  facet normal 0 0 1
    outer loop
      vertex 61 29.25 1.6
      vertex 46.2858 23.974 1.6
      vertex 46.3489 23.7882 1.6
    endloop
  endfacet
  facet normal 0 0 1
    outer loop
      vertex 61 29.25 1.6
      vertex 46.199 24.15 1.6
      vertex 46.2858 23.974 1.6
    endloop
  endfacet
  facet normal 0 0 1
    outer loop
      vertex 61 29.25 1.6
      vertex 46.09 24.3131 1.6
      vertex 46.199 24.15 1.6
    endloop
  endfacet
  facet normal 0 0 1
    outer loop
      vertex 61 29.25 1.6
      vertex 45.9607 24.4607 1.6
      vertex 46.09 24.3131 1.6
    endloop
  endfacet
  facet normal 0 0 1
    outer loop
      vertex 61 29.25 1.6
      vertex 45.8131 24.59 1.6
      vertex 45.9607 24.4607 1.6
    endloop
  endfacet
  facet normal 0 0 1
    outer loop
      vertex 61 29.25 1.6
      vertex 45.65 24.699 1.6
      vertex 45.8131 24.59 1.6
    endloop
  endfacet
  facet normal 0 0 1
    outer loop
      vertex 61 29.25 1.6
      vertex 45.474 24.7858 1.6
      vertex 45.65 24.699 1.6
    endloop
  endfacet
  facet normal 0 0 1
    outer loop
      vertex 61 29.25 1.6
      vertex 45.2882 24.8489 1.6
      vertex 45.474 24.7858 1.6
    endloop
  endfacet
  facet normal 0 0 1
    outer loop
      vertex 61 29.25 1.6
      vertex 45.0958 24.8872 1.6
      vertex 45.2882 24.8489 1.6
    endloop
  endfacet
  facet normal 0 0 1
    outer loop
      vertex 61 29.25 1.6
      vertex 44.9 24.9 1.6
      vertex 45.0958 24.8872 1.6
    endloop
  endfacet
  facet normal -0 0 1
    outer loop
      vertex 3.4 29.25 1.6
      vertex 44.9 24.9 1.6
      vertex 61 29.25 1.6
    endloop
  endfacet
  facet normal 0 0 1
    outer loop
      vertex 44.9 24.9 1.6
      vertex 3.4 29.25 1.6
      vertex 14.4 24.9 1.6
    endloop
  endfacet
  facet normal 0 0 1
    outer loop
      vertex 12.9128 23.5958 1.6
      vertex 8.60289 23.8389 1.6
      vertex 12.9 23.4 1.6
    endloop
  endfacet
  facet normal -0 0 1
    outer loop
      vertex 8.60289 23.8389 1.6
      vertex 12.9128 23.5958 1.6
      vertex 8.62 24.1 1.6
    endloop
  endfacet
  facet normal 0 0 1
    outer loop
      vertex 12.9511 23.7882 1.6
      vertex 8.62 24.1 1.6
      vertex 12.9128 23.5958 1.6
    endloop
  endfacet
  facet normal 0 0 1
    outer loop
      vertex 8.60289 24.3611 1.6
      vertex 12.9511 23.7882 1.6
      vertex 13.0142 23.974 1.6
    endloop
  endfacet
  facet normal 0 0 1
    outer loop
      vertex 8.55185 24.6176 1.6
      vertex 13.0142 23.974 1.6
      vertex 13.101 24.15 1.6
    endloop
  endfacet
  facet normal 0 0 1
    outer loop
      vertex 8.46776 24.8654 1.6
      vertex 13.101 24.15 1.6
      vertex 13.21 24.3131 1.6
    endloop
  endfacet
  facet normal 0 0 1
    outer loop
      vertex 8.35205 25.1 1.6
      vertex 13.21 24.3131 1.6
      vertex 13.3393 24.4607 1.6
    endloop
  endfacet
  facet normal 0 0 1
    outer loop
      vertex 8.35205 25.1 1.6
      vertex 13.3393 24.4607 1.6
      vertex 13.4869 24.59 1.6
    endloop
  endfacet
  facet normal 0 0 1
    outer loop
      vertex 8.20671 25.3175 1.6
      vertex 13.4869 24.59 1.6
      vertex 13.65 24.699 1.6
    endloop
  endfacet
  facet normal 0 0 1
    outer loop
      vertex 8.03421 25.5142 1.6
      vertex 13.65 24.699 1.6
      vertex 13.826 24.7858 1.6
    endloop
  endfacet
  facet normal 0 0 1
    outer loop
      vertex 7.83752 25.6867 1.6
      vertex 13.826 24.7858 1.6
      vertex 14.0118 24.8489 1.6
    endloop
  endfacet
  facet normal 0 0 1
    outer loop
      vertex 7.62 25.8321 1.6
      vertex 14.0118 24.8489 1.6
      vertex 14.2042 24.8872 1.6
    endloop
  endfacet
  facet normal 0 0 1
    outer loop
      vertex 12.9511 23.7882 1.6
      vertex 8.60289 24.3611 1.6
      vertex 8.62 24.1 1.6
    endloop
  endfacet
  facet normal 0 0 1
    outer loop
      vertex 13.0142 23.974 1.6
      vertex 8.55185 24.6176 1.6
      vertex 8.60289 24.3611 1.6
    endloop
  endfacet
  facet normal 0 0 1
    outer loop
      vertex 14.4 24.9 1.6
      vertex 3.4 29.25 1.6
      vertex 14.2042 24.8872 1.6
    endloop
  endfacet
  facet normal 0 0 1
    outer loop
      vertex 13.101 24.15 1.6
      vertex 8.46776 24.8654 1.6
      vertex 8.55185 24.6176 1.6
    endloop
  endfacet
  facet normal 0 0 1
    outer loop
      vertex 13.21 24.3131 1.6
      vertex 8.35205 25.1 1.6
      vertex 8.46776 24.8654 1.6
    endloop
  endfacet
  facet normal 0 0 1
    outer loop
      vertex 13.4869 24.59 1.6
      vertex 8.20671 25.3175 1.6
      vertex 8.35205 25.1 1.6
    endloop
  endfacet
  facet normal 0 0 1
    outer loop
      vertex 13.65 24.699 1.6
      vertex 8.03421 25.5142 1.6
      vertex 8.20671 25.3175 1.6
    endloop
  endfacet
  facet normal 0 0 1
    outer loop
      vertex 13.826 24.7858 1.6
      vertex 7.83752 25.6867 1.6
      vertex 8.03421 25.5142 1.6
    endloop
  endfacet
  facet normal -0 -0 1
    outer loop
      vertex 7.62 25.8321 1.6
      vertex 14.2042 24.8872 1.6
      vertex 3.4 29.25 1.6
    endloop
  endfacet
  facet normal 0 0 1
    outer loop
      vertex 14.0118 24.8489 1.6
      vertex 7.62 25.8321 1.6
      vertex 7.83752 25.6867 1.6
    endloop
  endfacet
  facet normal 0 0 1
    outer loop
      vertex 7.62 25.8321 1.6
      vertex 3.4 29.25 1.6
      vertex 7.38537 25.9478 1.6
    endloop
  endfacet
  facet normal 0 0 1
    outer loop
      vertex 7.38537 25.9478 1.6
      vertex 3.4 29.25 1.6
      vertex 7.13764 26.0319 1.6
    endloop
  endfacet
  facet normal 0 0 1
    outer loop
      vertex 7.13764 26.0319 1.6
      vertex 3.4 29.25 1.6
      vertex 6.88105 26.0829 1.6
    endloop
  endfacet
  facet normal 0 0 1
    outer loop
      vertex 4.63711 24.3611 1.6
      vertex 3.45 22.25 1.6
      vertex 4.62 24.1 1.6
    endloop
  endfacet
  facet normal 0 0 1
    outer loop
      vertex 3.45 22.25 1.6
      vertex 4.63711 24.3611 1.6
      vertex 3.45 28.25 1.6
    endloop
  endfacet
  facet normal 0 0 1
    outer loop
      vertex 4.68815 24.6176 1.6
      vertex 3.45 28.25 1.6
      vertex 4.63711 24.3611 1.6
    endloop
  endfacet
  facet normal 0 0 1
    outer loop
      vertex 4.77224 24.8654 1.6
      vertex 3.45 28.25 1.6
      vertex 4.68815 24.6176 1.6
    endloop
  endfacet
  facet normal 0 0 1
    outer loop
      vertex 4.88795 25.1 1.6
      vertex 3.45 28.25 1.6
      vertex 4.77224 24.8654 1.6
    endloop
  endfacet
  facet normal 0 0 1
    outer loop
      vertex 5.03329 25.3175 1.6
      vertex 3.45 28.25 1.6
      vertex 4.88795 25.1 1.6
    endloop
  endfacet
  facet normal 0 0 1
    outer loop
      vertex 5.20579 25.5142 1.6
      vertex 3.45 28.25 1.6
      vertex 5.03329 25.3175 1.6
    endloop
  endfacet
  facet normal 0 0 1
    outer loop
      vertex 5.40248 25.6867 1.6
      vertex 3.45 28.25 1.6
      vertex 5.20579 25.5142 1.6
    endloop
  endfacet
  facet normal 0 0 1
    outer loop
      vertex 5.62 25.8321 1.6
      vertex 3.45 28.25 1.6
      vertex 5.40248 25.6867 1.6
    endloop
  endfacet
  facet normal 0 0 1
    outer loop
      vertex 5.85463 25.9478 1.6
      vertex 3.45 28.25 1.6
      vertex 5.62 25.8321 1.6
    endloop
  endfacet
  facet normal 0 0 1
    outer loop
      vertex 6.10236 26.0319 1.6
      vertex 3.45 28.25 1.6
      vertex 5.85463 25.9478 1.6
    endloop
  endfacet
  facet normal 0 0 1
    outer loop
      vertex 6.35895 26.0829 1.6
      vertex 3.45 28.25 1.6
      vertex 6.10236 26.0319 1.6
    endloop
  endfacet
  facet normal 0 0 1
    outer loop
      vertex 3.4 29.25 1.6
      vertex 6.35895 26.0829 1.6
      vertex 6.62 26.1 1.6
    endloop
  endfacet
  facet normal 0 0 1
    outer loop
      vertex 6.88105 26.0829 1.6
      vertex 3.4 29.25 1.6
      vertex 6.62 26.1 1.6
    endloop
  endfacet
  facet normal 0 0 1
    outer loop
      vertex 6.35895 26.0829 1.6
      vertex 3.4 29.25 1.6
      vertex 3.45 28.25 1.6
    endloop
  endfacet
  facet normal 0 0 1
    outer loop
      vertex 3.45 28.25 1.6
      vertex 3.4 29.25 1.6
      vertex 2.25 28.25 1.6
    endloop
  endfacet
  facet normal 0 0 1
    outer loop
      vertex 64.2917 27.539 1.6
      vertex 79.148 27.6695 1.6
      vertex 64.3825 27.675 1.6
    endloop
  endfacet
  facet normal 0 0 1
    outer loop
      vertex 79.3695 5.25202 1.6
      vertex 64.5393 4.56316 1.6
      vertex 64.55 4.4 1.6
    endloop
  endfacet
  facet normal 0 0 1
    outer loop
      vertex 79.148 27.6695 1.6
      vertex 64.2917 27.539 1.6
      vertex 79.2515 27.5515 1.6
    endloop
  endfacet
  facet normal 0 0 1
    outer loop
      vertex 79.3695 5.25202 1.6
      vertex 64.5074 4.72352 1.6
      vertex 64.5393 4.56316 1.6
    endloop
  endfacet
  facet normal 0 0 1
    outer loop
      vertex 64.1839 27.4161 1.6
      vertex 79.2515 27.5515 1.6
      vertex 64.2917 27.539 1.6
    endloop
  endfacet
  facet normal 0 0 1
    outer loop
      vertex 79.3695 5.25202 1.6
      vertex 64.4548 4.87835 1.6
      vertex 64.5074 4.72352 1.6
    endloop
  endfacet
  facet normal 0 0 1
    outer loop
      vertex 79.2515 27.5515 1.6
      vertex 64.1839 27.4161 1.6
      vertex 79.3695 27.448 1.6
    endloop
  endfacet
  facet normal 0 0 1
    outer loop
      vertex 79.3695 5.25202 1.6
      vertex 64.3825 5.025 1.6
      vertex 64.4548 4.87835 1.6
    endloop
  endfacet
  facet normal 0 0 1
    outer loop
      vertex 64.061 27.3083 1.6
      vertex 79.3695 27.448 1.6
      vertex 64.1839 27.4161 1.6
    endloop
  endfacet
  facet normal 0 0 1
    outer loop
      vertex 79.3695 5.25202 1.6
      vertex 64.2917 5.16095 1.6
      vertex 64.3825 5.025 1.6
    endloop
  endfacet
  facet normal 0 0 1
    outer loop
      vertex 79.3695 27.448 1.6
      vertex 64.061 27.3083 1.6
      vertex 79.3695 5.25202 1.6
    endloop
  endfacet
  facet normal 0 0 1
    outer loop
      vertex 79.3695 5.25202 1.6
      vertex 64.1839 5.28388 1.6
      vertex 64.2917 5.16095 1.6
    endloop
  endfacet
  facet normal -0 0 1
    outer loop
      vertex 64.061 5.39169 1.6
      vertex 79.3695 5.25202 1.6
      vertex 64.061 27.3083 1.6
    endloop
  endfacet
  facet normal 0 0 1
    outer loop
      vertex 79.3695 5.25202 1.6
      vertex 64.061 5.39169 1.6
      vertex 64.1839 5.28388 1.6
    endloop
  endfacet
  facet normal -0 0 1
    outer loop
      vertex 63.925 27.2175 1.6
      vertex 64.061 5.39169 1.6
      vertex 64.061 27.3083 1.6
    endloop
  endfacet
  facet normal 0 0 1
    outer loop
      vertex 63.925 27.2175 1.6
      vertex 63.925 5.48253 1.6
      vertex 64.061 5.39169 1.6
    endloop
  endfacet
  facet normal -0 0 1
    outer loop
      vertex 63.7784 27.1451 1.6
      vertex 63.925 5.48253 1.6
      vertex 63.925 27.2175 1.6
    endloop
  endfacet
  facet normal 0 0 1
    outer loop
      vertex 63.7784 27.1451 1.6
      vertex 63.7784 5.55485 1.6
      vertex 63.925 5.48253 1.6
    endloop
  endfacet
  facet normal -0 0 1
    outer loop
      vertex 63.6235 27.0926 1.6
      vertex 63.7784 5.55485 1.6
      vertex 63.7784 27.1451 1.6
    endloop
  endfacet
  facet normal 0 0 1
    outer loop
      vertex 63.6235 27.0926 1.6
      vertex 63.6235 5.60741 1.6
      vertex 63.7784 5.55485 1.6
    endloop
  endfacet
  facet normal -0 0 1
    outer loop
      vertex 63.4632 27.0607 1.6
      vertex 63.6235 5.60741 1.6
      vertex 63.6235 27.0926 1.6
    endloop
  endfacet
  facet normal 0 0 1
    outer loop
      vertex 63.4632 27.0607 1.6
      vertex 63.4632 5.63931 1.6
      vertex 63.6235 5.60741 1.6
    endloop
  endfacet
  facet normal -0 0 1
    outer loop
      vertex 63.3 27.05 1.6
      vertex 63.4632 5.63931 1.6
      vertex 63.4632 27.0607 1.6
    endloop
  endfacet
  facet normal 0 0 1
    outer loop
      vertex 63.3 27.05 1.6
      vertex 63.3 5.65 1.6
      vertex 63.4632 5.63931 1.6
    endloop
  endfacet
  facet normal 0 0 1
    outer loop
      vertex 63.1368 27.0607 1.6
      vertex 63.3 5.65 1.6
      vertex 63.3 27.05 1.6
    endloop
  endfacet
  facet normal 0 0 1
    outer loop
      vertex 63.1368 27.0607 1.6
      vertex 63.1368 5.63931 1.6
      vertex 63.3 5.65 1.6
    endloop
  endfacet
  facet normal 0 0 1
    outer loop
      vertex 62.9765 27.0926 1.6
      vertex 63.1368 5.63931 1.6
      vertex 63.1368 27.0607 1.6
    endloop
  endfacet
  facet normal 0 0 1
    outer loop
      vertex 62.9765 27.0926 1.6
      vertex 62.9765 5.60741 1.6
      vertex 63.1368 5.63931 1.6
    endloop
  endfacet
  facet normal 0 0 1
    outer loop
      vertex 62.8216 27.1451 1.6
      vertex 62.9765 5.60741 1.6
      vertex 62.9765 27.0926 1.6
    endloop
  endfacet
  facet normal 0 0 1
    outer loop
      vertex 62.8216 27.1451 1.6
      vertex 62.8216 5.55485 1.6
      vertex 62.9765 5.60741 1.6
    endloop
  endfacet
  facet normal 0 0 1
    outer loop
      vertex 62.675 27.2175 1.6
      vertex 62.8216 5.55485 1.6
      vertex 62.8216 27.1451 1.6
    endloop
  endfacet
  facet normal 0 0 1
    outer loop
      vertex 62.675 27.2175 1.6
      vertex 62.675 5.48253 1.6
      vertex 62.8216 5.55485 1.6
    endloop
  endfacet
  facet normal 0 0 1
    outer loop
      vertex 46.4 23.4 1.6
      vertex 62.675 27.2175 1.6
      vertex 62.539 27.3083 1.6
    endloop
  endfacet
  facet normal 0 0 1
    outer loop
      vertex 62.675 27.2175 1.6
      vertex 46.4 23.4 1.6
      vertex 62.675 5.48253 1.6
    endloop
  endfacet
  facet normal 0 0 1
    outer loop
      vertex 46.4 23.4 1.6
      vertex 62.539 27.3083 1.6
      vertex 62.4161 27.4161 1.6
    endloop
  endfacet
  facet normal -0 0 1
    outer loop
      vertex 46.4 9.3 1.6
      vertex 62.675 5.48253 1.6
      vertex 46.4 23.4 1.6
    endloop
  endfacet
  facet normal 0 0 1
    outer loop
      vertex 46.4 23.4 1.6
      vertex 62.4161 27.4161 1.6
      vertex 62.3083 27.539 1.6
    endloop
  endfacet
  facet normal 0 0 1
    outer loop
      vertex 62.675 5.48253 1.6
      vertex 46.4 9.3 1.6
      vertex 62.539 5.39169 1.6
    endloop
  endfacet
  facet normal 0 0 1
    outer loop
      vertex 46.4 23.4 1.6
      vertex 62.2175 27.675 1.6
      vertex 61 29.25 1.6
    endloop
  endfacet
  facet normal 0 0 1
    outer loop
      vertex 62.2175 27.675 1.6
      vertex 46.4 23.4 1.6
      vertex 62.3083 27.539 1.6
    endloop
  endfacet
  facet normal 0 0 1
    outer loop
      vertex 61 29.25 1.6
      vertex 62.2175 27.675 1.6
      vertex 62.1451 27.8216 1.6
    endloop
  endfacet
  facet normal 0 0 1
    outer loop
      vertex 62.539 5.39169 1.6
      vertex 46.4 9.3 1.6
      vertex 62.4161 5.28388 1.6
    endloop
  endfacet
  facet normal 0 0 1
    outer loop
      vertex 61 29.25 1.6
      vertex 62.1451 27.8216 1.6
      vertex 62.0926 27.9765 1.6
    endloop
  endfacet
  facet normal 0 0 1
    outer loop
      vertex 62.4161 5.28388 1.6
      vertex 46.4 9.3 1.6
      vertex 62.3083 5.16095 1.6
    endloop
  endfacet
  facet normal 0 0 1
    outer loop
      vertex 61 29.25 1.6
      vertex 62.0926 27.9765 1.6
      vertex 62.0607 28.1368 1.6
    endloop
  endfacet
  facet normal 0 0 1
    outer loop
      vertex 62.2175 5.025 1.6
      vertex 61 3.45 1.6
      vertex 62.1451 4.87835 1.6
    endloop
  endfacet
  facet normal 0 0 1
    outer loop
      vertex 61 29.25 1.6
      vertex 62.0607 28.1368 1.6
      vertex 62.05 28.3 1.6
    endloop
  endfacet
  facet normal 0 0 1
    outer loop
      vertex 62.1451 4.87835 1.6
      vertex 61 3.45 1.6
      vertex 62.0926 4.72352 1.6
    endloop
  endfacet
  facet normal 0 0 1
    outer loop
      vertex 81.2087 27.9408 1.6
      vertex 84.4 30.7 1.6
      vertex 81.2591 28.0894 1.6
    endloop
  endfacet
  facet normal 0 0 1
    outer loop
      vertex 84.4 2 1.6
      vertex 81.2897 4.45663 1.6
      vertex 81.3 4.3 1.6
    endloop
  endfacet
  facet normal 0 0 1
    outer loop
      vertex 81.1392 27.8 1.6
      vertex 84.4 30.7 1.6
      vertex 81.2087 27.9408 1.6
    endloop
  endfacet
  facet normal 0 0 1
    outer loop
      vertex 84.4 2 1.6
      vertex 81.2591 4.61058 1.6
      vertex 81.2897 4.45663 1.6
    endloop
  endfacet
  facet normal 0 0 1
    outer loop
      vertex 81.052 27.6695 1.6
      vertex 84.4 30.7 1.6
      vertex 81.1392 27.8 1.6
    endloop
  endfacet
  facet normal 0 0 1
    outer loop
      vertex 84.4 2 1.6
      vertex 81.2087 4.75922 1.6
      vertex 81.2591 4.61058 1.6
    endloop
  endfacet
  facet normal 0 0 1
    outer loop
      vertex 84.4 30.7 1.6
      vertex 81.052 27.6695 1.6
      vertex 84.4 2 1.6
    endloop
  endfacet
  facet normal 0 0 1
    outer loop
      vertex 84.4 2 1.6
      vertex 81.1392 4.9 1.6
      vertex 81.2087 4.75922 1.6
    endloop
  endfacet
  facet normal -0 0 1
    outer loop
      vertex 81.052 5.03051 1.6
      vertex 84.4 2 1.6
      vertex 81.052 27.6695 1.6
    endloop
  endfacet
  facet normal 0 0 1
    outer loop
      vertex 84.4 2 1.6
      vertex 81.052 5.03051 1.6
      vertex 81.1392 4.9 1.6
    endloop
  endfacet
  facet normal -0 0 1
    outer loop
      vertex 80.9485 27.5515 1.6
      vertex 81.052 5.03051 1.6
      vertex 81.052 27.6695 1.6
    endloop
  endfacet
  facet normal 0 0 1
    outer loop
      vertex 80.9485 27.5515 1.6
      vertex 80.9485 5.14853 1.6
      vertex 81.052 5.03051 1.6
    endloop
  endfacet
  facet normal -0 0 1
    outer loop
      vertex 80.8305 27.448 1.6
      vertex 80.9485 5.14853 1.6
      vertex 80.9485 27.5515 1.6
    endloop
  endfacet
  facet normal 0 0 1
    outer loop
      vertex 80.8305 27.448 1.6
      vertex 80.8305 5.25202 1.6
      vertex 80.9485 5.14853 1.6
    endloop
  endfacet
  facet normal -0 0 1
    outer loop
      vertex 80.7 27.3608 1.6
      vertex 80.8305 5.25202 1.6
      vertex 80.8305 27.448 1.6
    endloop
  endfacet
  facet normal 0 0 1
    outer loop
      vertex 80.7 27.3608 1.6
      vertex 80.7 5.33923 1.6
      vertex 80.8305 5.25202 1.6
    endloop
  endfacet
  facet normal -0 0 1
    outer loop
      vertex 80.5592 27.2913 1.6
      vertex 80.7 5.33923 1.6
      vertex 80.7 27.3608 1.6
    endloop
  endfacet
  facet normal 0 0 1
    outer loop
      vertex 80.5592 27.2913 1.6
      vertex 80.5592 5.40866 1.6
      vertex 80.7 5.33923 1.6
    endloop
  endfacet
  facet normal -0 0 1
    outer loop
      vertex 80.4106 27.2409 1.6
      vertex 80.5592 5.40866 1.6
      vertex 80.5592 27.2913 1.6
    endloop
  endfacet
  facet normal 0 0 1
    outer loop
      vertex 80.4106 27.2409 1.6
      vertex 80.4106 5.45911 1.6
      vertex 80.5592 5.40866 1.6
    endloop
  endfacet
  facet normal -0 0 1
    outer loop
      vertex 80.2566 27.2103 1.6
      vertex 80.4106 5.45911 1.6
      vertex 80.4106 27.2409 1.6
    endloop
  endfacet
  facet normal 0 0 1
    outer loop
      vertex 80.2566 27.2103 1.6
      vertex 80.2566 5.48973 1.6
      vertex 80.4106 5.45911 1.6
    endloop
  endfacet
  facet normal -0 0 1
    outer loop
      vertex 80.1 27.2 1.6
      vertex 80.2566 5.48973 1.6
      vertex 80.2566 27.2103 1.6
    endloop
  endfacet
  facet normal 0 0 1
    outer loop
      vertex 80.1 27.2 1.6
      vertex 80.1 5.5 1.6
      vertex 80.2566 5.48973 1.6
    endloop
  endfacet
  facet normal 0 0 1
    outer loop
      vertex 79.9434 27.2103 1.6
      vertex 80.1 5.5 1.6
      vertex 80.1 27.2 1.6
    endloop
  endfacet
  facet normal 0 0 1
    outer loop
      vertex 79.9434 27.2103 1.6
      vertex 79.9434 5.48973 1.6
      vertex 80.1 5.5 1.6
    endloop
  endfacet
  facet normal 0 0 1
    outer loop
      vertex 79.7894 27.2409 1.6
      vertex 79.9434 5.48973 1.6
      vertex 79.9434 27.2103 1.6
    endloop
  endfacet
  facet normal 0 0 1
    outer loop
      vertex 79.7894 27.2409 1.6
      vertex 79.7894 5.45911 1.6
      vertex 79.9434 5.48973 1.6
    endloop
  endfacet
  facet normal 0 0 1
    outer loop
      vertex 79.6408 27.2913 1.6
      vertex 79.7894 5.45911 1.6
      vertex 79.7894 27.2409 1.6
    endloop
  endfacet
  facet normal 0 0 1
    outer loop
      vertex 79.6408 27.2913 1.6
      vertex 79.6408 5.40866 1.6
      vertex 79.7894 5.45911 1.6
    endloop
  endfacet
  facet normal 0 0 1
    outer loop
      vertex 79.5 27.3608 1.6
      vertex 79.6408 5.40866 1.6
      vertex 79.6408 27.2913 1.6
    endloop
  endfacet
  facet normal 0 0 1
    outer loop
      vertex 79.5 27.3608 1.6
      vertex 79.5 5.33923 1.6
      vertex 79.6408 5.40866 1.6
    endloop
  endfacet
  facet normal 0 0 1
    outer loop
      vertex 79.3695 27.448 1.6
      vertex 79.5 5.33923 1.6
      vertex 79.5 27.3608 1.6
    endloop
  endfacet
  facet normal 0 0 1
    outer loop
      vertex 79.3695 27.448 1.6
      vertex 79.3695 5.25202 1.6
      vertex 79.5 5.33923 1.6
    endloop
  endfacet
  facet normal 0 0 1
    outer loop
      vertex 78.9913 27.9408 1.6
      vertex 64.4548 27.8216 1.6
      vertex 79.0608 27.8 1.6
    endloop
  endfacet
  facet normal 0 0 1
    outer loop
      vertex 64.3825 27.675 1.6
      vertex 79.0608 27.8 1.6
      vertex 64.4548 27.8216 1.6
    endloop
  endfacet
  facet normal 0 0 1
    outer loop
      vertex 64.4548 27.8216 1.6
      vertex 78.9913 27.9408 1.6
      vertex 64.5074 27.9765 1.6
    endloop
  endfacet
  facet normal 0 0 1
    outer loop
      vertex 79.0608 27.8 1.6
      vertex 64.3825 27.675 1.6
      vertex 79.148 27.6695 1.6
    endloop
  endfacet
  facet normal 0 0 1
    outer loop
      vertex 78.9409 28.0894 1.6
      vertex 64.5074 27.9765 1.6
      vertex 78.9913 27.9408 1.6
    endloop
  endfacet
  facet normal 0 0 1
    outer loop
      vertex 79.3695 5.25202 1.6
      vertex 64.55 4.4 1.6
      vertex 79.2515 5.14853 1.6
    endloop
  endfacet
  facet normal 0 0 1
    outer loop
      vertex 64.5074 27.9765 1.6
      vertex 78.9409 28.0894 1.6
      vertex 64.5393 28.1368 1.6
    endloop
  endfacet
  facet normal 0 0 1
    outer loop
      vertex 79.2515 5.14853 1.6
      vertex 64.55 4.4 1.6
      vertex 79.148 5.03051 1.6
    endloop
  endfacet
  facet normal 0 0 1
    outer loop
      vertex 78.9103 28.2434 1.6
      vertex 64.5393 28.1368 1.6
      vertex 78.9409 28.0894 1.6
    endloop
  endfacet
  facet normal 0 0 1
    outer loop
      vertex 79.148 5.03051 1.6
      vertex 64.55 4.4 1.6
      vertex 79.0608 4.9 1.6
    endloop
  endfacet
  facet normal 0 0 1
    outer loop
      vertex 64.5393 28.1368 1.6
      vertex 78.9103 28.2434 1.6
      vertex 64.55 28.3 1.6
    endloop
  endfacet
  facet normal 0 0 1
    outer loop
      vertex 79.0608 4.9 1.6
      vertex 64.55 4.4 1.6
      vertex 78.9913 4.75922 1.6
    endloop
  endfacet
  facet normal -0 0 1
    outer loop
      vertex 64.55 28.3 1.6
      vertex 78.9103 28.2434 1.6
      vertex 78.9 28.4 1.6
    endloop
  endfacet
  facet normal 0 0 1
    outer loop
      vertex 78.9913 4.75922 1.6
      vertex 64.55 4.4 1.6
      vertex 78.9409 4.61058 1.6
    endloop
  endfacet
  facet normal 0 0 1
    outer loop
      vertex 80.9485 29.2485 1.6
      vertex 84.4 30.7 1.6
      vertex 84.3829 30.9611 1.6
    endloop
  endfacet
  facet normal 0 0 1
    outer loop
      vertex 81.2897 28.2434 1.6
      vertex 84.4 30.7 1.6
      vertex 81.3 28.4 1.6
    endloop
  endfacet
  facet normal 0 0 1
    outer loop
      vertex 80.9485 29.2485 1.6
      vertex 84.3829 30.9611 1.6
      vertex 84.3318 31.2176 1.6
    endloop
  endfacet
  facet normal 0 0 1
    outer loop
      vertex 81.2591 28.0894 1.6
      vertex 84.4 30.7 1.6
      vertex 81.2897 28.2434 1.6
    endloop
  endfacet
  facet normal 0 0 1
    outer loop
      vertex 80.9485 29.2485 1.6
      vertex 84.3318 31.2176 1.6
      vertex 84.2478 31.4654 1.6
    endloop
  endfacet
  facet normal -0 0 1
    outer loop
      vertex 81.2897 4.14337 1.6
      vertex 84.4 2 1.6
      vertex 81.3 4.3 1.6
    endloop
  endfacet
  facet normal 0 0 1
    outer loop
      vertex 80.9485 29.2485 1.6
      vertex 84.2478 31.4654 1.6
      vertex 84.132 31.7 1.6
    endloop
  endfacet
  facet normal -0 0 1
    outer loop
      vertex 81.2591 3.98942 1.6
      vertex 84.4 2 1.6
      vertex 81.2897 4.14337 1.6
    endloop
  endfacet
  facet normal 0 0 1
    outer loop
      vertex 80.9485 29.2485 1.6
      vertex 84.132 31.7 1.6
      vertex 83.9867 31.9175 1.6
    endloop
  endfacet
  facet normal -0 0 1
    outer loop
      vertex 81.2087 3.84078 1.6
      vertex 84.4 2 1.6
      vertex 81.2591 3.98942 1.6
    endloop
  endfacet
  facet normal 0 0 1
    outer loop
      vertex 80.9485 29.2485 1.6
      vertex 83.9867 31.9175 1.6
      vertex 83.8142 32.1142 1.6
    endloop
  endfacet
  facet normal -0 0 1
    outer loop
      vertex 81.1392 3.7 1.6
      vertex 84.4 2 1.6
      vertex 81.2087 3.84078 1.6
    endloop
  endfacet
  facet normal 0 0 1
    outer loop
      vertex 80.9485 29.2485 1.6
      vertex 83.8142 32.1142 1.6
      vertex 83.6175 32.2867 1.6
    endloop
  endfacet
  facet normal -0 0 1
    outer loop
      vertex 81.052 3.56949 1.6
      vertex 84.4 2 1.6
      vertex 81.1392 3.7 1.6
    endloop
  endfacet
  facet normal 0 0 1
    outer loop
      vertex 80.9485 29.2485 1.6
      vertex 83.6175 32.2867 1.6
      vertex 83.4 32.4321 1.6
    endloop
  endfacet
  facet normal -0 0 1
    outer loop
      vertex 80.9485 3.45147 1.6
      vertex 84.4 2 1.6
      vertex 81.052 3.56949 1.6
    endloop
  endfacet
  facet normal 0 0 1
    outer loop
      vertex 80.9485 29.2485 1.6
      vertex 83.4 32.4321 1.6
      vertex 83.1654 32.5478 1.6
    endloop
  endfacet
  facet normal 0 0 1
    outer loop
      vertex 84.4 2 1.6
      vertex 80.9485 3.45147 1.6
      vertex 84.3829 1.73895 1.6
    endloop
  endfacet
  facet normal 0 0 1
    outer loop
      vertex 80.9485 29.2485 1.6
      vertex 83.1654 32.5478 1.6
      vertex 82.9176 32.6319 1.6
    endloop
  endfacet
  facet normal 0 0 1
    outer loop
      vertex 84.3829 1.73895 1.6
      vertex 80.9485 3.45147 1.6
      vertex 84.3318 1.48236 1.6
    endloop
  endfacet
  facet normal 0 0 1
    outer loop
      vertex 80.9485 29.2485 1.6
      vertex 82.9176 32.6319 1.6
      vertex 82.661 32.6829 1.6
    endloop
  endfacet
  facet normal 0 0 1
    outer loop
      vertex 84.3318 1.48236 1.6
      vertex 80.9485 3.45147 1.6
      vertex 84.2478 1.23463 1.6
    endloop
  endfacet
  facet normal 0 0 1
    outer loop
      vertex 80.9485 29.2485 1.6
      vertex 82.661 32.6829 1.6
      vertex 82.4 32.7 1.6
    endloop
  endfacet
  facet normal 0 0 1
    outer loop
      vertex 84.2478 1.23463 1.6
      vertex 80.9485 3.45147 1.6
      vertex 84.132 1 1.6
    endloop
  endfacet
  facet normal 0 0 1
    outer loop
      vertex 84.132 1 1.6
      vertex 80.9485 3.45147 1.6
      vertex 83.9867 0.782476 1.6
    endloop
  endfacet
  facet normal 0 0 1
    outer loop
      vertex 84.4 30.7 1.6
      vertex 81.2897 28.5566 1.6
      vertex 81.3 28.4 1.6
    endloop
  endfacet
  facet normal 0 0 1
    outer loop
      vertex 84.4 30.7 1.6
      vertex 81.2591 28.7106 1.6
      vertex 81.2897 28.5566 1.6
    endloop
  endfacet
  facet normal 0 0 1
    outer loop
      vertex 84.4 30.7 1.6
      vertex 81.2087 28.8592 1.6
      vertex 81.2591 28.7106 1.6
    endloop
  endfacet
  facet normal 0 0 1
    outer loop
      vertex 84.4 30.7 1.6
      vertex 81.1392 29 1.6
      vertex 81.2087 28.8592 1.6
    endloop
  endfacet
  facet normal 0 0 1
    outer loop
      vertex 84.4 30.7 1.6
      vertex 81.052 29.1305 1.6
      vertex 81.1392 29 1.6
    endloop
  endfacet
  facet normal 0 0 1
    outer loop
      vertex 84.4 30.7 1.6
      vertex 80.9485 29.2485 1.6
      vertex 81.052 29.1305 1.6
    endloop
  endfacet
  facet normal 0 0 1
    outer loop
      vertex 82.4 32.7 1.6
      vertex 80.8305 29.352 1.6
      vertex 80.9485 29.2485 1.6
    endloop
  endfacet
  facet normal 0 0 1
    outer loop
      vertex 82.4 32.7 1.6
      vertex 80.7 29.4392 1.6
      vertex 80.8305 29.352 1.6
    endloop
  endfacet
  facet normal 0 0 1
    outer loop
      vertex 82.4 32.7 1.6
      vertex 80.5592 29.5087 1.6
      vertex 80.7 29.4392 1.6
    endloop
  endfacet
  facet normal 0 0 1
    outer loop
      vertex 82.4 32.7 1.6
      vertex 80.4106 29.5591 1.6
      vertex 80.5592 29.5087 1.6
    endloop
  endfacet
  facet normal 0 0 1
    outer loop
      vertex 82.4 32.7 1.6
      vertex 80.2566 29.5897 1.6
      vertex 80.4106 29.5591 1.6
    endloop
  endfacet
  facet normal 0 0 1
    outer loop
      vertex 82.4 32.7 1.6
      vertex 80.1 29.6 1.6
      vertex 80.2566 29.5897 1.6
    endloop
  endfacet
  facet normal 0 0 1
    outer loop
      vertex 82.4 32.7 1.6
      vertex 79.9434 29.5897 1.6
      vertex 80.1 29.6 1.6
    endloop
  endfacet
  facet normal 0 0 1
    outer loop
      vertex 82.4 32.7 1.6
      vertex 79.7894 29.5591 1.6
      vertex 79.9434 29.5897 1.6
    endloop
  endfacet
  facet normal 0 0 1
    outer loop
      vertex 82.4 32.7 1.6
      vertex 79.6408 29.5087 1.6
      vertex 79.7894 29.5591 1.6
    endloop
  endfacet
  facet normal 0 0 1
    outer loop
      vertex 82.4 32.7 1.6
      vertex 79.5 29.4392 1.6
      vertex 79.6408 29.5087 1.6
    endloop
  endfacet
  facet normal 0 0 1
    outer loop
      vertex 82.4 32.7 1.6
      vertex 79.3695 29.352 1.6
      vertex 79.5 29.4392 1.6
    endloop
  endfacet
  facet normal 0 0 1
    outer loop
      vertex 64.061 29.2917 1.6
      vertex 79.3695 29.352 1.6
      vertex 82.4 32.7 1.6
    endloop
  endfacet
  facet normal 0 0 1
    outer loop
      vertex 78.9409 4.61058 1.6
      vertex 64.55 4.4 1.6
      vertex 78.9103 4.45663 1.6
    endloop
  endfacet
  facet normal -0 0 1
    outer loop
      vertex 64.5393 28.4632 1.6
      vertex 78.9 28.4 1.6
      vertex 78.9103 28.5566 1.6
    endloop
  endfacet
  facet normal -0 0 1
    outer loop
      vertex 64.5074 28.6235 1.6
      vertex 78.9103 28.5566 1.6
      vertex 78.9409 28.7106 1.6
    endloop
  endfacet
  facet normal -0 0 1
    outer loop
      vertex 64.4548 28.7784 1.6
      vertex 78.9409 28.7106 1.6
      vertex 78.9913 28.8592 1.6
    endloop
  endfacet
  facet normal -0 0 1
    outer loop
      vertex 64.3825 28.925 1.6
      vertex 78.9913 28.8592 1.6
      vertex 79.0608 29 1.6
    endloop
  endfacet
  facet normal 0 0 1
    outer loop
      vertex 64.3825 28.925 1.6
      vertex 79.0608 29 1.6
      vertex 79.148 29.1305 1.6
    endloop
  endfacet
  facet normal 0 0 1
    outer loop
      vertex 64.2917 29.061 1.6
      vertex 79.148 29.1305 1.6
      vertex 79.2515 29.2485 1.6
    endloop
  endfacet
  facet normal 0 0 1
    outer loop
      vertex 79.3695 29.352 1.6
      vertex 64.061 29.2917 1.6
      vertex 79.2515 29.2485 1.6
    endloop
  endfacet
  facet normal 0 0 1
    outer loop
      vertex 78.9 28.4 1.6
      vertex 64.5393 28.4632 1.6
      vertex 64.55 28.3 1.6
    endloop
  endfacet
  facet normal 0 0 1
    outer loop
      vertex 78.9103 28.5566 1.6
      vertex 64.5074 28.6235 1.6
      vertex 64.5393 28.4632 1.6
    endloop
  endfacet
  facet normal 0 0 1
    outer loop
      vertex 78.9409 28.7106 1.6
      vertex 64.4548 28.7784 1.6
      vertex 64.5074 28.6235 1.6
    endloop
  endfacet
  facet normal 0 0 1
    outer loop
      vertex 78.9913 28.8592 1.6
      vertex 64.3825 28.925 1.6
      vertex 64.4548 28.7784 1.6
    endloop
  endfacet
  facet normal 0 0 1
    outer loop
      vertex 79.148 29.1305 1.6
      vertex 64.2917 29.061 1.6
      vertex 64.3825 28.925 1.6
    endloop
  endfacet
  facet normal 0 0 1
    outer loop
      vertex 79.2515 29.2485 1.6
      vertex 64.1839 29.1839 1.6
      vertex 64.2917 29.061 1.6
    endloop
  endfacet
  facet normal 0 0 1
    outer loop
      vertex 79.2515 29.2485 1.6
      vertex 64.061 29.2917 1.6
      vertex 64.1839 29.1839 1.6
    endloop
  endfacet
  facet normal 0 0 1
    outer loop
      vertex 82.4 32.7 1.6
      vertex 63.925 29.3825 1.6
      vertex 64.061 29.2917 1.6
    endloop
  endfacet
  facet normal 0 0 1
    outer loop
      vertex 82.4 32.7 1.6
      vertex 63.7784 29.4548 1.6
      vertex 63.925 29.3825 1.6
    endloop
  endfacet
  facet normal 0 0 1
    outer loop
      vertex 82.4 32.7 1.6
      vertex 63.6235 29.5074 1.6
      vertex 63.7784 29.4548 1.6
    endloop
  endfacet
  facet normal -0 0 1
    outer loop
      vertex 61 30.45 1.6
      vertex 63.6235 29.5074 1.6
      vertex 82.4 32.7 1.6
    endloop
  endfacet
  facet normal 0 0 1
    outer loop
      vertex 63.6235 29.5074 1.6
      vertex 61 30.45 1.6
      vertex 63.4632 29.5393 1.6
    endloop
  endfacet
  facet normal 0 0 1
    outer loop
      vertex 63.4632 29.5393 1.6
      vertex 61 30.45 1.6
      vertex 63.3 29.55 1.6
    endloop
  endfacet
  facet normal 0 0 1
    outer loop
      vertex 62.0607 28.4632 1.6
      vertex 61 29.25 1.6
      vertex 62.05 28.3 1.6
    endloop
  endfacet
  facet normal 0 0 1
    outer loop
      vertex 62.0926 28.6235 1.6
      vertex 61 29.25 1.6
      vertex 62.0607 28.4632 1.6
    endloop
  endfacet
  facet normal 0 0 1
    outer loop
      vertex 62.1451 28.7784 1.6
      vertex 61 29.25 1.6
      vertex 62.0926 28.6235 1.6
    endloop
  endfacet
  facet normal 0 0 1
    outer loop
      vertex 62.2175 28.925 1.6
      vertex 61 29.25 1.6
      vertex 62.1451 28.7784 1.6
    endloop
  endfacet
  facet normal 0 0 1
    outer loop
      vertex 62.3083 29.061 1.6
      vertex 61 29.25 1.6
      vertex 62.2175 28.925 1.6
    endloop
  endfacet
  facet normal 0 0 1
    outer loop
      vertex 62.4161 29.1839 1.6
      vertex 61 29.25 1.6
      vertex 62.3083 29.061 1.6
    endloop
  endfacet
  facet normal -0 0 1
    outer loop
      vertex 61 29.25 1.6
      vertex 62.4161 29.1839 1.6
      vertex 61 30.45 1.6
    endloop
  endfacet
  facet normal 0 0 1
    outer loop
      vertex 62.539 29.2917 1.6
      vertex 61 30.45 1.6
      vertex 62.4161 29.1839 1.6
    endloop
  endfacet
  facet normal 0 0 1
    outer loop
      vertex 62.675 29.3825 1.6
      vertex 61 30.45 1.6
      vertex 62.539 29.2917 1.6
    endloop
  endfacet
  facet normal 0 0 1
    outer loop
      vertex 62.8216 29.4548 1.6
      vertex 61 30.45 1.6
      vertex 62.675 29.3825 1.6
    endloop
  endfacet
  facet normal 0 0 1
    outer loop
      vertex 62.9765 29.5074 1.6
      vertex 61 30.45 1.6
      vertex 62.8216 29.4548 1.6
    endloop
  endfacet
  facet normal 0 0 1
    outer loop
      vertex 63.1368 29.5393 1.6
      vertex 61 30.45 1.6
      vertex 62.9765 29.5074 1.6
    endloop
  endfacet
  facet normal 0 0 1
    outer loop
      vertex 63.3 29.55 1.6
      vertex 61 30.45 1.6
      vertex 63.1368 29.5393 1.6
    endloop
  endfacet
  facet normal -0 0 1
    outer loop
      vertex 2 32.7 1.6
      vertex 61 30.45 1.6
      vertex 82.4 32.7 1.6
    endloop
  endfacet
  facet normal 0 0 1
    outer loop
      vertex 3.4 30.45 1.6
      vertex 2.25 28.25 1.6
      vertex 3.4 29.25 1.6
    endloop
  endfacet
  facet normal 0 0 1
    outer loop
      vertex 0 30.7 1.6
      vertex 2.25 22.25 1.6
      vertex 2.25 28.25 1.6
    endloop
  endfacet
  facet normal 0 0 1
    outer loop
      vertex 2.25 22.25 1.6
      vertex 0 30.7 1.6
      vertex 2.25 10.45 1.6
    endloop
  endfacet
  facet normal 0 0 1
    outer loop
      vertex 3.4 30.45 1.6
      vertex 0 30.7 1.6
      vertex 2.25 28.25 1.6
    endloop
  endfacet
  facet normal -0 0 1
    outer loop
      vertex 0 30.7 1.6
      vertex 3.4 30.45 1.6
      vertex 2 32.7 1.6
    endloop
  endfacet
  facet normal 0 0 1
    outer loop
      vertex 61 30.45 1.6
      vertex 2 32.7 1.6
      vertex 3.4 30.45 1.6
    endloop
  endfacet
  facet normal 0 0 1
    outer loop
      vertex 83.9867 0.782476 1.6
      vertex 80.9485 3.45147 1.6
      vertex 83.8142 0.585786 1.6
    endloop
  endfacet
  facet normal 0 0 1
    outer loop
      vertex 83.8142 0.585786 1.6
      vertex 80.9485 3.45147 1.6
      vertex 83.6175 0.413293 1.6
    endloop
  endfacet
  facet normal 0 0 1
    outer loop
      vertex 83.6175 0.413293 1.6
      vertex 80.9485 3.45147 1.6
      vertex 83.4 0.267949 1.6
    endloop
  endfacet
  facet normal 0 0 1
    outer loop
      vertex 83.4 0.267949 1.6
      vertex 80.9485 3.45147 1.6
      vertex 83.1654 0.152241 1.6
    endloop
  endfacet
  facet normal 0 0 1
    outer loop
      vertex 83.1654 0.152241 1.6
      vertex 80.9485 3.45147 1.6
      vertex 82.9176 0.0681477 1.6
    endloop
  endfacet
  facet normal 0 0 1
    outer loop
      vertex 82.9176 0.0681477 1.6
      vertex 80.9485 3.45147 1.6
      vertex 82.661 0.0171099 1.6
    endloop
  endfacet
  facet normal 0 0 1
    outer loop
      vertex 82.661 0.0171099 1.6
      vertex 80.9485 3.45147 1.6
      vertex 82.4 0 1.6
    endloop
  endfacet
  facet normal -0 0 1
    outer loop
      vertex 80.8305 3.34798 1.6
      vertex 82.4 0 1.6
      vertex 80.9485 3.45147 1.6
    endloop
  endfacet
  facet normal -0 0 1
    outer loop
      vertex 80.7 3.26077 1.6
      vertex 82.4 0 1.6
      vertex 80.8305 3.34798 1.6
    endloop
  endfacet
  facet normal -0 0 1
    outer loop
      vertex 80.5592 3.19134 1.6
      vertex 82.4 0 1.6
      vertex 80.7 3.26077 1.6
    endloop
  endfacet
  facet normal -0 0 1
    outer loop
      vertex 80.4106 3.14089 1.6
      vertex 82.4 0 1.6
      vertex 80.5592 3.19134 1.6
    endloop
  endfacet
  facet normal -0 0 1
    outer loop
      vertex 80.2566 3.11027 1.6
      vertex 82.4 0 1.6
      vertex 80.4106 3.14089 1.6
    endloop
  endfacet
  facet normal -0 0 1
    outer loop
      vertex 80.1 3.1 1.6
      vertex 82.4 0 1.6
      vertex 80.2566 3.11027 1.6
    endloop
  endfacet
  facet normal 0 0 1
    outer loop
      vertex 79.9434 3.11027 1.6
      vertex 82.4 0 1.6
      vertex 80.1 3.1 1.6
    endloop
  endfacet
  facet normal 0 0 1
    outer loop
      vertex 79.7894 3.14089 1.6
      vertex 82.4 0 1.6
      vertex 79.9434 3.11027 1.6
    endloop
  endfacet
  facet normal 0 0 1
    outer loop
      vertex 79.6408 3.19134 1.6
      vertex 82.4 0 1.6
      vertex 79.7894 3.14089 1.6
    endloop
  endfacet
  facet normal 0 0 1
    outer loop
      vertex 79.5 3.26077 1.6
      vertex 82.4 0 1.6
      vertex 79.6408 3.19134 1.6
    endloop
  endfacet
  facet normal 0 0 1
    outer loop
      vertex 79.3695 3.34798 1.6
      vertex 82.4 0 1.6
      vertex 79.5 3.26077 1.6
    endloop
  endfacet
  facet normal -0 0 1
    outer loop
      vertex 64.061 3.40831 1.6
      vertex 79.3695 3.34798 1.6
      vertex 79.2515 3.45147 1.6
    endloop
  endfacet
  facet normal 0 0 1
    outer loop
      vertex 78.9103 4.45663 1.6
      vertex 64.55 4.4 1.6
      vertex 78.9 4.3 1.6
    endloop
  endfacet
  facet normal 0 0 1
    outer loop
      vertex 64.5393 4.23684 1.6
      vertex 78.9 4.3 1.6
      vertex 64.55 4.4 1.6
    endloop
  endfacet
  facet normal 0 0 1
    outer loop
      vertex 78.9 4.3 1.6
      vertex 64.5393 4.23684 1.6
      vertex 78.9103 4.14337 1.6
    endloop
  endfacet
  facet normal 0 0 1
    outer loop
      vertex 64.5074 4.07648 1.6
      vertex 78.9103 4.14337 1.6
      vertex 64.5393 4.23684 1.6
    endloop
  endfacet
  facet normal 0 0 1
    outer loop
      vertex 78.9103 4.14337 1.6
      vertex 64.5074 4.07648 1.6
      vertex 78.9409 3.98942 1.6
    endloop
  endfacet
  facet normal 0 0 1
    outer loop
      vertex 64.4548 3.92165 1.6
      vertex 78.9409 3.98942 1.6
      vertex 64.5074 4.07648 1.6
    endloop
  endfacet
  facet normal 0 0 1
    outer loop
      vertex 78.9409 3.98942 1.6
      vertex 64.4548 3.92165 1.6
      vertex 78.9913 3.84078 1.6
    endloop
  endfacet
  facet normal 0 0 1
    outer loop
      vertex 64.3825 3.775 1.6
      vertex 78.9913 3.84078 1.6
      vertex 64.4548 3.92165 1.6
    endloop
  endfacet
  facet normal 0 0 1
    outer loop
      vertex 78.9913 3.84078 1.6
      vertex 64.3825 3.775 1.6
      vertex 79.0608 3.7 1.6
    endloop
  endfacet
  facet normal 0 0 1
    outer loop
      vertex 79.0608 3.7 1.6
      vertex 64.3825 3.775 1.6
      vertex 79.148 3.56949 1.6
    endloop
  endfacet
  facet normal -0 0 1
    outer loop
      vertex 64.2917 3.63905 1.6
      vertex 79.148 3.56949 1.6
      vertex 64.3825 3.775 1.6
    endloop
  endfacet
  facet normal 0 0 1
    outer loop
      vertex 79.148 3.56949 1.6
      vertex 64.2917 3.63905 1.6
      vertex 79.2515 3.45147 1.6
    endloop
  endfacet
  facet normal -0 0 1
    outer loop
      vertex 64.1839 3.51612 1.6
      vertex 79.2515 3.45147 1.6
      vertex 64.2917 3.63905 1.6
    endloop
  endfacet
  facet normal 0 0 1
    outer loop
      vertex 64.061 3.40831 1.6
      vertex 79.2515 3.45147 1.6
      vertex 64.1839 3.51612 1.6
    endloop
  endfacet
  facet normal 0 0 1
    outer loop
      vertex 79.3695 3.34798 1.6
      vertex 64.061 3.40831 1.6
      vertex 82.4 0 1.6
    endloop
  endfacet
  facet normal -0 0 1
    outer loop
      vertex 63.925 3.31747 1.6
      vertex 82.4 0 1.6
      vertex 64.061 3.40831 1.6
    endloop
  endfacet
  facet normal -0 0 1
    outer loop
      vertex 63.7784 3.24515 1.6
      vertex 82.4 0 1.6
      vertex 63.925 3.31747 1.6
    endloop
  endfacet
  facet normal -0 0 1
    outer loop
      vertex 63.6235 3.19259 1.6
      vertex 82.4 0 1.6
      vertex 63.7784 3.24515 1.6
    endloop
  endfacet
  facet normal 0 0 1
    outer loop
      vertex 61 2.25 1.6
      vertex 63.6235 3.19259 1.6
      vertex 63.4632 3.16069 1.6
    endloop
  endfacet
  facet normal 0 0 1
    outer loop
      vertex 61 2.25 1.6
      vertex 63.4632 3.16069 1.6
      vertex 63.3 3.15 1.6
    endloop
  endfacet
  facet normal 0 0 1
    outer loop
      vertex 61 2.25 1.6
      vertex 63.3 3.15 1.6
      vertex 63.1368 3.16069 1.6
    endloop
  endfacet
  facet normal 0 0 1
    outer loop
      vertex 62.0926 4.72352 1.6
      vertex 61 3.45 1.6
      vertex 62.0607 4.56316 1.6
    endloop
  endfacet
  facet normal 0 0 1
    outer loop
      vertex 62.0607 4.56316 1.6
      vertex 61 3.45 1.6
      vertex 62.05 4.4 1.6
    endloop
  endfacet
  facet normal 0 0 1
    outer loop
      vertex 61 3.45 1.6
      vertex 62.0607 4.23684 1.6
      vertex 62.05 4.4 1.6
    endloop
  endfacet
  facet normal 0 0 1
    outer loop
      vertex 61 3.45 1.6
      vertex 62.0926 4.07648 1.6
      vertex 62.0607 4.23684 1.6
    endloop
  endfacet
  facet normal 0 0 1
    outer loop
      vertex 61 3.45 1.6
      vertex 62.1451 3.92165 1.6
      vertex 62.0926 4.07648 1.6
    endloop
  endfacet
  facet normal 0 0 1
    outer loop
      vertex 61 3.45 1.6
      vertex 62.2175 3.775 1.6
      vertex 62.1451 3.92165 1.6
    endloop
  endfacet
  facet normal 0 0 1
    outer loop
      vertex 61 3.45 1.6
      vertex 62.3083 3.63905 1.6
      vertex 62.2175 3.775 1.6
    endloop
  endfacet
  facet normal 0 0 1
    outer loop
      vertex 61 3.45 1.6
      vertex 62.4161 3.51612 1.6
      vertex 62.3083 3.63905 1.6
    endloop
  endfacet
  facet normal 0 0 1
    outer loop
      vertex 61 2.25 1.6
      vertex 62.4161 3.51612 1.6
      vertex 61 3.45 1.6
    endloop
  endfacet
  facet normal 0 0 1
    outer loop
      vertex 62.4161 3.51612 1.6
      vertex 61 2.25 1.6
      vertex 62.539 3.40831 1.6
    endloop
  endfacet
  facet normal 0 0 1
    outer loop
      vertex 62.539 3.40831 1.6
      vertex 61 2.25 1.6
      vertex 62.675 3.31747 1.6
    endloop
  endfacet
  facet normal 0 0 1
    outer loop
      vertex 62.675 3.31747 1.6
      vertex 61 2.25 1.6
      vertex 62.8216 3.24515 1.6
    endloop
  endfacet
  facet normal 0 0 1
    outer loop
      vertex 62.8216 3.24515 1.6
      vertex 61 2.25 1.6
      vertex 62.9765 3.19259 1.6
    endloop
  endfacet
  facet normal 0 0 1
    outer loop
      vertex 62.9765 3.19259 1.6
      vertex 61 2.25 1.6
      vertex 63.1368 3.16069 1.6
    endloop
  endfacet
  facet normal 0 0 1
    outer loop
      vertex 63.6235 3.19259 1.6
      vertex 61 2.25 1.6
      vertex 82.4 0 1.6
    endloop
  endfacet
  facet normal 0 0 1
    outer loop
      vertex 2 0 1.6
      vertex 61 2.25 1.6
      vertex 3.4 2.25 1.6
    endloop
  endfacet
  facet normal 0 0 1
    outer loop
      vertex 61 2.25 1.6
      vertex 2 0 1.6
      vertex 82.4 0 1.6
    endloop
  endfacet
  facet normal 0 0 1
    outer loop
      vertex 0 2 1.6
      vertex 3.4 2.25 1.6
      vertex 2.25 4.45 1.6
    endloop
  endfacet
  facet normal 0 0 1
    outer loop
      vertex 0 2 1.6
      vertex 2.25 10.45 1.6
      vertex 0 30.7 1.6
    endloop
  endfacet
  facet normal 0 0 1
    outer loop
      vertex 0 30.7 1.6
      vertex 2 32.7 1.6
      vertex 1.73895 32.6829 1.6
    endloop
  endfacet
  facet normal 0 0 1
    outer loop
      vertex 2.25 10.45 1.6
      vertex 0 2 1.6
      vertex 2.25 4.45 1.6
    endloop
  endfacet
  facet normal 0 0 1
    outer loop
      vertex 0 30.7 1.6
      vertex 1.73895 32.6829 1.6
      vertex 1.48236 32.6319 1.6
    endloop
  endfacet
  facet normal 0 -0 1
    outer loop
      vertex 0.0171099 1.73895 1.6
      vertex 3.4 2.25 1.6
      vertex 0 2 1.6
    endloop
  endfacet
  facet normal 0 0 1
    outer loop
      vertex 0 30.7 1.6
      vertex 1.48236 32.6319 1.6
      vertex 1.23463 32.5478 1.6
    endloop
  endfacet
  facet normal 0 0 1
    outer loop
      vertex 3.4 2.25 1.6
      vertex 1.73895 0.0171099 1.6
      vertex 2 0 1.6
    endloop
  endfacet
  facet normal 0 0 1
    outer loop
      vertex 0 30.7 1.6
      vertex 1.23463 32.5478 1.6
      vertex 1 32.4321 1.6
    endloop
  endfacet
  facet normal 0 0 1
    outer loop
      vertex 3.4 2.25 1.6
      vertex 1.48236 0.0681477 1.6
      vertex 1.73895 0.0171099 1.6
    endloop
  endfacet
  facet normal 0 0 1
    outer loop
      vertex 0 30.7 1.6
      vertex 1 32.4321 1.6
      vertex 0.782476 32.2867 1.6
    endloop
  endfacet
  facet normal 0 0 1
    outer loop
      vertex 3.4 2.25 1.6
      vertex 1.23463 0.152241 1.6
      vertex 1.48236 0.0681477 1.6
    endloop
  endfacet
  facet normal 0 0 1
    outer loop
      vertex 0 30.7 1.6
      vertex 0.782476 32.2867 1.6
      vertex 0.585786 32.1142 1.6
    endloop
  endfacet
  facet normal 0 0 1
    outer loop
      vertex 3.4 2.25 1.6
      vertex 1 0.267949 1.6
      vertex 1.23463 0.152241 1.6
    endloop
  endfacet
  facet normal 0 0 1
    outer loop
      vertex 0 30.7 1.6
      vertex 0.585786 32.1142 1.6
      vertex 0.413293 31.9175 1.6
    endloop
  endfacet
  facet normal 0 0 1
    outer loop
      vertex 3.4 2.25 1.6
      vertex 0.782476 0.413293 1.6
      vertex 1 0.267949 1.6
    endloop
  endfacet
  facet normal 0 0 1
    outer loop
      vertex 0 30.7 1.6
      vertex 0.413293 31.9175 1.6
      vertex 0.267949 31.7 1.6
    endloop
  endfacet
  facet normal 0 0 1
    outer loop
      vertex 3.4 2.25 1.6
      vertex 0.585786 0.585786 1.6
      vertex 0.782476 0.413293 1.6
    endloop
  endfacet
  facet normal 0 0 1
    outer loop
      vertex 0 30.7 1.6
      vertex 0.267949 31.7 1.6
      vertex 0.152241 31.4654 1.6
    endloop
  endfacet
  facet normal 0 0 1
    outer loop
      vertex 3.4 2.25 1.6
      vertex 0.413293 0.782476 1.6
      vertex 0.585786 0.585786 1.6
    endloop
  endfacet
  facet normal 0 0 1
    outer loop
      vertex 0 30.7 1.6
      vertex 0.152241 31.4654 1.6
      vertex 0.0681477 31.2176 1.6
    endloop
  endfacet
  facet normal 0 0 1
    outer loop
      vertex 3.4 2.25 1.6
      vertex 0.267949 1 1.6
      vertex 0.413293 0.782476 1.6
    endloop
  endfacet
  facet normal 0 0 1
    outer loop
      vertex 0 30.7 1.6
      vertex 0.0681477 31.2176 1.6
      vertex 0.0171099 30.9611 1.6
    endloop
  endfacet
  facet normal 0 0 1
    outer loop
      vertex 3.4 2.25 1.6
      vertex 0.152241 1.23463 1.6
      vertex 0.267949 1 1.6
    endloop
  endfacet
  facet normal 0 0 1
    outer loop
      vertex 3.4 2.25 1.6
      vertex 0.0681477 1.48236 1.6
      vertex 0.152241 1.23463 1.6
    endloop
  endfacet
  facet normal 0 0 1
    outer loop
      vertex 3.4 2.25 1.6
      vertex 0.0171099 1.73895 1.6
      vertex 0.0681477 1.48236 1.6
    endloop
  endfacet
  facet normal 0 0 1
    outer loop
      vertex 62.2175 5.025 1.6
      vertex 46.4 9.3 1.6
      vertex 61 3.45 1.6
    endloop
  endfacet
  facet normal -0 0 1
    outer loop
      vertex 46.3872 9.10421 1.6
      vertex 61 3.45 1.6
      vertex 46.4 9.3 1.6
    endloop
  endfacet
  facet normal -0 0 1
    outer loop
      vertex 46.3489 8.91177 1.6
      vertex 61 3.45 1.6
      vertex 46.3872 9.10421 1.6
    endloop
  endfacet
  facet normal -0 0 1
    outer loop
      vertex 46.2858 8.72597 1.6
      vertex 61 3.45 1.6
      vertex 46.3489 8.91177 1.6
    endloop
  endfacet
  facet normal -0 0 1
    outer loop
      vertex 46.199 8.55 1.6
      vertex 61 3.45 1.6
      vertex 46.2858 8.72597 1.6
    endloop
  endfacet
  facet normal -0 0 1
    outer loop
      vertex 46.09 8.38686 1.6
      vertex 61 3.45 1.6
      vertex 46.199 8.55 1.6
    endloop
  endfacet
  facet normal -0 0 1
    outer loop
      vertex 45.9607 8.23934 1.6
      vertex 61 3.45 1.6
      vertex 46.09 8.38686 1.6
    endloop
  endfacet
  facet normal -0 0 1
    outer loop
      vertex 45.8131 8.10997 1.6
      vertex 61 3.45 1.6
      vertex 45.9607 8.23934 1.6
    endloop
  endfacet
  facet normal -0 0 1
    outer loop
      vertex 45.65 8.00096 1.6
      vertex 61 3.45 1.6
      vertex 45.8131 8.10997 1.6
    endloop
  endfacet
  facet normal -0 0 1
    outer loop
      vertex 45.474 7.91418 1.6
      vertex 61 3.45 1.6
      vertex 45.65 8.00096 1.6
    endloop
  endfacet
  facet normal -0 0 1
    outer loop
      vertex 45.2882 7.85111 1.6
      vertex 61 3.45 1.6
      vertex 45.474 7.91418 1.6
    endloop
  endfacet
  facet normal -0 0 1
    outer loop
      vertex 45.0958 7.81283 1.6
      vertex 61 3.45 1.6
      vertex 45.2882 7.85111 1.6
    endloop
  endfacet
  facet normal -0 0 1
    outer loop
      vertex 44.9 7.8 1.6
      vertex 61 3.45 1.6
      vertex 45.0958 7.81283 1.6
    endloop
  endfacet
  facet normal 0 0 1
    outer loop
      vertex 3.4 3.45 1.6
      vertex 44.9 7.8 1.6
      vertex 14.4 7.8 1.6
    endloop
  endfacet
  facet normal 0 0 1
    outer loop
      vertex 3.4 3.45 1.6
      vertex 14.4 7.8 1.6
      vertex 14.2042 7.81283 1.6
    endloop
  endfacet
  facet normal -0 0 1
    outer loop
      vertex 8.55185 23.5824 1.6
      vertex 12.9 23.4 1.6
      vertex 8.60289 23.8389 1.6
    endloop
  endfacet
  facet normal 0 0 1
    outer loop
      vertex 12.9 9.3 1.6
      vertex 8.62 8.6 1.6
      vertex 12.9128 9.10421 1.6
    endloop
  endfacet
  facet normal 0 0 1
    outer loop
      vertex 12.9128 9.10421 1.6
      vertex 8.62 8.6 1.6
      vertex 12.9511 8.91177 1.6
    endloop
  endfacet
  facet normal 0 0 1
    outer loop
      vertex 8.60289 8.33895 1.6
      vertex 12.9511 8.91177 1.6
      vertex 8.62 8.6 1.6
    endloop
  endfacet
  facet normal 0 0 1
    outer loop
      vertex 12.9511 8.91177 1.6
      vertex 8.60289 8.33895 1.6
      vertex 13.0142 8.72597 1.6
    endloop
  endfacet
  facet normal 0 0 1
    outer loop
      vertex 8.55185 8.08236 1.6
      vertex 13.0142 8.72597 1.6
      vertex 8.60289 8.33895 1.6
    endloop
  endfacet
  facet normal 0 0 1
    outer loop
      vertex 13.0142 8.72597 1.6
      vertex 8.55185 8.08236 1.6
      vertex 13.101 8.55 1.6
    endloop
  endfacet
  facet normal 0 0 1
    outer loop
      vertex 8.46776 7.83463 1.6
      vertex 13.101 8.55 1.6
      vertex 8.55185 8.08236 1.6
    endloop
  endfacet
  facet normal 0 0 1
    outer loop
      vertex 13.101 8.55 1.6
      vertex 8.46776 7.83463 1.6
      vertex 13.21 8.38686 1.6
    endloop
  endfacet
  facet normal 0 0 1
    outer loop
      vertex 8.35205 7.6 1.6
      vertex 13.21 8.38686 1.6
      vertex 8.46776 7.83463 1.6
    endloop
  endfacet
  facet normal 0 0 1
    outer loop
      vertex 13.21 8.38686 1.6
      vertex 8.35205 7.6 1.6
      vertex 13.3393 8.23934 1.6
    endloop
  endfacet
  facet normal 0 0 1
    outer loop
      vertex 13.3393 8.23934 1.6
      vertex 8.35205 7.6 1.6
      vertex 13.4869 8.10997 1.6
    endloop
  endfacet
  facet normal 0 0 1
    outer loop
      vertex 8.20671 7.38248 1.6
      vertex 13.4869 8.10997 1.6
      vertex 8.35205 7.6 1.6
    endloop
  endfacet
  facet normal 0 0 1
    outer loop
      vertex 13.4869 8.10997 1.6
      vertex 8.20671 7.38248 1.6
      vertex 13.65 8.00096 1.6
    endloop
  endfacet
  facet normal 0 0 1
    outer loop
      vertex 8.03421 7.18579 1.6
      vertex 13.65 8.00096 1.6
      vertex 8.20671 7.38248 1.6
    endloop
  endfacet
  facet normal 0 0 1
    outer loop
      vertex 13.65 8.00096 1.6
      vertex 8.03421 7.18579 1.6
      vertex 13.826 7.91418 1.6
    endloop
  endfacet
  facet normal 0 0 1
    outer loop
      vertex 7.83752 7.01329 1.6
      vertex 13.826 7.91418 1.6
      vertex 8.03421 7.18579 1.6
    endloop
  endfacet
  facet normal 0 0 1
    outer loop
      vertex 13.826 7.91418 1.6
      vertex 7.83752 7.01329 1.6
      vertex 14.0118 7.85111 1.6
    endloop
  endfacet
  facet normal 0 0 1
    outer loop
      vertex 7.62 6.86795 1.6
      vertex 14.0118 7.85111 1.6
      vertex 7.83752 7.01329 1.6
    endloop
  endfacet
  facet normal 0 0 1
    outer loop
      vertex 14.0118 7.85111 1.6
      vertex 7.62 6.86795 1.6
      vertex 14.2042 7.81283 1.6
    endloop
  endfacet
  facet normal 0 0 1
    outer loop
      vertex 14.2042 7.81283 1.6
      vertex 7.62 6.86795 1.6
      vertex 3.4 3.45 1.6
    endloop
  endfacet
  facet normal 0 0 1
    outer loop
      vertex 3.4 3.45 1.6
      vertex 7.62 6.86795 1.6
      vertex 7.38537 6.75224 1.6
    endloop
  endfacet
  facet normal 0 0 1
    outer loop
      vertex 3.4 3.45 1.6
      vertex 7.38537 6.75224 1.6
      vertex 7.13764 6.66815 1.6
    endloop
  endfacet
  facet normal 0 0 1
    outer loop
      vertex 3.4 3.45 1.6
      vertex 7.13764 6.66815 1.6
      vertex 6.88105 6.61711 1.6
    endloop
  endfacet
  facet normal 0 0 1
    outer loop
      vertex 3.4 3.45 1.6
      vertex 6.88105 6.61711 1.6
      vertex 6.62 6.6 1.6
    endloop
  endfacet
  facet normal 0 0 1
    outer loop
      vertex 4.68815 9.11764 1.6
      vertex 3.45 10.45 1.6
      vertex 4.63711 8.86105 1.6
    endloop
  endfacet
  facet normal 0 0 1
    outer loop
      vertex 4.63711 8.86105 1.6
      vertex 3.45 10.45 1.6
      vertex 4.62 8.6 1.6
    endloop
  endfacet
  facet normal 0 0 1
    outer loop
      vertex 4.62 8.6 1.6
      vertex 3.45 10.45 1.6
      vertex 4.63711 8.33895 1.6
    endloop
  endfacet
  facet normal 0 0 1
    outer loop
      vertex 3.45 4.45 1.6
      vertex 4.63711 8.33895 1.6
      vertex 3.45 10.45 1.6
    endloop
  endfacet
  facet normal 0 0 1
    outer loop
      vertex 4.63711 8.33895 1.6
      vertex 3.45 4.45 1.6
      vertex 4.68815 8.08236 1.6
    endloop
  endfacet
  facet normal 0 0 1
    outer loop
      vertex 4.68815 8.08236 1.6
      vertex 3.45 4.45 1.6
      vertex 4.77224 7.83463 1.6
    endloop
  endfacet
  facet normal 0 0 1
    outer loop
      vertex 4.77224 7.83463 1.6
      vertex 3.45 4.45 1.6
      vertex 4.88795 7.6 1.6
    endloop
  endfacet
  facet normal 0 0 1
    outer loop
      vertex 3.45 4.45 1.6
      vertex 5.03329 7.38248 1.6
      vertex 4.88795 7.6 1.6
    endloop
  endfacet
  facet normal 0 0 1
    outer loop
      vertex 3.45 4.45 1.6
      vertex 5.20579 7.18579 1.6
      vertex 5.03329 7.38248 1.6
    endloop
  endfacet
  facet normal 0 0 1
    outer loop
      vertex 3.45 4.45 1.6
      vertex 5.40248 7.01329 1.6
      vertex 5.20579 7.18579 1.6
    endloop
  endfacet
  facet normal 0 0 1
    outer loop
      vertex 3.45 4.45 1.6
      vertex 5.62 6.86795 1.6
      vertex 5.40248 7.01329 1.6
    endloop
  endfacet
  facet normal 0 0 1
    outer loop
      vertex 3.45 4.45 1.6
      vertex 5.85463 6.75224 1.6
      vertex 5.62 6.86795 1.6
    endloop
  endfacet
  facet normal 0 0 1
    outer loop
      vertex 3.45 4.45 1.6
      vertex 6.10236 6.66815 1.6
      vertex 5.85463 6.75224 1.6
    endloop
  endfacet
  facet normal 0 0 1
    outer loop
      vertex 3.45 4.45 1.6
      vertex 6.35895 6.61711 1.6
      vertex 6.10236 6.66815 1.6
    endloop
  endfacet
  facet normal 0 0 1
    outer loop
      vertex 3.4 3.45 1.6
      vertex 6.35895 6.61711 1.6
      vertex 3.45 4.45 1.6
    endloop
  endfacet
  facet normal 0 0 1
    outer loop
      vertex 6.35895 6.61711 1.6
      vertex 3.4 3.45 1.6
      vertex 6.62 6.6 1.6
    endloop
  endfacet
  facet normal 0 0 1
    outer loop
      vertex 44.9 7.8 1.6
      vertex 3.4 3.45 1.6
      vertex 61 3.45 1.6
    endloop
  endfacet
  facet normal 0 0 1
    outer loop
      vertex 3.4 3.45 1.6
      vertex 2.25 4.45 1.6
      vertex 3.4 2.25 1.6
    endloop
  endfacet
  facet normal -0 0 1
    outer loop
      vertex 2.25 4.45 1.6
      vertex 3.4 3.45 1.6
      vertex 3.45 4.45 1.6
    endloop
  endfacet
  facet normal -0.751855 0.659328 0
    outer loop
      vertex 0.413293 31.9175 0
      vertex 0.585786 32.1142 1.6
      vertex 0.585786 32.1142 0
    endloop
  endfacet
  facet normal -0.751855 0.659328 0
    outer loop
      vertex 0.585786 32.1142 1.6
      vertex 0.413293 31.9175 0
      vertex 0.413293 31.9175 1.6
    endloop
  endfacet
  facet normal -0.94693 -0.32144 0
    outer loop
      vertex 0.152241 1.23463 0
      vertex 0.0681477 1.48236 1.6
      vertex 0.0681477 1.48236 0
    endloop
  endfacet
  facet normal -0.94693 -0.32144 0
    outer loop
      vertex 0.0681477 1.48236 1.6
      vertex 0.152241 1.23463 0
      vertex 0.152241 1.23463 1.6
    endloop
  endfacet
  facet normal -0.0653646 0.997861 0
    outer loop
      vertex 2 32.7 0
      vertex 1.73895 32.6829 1.6
      vertex 2 32.7 1.6
    endloop
  endfacet
  facet normal -0.0653646 0.997861 0
    outer loop
      vertex 1.73895 32.6829 1.6
      vertex 2 32.7 0
      vertex 1.73895 32.6829 0
    endloop
  endfacet
  facet normal 0 1 -0
    outer loop
      vertex 82.4 32.7 0
      vertex 2 32.7 1.6
      vertex 82.4 32.7 1.6
    endloop
  endfacet
  facet normal 0 1 0
    outer loop
      vertex 2 32.7 1.6
      vertex 82.4 32.7 0
      vertex 2 32.7 0
    endloop
  endfacet
  facet normal 0.831549 -0.555452 0
    outer loop
      vertex 83.9867 0.782476 1.6
      vertex 84.132 1 0
      vertex 84.132 1 1.6
    endloop
  endfacet
  facet normal 0.831549 -0.555452 0
    outer loop
      vertex 84.132 1 0
      vertex 83.9867 0.782476 1.6
      vertex 83.9867 0.782476 0
    endloop
  endfacet
  facet normal 0.980741 -0.195315 0
    outer loop
      vertex 84.3318 1.48236 1.6
      vertex 84.3829 1.73895 0
      vertex 84.3829 1.73895 1.6
    endloop
  endfacet
  facet normal 0.980741 -0.195315 0
    outer loop
      vertex 84.3829 1.73895 0
      vertex 84.3318 1.48236 1.6
      vertex 84.3318 1.48236 0
    endloop
  endfacet
  facet normal -0.751839 -0.659347 0
    outer loop
      vertex 0.585786 0.585786 0
      vertex 0.413293 0.782476 1.6
      vertex 0.413293 0.782476 0
    endloop
  endfacet
  facet normal -0.751839 -0.659347 0
    outer loop
      vertex 0.413293 0.782476 1.6
      vertex 0.585786 0.585786 0
      vertex 0.585786 0.585786 1.6
    endloop
  endfacet
  facet normal -0.980786 -0.195086 0
    outer loop
      vertex 0.0681477 1.48236 0
      vertex 0.0171099 1.73895 1.6
      vertex 0.0171099 1.73895 0
    endloop
  endfacet
  facet normal -0.980786 -0.195086 0
    outer loop
      vertex 0.0171099 1.73895 1.6
      vertex 0.0681477 1.48236 0
      vertex 0.0681477 1.48236 1.6
    endloop
  endfacet
  facet normal -0.321463 0.946922 0
    outer loop
      vertex 1.48236 32.6319 0
      vertex 1.23463 32.5478 1.6
      vertex 1.48236 32.6319 1.6
    endloop
  endfacet
  facet normal -0.321463 0.946922 0
    outer loop
      vertex 1.23463 32.5478 1.6
      vertex 1.48236 32.6319 0
      vertex 1.23463 32.5478 0
    endloop
  endfacet
  facet normal 0.980727 0.195381 0
    outer loop
      vertex 84.3829 30.9611 1.6
      vertex 84.3318 31.2176 0
      vertex 84.3318 31.2176 1.6
    endloop
  endfacet
  facet normal 0.980727 0.195381 0
    outer loop
      vertex 84.3318 31.2176 0
      vertex 84.3829 30.9611 1.6
      vertex 84.3829 30.9611 0
    endloop
  endfacet
  facet normal 0.321382 0.94695 -0
    outer loop
      vertex 83.1654 32.5478 0
      vertex 82.9176 32.6319 1.6
      vertex 83.1654 32.5478 1.6
    endloop
  endfacet
  facet normal 0.321382 0.94695 0
    outer loop
      vertex 82.9176 32.6319 1.6
      vertex 83.1654 32.5478 0
      vertex 82.9176 32.6319 0
    endloop
  endfacet
  facet normal 0.442314 0.89686 -0
    outer loop
      vertex 83.4 32.4321 0
      vertex 83.1654 32.5478 1.6
      vertex 83.4 32.4321 1.6
    endloop
  endfacet
  facet normal 0.442314 0.89686 0
    outer loop
      vertex 83.1654 32.5478 1.6
      vertex 83.4 32.4321 0
      vertex 83.1654 32.5478 0
    endloop
  endfacet
  facet normal 0.321359 -0.946957 0
    outer loop
      vertex 82.9176 0.0681477 0
      vertex 83.1654 0.152241 1.6
      vertex 82.9176 0.0681477 1.6
    endloop
  endfacet
  facet normal 0.321359 -0.946957 0
    outer loop
      vertex 83.1654 0.152241 1.6
      vertex 82.9176 0.0681477 0
      vertex 83.1654 0.152241 0
    endloop
  endfacet
  facet normal 0.442338 -0.896848 0
    outer loop
      vertex 83.1654 0.152241 0
      vertex 83.4 0.267949 1.6
      vertex 83.1654 0.152241 1.6
    endloop
  endfacet
  facet normal 0.442338 -0.896848 0
    outer loop
      vertex 83.4 0.267949 1.6
      vertex 83.1654 0.152241 0
      vertex 83.4 0.267949 0
    endloop
  endfacet
  facet normal 0.896731 -0.442575 0
    outer loop
      vertex 84.132 1 1.6
      vertex 84.2478 1.23463 0
      vertex 84.2478 1.23463 1.6
    endloop
  endfacet
  facet normal 0.896731 -0.442575 0
    outer loop
      vertex 84.2478 1.23463 0
      vertex 84.132 1 1.6
      vertex 84.132 1 0
    endloop
  endfacet
  facet normal -0.946957 0.321359 0
    outer loop
      vertex 0.0681477 31.2176 0
      vertex 0.152241 31.4654 1.6
      vertex 0.152241 31.4654 0
    endloop
  endfacet
  facet normal -0.946957 0.321359 0
    outer loop
      vertex 0.152241 31.4654 1.6
      vertex 0.0681477 31.2176 0
      vertex 0.0681477 31.2176 1.6
    endloop
  endfacet
  facet normal -0.831443 0.55561 0
    outer loop
      vertex 0.267949 31.7 0
      vertex 0.413293 31.9175 1.6
      vertex 0.413293 31.9175 0
    endloop
  endfacet
  facet normal -0.831443 0.55561 0
    outer loop
      vertex 0.413293 31.9175 1.6
      vertex 0.267949 31.7 0
      vertex 0.267949 31.7 1.6
    endloop
  endfacet
  facet normal -0.442268 0.896883 0
    outer loop
      vertex 1.23463 32.5478 0
      vertex 1 32.4321 1.6
      vertex 1.23463 32.5478 1.6
    endloop
  endfacet
  facet normal -0.442268 0.896883 0
    outer loop
      vertex 1 32.4321 1.6
      vertex 1.23463 32.5478 0
      vertex 1 32.4321 0
    endloop
  endfacet
  facet normal -0.659362 0.751826 0
    outer loop
      vertex 0.782476 32.2867 0
      vertex 0.585786 32.1142 1.6
      vertex 0.782476 32.2867 1.6
    endloop
  endfacet
  facet normal -0.659362 0.751826 0
    outer loop
      vertex 0.585786 32.1142 1.6
      vertex 0.782476 32.2867 0
      vertex 0.585786 32.1142 0
    endloop
  endfacet
  facet normal -0.555716 0.831372 0
    outer loop
      vertex 1 32.4321 0
      vertex 0.782476 32.2867 1.6
      vertex 1 32.4321 1.6
    endloop
  endfacet
  facet normal -0.555716 0.831372 0
    outer loop
      vertex 0.782476 32.2867 1.6
      vertex 1 32.4321 0
      vertex 0.782476 32.2867 0
    endloop
  endfacet
  facet normal -0.0654023 -0.997859 0
    outer loop
      vertex 1.73895 0.0171099 0
      vertex 2 0 1.6
      vertex 1.73895 0.0171099 1.6
    endloop
  endfacet
  facet normal -0.0654023 -0.997859 -0
    outer loop
      vertex 2 0 1.6
      vertex 1.73895 0.0171099 0
      vertex 2 0 0
    endloop
  endfacet
  facet normal 0 -1 0
    outer loop
      vertex 2 0 0
      vertex 82.4 0 1.6
      vertex 2 0 1.6
    endloop
  endfacet
  facet normal 0 -1 -0
    outer loop
      vertex 82.4 0 1.6
      vertex 2 0 0
      vertex 82.4 0 0
    endloop
  endfacet
  facet normal -0.555568 -0.831471 0
    outer loop
      vertex 0.782476 0.413293 0
      vertex 1 0.267949 1.6
      vertex 0.782476 0.413293 1.6
    endloop
  endfacet
  facet normal -0.555568 -0.831471 -0
    outer loop
      vertex 1 0.267949 1.6
      vertex 0.782476 0.413293 0
      vertex 1 0.267949 0
    endloop
  endfacet
  facet normal -0.194947 0.980814 0
    outer loop
      vertex 1.73895 32.6829 0
      vertex 1.48236 32.6319 1.6
      vertex 1.73895 32.6829 1.6
    endloop
  endfacet
  facet normal -0.194947 0.980814 0
    outer loop
      vertex 1.48236 32.6319 1.6
      vertex 1.73895 32.6829 0
      vertex 1.48236 32.6319 0
    endloop
  endfacet
  facet normal 0.0653771 0.997861 -0
    outer loop
      vertex 82.661 32.6829 0
      vertex 82.4 32.7 1.6
      vertex 82.661 32.6829 1.6
    endloop
  endfacet
  facet normal 0.0653771 0.997861 0
    outer loop
      vertex 82.4 32.7 1.6
      vertex 82.661 32.6829 0
      vertex 82.4 32.7 0
    endloop
  endfacet
  facet normal 0.19494 0.980815 -0
    outer loop
      vertex 82.9176 32.6319 0
      vertex 82.661 32.6829 1.6
      vertex 82.9176 32.6319 1.6
    endloop
  endfacet
  facet normal 0.19494 0.980815 0
    outer loop
      vertex 82.661 32.6829 1.6
      vertex 82.9176 32.6319 0
      vertex 82.661 32.6829 0
    endloop
  endfacet
  facet normal 0.555758 0.831344 -0
    outer loop
      vertex 83.6175 32.2867 0
      vertex 83.4 32.4321 1.6
      vertex 83.6175 32.2867 1.6
    endloop
  endfacet
  facet normal 0.555758 0.831344 0
    outer loop
      vertex 83.4 32.4321 1.6
      vertex 83.6175 32.2867 0
      vertex 83.4 32.4321 0
    endloop
  endfacet
  facet normal 0.659343 0.751842 -0
    outer loop
      vertex 83.8142 32.1142 0
      vertex 83.6175 32.2867 1.6
      vertex 83.8142 32.1142 1.6
    endloop
  endfacet
  facet normal 0.659343 0.751842 0
    outer loop
      vertex 83.6175 32.2867 1.6
      vertex 83.8142 32.1142 0
      vertex 83.6175 32.2867 0
    endloop
  endfacet
  facet normal 0.195079 -0.980788 0
    outer loop
      vertex 82.661 0.0171099 0
      vertex 82.9176 0.0681477 1.6
      vertex 82.661 0.0171099 1.6
    endloop
  endfacet
  facet normal 0.195079 -0.980788 0
    outer loop
      vertex 82.9176 0.0681477 1.6
      vertex 82.661 0.0171099 0
      vertex 82.9176 0.0681477 0
    endloop
  endfacet
  facet normal 0.659328 -0.751855 0
    outer loop
      vertex 83.6175 0.413293 0
      vertex 83.8142 0.585786 1.6
      vertex 83.6175 0.413293 1.6
    endloop
  endfacet
  facet normal 0.659328 -0.751855 0
    outer loop
      vertex 83.8142 0.585786 1.6
      vertex 83.6175 0.413293 0
      vertex 83.8142 0.585786 0
    endloop
  endfacet
  facet normal 0.55561 -0.831443 0
    outer loop
      vertex 83.4 0.267949 0
      vertex 83.6175 0.413293 1.6
      vertex 83.4 0.267949 1.6
    endloop
  endfacet
  facet normal 0.55561 -0.831443 0
    outer loop
      vertex 83.6175 0.413293 1.6
      vertex 83.4 0.267949 0
      vertex 83.6175 0.413293 0
    endloop
  endfacet
  facet normal 0.947038 -0.321121 0
    outer loop
      vertex 84.2478 1.23463 1.6
      vertex 84.3318 1.48236 0
      vertex 84.3318 1.48236 1.6
    endloop
  endfacet
  facet normal 0.947038 -0.321121 0
    outer loop
      vertex 84.3318 1.48236 0
      vertex 84.2478 1.23463 1.6
      vertex 84.2478 1.23463 0
    endloop
  endfacet
  facet normal 0.997861 -0.0653646 0
    outer loop
      vertex 84.3829 1.73895 1.6
      vertex 84.4 2 0
      vertex 84.4 2 1.6
    endloop
  endfacet
  facet normal 0.997861 -0.0653646 0
    outer loop
      vertex 84.4 2 0
      vertex 84.3829 1.73895 1.6
      vertex 84.3829 1.73895 0
    endloop
  endfacet
  facet normal -0.980773 0.195152 0
    outer loop
      vertex 0.0171099 30.9611 0
      vertex 0.0681477 31.2176 1.6
      vertex 0.0681477 31.2176 0
    endloop
  endfacet
  facet normal -0.980773 0.195152 0
    outer loop
      vertex 0.0681477 31.2176 1.6
      vertex 0.0171099 30.9611 0
      vertex 0.0171099 30.9611 1.6
    endloop
  endfacet
  facet normal -0.896848 0.442338 0
    outer loop
      vertex 0.152241 31.4654 0
      vertex 0.267949 31.7 1.6
      vertex 0.267949 31.7 0
    endloop
  endfacet
  facet normal -0.896848 0.442338 0
    outer loop
      vertex 0.267949 31.7 1.6
      vertex 0.152241 31.4654 0
      vertex 0.152241 31.4654 1.6
    endloop
  endfacet
  facet normal -0.442293 -0.896871 0
    outer loop
      vertex 1 0.267949 0
      vertex 1.23463 0.152241 1.6
      vertex 1 0.267949 1.6
    endloop
  endfacet
  facet normal -0.442293 -0.896871 -0
    outer loop
      vertex 1.23463 0.152241 1.6
      vertex 1 0.267949 0
      vertex 1.23463 0.152241 0
    endloop
  endfacet
  facet normal -0.32144 -0.94693 0
    outer loop
      vertex 1.23463 0.152241 0
      vertex 1.48236 0.0681477 1.6
      vertex 1.23463 0.152241 1.6
    endloop
  endfacet
  facet normal -0.32144 -0.94693 -0
    outer loop
      vertex 1.48236 0.0681477 1.6
      vertex 1.23463 0.152241 0
      vertex 1.48236 0.0681477 0
    endloop
  endfacet
  facet normal -0.831471 -0.555568 0
    outer loop
      vertex 0.413293 0.782476 0
      vertex 0.267949 1 1.6
      vertex 0.267949 1 0
    endloop
  endfacet
  facet normal -0.831471 -0.555568 0
    outer loop
      vertex 0.267949 1 1.6
      vertex 0.413293 0.782476 0
      vertex 0.413293 0.782476 1.6
    endloop
  endfacet
  facet normal -0.896871 -0.442293 0
    outer loop
      vertex 0.267949 1 0
      vertex 0.152241 1.23463 1.6
      vertex 0.152241 1.23463 0
    endloop
  endfacet
  facet normal -0.896871 -0.442293 0
    outer loop
      vertex 0.152241 1.23463 1.6
      vertex 0.267949 1 0
      vertex 0.267949 1 1.6
    endloop
  endfacet
  facet normal 0.831521 0.555494 0
    outer loop
      vertex 84.132 31.7 1.6
      vertex 83.9867 31.9175 0
      vertex 83.9867 31.9175 1.6
    endloop
  endfacet
  facet normal 0.831521 0.555494 0
    outer loop
      vertex 83.9867 31.9175 0
      vertex 84.132 31.7 1.6
      vertex 84.132 31.7 0
    endloop
  endfacet
  facet normal 0.751826 -0.659362 0
    outer loop
      vertex 83.8142 0.585786 1.6
      vertex 83.9867 0.782476 0
      vertex 83.9867 0.782476 1.6
    endloop
  endfacet
  facet normal 0.751826 -0.659362 0
    outer loop
      vertex 83.9867 0.782476 0
      vertex 83.8142 0.585786 1.6
      vertex 83.8142 0.585786 0
    endloop
  endfacet
  facet normal 0.896709 0.442621 0
    outer loop
      vertex 84.2478 31.4654 1.6
      vertex 84.132 31.7 0
      vertex 84.132 31.7 1.6
    endloop
  endfacet
  facet normal 0.896709 0.442621 0
    outer loop
      vertex 84.132 31.7 0
      vertex 84.2478 31.4654 1.6
      vertex 84.2478 31.4654 0
    endloop
  endfacet
  facet normal 0.947066 0.321039 0
    outer loop
      vertex 84.3318 31.2176 1.6
      vertex 84.2478 31.4654 0
      vertex 84.2478 31.4654 1.6
    endloop
  endfacet
  facet normal 0.947066 0.321039 0
    outer loop
      vertex 84.2478 31.4654 0
      vertex 84.3318 31.2176 1.6
      vertex 84.3318 31.2176 0
    endloop
  endfacet
  facet normal 0.751842 0.659343 0
    outer loop
      vertex 83.9867 31.9175 1.6
      vertex 83.8142 32.1142 0
      vertex 83.8142 32.1142 1.6
    endloop
  endfacet
  facet normal 0.751842 0.659343 0
    outer loop
      vertex 83.8142 32.1142 0
      vertex 83.9867 31.9175 1.6
      vertex 83.9867 31.9175 0
    endloop
  endfacet
  facet normal -0.997844 -0.0656309 0
    outer loop
      vertex 81.3 28.4 0.79
      vertex 81.2897 28.5566 1.6
      vertex 81.2897 28.5566 0.79
    endloop
  endfacet
  facet normal -0.997844 -0.0656309 0
    outer loop
      vertex 81.2897 28.5566 1.6
      vertex 81.3 28.4 0.79
      vertex 81.3 28.4 1.6
    endloop
  endfacet
  facet normal 0.997844 -0.0656309 0
    outer loop
      vertex 78.9 28.4 1.6
      vertex 78.9103 28.5566 0.79
      vertex 78.9103 28.5566 1.6
    endloop
  endfacet
  facet normal 0.997844 -0.0656309 0
    outer loop
      vertex 78.9103 28.5566 0.79
      vertex 78.9 28.4 1.6
      vertex 78.9 28.4 0.79
    endloop
  endfacet
  facet normal -0.0656309 -0.997844 0
    outer loop
      vertex 80.1 29.6 0.79
      vertex 80.2566 29.5897 1.6
      vertex 80.1 29.6 1.6
    endloop
  endfacet
  facet normal -0.0656309 -0.997844 -0
    outer loop
      vertex 80.2566 29.5897 1.6
      vertex 80.1 29.6 0.79
      vertex 80.2566 29.5897 0.79
    endloop
  endfacet
  facet normal -0.751787 -0.659406 0
    outer loop
      vertex 81.052 29.1305 0.79
      vertex 80.9485 29.2485 1.6
      vertex 80.9485 29.2485 0.79
    endloop
  endfacet
  facet normal -0.751787 -0.659406 0
    outer loop
      vertex 80.9485 29.2485 1.6
      vertex 81.052 29.1305 0.79
      vertex 81.052 29.1305 1.6
    endloop
  endfacet
  facet normal 0.659406 -0.751787 0
    outer loop
      vertex 79.2515 29.2485 0.79
      vertex 79.3695 29.352 1.6
      vertex 79.2515 29.2485 1.6
    endloop
  endfacet
  facet normal 0.659406 -0.751787 0
    outer loop
      vertex 79.3695 29.352 1.6
      vertex 79.2515 29.2485 0.79
      vertex 79.3695 29.352 0.79
    endloop
  endfacet
  facet normal 0.321194 -0.947013 0
    outer loop
      vertex 79.6408 29.5087 0.79
      vertex 79.7894 29.5591 1.6
      vertex 79.6408 29.5087 1.6
    endloop
  endfacet
  facet normal 0.321194 -0.947013 0
    outer loop
      vertex 79.7894 29.5591 1.6
      vertex 79.6408 29.5087 0.79
      vertex 79.7894 29.5591 0.79
    endloop
  endfacet
  facet normal 0.831462 0.555582 0
    outer loop
      vertex 79.148 27.6695 1.6
      vertex 79.0608 27.8 0.79
      vertex 79.0608 27.8 1.6
    endloop
  endfacet
  facet normal 0.831462 0.555582 0
    outer loop
      vertex 79.0608 27.8 0.79
      vertex 79.148 27.6695 1.6
      vertex 79.148 27.6695 0.79
    endloop
  endfacet
  facet normal -0.947013 -0.321194 0
    outer loop
      vertex 81.2591 28.7106 0.79
      vertex 81.2087 28.8592 1.6
      vertex 81.2087 28.8592 0.79
    endloop
  endfacet
  facet normal -0.947013 -0.321194 0
    outer loop
      vertex 81.2087 28.8592 1.6
      vertex 81.2591 28.7106 0.79
      vertex 81.2591 28.7106 1.6
    endloop
  endfacet
  facet normal -0.980825 -0.194891 0
    outer loop
      vertex 81.2897 28.5566 0.79
      vertex 81.2591 28.7106 1.6
      vertex 81.2591 28.7106 0.79
    endloop
  endfacet
  facet normal -0.980825 -0.194891 0
    outer loop
      vertex 81.2591 28.7106 1.6
      vertex 81.2897 28.5566 0.79
      vertex 81.2897 28.5566 1.6
    endloop
  endfacet
  facet normal -0.442622 -0.896708 0
    outer loop
      vertex 80.5592 29.5087 0.79
      vertex 80.7 29.4392 1.6
      vertex 80.5592 29.5087 1.6
    endloop
  endfacet
  facet normal -0.442622 -0.896708 -0
    outer loop
      vertex 80.7 29.4392 1.6
      vertex 80.5592 29.5087 0.79
      vertex 80.7 29.4392 0.79
    endloop
  endfacet
  facet normal -0.321194 -0.947013 0
    outer loop
      vertex 80.4106 29.5591 0.79
      vertex 80.5592 29.5087 1.6
      vertex 80.4106 29.5591 1.6
    endloop
  endfacet
  facet normal -0.321194 -0.947013 -0
    outer loop
      vertex 80.5592 29.5087 1.6
      vertex 80.4106 29.5591 0.79
      vertex 80.5592 29.5087 0.79
    endloop
  endfacet
  facet normal -0.659406 -0.751787 0
    outer loop
      vertex 80.8305 29.352 0.79
      vertex 80.9485 29.2485 1.6
      vertex 80.8305 29.352 1.6
    endloop
  endfacet
  facet normal -0.659406 -0.751787 -0
    outer loop
      vertex 80.9485 29.2485 1.6
      vertex 80.8305 29.352 0.79
      vertex 80.9485 29.2485 0.79
    endloop
  endfacet
  facet normal 0.896708 -0.442622 0
    outer loop
      vertex 78.9913 28.8592 1.6
      vertex 79.0608 29 0.79
      vertex 79.0608 29 1.6
    endloop
  endfacet
  facet normal 0.896708 -0.442622 0
    outer loop
      vertex 79.0608 29 0.79
      vertex 78.9913 28.8592 1.6
      vertex 78.9913 28.8592 0.79
    endloop
  endfacet
  facet normal 0.831462 -0.555582 0
    outer loop
      vertex 79.0608 29 1.6
      vertex 79.148 29.1305 0.79
      vertex 79.148 29.1305 1.6
    endloop
  endfacet
  facet normal 0.831462 -0.555582 0
    outer loop
      vertex 79.148 29.1305 0.79
      vertex 79.0608 29 1.6
      vertex 79.0608 29 0.79
    endloop
  endfacet
  facet normal 0.947013 -0.321194 0
    outer loop
      vertex 78.9409 28.7106 1.6
      vertex 78.9913 28.8592 0.79
      vertex 78.9913 28.8592 1.6
    endloop
  endfacet
  facet normal 0.947013 -0.321194 0
    outer loop
      vertex 78.9913 28.8592 0.79
      vertex 78.9409 28.7106 1.6
      vertex 78.9409 28.7106 0.79
    endloop
  endfacet
  facet normal 0.442622 -0.896708 0
    outer loop
      vertex 79.5 29.4392 0.79
      vertex 79.6408 29.5087 1.6
      vertex 79.5 29.4392 1.6
    endloop
  endfacet
  facet normal 0.442622 -0.896708 0
    outer loop
      vertex 79.6408 29.5087 1.6
      vertex 79.5 29.4392 0.79
      vertex 79.6408 29.5087 0.79
    endloop
  endfacet
  facet normal 0.0656309 -0.997844 0
    outer loop
      vertex 79.9434 29.5897 0.79
      vertex 80.1 29.6 1.6
      vertex 79.9434 29.5897 1.6
    endloop
  endfacet
  facet normal 0.0656309 -0.997844 0
    outer loop
      vertex 80.1 29.6 1.6
      vertex 79.9434 29.5897 0.79
      vertex 80.1 29.6 0.79
    endloop
  endfacet
  facet normal -0.751787 0.659406 0
    outer loop
      vertex 80.9485 27.5515 0.79
      vertex 81.052 27.6695 1.6
      vertex 81.052 27.6695 0.79
    endloop
  endfacet
  facet normal -0.751787 0.659406 0
    outer loop
      vertex 81.052 27.6695 1.6
      vertex 80.9485 27.5515 0.79
      vertex 80.9485 27.5515 1.6
    endloop
  endfacet
  facet normal -0.831462 0.555582 0
    outer loop
      vertex 81.052 27.6695 0.79
      vertex 81.1392 27.8 1.6
      vertex 81.1392 27.8 0.79
    endloop
  endfacet
  facet normal -0.831462 0.555582 0
    outer loop
      vertex 81.1392 27.8 1.6
      vertex 81.052 27.6695 0.79
      vertex 81.052 27.6695 1.6
    endloop
  endfacet
  facet normal 0.659406 0.751787 -0
    outer loop
      vertex 79.3695 27.448 0.79
      vertex 79.2515 27.5515 1.6
      vertex 79.3695 27.448 1.6
    endloop
  endfacet
  facet normal 0.659406 0.751787 0
    outer loop
      vertex 79.2515 27.5515 1.6
      vertex 79.3695 27.448 0.79
      vertex 79.2515 27.5515 0.79
    endloop
  endfacet
  facet normal 0.321194 0.947013 -0
    outer loop
      vertex 79.7894 27.2409 0.79
      vertex 79.6408 27.2913 1.6
      vertex 79.7894 27.2409 1.6
    endloop
  endfacet
  facet normal 0.321194 0.947013 0
    outer loop
      vertex 79.6408 27.2913 1.6
      vertex 79.7894 27.2409 0.79
      vertex 79.6408 27.2913 0.79
    endloop
  endfacet
  facet normal 0.896708 0.442622 0
    outer loop
      vertex 79.0608 27.8 1.6
      vertex 78.9913 27.9408 0.79
      vertex 78.9913 27.9408 1.6
    endloop
  endfacet
  facet normal 0.896708 0.442622 0
    outer loop
      vertex 78.9913 27.9408 0.79
      vertex 79.0608 27.8 1.6
      vertex 79.0608 27.8 0.79
    endloop
  endfacet
  facet normal 0.947013 0.321194 0
    outer loop
      vertex 78.9913 27.9408 1.6
      vertex 78.9409 28.0894 0.79
      vertex 78.9409 28.0894 1.6
    endloop
  endfacet
  facet normal 0.947013 0.321194 0
    outer loop
      vertex 78.9409 28.0894 0.79
      vertex 78.9913 27.9408 1.6
      vertex 78.9913 27.9408 0.79
    endloop
  endfacet
  facet normal -0.896708 -0.442622 0
    outer loop
      vertex 81.2087 28.8592 0.79
      vertex 81.1392 29 1.6
      vertex 81.1392 29 0.79
    endloop
  endfacet
  facet normal -0.896708 -0.442622 0
    outer loop
      vertex 81.1392 29 1.6
      vertex 81.2087 28.8592 0.79
      vertex 81.2087 28.8592 1.6
    endloop
  endfacet
  facet normal -0.831462 -0.555582 0
    outer loop
      vertex 81.1392 29 0.79
      vertex 81.052 29.1305 1.6
      vertex 81.052 29.1305 0.79
    endloop
  endfacet
  facet normal -0.831462 -0.555582 0
    outer loop
      vertex 81.052 29.1305 1.6
      vertex 81.1392 29 0.79
      vertex 81.1392 29 1.6
    endloop
  endfacet
  facet normal -0.555582 -0.831462 0
    outer loop
      vertex 80.7 29.4392 0.79
      vertex 80.8305 29.352 1.6
      vertex 80.7 29.4392 1.6
    endloop
  endfacet
  facet normal -0.555582 -0.831462 -0
    outer loop
      vertex 80.8305 29.352 1.6
      vertex 80.7 29.4392 0.79
      vertex 80.8305 29.352 0.79
    endloop
  endfacet
  facet normal 0.194891 -0.980825 0
    outer loop
      vertex 79.7894 29.5591 0.79
      vertex 79.9434 29.5897 1.6
      vertex 79.7894 29.5591 1.6
    endloop
  endfacet
  facet normal 0.194891 -0.980825 0
    outer loop
      vertex 79.9434 29.5897 1.6
      vertex 79.7894 29.5591 0.79
      vertex 79.9434 29.5897 0.79
    endloop
  endfacet
  facet normal -0.321194 0.947013 0
    outer loop
      vertex 80.5592 27.2913 0.79
      vertex 80.4106 27.2409 1.6
      vertex 80.5592 27.2913 1.6
    endloop
  endfacet
  facet normal -0.321194 0.947013 0
    outer loop
      vertex 80.4106 27.2409 1.6
      vertex 80.5592 27.2913 0.79
      vertex 80.4106 27.2409 0.79
    endloop
  endfacet
  facet normal -0.0656309 0.997844 0
    outer loop
      vertex 80.2566 27.2103 0.79
      vertex 80.1 27.2 1.6
      vertex 80.2566 27.2103 1.6
    endloop
  endfacet
  facet normal -0.0656309 0.997844 0
    outer loop
      vertex 80.1 27.2 1.6
      vertex 80.2566 27.2103 0.79
      vertex 80.1 27.2 0.79
    endloop
  endfacet
  facet normal -0.194891 0.980825 0
    outer loop
      vertex 80.4106 27.2409 0.79
      vertex 80.2566 27.2103 1.6
      vertex 80.4106 27.2409 1.6
    endloop
  endfacet
  facet normal -0.194891 0.980825 0
    outer loop
      vertex 80.2566 27.2103 1.6
      vertex 80.4106 27.2409 0.79
      vertex 80.2566 27.2103 0.79
    endloop
  endfacet
  facet normal -0.442622 0.896708 0
    outer loop
      vertex 80.7 27.3608 0.79
      vertex 80.5592 27.2913 1.6
      vertex 80.7 27.3608 1.6
    endloop
  endfacet
  facet normal -0.442622 0.896708 0
    outer loop
      vertex 80.5592 27.2913 1.6
      vertex 80.7 27.3608 0.79
      vertex 80.5592 27.2913 0.79
    endloop
  endfacet
  facet normal -0.659406 0.751787 0
    outer loop
      vertex 80.9485 27.5515 0.79
      vertex 80.8305 27.448 1.6
      vertex 80.9485 27.5515 1.6
    endloop
  endfacet
  facet normal -0.659406 0.751787 0
    outer loop
      vertex 80.8305 27.448 1.6
      vertex 80.9485 27.5515 0.79
      vertex 80.8305 27.448 0.79
    endloop
  endfacet
  facet normal -0.555582 0.831462 0
    outer loop
      vertex 80.8305 27.448 0.79
      vertex 80.7 27.3608 1.6
      vertex 80.8305 27.448 1.6
    endloop
  endfacet
  facet normal -0.555582 0.831462 0
    outer loop
      vertex 80.7 27.3608 1.6
      vertex 80.8305 27.448 0.79
      vertex 80.7 27.3608 0.79
    endloop
  endfacet
  facet normal -0.947013 0.321194 0
    outer loop
      vertex 81.2087 27.9408 0.79
      vertex 81.2591 28.0894 1.6
      vertex 81.2591 28.0894 0.79
    endloop
  endfacet
  facet normal -0.947013 0.321194 0
    outer loop
      vertex 81.2591 28.0894 1.6
      vertex 81.2087 27.9408 0.79
      vertex 81.2087 27.9408 1.6
    endloop
  endfacet
  facet normal -0.997844 0.0656309 0
    outer loop
      vertex 81.2897 28.2434 0.79
      vertex 81.3 28.4 1.6
      vertex 81.3 28.4 0.79
    endloop
  endfacet
  facet normal -0.997844 0.0656309 0
    outer loop
      vertex 81.3 28.4 1.6
      vertex 81.2897 28.2434 0.79
      vertex 81.2897 28.2434 1.6
    endloop
  endfacet
  facet normal 0.194891 0.980825 -0
    outer loop
      vertex 79.9434 27.2103 0.79
      vertex 79.7894 27.2409 1.6
      vertex 79.9434 27.2103 1.6
    endloop
  endfacet
  facet normal 0.194891 0.980825 0
    outer loop
      vertex 79.7894 27.2409 1.6
      vertex 79.9434 27.2103 0.79
      vertex 79.7894 27.2409 0.79
    endloop
  endfacet
  facet normal 0.555582 0.831462 -0
    outer loop
      vertex 79.5 27.3608 0.79
      vertex 79.3695 27.448 1.6
      vertex 79.5 27.3608 1.6
    endloop
  endfacet
  facet normal 0.555582 0.831462 0
    outer loop
      vertex 79.3695 27.448 1.6
      vertex 79.5 27.3608 0.79
      vertex 79.3695 27.448 0.79
    endloop
  endfacet
  facet normal 0.442622 0.896708 -0
    outer loop
      vertex 79.6408 27.2913 0.79
      vertex 79.5 27.3608 1.6
      vertex 79.6408 27.2913 1.6
    endloop
  endfacet
  facet normal 0.442622 0.896708 0
    outer loop
      vertex 79.5 27.3608 1.6
      vertex 79.6408 27.2913 0.79
      vertex 79.5 27.3608 0.79
    endloop
  endfacet
  facet normal 0.0656309 0.997844 -0
    outer loop
      vertex 80.1 27.2 0.79
      vertex 79.9434 27.2103 1.6
      vertex 80.1 27.2 1.6
    endloop
  endfacet
  facet normal 0.0656309 0.997844 0
    outer loop
      vertex 79.9434 27.2103 1.6
      vertex 80.1 27.2 0.79
      vertex 79.9434 27.2103 0.79
    endloop
  endfacet
  facet normal 0.751787 0.659406 0
    outer loop
      vertex 79.2515 27.5515 1.6
      vertex 79.148 27.6695 0.79
      vertex 79.148 27.6695 1.6
    endloop
  endfacet
  facet normal 0.751787 0.659406 0
    outer loop
      vertex 79.148 27.6695 0.79
      vertex 79.2515 27.5515 1.6
      vertex 79.2515 27.5515 0.79
    endloop
  endfacet
  facet normal 0.997844 0.0656309 0
    outer loop
      vertex 78.9103 28.2434 1.6
      vertex 78.9 28.4 0.79
      vertex 78.9 28.4 1.6
    endloop
  endfacet
  facet normal 0.997844 0.0656309 0
    outer loop
      vertex 78.9 28.4 0.79
      vertex 78.9103 28.2434 1.6
      vertex 78.9103 28.2434 0.79
    endloop
  endfacet
  facet normal -0.194891 -0.980825 0
    outer loop
      vertex 80.2566 29.5897 0.79
      vertex 80.4106 29.5591 1.6
      vertex 80.2566 29.5897 1.6
    endloop
  endfacet
  facet normal -0.194891 -0.980825 -0
    outer loop
      vertex 80.4106 29.5591 1.6
      vertex 80.2566 29.5897 0.79
      vertex 80.4106 29.5591 0.79
    endloop
  endfacet
  facet normal 0.751787 -0.659406 0
    outer loop
      vertex 79.148 29.1305 1.6
      vertex 79.2515 29.2485 0.79
      vertex 79.2515 29.2485 1.6
    endloop
  endfacet
  facet normal 0.751787 -0.659406 0
    outer loop
      vertex 79.2515 29.2485 0.79
      vertex 79.148 29.1305 1.6
      vertex 79.148 29.1305 0.79
    endloop
  endfacet
  facet normal 0.980825 -0.194891 0
    outer loop
      vertex 78.9103 28.5566 1.6
      vertex 78.9409 28.7106 0.79
      vertex 78.9409 28.7106 1.6
    endloop
  endfacet
  facet normal 0.980825 -0.194891 0
    outer loop
      vertex 78.9409 28.7106 0.79
      vertex 78.9103 28.5566 1.6
      vertex 78.9103 28.5566 0.79
    endloop
  endfacet
  facet normal 0.555582 -0.831462 0
    outer loop
      vertex 79.3695 29.352 0.79
      vertex 79.5 29.4392 1.6
      vertex 79.3695 29.352 1.6
    endloop
  endfacet
  facet normal 0.555582 -0.831462 0
    outer loop
      vertex 79.5 29.4392 1.6
      vertex 79.3695 29.352 0.79
      vertex 79.5 29.4392 0.79
    endloop
  endfacet
  facet normal -0.980825 0.194891 0
    outer loop
      vertex 81.2591 28.0894 0.79
      vertex 81.2897 28.2434 1.6
      vertex 81.2897 28.2434 0.79
    endloop
  endfacet
  facet normal -0.980825 0.194891 0
    outer loop
      vertex 81.2897 28.2434 1.6
      vertex 81.2591 28.0894 0.79
      vertex 81.2591 28.0894 1.6
    endloop
  endfacet
  facet normal -0.896708 0.442622 0
    outer loop
      vertex 81.1392 27.8 0.79
      vertex 81.2087 27.9408 1.6
      vertex 81.2087 27.9408 0.79
    endloop
  endfacet
  facet normal -0.896708 0.442622 0
    outer loop
      vertex 81.2087 27.9408 1.6
      vertex 81.1392 27.8 0.79
      vertex 81.1392 27.8 1.6
    endloop
  endfacet
  facet normal 0.980825 0.194891 0
    outer loop
      vertex 78.9409 28.0894 1.6
      vertex 78.9103 28.2434 0.79
      vertex 78.9103 28.2434 1.6
    endloop
  endfacet
  facet normal 0.980825 0.194891 0
    outer loop
      vertex 78.9103 28.2434 0.79
      vertex 78.9409 28.0894 1.6
      vertex 78.9409 28.0894 0.79
    endloop
  endfacet
  facet normal -0.997851 -0.0655283 0
    outer loop
      vertex 82.2 28.4 0
      vertex 82.182 28.6741 0.79
      vertex 82.182 28.6741 0
    endloop
  endfacet
  facet normal -0.997851 -0.0655283 0
    outer loop
      vertex 82.182 28.6741 0.79
      vertex 82.2 28.4 0
      vertex 82.2 28.4 0.79
    endloop
  endfacet
  facet normal 0.0655283 -0.997851 0
    outer loop
      vertex 79.8259 30.482 0
      vertex 80.1 30.5 0.79
      vertex 79.8259 30.482 0.79
    endloop
  endfacet
  facet normal 0.0655283 -0.997851 0
    outer loop
      vertex 80.1 30.5 0.79
      vertex 79.8259 30.482 0
      vertex 80.1 30.5 0
    endloop
  endfacet
  facet normal -0.659355 -0.751832 0
    outer loop
      vertex 81.3784 30.066 0
      vertex 81.5849 29.8849 0.79
      vertex 81.3784 30.066 0.79
    endloop
  endfacet
  facet normal -0.659355 -0.751832 -0
    outer loop
      vertex 81.5849 29.8849 0.79
      vertex 81.3784 30.066 0
      vertex 81.5849 29.8849 0
    endloop
  endfacet
  facet normal 0.751832 -0.659355 0
    outer loop
      vertex 78.434 29.6784 0.79
      vertex 78.6151 29.8849 0
      vertex 78.6151 29.8849 0.79
    endloop
  endfacet
  facet normal 0.751832 -0.659355 0
    outer loop
      vertex 78.6151 29.8849 0
      vertex 78.434 29.6784 0.79
      vertex 78.434 29.6784 0
    endloop
  endfacet
  facet normal 0.441964 -0.897033 0
    outer loop
      vertex 79.05 30.2187 0
      vertex 79.2964 30.3401 0.79
      vertex 79.05 30.2187 0.79
    endloop
  endfacet
  facet normal 0.441964 -0.897033 0
    outer loop
      vertex 79.2964 30.3401 0.79
      vertex 79.05 30.2187 0
      vertex 79.2964 30.3401 0
    endloop
  endfacet
  facet normal -0.831322 0.555792 0
    outer loop
      vertex 81.766 27.1216 0
      vertex 81.9187 27.35 0.79
      vertex 81.9187 27.35 0
    endloop
  endfacet
  facet normal -0.831322 0.555792 0
    outer loop
      vertex 81.9187 27.35 0.79
      vertex 81.766 27.1216 0
      vertex 81.766 27.1216 0.79
    endloop
  endfacet
  facet normal -0.897033 -0.441964 0
    outer loop
      vertex 82.0401 29.2036 0
      vertex 81.9187 29.45 0.79
      vertex 81.9187 29.45 0
    endloop
  endfacet
  facet normal -0.897033 -0.441964 0
    outer loop
      vertex 81.9187 29.45 0.79
      vertex 82.0401 29.2036 0
      vertex 82.0401 29.2036 0.79
    endloop
  endfacet
  facet normal -0.831322 -0.555792 0
    outer loop
      vertex 81.9187 29.45 0
      vertex 81.766 29.6784 0.79
      vertex 81.766 29.6784 0
    endloop
  endfacet
  facet normal -0.831322 -0.555792 0
    outer loop
      vertex 81.766 29.6784 0.79
      vertex 81.9187 29.45 0
      vertex 81.9187 29.45 0.79
    endloop
  endfacet
  facet normal -0.321465 -0.946921 0
    outer loop
      vertex 80.6435 30.4284 0
      vertex 80.9036 30.3401 0.79
      vertex 80.6435 30.4284 0.79
    endloop
  endfacet
  facet normal -0.321465 -0.946921 -0
    outer loop
      vertex 80.9036 30.3401 0.79
      vertex 80.6435 30.4284 0
      vertex 80.9036 30.3401 0
    endloop
  endfacet
  facet normal -0.555792 -0.831322 0
    outer loop
      vertex 81.15 30.2187 0
      vertex 81.3784 30.066 0.79
      vertex 81.15 30.2187 0.79
    endloop
  endfacet
  facet normal -0.555792 -0.831322 -0
    outer loop
      vertex 81.3784 30.066 0.79
      vertex 81.15 30.2187 0
      vertex 81.3784 30.066 0
    endloop
  endfacet
  facet normal 0.897033 -0.441964 0
    outer loop
      vertex 78.1599 29.2036 0.79
      vertex 78.2813 29.45 0
      vertex 78.2813 29.45 0.79
    endloop
  endfacet
  facet normal 0.897033 -0.441964 0
    outer loop
      vertex 78.2813 29.45 0
      vertex 78.1599 29.2036 0.79
      vertex 78.1599 29.2036 0
    endloop
  endfacet
  facet normal 0.831322 -0.555792 0
    outer loop
      vertex 78.2813 29.45 0.79
      vertex 78.434 29.6784 0
      vertex 78.434 29.6784 0.79
    endloop
  endfacet
  facet normal 0.831322 -0.555792 0
    outer loop
      vertex 78.434 29.6784 0
      vertex 78.2813 29.45 0.79
      vertex 78.2813 29.45 0
    endloop
  endfacet
  facet normal 0.980776 -0.195136 0
    outer loop
      vertex 78.018 28.6741 0.79
      vertex 78.0716 28.9435 0
      vertex 78.0716 28.9435 0.79
    endloop
  endfacet
  facet normal 0.980776 -0.195136 0
    outer loop
      vertex 78.0716 28.9435 0
      vertex 78.018 28.6741 0.79
      vertex 78.018 28.6741 0
    endloop
  endfacet
  facet normal 0.997851 0.0655283 0
    outer loop
      vertex 78.018 28.1259 0.79
      vertex 78 28.4 0
      vertex 78 28.4 0.79
    endloop
  endfacet
  facet normal 0.997851 0.0655283 0
    outer loop
      vertex 78 28.4 0
      vertex 78.018 28.1259 0.79
      vertex 78.018 28.1259 0
    endloop
  endfacet
  facet normal 0.659355 -0.751832 0
    outer loop
      vertex 78.6151 29.8849 0
      vertex 78.8216 30.066 0.79
      vertex 78.6151 29.8849 0.79
    endloop
  endfacet
  facet normal 0.659355 -0.751832 0
    outer loop
      vertex 78.8216 30.066 0.79
      vertex 78.6151 29.8849 0
      vertex 78.8216 30.066 0
    endloop
  endfacet
  facet normal 0.195136 -0.980776 0
    outer loop
      vertex 79.5565 30.4284 0
      vertex 79.8259 30.482 0.79
      vertex 79.5565 30.4284 0.79
    endloop
  endfacet
  facet normal 0.195136 -0.980776 0
    outer loop
      vertex 79.8259 30.482 0.79
      vertex 79.5565 30.4284 0
      vertex 79.8259 30.482 0
    endloop
  endfacet
  facet normal -0.997851 0.0655283 0
    outer loop
      vertex 82.182 28.1259 0
      vertex 82.2 28.4 0.79
      vertex 82.2 28.4 0
    endloop
  endfacet
  facet normal -0.997851 0.0655283 0
    outer loop
      vertex 82.2 28.4 0.79
      vertex 82.182 28.1259 0
      vertex 82.182 28.1259 0.79
    endloop
  endfacet
  facet normal 0.195136 0.980776 -0
    outer loop
      vertex 79.8259 26.318 0
      vertex 79.5565 26.3716 0.79
      vertex 79.8259 26.318 0.79
    endloop
  endfacet
  facet normal 0.195136 0.980776 0
    outer loop
      vertex 79.5565 26.3716 0.79
      vertex 79.8259 26.318 0
      vertex 79.5565 26.3716 0
    endloop
  endfacet
  facet normal -0.195136 0.980776 0
    outer loop
      vertex 80.6435 26.3716 0
      vertex 80.3741 26.318 0.79
      vertex 80.6435 26.3716 0.79
    endloop
  endfacet
  facet normal -0.195136 0.980776 0
    outer loop
      vertex 80.3741 26.318 0.79
      vertex 80.6435 26.3716 0
      vertex 80.3741 26.318 0
    endloop
  endfacet
  facet normal -0.946921 -0.321465 0
    outer loop
      vertex 82.1284 28.9435 0
      vertex 82.0401 29.2036 0.79
      vertex 82.0401 29.2036 0
    endloop
  endfacet
  facet normal -0.946921 -0.321465 0
    outer loop
      vertex 82.0401 29.2036 0.79
      vertex 82.1284 28.9435 0
      vertex 82.1284 28.9435 0.79
    endloop
  endfacet
  facet normal -0.980776 -0.195136 0
    outer loop
      vertex 82.182 28.6741 0
      vertex 82.1284 28.9435 0.79
      vertex 82.1284 28.9435 0
    endloop
  endfacet
  facet normal -0.980776 -0.195136 0
    outer loop
      vertex 82.1284 28.9435 0.79
      vertex 82.182 28.6741 0
      vertex 82.182 28.6741 0.79
    endloop
  endfacet
  facet normal -0.751832 -0.659355 0
    outer loop
      vertex 81.766 29.6784 0
      vertex 81.5849 29.8849 0.79
      vertex 81.5849 29.8849 0
    endloop
  endfacet
  facet normal -0.751832 -0.659355 0
    outer loop
      vertex 81.5849 29.8849 0.79
      vertex 81.766 29.6784 0
      vertex 81.766 29.6784 0.79
    endloop
  endfacet
  facet normal -0.195136 -0.980776 0
    outer loop
      vertex 80.3741 30.482 0
      vertex 80.6435 30.4284 0.79
      vertex 80.3741 30.482 0.79
    endloop
  endfacet
  facet normal -0.195136 -0.980776 -0
    outer loop
      vertex 80.6435 30.4284 0.79
      vertex 80.3741 30.482 0
      vertex 80.6435 30.4284 0
    endloop
  endfacet
  facet normal -0.0655283 -0.997851 0
    outer loop
      vertex 80.1 30.5 0
      vertex 80.3741 30.482 0.79
      vertex 80.1 30.5 0.79
    endloop
  endfacet
  facet normal -0.0655283 -0.997851 -0
    outer loop
      vertex 80.3741 30.482 0.79
      vertex 80.1 30.5 0
      vertex 80.3741 30.482 0
    endloop
  endfacet
  facet normal 0.946921 -0.321465 0
    outer loop
      vertex 78.0716 28.9435 0.79
      vertex 78.1599 29.2036 0
      vertex 78.1599 29.2036 0.79
    endloop
  endfacet
  facet normal 0.946921 -0.321465 0
    outer loop
      vertex 78.1599 29.2036 0
      vertex 78.0716 28.9435 0.79
      vertex 78.0716 28.9435 0
    endloop
  endfacet
  facet normal -0.555792 0.831322 0
    outer loop
      vertex 81.3784 26.734 0
      vertex 81.15 26.5813 0.79
      vertex 81.3784 26.734 0.79
    endloop
  endfacet
  facet normal -0.555792 0.831322 0
    outer loop
      vertex 81.15 26.5813 0.79
      vertex 81.3784 26.734 0
      vertex 81.15 26.5813 0
    endloop
  endfacet
  facet normal -0.946921 0.321465 0
    outer loop
      vertex 82.0401 27.5964 0
      vertex 82.1284 27.8565 0.79
      vertex 82.1284 27.8565 0
    endloop
  endfacet
  facet normal -0.946921 0.321465 0
    outer loop
      vertex 82.1284 27.8565 0.79
      vertex 82.0401 27.5964 0
      vertex 82.0401 27.5964 0.79
    endloop
  endfacet
  facet normal -0.897033 0.441964 0
    outer loop
      vertex 81.9187 27.35 0
      vertex 82.0401 27.5964 0.79
      vertex 82.0401 27.5964 0
    endloop
  endfacet
  facet normal -0.897033 0.441964 0
    outer loop
      vertex 82.0401 27.5964 0.79
      vertex 81.9187 27.35 0
      vertex 81.9187 27.35 0.79
    endloop
  endfacet
  facet normal -0.980776 0.195136 0
    outer loop
      vertex 82.1284 27.8565 0
      vertex 82.182 28.1259 0.79
      vertex 82.182 28.1259 0
    endloop
  endfacet
  facet normal -0.980776 0.195136 0
    outer loop
      vertex 82.182 28.1259 0.79
      vertex 82.1284 27.8565 0
      vertex 82.1284 27.8565 0.79
    endloop
  endfacet
  facet normal 0.980776 0.195136 0
    outer loop
      vertex 78.0716 27.8565 0.79
      vertex 78.018 28.1259 0
      vertex 78.018 28.1259 0.79
    endloop
  endfacet
  facet normal 0.980776 0.195136 0
    outer loop
      vertex 78.018 28.1259 0
      vertex 78.0716 27.8565 0.79
      vertex 78.0716 27.8565 0
    endloop
  endfacet
  facet normal 0.897033 0.441964 0
    outer loop
      vertex 78.2813 27.35 0.79
      vertex 78.1599 27.5964 0
      vertex 78.1599 27.5964 0.79
    endloop
  endfacet
  facet normal 0.897033 0.441964 0
    outer loop
      vertex 78.1599 27.5964 0
      vertex 78.2813 27.35 0.79
      vertex 78.2813 27.35 0
    endloop
  endfacet
  facet normal -0.441964 0.897033 0
    outer loop
      vertex 81.15 26.5813 0
      vertex 80.9036 26.4599 0.79
      vertex 81.15 26.5813 0.79
    endloop
  endfacet
  facet normal -0.441964 0.897033 0
    outer loop
      vertex 80.9036 26.4599 0.79
      vertex 81.15 26.5813 0
      vertex 80.9036 26.4599 0
    endloop
  endfacet
  facet normal -0.321465 0.946921 0
    outer loop
      vertex 80.9036 26.4599 0
      vertex 80.6435 26.3716 0.79
      vertex 80.9036 26.4599 0.79
    endloop
  endfacet
  facet normal -0.321465 0.946921 0
    outer loop
      vertex 80.6435 26.3716 0.79
      vertex 80.9036 26.4599 0
      vertex 80.6435 26.3716 0
    endloop
  endfacet
  facet normal -0.441964 -0.897033 0
    outer loop
      vertex 80.9036 30.3401 0
      vertex 81.15 30.2187 0.79
      vertex 80.9036 30.3401 0.79
    endloop
  endfacet
  facet normal -0.441964 -0.897033 -0
    outer loop
      vertex 81.15 30.2187 0.79
      vertex 80.9036 30.3401 0
      vertex 81.15 30.2187 0
    endloop
  endfacet
  facet normal 0 0 -1
    outer loop
      vertex 81.3 28.4 0.79
      vertex 82.2 28.4 0.79
      vertex 82.182 28.1259 0.79
    endloop
  endfacet
  facet normal 0 0 -1
    outer loop
      vertex 81.2897 28.2434 0.79
      vertex 82.182 28.1259 0.79
      vertex 82.1284 27.8565 0.79
    endloop
  endfacet
  facet normal 0 0 -1
    outer loop
      vertex 82.2 28.4 0.79
      vertex 81.3 28.4 0.79
      vertex 82.182 28.6741 0.79
    endloop
  endfacet
  facet normal 0 0 -1
    outer loop
      vertex 81.2591 28.0894 0.79
      vertex 82.1284 27.8565 0.79
      vertex 82.0401 27.5964 0.79
    endloop
  endfacet
  facet normal 0 0 -1
    outer loop
      vertex 81.2897 28.5566 0.79
      vertex 82.182 28.6741 0.79
      vertex 81.3 28.4 0.79
    endloop
  endfacet
  facet normal 0 0 -1
    outer loop
      vertex 81.2087 27.9408 0.79
      vertex 82.0401 27.5964 0.79
      vertex 81.9187 27.35 0.79
    endloop
  endfacet
  facet normal -0 0 -1
    outer loop
      vertex 82.182 28.6741 0.79
      vertex 81.2897 28.5566 0.79
      vertex 82.1284 28.9435 0.79
    endloop
  endfacet
  facet normal 0 0 -1
    outer loop
      vertex 81.1392 27.8 0.79
      vertex 81.9187 27.35 0.79
      vertex 81.766 27.1216 0.79
    endloop
  endfacet
  facet normal 0 0 -1
    outer loop
      vertex 81.2591 28.7106 0.79
      vertex 82.1284 28.9435 0.79
      vertex 81.2897 28.5566 0.79
    endloop
  endfacet
  facet normal 0 0 -1
    outer loop
      vertex 81.052 27.6695 0.79
      vertex 81.766 27.1216 0.79
      vertex 81.5849 26.9151 0.79
    endloop
  endfacet
  facet normal -0 0 -1
    outer loop
      vertex 82.1284 28.9435 0.79
      vertex 81.2591 28.7106 0.79
      vertex 82.0401 29.2036 0.79
    endloop
  endfacet
  facet normal 0 0 -1
    outer loop
      vertex 80.9485 27.5515 0.79
      vertex 81.5849 26.9151 0.79
      vertex 81.3784 26.734 0.79
    endloop
  endfacet
  facet normal 0 0 -1
    outer loop
      vertex 81.2087 28.8592 0.79
      vertex 82.0401 29.2036 0.79
      vertex 81.2591 28.7106 0.79
    endloop
  endfacet
  facet normal -0 0 -1
    outer loop
      vertex 82.0401 29.2036 0.79
      vertex 81.2087 28.8592 0.79
      vertex 81.9187 29.45 0.79
    endloop
  endfacet
  facet normal 0 0 -1
    outer loop
      vertex 82.182 28.1259 0.79
      vertex 81.2897 28.2434 0.79
      vertex 81.3 28.4 0.79
    endloop
  endfacet
  facet normal 0 0 -1
    outer loop
      vertex 82.1284 27.8565 0.79
      vertex 81.2591 28.0894 0.79
      vertex 81.2897 28.2434 0.79
    endloop
  endfacet
  facet normal 0 0 -1
    outer loop
      vertex 82.0401 27.5964 0.79
      vertex 81.2087 27.9408 0.79
      vertex 81.2591 28.0894 0.79
    endloop
  endfacet
  facet normal 0 0 -1
    outer loop
      vertex 80.8305 27.448 0.79
      vertex 81.3784 26.734 0.79
      vertex 81.15 26.5813 0.79
    endloop
  endfacet
  facet normal 0 0 -1
    outer loop
      vertex 81.9187 27.35 0.79
      vertex 81.1392 27.8 0.79
      vertex 81.2087 27.9408 0.79
    endloop
  endfacet
  facet normal 0 0 -1
    outer loop
      vertex 81.766 27.1216 0.79
      vertex 81.052 27.6695 0.79
      vertex 81.1392 27.8 0.79
    endloop
  endfacet
  facet normal 0 0 -1
    outer loop
      vertex 81.5849 26.9151 0.79
      vertex 80.9485 27.5515 0.79
      vertex 81.052 27.6695 0.79
    endloop
  endfacet
  facet normal 0 0 -1
    outer loop
      vertex 80.7 27.3608 0.79
      vertex 81.15 26.5813 0.79
      vertex 80.9036 26.4599 0.79
    endloop
  endfacet
  facet normal 0 0 -1
    outer loop
      vertex 81.3784 26.734 0.79
      vertex 80.8305 27.448 0.79
      vertex 80.9485 27.5515 0.79
    endloop
  endfacet
  facet normal 0 0 -1
    outer loop
      vertex 81.15 26.5813 0.79
      vertex 80.7 27.3608 0.79
      vertex 80.8305 27.448 0.79
    endloop
  endfacet
  facet normal 0 0 -1
    outer loop
      vertex 80.5592 27.2913 0.79
      vertex 80.9036 26.4599 0.79
      vertex 80.6435 26.3716 0.79
    endloop
  endfacet
  facet normal 0 0 -1
    outer loop
      vertex 80.9036 26.4599 0.79
      vertex 80.5592 27.2913 0.79
      vertex 80.7 27.3608 0.79
    endloop
  endfacet
  facet normal 0 0 -1
    outer loop
      vertex 80.6435 26.3716 0.79
      vertex 80.4106 27.2409 0.79
      vertex 80.5592 27.2913 0.79
    endloop
  endfacet
  facet normal 0 0 -1
    outer loop
      vertex 80.3741 26.318 0.79
      vertex 80.4106 27.2409 0.79
      vertex 80.6435 26.3716 0.79
    endloop
  endfacet
  facet normal 0 0 -1
    outer loop
      vertex 80.3741 26.318 0.79
      vertex 80.2566 27.2103 0.79
      vertex 80.4106 27.2409 0.79
    endloop
  endfacet
  facet normal 0 0 -1
    outer loop
      vertex 80.1 26.3 0.79
      vertex 80.2566 27.2103 0.79
      vertex 80.3741 26.318 0.79
    endloop
  endfacet
  facet normal 0 0 -1
    outer loop
      vertex 80.1 26.3 0.79
      vertex 80.1 27.2 0.79
      vertex 80.2566 27.2103 0.79
    endloop
  endfacet
  facet normal 0 0 -1
    outer loop
      vertex 80.1 26.3 0.79
      vertex 79.9434 27.2103 0.79
      vertex 80.1 27.2 0.79
    endloop
  endfacet
  facet normal 0 0 -1
    outer loop
      vertex 79.8259 26.318 0.79
      vertex 79.9434 27.2103 0.79
      vertex 80.1 26.3 0.79
    endloop
  endfacet
  facet normal 0 0 -1
    outer loop
      vertex 79.8259 26.318 0.79
      vertex 79.7894 27.2409 0.79
      vertex 79.9434 27.2103 0.79
    endloop
  endfacet
  facet normal 0 0 -1
    outer loop
      vertex 79.5565 26.3716 0.79
      vertex 79.7894 27.2409 0.79
      vertex 79.8259 26.318 0.79
    endloop
  endfacet
  facet normal -0 0 -1
    outer loop
      vertex 79.7894 27.2409 0.79
      vertex 79.5565 26.3716 0.79
      vertex 79.6408 27.2913 0.79
    endloop
  endfacet
  facet normal 0 0 -1
    outer loop
      vertex 79.2964 26.4599 0.79
      vertex 79.6408 27.2913 0.79
      vertex 79.5565 26.3716 0.79
    endloop
  endfacet
  facet normal -0 0 -1
    outer loop
      vertex 79.6408 27.2913 0.79
      vertex 79.2964 26.4599 0.79
      vertex 79.5 27.3608 0.79
    endloop
  endfacet
  facet normal 0 0 -1
    outer loop
      vertex 79.05 26.5813 0.79
      vertex 79.5 27.3608 0.79
      vertex 79.2964 26.4599 0.79
    endloop
  endfacet
  facet normal -0 0 -1
    outer loop
      vertex 79.5 27.3608 0.79
      vertex 79.05 26.5813 0.79
      vertex 79.3695 27.448 0.79
    endloop
  endfacet
  facet normal 0 0 -1
    outer loop
      vertex 78.8216 26.734 0.79
      vertex 79.3695 27.448 0.79
      vertex 79.05 26.5813 0.79
    endloop
  endfacet
  facet normal -0 0 -1
    outer loop
      vertex 79.3695 27.448 0.79
      vertex 78.8216 26.734 0.79
      vertex 79.2515 27.5515 0.79
    endloop
  endfacet
  facet normal 0 0 -1
    outer loop
      vertex 78.6151 26.9151 0.79
      vertex 79.2515 27.5515 0.79
      vertex 78.8216 26.734 0.79
    endloop
  endfacet
  facet normal -0 0 -1
    outer loop
      vertex 79.2515 27.5515 0.79
      vertex 78.6151 26.9151 0.79
      vertex 79.148 27.6695 0.79
    endloop
  endfacet
  facet normal 0 0 -1
    outer loop
      vertex 78.434 27.1216 0.79
      vertex 79.148 27.6695 0.79
      vertex 78.6151 26.9151 0.79
    endloop
  endfacet
  facet normal -0 0 -1
    outer loop
      vertex 79.148 27.6695 0.79
      vertex 78.434 27.1216 0.79
      vertex 79.0608 27.8 0.79
    endloop
  endfacet
  facet normal -0 0 -1
    outer loop
      vertex 79.0608 27.8 0.79
      vertex 78.2813 27.35 0.79
      vertex 78.9913 27.9408 0.79
    endloop
  endfacet
  facet normal 0 0 -1
    outer loop
      vertex 78.2813 27.35 0.79
      vertex 79.0608 27.8 0.79
      vertex 78.434 27.1216 0.79
    endloop
  endfacet
  facet normal 0 0 -1
    outer loop
      vertex 81.1392 29 0.79
      vertex 81.9187 29.45 0.79
      vertex 81.2087 28.8592 0.79
    endloop
  endfacet
  facet normal -0 0 -1
    outer loop
      vertex 81.9187 29.45 0.79
      vertex 81.1392 29 0.79
      vertex 81.766 29.6784 0.79
    endloop
  endfacet
  facet normal 0 0 -1
    outer loop
      vertex 81.052 29.1305 0.79
      vertex 81.766 29.6784 0.79
      vertex 81.1392 29 0.79
    endloop
  endfacet
  facet normal -0 0 -1
    outer loop
      vertex 81.766 29.6784 0.79
      vertex 81.052 29.1305 0.79
      vertex 81.5849 29.8849 0.79
    endloop
  endfacet
  facet normal 0 0 -1
    outer loop
      vertex 80.9485 29.2485 0.79
      vertex 81.5849 29.8849 0.79
      vertex 81.052 29.1305 0.79
    endloop
  endfacet
  facet normal -0 0 -1
    outer loop
      vertex 81.5849 29.8849 0.79
      vertex 80.9485 29.2485 0.79
      vertex 81.3784 30.066 0.79
    endloop
  endfacet
  facet normal 0 0 -1
    outer loop
      vertex 80.8305 29.352 0.79
      vertex 81.3784 30.066 0.79
      vertex 80.9485 29.2485 0.79
    endloop
  endfacet
  facet normal -0 0 -1
    outer loop
      vertex 81.3784 30.066 0.79
      vertex 80.8305 29.352 0.79
      vertex 81.15 30.2187 0.79
    endloop
  endfacet
  facet normal 0 0 -1
    outer loop
      vertex 80.7 29.4392 0.79
      vertex 81.15 30.2187 0.79
      vertex 80.8305 29.352 0.79
    endloop
  endfacet
  facet normal -0 0 -1
    outer loop
      vertex 81.15 30.2187 0.79
      vertex 80.7 29.4392 0.79
      vertex 80.9036 30.3401 0.79
    endloop
  endfacet
  facet normal 0 0 -1
    outer loop
      vertex 80.5592 29.5087 0.79
      vertex 80.9036 30.3401 0.79
      vertex 80.7 29.4392 0.79
    endloop
  endfacet
  facet normal -0 0 -1
    outer loop
      vertex 80.9036 30.3401 0.79
      vertex 80.5592 29.5087 0.79
      vertex 80.6435 30.4284 0.79
    endloop
  endfacet
  facet normal 0 0 -1
    outer loop
      vertex 80.4106 29.5591 0.79
      vertex 80.6435 30.4284 0.79
      vertex 80.5592 29.5087 0.79
    endloop
  endfacet
  facet normal 0 0 -1
    outer loop
      vertex 80.4106 29.5591 0.79
      vertex 80.3741 30.482 0.79
      vertex 80.6435 30.4284 0.79
    endloop
  endfacet
  facet normal 0 0 -1
    outer loop
      vertex 80.2566 29.5897 0.79
      vertex 80.3741 30.482 0.79
      vertex 80.4106 29.5591 0.79
    endloop
  endfacet
  facet normal 0 0 -1
    outer loop
      vertex 80.1 29.6 0.79
      vertex 80.3741 30.482 0.79
      vertex 80.2566 29.5897 0.79
    endloop
  endfacet
  facet normal 0 0 -1
    outer loop
      vertex 80.1 29.6 0.79
      vertex 80.1 30.5 0.79
      vertex 80.3741 30.482 0.79
    endloop
  endfacet
  facet normal 0 0 -1
    outer loop
      vertex 79.9434 29.5897 0.79
      vertex 80.1 30.5 0.79
      vertex 80.1 29.6 0.79
    endloop
  endfacet
  facet normal 0 0 -1
    outer loop
      vertex 79.9434 29.5897 0.79
      vertex 79.8259 30.482 0.79
      vertex 80.1 30.5 0.79
    endloop
  endfacet
  facet normal 0 0 -1
    outer loop
      vertex 79.7894 29.5591 0.79
      vertex 79.8259 30.482 0.79
      vertex 79.9434 29.5897 0.79
    endloop
  endfacet
  facet normal 0 0 -1
    outer loop
      vertex 79.5565 30.4284 0.79
      vertex 79.7894 29.5591 0.79
      vertex 79.6408 29.5087 0.79
    endloop
  endfacet
  facet normal 0 0 -1
    outer loop
      vertex 79.7894 29.5591 0.79
      vertex 79.5565 30.4284 0.79
      vertex 79.8259 30.482 0.79
    endloop
  endfacet
  facet normal 0 0 -1
    outer loop
      vertex 79.2964 30.3401 0.79
      vertex 79.6408 29.5087 0.79
      vertex 79.5 29.4392 0.79
    endloop
  endfacet
  facet normal 0 0 -1
    outer loop
      vertex 79.05 30.2187 0.79
      vertex 79.5 29.4392 0.79
      vertex 79.3695 29.352 0.79
    endloop
  endfacet
  facet normal 0 0 -1
    outer loop
      vertex 79.6408 29.5087 0.79
      vertex 79.2964 30.3401 0.79
      vertex 79.5565 30.4284 0.79
    endloop
  endfacet
  facet normal 0 0 -1
    outer loop
      vertex 78.8216 30.066 0.79
      vertex 79.3695 29.352 0.79
      vertex 79.2515 29.2485 0.79
    endloop
  endfacet
  facet normal 0 0 -1
    outer loop
      vertex 78.6151 29.8849 0.79
      vertex 79.2515 29.2485 0.79
      vertex 79.148 29.1305 0.79
    endloop
  endfacet
  facet normal 0 0 -1
    outer loop
      vertex 78.434 29.6784 0.79
      vertex 79.148 29.1305 0.79
      vertex 79.0608 29 0.79
    endloop
  endfacet
  facet normal 0 0 -1
    outer loop
      vertex 79.5 29.4392 0.79
      vertex 79.05 30.2187 0.79
      vertex 79.2964 30.3401 0.79
    endloop
  endfacet
  facet normal 0 0 -1
    outer loop
      vertex 78.2813 29.45 0.79
      vertex 79.0608 29 0.79
      vertex 78.9913 28.8592 0.79
    endloop
  endfacet
  facet normal 0 0 -1
    outer loop
      vertex 78.1599 29.2036 0.79
      vertex 78.9913 28.8592 0.79
      vertex 78.9409 28.7106 0.79
    endloop
  endfacet
  facet normal 0 0 -1
    outer loop
      vertex 78.0716 28.9435 0.79
      vertex 78.9409 28.7106 0.79
      vertex 78.9103 28.5566 0.79
    endloop
  endfacet
  facet normal 0 0 -1
    outer loop
      vertex 79.3695 29.352 0.79
      vertex 78.8216 30.066 0.79
      vertex 79.05 30.2187 0.79
    endloop
  endfacet
  facet normal 0 0 -1
    outer loop
      vertex 78.018 28.6741 0.79
      vertex 78.9103 28.5566 0.79
      vertex 78.9 28.4 0.79
    endloop
  endfacet
  facet normal 0 0 -1
    outer loop
      vertex 78.1599 27.5964 0.79
      vertex 78.9913 27.9408 0.79
      vertex 78.2813 27.35 0.79
    endloop
  endfacet
  facet normal -0 0 -1
    outer loop
      vertex 78.9913 27.9408 0.79
      vertex 78.1599 27.5964 0.79
      vertex 78.9409 28.0894 0.79
    endloop
  endfacet
  facet normal 0 0 -1
    outer loop
      vertex 79.2515 29.2485 0.79
      vertex 78.6151 29.8849 0.79
      vertex 78.8216 30.066 0.79
    endloop
  endfacet
  facet normal 0 0 -1
    outer loop
      vertex 78.0716 27.8565 0.79
      vertex 78.9409 28.0894 0.79
      vertex 78.1599 27.5964 0.79
    endloop
  endfacet
  facet normal 0 0 -1
    outer loop
      vertex 79.148 29.1305 0.79
      vertex 78.434 29.6784 0.79
      vertex 78.6151 29.8849 0.79
    endloop
  endfacet
  facet normal -0 0 -1
    outer loop
      vertex 78.9409 28.0894 0.79
      vertex 78.0716 27.8565 0.79
      vertex 78.9103 28.2434 0.79
    endloop
  endfacet
  facet normal 0 0 -1
    outer loop
      vertex 79.0608 29 0.79
      vertex 78.2813 29.45 0.79
      vertex 78.434 29.6784 0.79
    endloop
  endfacet
  facet normal 0 0 -1
    outer loop
      vertex 78.018 28.1259 0.79
      vertex 78.9103 28.2434 0.79
      vertex 78.0716 27.8565 0.79
    endloop
  endfacet
  facet normal 0 0 -1
    outer loop
      vertex 78.9913 28.8592 0.79
      vertex 78.1599 29.2036 0.79
      vertex 78.2813 29.45 0.79
    endloop
  endfacet
  facet normal -0 0 -1
    outer loop
      vertex 78.9103 28.2434 0.79
      vertex 78.018 28.1259 0.79
      vertex 78.9 28.4 0.79
    endloop
  endfacet
  facet normal 0 0 -1
    outer loop
      vertex 78.9409 28.7106 0.79
      vertex 78.0716 28.9435 0.79
      vertex 78.1599 29.2036 0.79
    endloop
  endfacet
  facet normal 0 0 -1
    outer loop
      vertex 78 28.4 0.79
      vertex 78.9 28.4 0.79
      vertex 78.018 28.1259 0.79
    endloop
  endfacet
  facet normal 0 0 -1
    outer loop
      vertex 78.9103 28.5566 0.79
      vertex 78.018 28.6741 0.79
      vertex 78.0716 28.9435 0.79
    endloop
  endfacet
  facet normal 0 0 -1
    outer loop
      vertex 78.9 28.4 0.79
      vertex 78 28.4 0.79
      vertex 78.018 28.6741 0.79
    endloop
  endfacet
  facet normal 0.997851 -0.0655283 0
    outer loop
      vertex 78 28.4 0.79
      vertex 78.018 28.6741 0
      vertex 78.018 28.6741 0.79
    endloop
  endfacet
  facet normal 0.997851 -0.0655283 0
    outer loop
      vertex 78.018 28.6741 0
      vertex 78 28.4 0.79
      vertex 78 28.4 0
    endloop
  endfacet
  facet normal 0.555792 -0.831322 0
    outer loop
      vertex 78.8216 30.066 0
      vertex 79.05 30.2187 0.79
      vertex 78.8216 30.066 0.79
    endloop
  endfacet
  facet normal 0.555792 -0.831322 0
    outer loop
      vertex 79.05 30.2187 0.79
      vertex 78.8216 30.066 0
      vertex 79.05 30.2187 0
    endloop
  endfacet
  facet normal 0.321465 -0.946921 0
    outer loop
      vertex 79.2964 30.3401 0
      vertex 79.5565 30.4284 0.79
      vertex 79.2964 30.3401 0.79
    endloop
  endfacet
  facet normal 0.321465 -0.946921 0
    outer loop
      vertex 79.5565 30.4284 0.79
      vertex 79.2964 30.3401 0
      vertex 79.5565 30.4284 0
    endloop
  endfacet
  facet normal -0.0655283 0.997851 0
    outer loop
      vertex 80.3741 26.318 0
      vertex 80.1 26.3 0.79
      vertex 80.3741 26.318 0.79
    endloop
  endfacet
  facet normal -0.0655283 0.997851 0
    outer loop
      vertex 80.1 26.3 0.79
      vertex 80.3741 26.318 0
      vertex 80.1 26.3 0
    endloop
  endfacet
  facet normal 0.321465 0.946921 -0
    outer loop
      vertex 79.5565 26.3716 0
      vertex 79.2964 26.4599 0.79
      vertex 79.5565 26.3716 0.79
    endloop
  endfacet
  facet normal 0.321465 0.946921 0
    outer loop
      vertex 79.2964 26.4599 0.79
      vertex 79.5565 26.3716 0
      vertex 79.2964 26.4599 0
    endloop
  endfacet
  facet normal 0.751832 0.659355 0
    outer loop
      vertex 78.6151 26.9151 0.79
      vertex 78.434 27.1216 0
      vertex 78.434 27.1216 0.79
    endloop
  endfacet
  facet normal 0.751832 0.659355 0
    outer loop
      vertex 78.434 27.1216 0
      vertex 78.6151 26.9151 0.79
      vertex 78.6151 26.9151 0
    endloop
  endfacet
  facet normal 0.831322 0.555792 0
    outer loop
      vertex 78.434 27.1216 0.79
      vertex 78.2813 27.35 0
      vertex 78.2813 27.35 0.79
    endloop
  endfacet
  facet normal 0.831322 0.555792 0
    outer loop
      vertex 78.2813 27.35 0
      vertex 78.434 27.1216 0.79
      vertex 78.434 27.1216 0
    endloop
  endfacet
  facet normal 0.946921 0.321465 0
    outer loop
      vertex 78.1599 27.5964 0.79
      vertex 78.0716 27.8565 0
      vertex 78.0716 27.8565 0.79
    endloop
  endfacet
  facet normal 0.946921 0.321465 0
    outer loop
      vertex 78.0716 27.8565 0
      vertex 78.1599 27.5964 0.79
      vertex 78.1599 27.5964 0
    endloop
  endfacet
  facet normal -0.659355 0.751832 0
    outer loop
      vertex 81.5849 26.9151 0
      vertex 81.3784 26.734 0.79
      vertex 81.5849 26.9151 0.79
    endloop
  endfacet
  facet normal -0.659355 0.751832 0
    outer loop
      vertex 81.3784 26.734 0.79
      vertex 81.5849 26.9151 0
      vertex 81.3784 26.734 0
    endloop
  endfacet
  facet normal -0.751832 0.659355 0
    outer loop
      vertex 81.5849 26.9151 0
      vertex 81.766 27.1216 0.79
      vertex 81.766 27.1216 0
    endloop
  endfacet
  facet normal -0.751832 0.659355 0
    outer loop
      vertex 81.766 27.1216 0.79
      vertex 81.5849 26.9151 0
      vertex 81.5849 26.9151 0.79
    endloop
  endfacet
  facet normal 0.0655283 0.997851 -0
    outer loop
      vertex 80.1 26.3 0
      vertex 79.8259 26.318 0.79
      vertex 80.1 26.3 0.79
    endloop
  endfacet
  facet normal 0.0655283 0.997851 0
    outer loop
      vertex 79.8259 26.318 0.79
      vertex 80.1 26.3 0
      vertex 79.8259 26.318 0
    endloop
  endfacet
  facet normal 0.555792 0.831322 -0
    outer loop
      vertex 79.05 26.5813 0
      vertex 78.8216 26.734 0.79
      vertex 79.05 26.5813 0.79
    endloop
  endfacet
  facet normal 0.555792 0.831322 0
    outer loop
      vertex 78.8216 26.734 0.79
      vertex 79.05 26.5813 0
      vertex 78.8216 26.734 0
    endloop
  endfacet
  facet normal 0.659355 0.751832 -0
    outer loop
      vertex 78.8216 26.734 0
      vertex 78.6151 26.9151 0.79
      vertex 78.8216 26.734 0.79
    endloop
  endfacet
  facet normal 0.659355 0.751832 0
    outer loop
      vertex 78.6151 26.9151 0.79
      vertex 78.8216 26.734 0
      vertex 78.6151 26.9151 0
    endloop
  endfacet
  facet normal 0.441964 0.897033 -0
    outer loop
      vertex 79.2964 26.4599 0
      vertex 79.05 26.5813 0.79
      vertex 79.2964 26.4599 0.79
    endloop
  endfacet
  facet normal 0.441964 0.897033 0
    outer loop
      vertex 79.05 26.5813 0.79
      vertex 79.2964 26.4599 0
      vertex 79.05 26.5813 0
    endloop
  endfacet
  facet normal -0.997845 -0.0656183 0
    outer loop
      vertex 81.3 4.3 0.79
      vertex 81.2897 4.45663 1.6
      vertex 81.2897 4.45663 0.79
    endloop
  endfacet
  facet normal -0.997845 -0.0656183 0
    outer loop
      vertex 81.2897 4.45663 1.6
      vertex 81.3 4.3 0.79
      vertex 81.3 4.3 1.6
    endloop
  endfacet
  facet normal 0.997845 -0.0656183 0
    outer loop
      vertex 78.9 4.3 1.6
      vertex 78.9103 4.45663 0.79
      vertex 78.9103 4.45663 1.6
    endloop
  endfacet
  facet normal 0.997845 -0.0656183 0
    outer loop
      vertex 78.9103 4.45663 0.79
      vertex 78.9 4.3 1.6
      vertex 78.9 4.3 0.79
    endloop
  endfacet
  facet normal -0.0654405 -0.997856 0
    outer loop
      vertex 80.1 5.5 0.79
      vertex 80.2566 5.48973 1.6
      vertex 80.1 5.5 1.6
    endloop
  endfacet
  facet normal -0.0654405 -0.997856 -0
    outer loop
      vertex 80.2566 5.48973 1.6
      vertex 80.1 5.5 0.79
      vertex 80.2566 5.48973 0.79
    endloop
  endfacet
  facet normal 0.0654405 0.997856 -0
    outer loop
      vertex 80.1 3.1 0.79
      vertex 79.9434 3.11027 1.6
      vertex 80.1 3.1 1.6
    endloop
  endfacet
  facet normal 0.0654405 0.997856 0
    outer loop
      vertex 79.9434 3.11027 1.6
      vertex 80.1 3.1 0.79
      vertex 79.9434 3.11027 0.79
    endloop
  endfacet
  facet normal 0.751842 0.659343 0
    outer loop
      vertex 79.2515 3.45147 1.6
      vertex 79.148 3.56949 0.79
      vertex 79.148 3.56949 1.6
    endloop
  endfacet
  facet normal 0.751842 0.659343 0
    outer loop
      vertex 79.148 3.56949 0.79
      vertex 79.2515 3.45147 1.6
      vertex 79.2515 3.45147 0.79
    endloop
  endfacet
  facet normal -0.751842 -0.659343 0
    outer loop
      vertex 81.052 5.03051 0.79
      vertex 80.9485 5.14853 1.6
      vertex 80.9485 5.14853 0.79
    endloop
  endfacet
  facet normal -0.751842 -0.659343 0
    outer loop
      vertex 80.9485 5.14853 1.6
      vertex 81.052 5.03051 0.79
      vertex 81.052 5.03051 1.6
    endloop
  endfacet
  facet normal 0.65937 -0.751818 0
    outer loop
      vertex 79.2515 5.14853 0.79
      vertex 79.3695 5.25202 1.6
      vertex 79.2515 5.14853 1.6
    endloop
  endfacet
  facet normal 0.65937 -0.751818 0
    outer loop
      vertex 79.3695 5.25202 1.6
      vertex 79.2515 5.14853 0.79
      vertex 79.3695 5.25202 0.79
    endloop
  endfacet
  facet normal 0.32148 -0.946916 0
    outer loop
      vertex 79.6408 5.40866 0.79
      vertex 79.7894 5.45911 1.6
      vertex 79.6408 5.40866 1.6
    endloop
  endfacet
  facet normal 0.32148 -0.946916 0
    outer loop
      vertex 79.7894 5.45911 1.6
      vertex 79.6408 5.40866 0.79
      vertex 79.7894 5.45911 0.79
    endloop
  endfacet
  facet normal -0.94704 -0.321117 0
    outer loop
      vertex 81.2591 4.61058 0.79
      vertex 81.2087 4.75922 1.6
      vertex 81.2087 4.75922 0.79
    endloop
  endfacet
  facet normal -0.94704 -0.321117 0
    outer loop
      vertex 81.2087 4.75922 1.6
      vertex 81.2591 4.61058 0.79
      vertex 81.2591 4.61058 1.6
    endloop
  endfacet
  facet normal -0.980813 -0.194952 0
    outer loop
      vertex 81.2897 4.45663 0.79
      vertex 81.2591 4.61058 1.6
      vertex 81.2591 4.61058 0.79
    endloop
  endfacet
  facet normal -0.980813 -0.194952 0
    outer loop
      vertex 81.2591 4.61058 1.6
      vertex 81.2897 4.45663 0.79
      vertex 81.2897 4.45663 1.6
    endloop
  endfacet
  facet normal -0.442264 -0.896885 0
    outer loop
      vertex 80.5592 5.40866 0.79
      vertex 80.7 5.33923 1.6
      vertex 80.5592 5.40866 1.6
    endloop
  endfacet
  facet normal -0.442264 -0.896885 -0
    outer loop
      vertex 80.7 5.33923 1.6
      vertex 80.5592 5.40866 0.79
      vertex 80.7 5.33923 0.79
    endloop
  endfacet
  facet normal -0.65937 -0.751818 0
    outer loop
      vertex 80.8305 5.25202 0.79
      vertex 80.9485 5.14853 1.6
      vertex 80.8305 5.25202 1.6
    endloop
  endfacet
  facet normal -0.65937 -0.751818 -0
    outer loop
      vertex 80.9485 5.14853 1.6
      vertex 80.8305 5.25202 0.79
      vertex 80.9485 5.14853 0.79
    endloop
  endfacet
  facet normal 0.896683 -0.442673 0
    outer loop
      vertex 78.9913 4.75922 1.6
      vertex 79.0608 4.9 0.79
      vertex 79.0608 4.9 1.6
    endloop
  endfacet
  facet normal 0.896683 -0.442673 0
    outer loop
      vertex 79.0608 4.9 0.79
      vertex 78.9913 4.75922 1.6
      vertex 78.9913 4.75922 0.79
    endloop
  endfacet
  facet normal 0.94704 -0.321117 0
    outer loop
      vertex 78.9409 4.61058 1.6
      vertex 78.9913 4.75922 0.79
      vertex 78.9913 4.75922 1.6
    endloop
  endfacet
  facet normal 0.94704 -0.321117 0
    outer loop
      vertex 78.9913 4.75922 0.79
      vertex 78.9409 4.61058 1.6
      vertex 78.9409 4.61058 0.79
    endloop
  endfacet
  facet normal 0.0654405 -0.997856 0
    outer loop
      vertex 79.9434 5.48973 0.79
      vertex 80.1 5.5 1.6
      vertex 79.9434 5.48973 1.6
    endloop
  endfacet
  facet normal 0.0654405 -0.997856 0
    outer loop
      vertex 80.1 5.5 1.6
      vertex 79.9434 5.48973 0.79
      vertex 80.1 5.5 0.79
    endloop
  endfacet
  facet normal -0.94704 0.321117 0
    outer loop
      vertex 81.2087 3.84078 0.79
      vertex 81.2591 3.98942 1.6
      vertex 81.2591 3.98942 0.79
    endloop
  endfacet
  facet normal -0.94704 0.321117 0
    outer loop
      vertex 81.2591 3.98942 1.6
      vertex 81.2087 3.84078 0.79
      vertex 81.2087 3.84078 1.6
    endloop
  endfacet
  facet normal 0.32148 0.946916 -0
    outer loop
      vertex 79.7894 3.14089 0.79
      vertex 79.6408 3.19134 1.6
      vertex 79.7894 3.14089 1.6
    endloop
  endfacet
  facet normal 0.32148 0.946916 0
    outer loop
      vertex 79.6408 3.19134 1.6
      vertex 79.7894 3.14089 0.79
      vertex 79.6408 3.19134 0.79
    endloop
  endfacet
  facet normal 0.896683 0.442673 0
    outer loop
      vertex 79.0608 3.7 1.6
      vertex 78.9913 3.84078 0.79
      vertex 78.9913 3.84078 1.6
    endloop
  endfacet
  facet normal 0.896683 0.442673 0
    outer loop
      vertex 78.9913 3.84078 0.79
      vertex 79.0608 3.7 1.6
      vertex 79.0608 3.7 0.79
    endloop
  endfacet
  facet normal -0.831481 -0.555553 0
    outer loop
      vertex 81.1392 4.9 0.79
      vertex 81.052 5.03051 1.6
      vertex 81.052 5.03051 0.79
    endloop
  endfacet
  facet normal -0.831481 -0.555553 0
    outer loop
      vertex 81.052 5.03051 1.6
      vertex 81.1392 4.9 0.79
      vertex 81.1392 4.9 1.6
    endloop
  endfacet
  facet normal -0.896683 -0.442673 0
    outer loop
      vertex 81.2087 4.75922 0.79
      vertex 81.1392 4.9 1.6
      vertex 81.1392 4.9 0.79
    endloop
  endfacet
  facet normal -0.896683 -0.442673 0
    outer loop
      vertex 81.1392 4.9 1.6
      vertex 81.2087 4.75922 0.79
      vertex 81.2087 4.75922 1.6
    endloop
  endfacet
  facet normal -0.32148 -0.946916 0
    outer loop
      vertex 80.4106 5.45911 0.79
      vertex 80.5592 5.40866 1.6
      vertex 80.4106 5.45911 1.6
    endloop
  endfacet
  facet normal -0.32148 -0.946916 -0
    outer loop
      vertex 80.5592 5.40866 1.6
      vertex 80.4106 5.45911 0.79
      vertex 80.5592 5.40866 0.79
    endloop
  endfacet
  facet normal -0.195014 -0.980801 0
    outer loop
      vertex 80.2566 5.48973 0.79
      vertex 80.4106 5.45911 1.6
      vertex 80.2566 5.48973 1.6
    endloop
  endfacet
  facet normal -0.195014 -0.980801 -0
    outer loop
      vertex 80.4106 5.45911 1.6
      vertex 80.2566 5.48973 0.79
      vertex 80.4106 5.45911 0.79
    endloop
  endfacet
  facet normal -0.555626 -0.831432 0
    outer loop
      vertex 80.7 5.33923 0.79
      vertex 80.8305 5.25202 1.6
      vertex 80.7 5.33923 1.6
    endloop
  endfacet
  facet normal -0.555626 -0.831432 -0
    outer loop
      vertex 80.8305 5.25202 1.6
      vertex 80.7 5.33923 0.79
      vertex 80.8305 5.25202 0.79
    endloop
  endfacet
  facet normal 0.831481 -0.555553 0
    outer loop
      vertex 79.0608 4.9 1.6
      vertex 79.148 5.03051 0.79
      vertex 79.148 5.03051 1.6
    endloop
  endfacet
  facet normal 0.831481 -0.555553 0
    outer loop
      vertex 79.148 5.03051 0.79
      vertex 79.0608 4.9 1.6
      vertex 79.0608 4.9 0.79
    endloop
  endfacet
  facet normal 0.751842 -0.659343 0
    outer loop
      vertex 79.148 5.03051 1.6
      vertex 79.2515 5.14853 0.79
      vertex 79.2515 5.14853 1.6
    endloop
  endfacet
  facet normal 0.751842 -0.659343 0
    outer loop
      vertex 79.2515 5.14853 0.79
      vertex 79.148 5.03051 1.6
      vertex 79.148 5.03051 0.79
    endloop
  endfacet
  facet normal 0.980813 -0.194952 0
    outer loop
      vertex 78.9103 4.45663 1.6
      vertex 78.9409 4.61058 0.79
      vertex 78.9409 4.61058 1.6
    endloop
  endfacet
  facet normal 0.980813 -0.194952 0
    outer loop
      vertex 78.9409 4.61058 0.79
      vertex 78.9103 4.45663 1.6
      vertex 78.9103 4.45663 0.79
    endloop
  endfacet
  facet normal 0.442264 -0.896885 0
    outer loop
      vertex 79.5 5.33923 0.79
      vertex 79.6408 5.40866 1.6
      vertex 79.5 5.33923 1.6
    endloop
  endfacet
  facet normal 0.442264 -0.896885 0
    outer loop
      vertex 79.6408 5.40866 1.6
      vertex 79.5 5.33923 0.79
      vertex 79.6408 5.40866 0.79
    endloop
  endfacet
  facet normal 0.555626 -0.831432 0
    outer loop
      vertex 79.3695 5.25202 0.79
      vertex 79.5 5.33923 1.6
      vertex 79.3695 5.25202 1.6
    endloop
  endfacet
  facet normal 0.555626 -0.831432 0
    outer loop
      vertex 79.5 5.33923 1.6
      vertex 79.3695 5.25202 0.79
      vertex 79.5 5.33923 0.79
    endloop
  endfacet
  facet normal 0.195014 -0.980801 0
    outer loop
      vertex 79.7894 5.45911 0.79
      vertex 79.9434 5.48973 1.6
      vertex 79.7894 5.45911 1.6
    endloop
  endfacet
  facet normal 0.195014 -0.980801 0
    outer loop
      vertex 79.9434 5.48973 1.6
      vertex 79.7894 5.45911 0.79
      vertex 79.9434 5.48973 0.79
    endloop
  endfacet
  facet normal -0.997845 0.0656183 0
    outer loop
      vertex 81.2897 4.14337 0.79
      vertex 81.3 4.3 1.6
      vertex 81.3 4.3 0.79
    endloop
  endfacet
  facet normal -0.997845 0.0656183 0
    outer loop
      vertex 81.3 4.3 1.6
      vertex 81.2897 4.14337 0.79
      vertex 81.2897 4.14337 1.6
    endloop
  endfacet
  facet normal -0.0654405 0.997856 0
    outer loop
      vertex 80.2566 3.11027 0.79
      vertex 80.1 3.1 1.6
      vertex 80.2566 3.11027 1.6
    endloop
  endfacet
  facet normal -0.0654405 0.997856 0
    outer loop
      vertex 80.1 3.1 1.6
      vertex 80.2566 3.11027 0.79
      vertex 80.1 3.1 0.79
    endloop
  endfacet
  facet normal -0.32148 0.946916 0
    outer loop
      vertex 80.5592 3.19134 0.79
      vertex 80.4106 3.14089 1.6
      vertex 80.5592 3.19134 1.6
    endloop
  endfacet
  facet normal -0.32148 0.946916 0
    outer loop
      vertex 80.4106 3.14089 1.6
      vertex 80.5592 3.19134 0.79
      vertex 80.4106 3.14089 0.79
    endloop
  endfacet
  facet normal -0.751842 0.659343 0
    outer loop
      vertex 80.9485 3.45147 0.79
      vertex 81.052 3.56949 1.6
      vertex 81.052 3.56949 0.79
    endloop
  endfacet
  facet normal -0.751842 0.659343 0
    outer loop
      vertex 81.052 3.56949 1.6
      vertex 80.9485 3.45147 0.79
      vertex 80.9485 3.45147 1.6
    endloop
  endfacet
  facet normal -0.555626 0.831432 0
    outer loop
      vertex 80.8305 3.34798 0.79
      vertex 80.7 3.26077 1.6
      vertex 80.8305 3.34798 1.6
    endloop
  endfacet
  facet normal -0.555626 0.831432 0
    outer loop
      vertex 80.7 3.26077 1.6
      vertex 80.8305 3.34798 0.79
      vertex 80.7 3.26077 0.79
    endloop
  endfacet
  facet normal -0.831481 0.555553 0
    outer loop
      vertex 81.052 3.56949 0.79
      vertex 81.1392 3.7 1.6
      vertex 81.1392 3.7 0.79
    endloop
  endfacet
  facet normal -0.831481 0.555553 0
    outer loop
      vertex 81.1392 3.7 1.6
      vertex 81.052 3.56949 0.79
      vertex 81.052 3.56949 1.6
    endloop
  endfacet
  facet normal 0.65937 0.751818 -0
    outer loop
      vertex 79.3695 3.34798 0.79
      vertex 79.2515 3.45147 1.6
      vertex 79.3695 3.34798 1.6
    endloop
  endfacet
  facet normal 0.65937 0.751818 0
    outer loop
      vertex 79.2515 3.45147 1.6
      vertex 79.3695 3.34798 0.79
      vertex 79.2515 3.45147 0.79
    endloop
  endfacet
  facet normal 0.442264 0.896885 -0
    outer loop
      vertex 79.6408 3.19134 0.79
      vertex 79.5 3.26077 1.6
      vertex 79.6408 3.19134 1.6
    endloop
  endfacet
  facet normal 0.442264 0.896885 0
    outer loop
      vertex 79.5 3.26077 1.6
      vertex 79.6408 3.19134 0.79
      vertex 79.5 3.26077 0.79
    endloop
  endfacet
  facet normal 0.195014 0.980801 -0
    outer loop
      vertex 79.9434 3.11027 0.79
      vertex 79.7894 3.14089 1.6
      vertex 79.9434 3.11027 1.6
    endloop
  endfacet
  facet normal 0.195014 0.980801 0
    outer loop
      vertex 79.7894 3.14089 1.6
      vertex 79.9434 3.11027 0.79
      vertex 79.7894 3.14089 0.79
    endloop
  endfacet
  facet normal 0.831481 0.555553 0
    outer loop
      vertex 79.148 3.56949 1.6
      vertex 79.0608 3.7 0.79
      vertex 79.0608 3.7 1.6
    endloop
  endfacet
  facet normal 0.831481 0.555553 0
    outer loop
      vertex 79.0608 3.7 0.79
      vertex 79.148 3.56949 1.6
      vertex 79.148 3.56949 0.79
    endloop
  endfacet
  facet normal 0.94704 0.321117 0
    outer loop
      vertex 78.9913 3.84078 1.6
      vertex 78.9409 3.98942 0.79
      vertex 78.9409 3.98942 1.6
    endloop
  endfacet
  facet normal 0.94704 0.321117 0
    outer loop
      vertex 78.9409 3.98942 0.79
      vertex 78.9913 3.84078 1.6
      vertex 78.9913 3.84078 0.79
    endloop
  endfacet
  facet normal 0.997845 0.0656183 0
    outer loop
      vertex 78.9103 4.14337 1.6
      vertex 78.9 4.3 0.79
      vertex 78.9 4.3 1.6
    endloop
  endfacet
  facet normal 0.997845 0.0656183 0
    outer loop
      vertex 78.9 4.3 0.79
      vertex 78.9103 4.14337 1.6
      vertex 78.9103 4.14337 0.79
    endloop
  endfacet
  facet normal -0.195014 0.980801 0
    outer loop
      vertex 80.4106 3.14089 0.79
      vertex 80.2566 3.11027 1.6
      vertex 80.4106 3.14089 1.6
    endloop
  endfacet
  facet normal -0.195014 0.980801 0
    outer loop
      vertex 80.2566 3.11027 1.6
      vertex 80.4106 3.14089 0.79
      vertex 80.2566 3.11027 0.79
    endloop
  endfacet
  facet normal -0.442264 0.896885 0
    outer loop
      vertex 80.7 3.26077 0.79
      vertex 80.5592 3.19134 1.6
      vertex 80.7 3.26077 1.6
    endloop
  endfacet
  facet normal -0.442264 0.896885 0
    outer loop
      vertex 80.5592 3.19134 1.6
      vertex 80.7 3.26077 0.79
      vertex 80.5592 3.19134 0.79
    endloop
  endfacet
  facet normal -0.65937 0.751818 0
    outer loop
      vertex 80.9485 3.45147 0.79
      vertex 80.8305 3.34798 1.6
      vertex 80.9485 3.45147 1.6
    endloop
  endfacet
  facet normal -0.65937 0.751818 0
    outer loop
      vertex 80.8305 3.34798 1.6
      vertex 80.9485 3.45147 0.79
      vertex 80.8305 3.34798 0.79
    endloop
  endfacet
  facet normal -0.980813 0.194952 0
    outer loop
      vertex 81.2591 3.98942 0.79
      vertex 81.2897 4.14337 1.6
      vertex 81.2897 4.14337 0.79
    endloop
  endfacet
  facet normal -0.980813 0.194952 0
    outer loop
      vertex 81.2897 4.14337 1.6
      vertex 81.2591 3.98942 0.79
      vertex 81.2591 3.98942 1.6
    endloop
  endfacet
  facet normal -0.896683 0.442673 0
    outer loop
      vertex 81.1392 3.7 0.79
      vertex 81.2087 3.84078 1.6
      vertex 81.2087 3.84078 0.79
    endloop
  endfacet
  facet normal -0.896683 0.442673 0
    outer loop
      vertex 81.2087 3.84078 1.6
      vertex 81.1392 3.7 0.79
      vertex 81.1392 3.7 1.6
    endloop
  endfacet
  facet normal 0.555626 0.831432 -0
    outer loop
      vertex 79.5 3.26077 0.79
      vertex 79.3695 3.34798 1.6
      vertex 79.5 3.26077 1.6
    endloop
  endfacet
  facet normal 0.555626 0.831432 0
    outer loop
      vertex 79.3695 3.34798 1.6
      vertex 79.5 3.26077 0.79
      vertex 79.3695 3.34798 0.79
    endloop
  endfacet
  facet normal 0.980813 0.194952 0
    outer loop
      vertex 78.9409 3.98942 1.6
      vertex 78.9103 4.14337 0.79
      vertex 78.9103 4.14337 1.6
    endloop
  endfacet
  facet normal 0.980813 0.194952 0
    outer loop
      vertex 78.9103 4.14337 0.79
      vertex 78.9409 3.98942 1.6
      vertex 78.9409 3.98942 0.79
    endloop
  endfacet
  facet normal -0.997851 -0.0655283 0
    outer loop
      vertex 82.2 4.3 0
      vertex 82.182 4.5741 0.79
      vertex 82.182 4.5741 0
    endloop
  endfacet
  facet normal -0.997851 -0.0655283 0
    outer loop
      vertex 82.182 4.5741 0.79
      vertex 82.2 4.3 0
      vertex 82.2 4.3 0.79
    endloop
  endfacet
  facet normal 0.0654196 -0.997858 0
    outer loop
      vertex 79.8259 6.38203 0
      vertex 80.1 6.4 0.79
      vertex 79.8259 6.38203 0.79
    endloop
  endfacet
  facet normal 0.0654196 -0.997858 0
    outer loop
      vertex 80.1 6.4 0.79
      vertex 79.8259 6.38203 0
      vertex 80.1 6.4 0
    endloop
  endfacet
  facet normal -0.0654196 0.997858 0
    outer loop
      vertex 80.3741 2.21797 0
      vertex 80.1 2.2 0.79
      vertex 80.3741 2.21797 0.79
    endloop
  endfacet
  facet normal -0.0654196 0.997858 0
    outer loop
      vertex 80.1 2.2 0.79
      vertex 80.3741 2.21797 0
      vertex 80.1 2.2 0
    endloop
  endfacet
  facet normal -0.659396 -0.751796 0
    outer loop
      vertex 81.3784 5.96604 0
      vertex 81.5849 5.78492 0.79
      vertex 81.3784 5.96604 0.79
    endloop
  endfacet
  facet normal -0.659396 -0.751796 -0
    outer loop
      vertex 81.5849 5.78492 0.79
      vertex 81.3784 5.96604 0
      vertex 81.5849 5.78492 0
    endloop
  endfacet
  facet normal 0.751864 -0.659319 0
    outer loop
      vertex 78.434 5.5784 0.79
      vertex 78.6151 5.78492 0
      vertex 78.6151 5.78492 0.79
    endloop
  endfacet
  facet normal 0.751864 -0.659319 0
    outer loop
      vertex 78.6151 5.78492 0
      vertex 78.434 5.5784 0.79
      vertex 78.434 5.5784 0
    endloop
  endfacet
  facet normal 0.442256 -0.896889 0
    outer loop
      vertex 79.05 6.11865 0
      vertex 79.2964 6.24015 0.79
      vertex 79.05 6.11865 0.79
    endloop
  endfacet
  facet normal 0.442256 -0.896889 0
    outer loop
      vertex 79.2964 6.24015 0.79
      vertex 79.05 6.11865 0
      vertex 79.2964 6.24015 0
    endloop
  endfacet
  facet normal -0.897012 -0.442007 0
    outer loop
      vertex 82.0401 5.10363 0
      vertex 81.9187 5.35 0.79
      vertex 81.9187 5.35 0
    endloop
  endfacet
  facet normal -0.897012 -0.442007 0
    outer loop
      vertex 81.9187 5.35 0.79
      vertex 82.0401 5.10363 0
      vertex 82.0401 5.10363 0.79
    endloop
  endfacet
  facet normal -0.831322 -0.555792 0
    outer loop
      vertex 81.9187 5.35 0
      vertex 81.766 5.5784 0.79
      vertex 81.766 5.5784 0
    endloop
  endfacet
  facet normal -0.831322 -0.555792 0
    outer loop
      vertex 81.766 5.5784 0.79
      vertex 81.9187 5.35 0
      vertex 81.9187 5.35 0.79
    endloop
  endfacet
  facet normal -0.321433 -0.946932 0
    outer loop
      vertex 80.6435 6.32844 0
      vertex 80.9036 6.24015 0.79
      vertex 80.6435 6.32844 0.79
    endloop
  endfacet
  facet normal -0.321433 -0.946932 -0
    outer loop
      vertex 80.9036 6.24015 0.79
      vertex 80.6435 6.32844 0
      vertex 80.9036 6.24015 0
    endloop
  endfacet
  facet normal -0.555565 -0.831473 0
    outer loop
      vertex 81.15 6.11865 0
      vertex 81.3784 5.96604 0.79
      vertex 81.15 6.11865 0.79
    endloop
  endfacet
  facet normal -0.555565 -0.831473 -0
    outer loop
      vertex 81.3784 5.96604 0.79
      vertex 81.15 6.11865 0
      vertex 81.3784 5.96604 0
    endloop
  endfacet
  facet normal 0.946925 -0.321454 0
    outer loop
      vertex 78.0716 4.84352 0.79
      vertex 78.1599 5.10363 0
      vertex 78.1599 5.10363 0.79
    endloop
  endfacet
  facet normal 0.946925 -0.321454 0
    outer loop
      vertex 78.1599 5.10363 0
      vertex 78.0716 4.84352 0.79
      vertex 78.0716 4.84352 0
    endloop
  endfacet
  facet normal 0.831322 -0.555792 0
    outer loop
      vertex 78.2813 5.35 0.79
      vertex 78.434 5.5784 0
      vertex 78.434 5.5784 0.79
    endloop
  endfacet
  facet normal 0.831322 -0.555792 0
    outer loop
      vertex 78.434 5.5784 0
      vertex 78.2813 5.35 0.79
      vertex 78.2813 5.35 0
    endloop
  endfacet
  facet normal 0.980779 -0.195122 0
    outer loop
      vertex 78.018 4.5741 0.79
      vertex 78.0716 4.84352 0
      vertex 78.0716 4.84352 0.79
    endloop
  endfacet
  facet normal 0.980779 -0.195122 0
    outer loop
      vertex 78.0716 4.84352 0
      vertex 78.018 4.5741 0.79
      vertex 78.018 4.5741 0
    endloop
  endfacet
  facet normal 0.195101 -0.980783 0
    outer loop
      vertex 79.5565 6.32844 0
      vertex 79.8259 6.38203 0.79
      vertex 79.5565 6.32844 0.79
    endloop
  endfacet
  facet normal 0.195101 -0.980783 0
    outer loop
      vertex 79.8259 6.38203 0.79
      vertex 79.5565 6.32844 0
      vertex 79.8259 6.38203 0
    endloop
  endfacet
  facet normal -0.195066 0.98079 0
    outer loop
      vertex 80.6435 2.27155 0
      vertex 80.3741 2.21797 0.79
      vertex 80.6435 2.27155 0.79
    endloop
  endfacet
  facet normal -0.195066 0.98079 0
    outer loop
      vertex 80.3741 2.21797 0.79
      vertex 80.6435 2.27155 0
      vertex 80.3741 2.21797 0
    endloop
  endfacet
  facet normal 0.321465 0.946921 -0
    outer loop
      vertex 79.5565 2.27155 0
      vertex 79.2964 2.35985 0.79
      vertex 79.5565 2.27155 0.79
    endloop
  endfacet
  facet normal 0.321465 0.946921 0
    outer loop
      vertex 79.2964 2.35985 0.79
      vertex 79.5565 2.27155 0
      vertex 79.2964 2.35985 0
    endloop
  endfacet
  facet normal 0.555565 0.831473 -0
    outer loop
      vertex 79.05 2.48135 0
      vertex 78.8216 2.63396 0.79
      vertex 79.05 2.48135 0.79
    endloop
  endfacet
  facet normal 0.555565 0.831473 0
    outer loop
      vertex 78.8216 2.63396 0.79
      vertex 79.05 2.48135 0
      vertex 78.8216 2.63396 0
    endloop
  endfacet
  facet normal 0.195066 0.98079 -0
    outer loop
      vertex 79.8259 2.21797 0
      vertex 79.5565 2.27155 0.79
      vertex 79.8259 2.21797 0.79
    endloop
  endfacet
  facet normal 0.195066 0.98079 0
    outer loop
      vertex 79.5565 2.27155 0.79
      vertex 79.8259 2.21797 0
      vertex 79.5565 2.27155 0
    endloop
  endfacet
  facet normal 0.980778 0.195129 0
    outer loop
      vertex 78.0716 3.75648 0.79
      vertex 78.018 4.02589 0
      vertex 78.018 4.02589 0.79
    endloop
  endfacet
  facet normal 0.980778 0.195129 0
    outer loop
      vertex 78.018 4.02589 0
      vertex 78.0716 3.75648 0.79
      vertex 78.0716 3.75648 0
    endloop
  endfacet
  facet normal -0.946925 -0.321454 0
    outer loop
      vertex 82.1284 4.84352 0
      vertex 82.0401 5.10363 0.79
      vertex 82.0401 5.10363 0
    endloop
  endfacet
  facet normal -0.946925 -0.321454 0
    outer loop
      vertex 82.0401 5.10363 0.79
      vertex 82.1284 4.84352 0
      vertex 82.1284 4.84352 0.79
    endloop
  endfacet
  facet normal -0.980779 -0.195122 0
    outer loop
      vertex 82.182 4.5741 0
      vertex 82.1284 4.84352 0.79
      vertex 82.1284 4.84352 0
    endloop
  endfacet
  facet normal -0.980779 -0.195122 0
    outer loop
      vertex 82.1284 4.84352 0.79
      vertex 82.182 4.5741 0
      vertex 82.182 4.5741 0.79
    endloop
  endfacet
  facet normal -0.751864 -0.659319 0
    outer loop
      vertex 81.766 5.5784 0
      vertex 81.5849 5.78492 0.79
      vertex 81.5849 5.78492 0
    endloop
  endfacet
  facet normal -0.751864 -0.659319 0
    outer loop
      vertex 81.5849 5.78492 0.79
      vertex 81.766 5.5784 0
      vertex 81.766 5.5784 0.79
    endloop
  endfacet
  facet normal -0.195101 -0.980783 0
    outer loop
      vertex 80.3741 6.38203 0
      vertex 80.6435 6.32844 0.79
      vertex 80.3741 6.38203 0.79
    endloop
  endfacet
  facet normal -0.195101 -0.980783 -0
    outer loop
      vertex 80.6435 6.32844 0.79
      vertex 80.3741 6.38203 0
      vertex 80.6435 6.32844 0
    endloop
  endfacet
  facet normal -0.0654196 -0.997858 0
    outer loop
      vertex 80.1 6.4 0
      vertex 80.3741 6.38203 0.79
      vertex 80.1 6.4 0.79
    endloop
  endfacet
  facet normal -0.0654196 -0.997858 -0
    outer loop
      vertex 80.3741 6.38203 0.79
      vertex 80.1 6.4 0
      vertex 80.3741 6.38203 0
    endloop
  endfacet
  facet normal -0.442256 -0.896889 0
    outer loop
      vertex 80.9036 6.24015 0
      vertex 81.15 6.11865 0.79
      vertex 80.9036 6.24015 0.79
    endloop
  endfacet
  facet normal -0.442256 -0.896889 -0
    outer loop
      vertex 81.15 6.11865 0.79
      vertex 80.9036 6.24015 0
      vertex 81.15 6.11865 0
    endloop
  endfacet
  facet normal 0.897012 -0.442007 0
    outer loop
      vertex 78.1599 5.10363 0.79
      vertex 78.2813 5.35 0
      vertex 78.2813 5.35 0.79
    endloop
  endfacet
  facet normal 0.897012 -0.442007 0
    outer loop
      vertex 78.2813 5.35 0
      vertex 78.1599 5.10363 0.79
      vertex 78.1599 5.10363 0
    endloop
  endfacet
  facet normal 0.997851 -0.0655283 0
    outer loop
      vertex 78 4.3 0.79
      vertex 78.018 4.5741 0
      vertex 78.018 4.5741 0.79
    endloop
  endfacet
  facet normal 0.997851 -0.0655283 0
    outer loop
      vertex 78.018 4.5741 0
      vertex 78 4.3 0.79
      vertex 78 4.3 0
    endloop
  endfacet
  facet normal 0 0 -1
    outer loop
      vertex 81.3 4.3 0.79
      vertex 82.2 4.3 0.79
      vertex 82.182 4.02589 0.79
    endloop
  endfacet
  facet normal 0 0 -1
    outer loop
      vertex 81.2897 4.14337 0.79
      vertex 82.182 4.02589 0.79
      vertex 82.1284 3.75648 0.79
    endloop
  endfacet
  facet normal 0 0 -1
    outer loop
      vertex 82.2 4.3 0.79
      vertex 81.3 4.3 0.79
      vertex 82.182 4.5741 0.79
    endloop
  endfacet
  facet normal 0 0 -1
    outer loop
      vertex 81.2591 3.98942 0.79
      vertex 82.1284 3.75648 0.79
      vertex 82.0401 3.49636 0.79
    endloop
  endfacet
  facet normal 0 0 -1
    outer loop
      vertex 81.2897 4.45663 0.79
      vertex 82.182 4.5741 0.79
      vertex 81.3 4.3 0.79
    endloop
  endfacet
  facet normal 0 0 -1
    outer loop
      vertex 81.2087 3.84078 0.79
      vertex 82.0401 3.49636 0.79
      vertex 81.9187 3.25 0.79
    endloop
  endfacet
  facet normal -0 0 -1
    outer loop
      vertex 82.182 4.5741 0.79
      vertex 81.2897 4.45663 0.79
      vertex 82.1284 4.84352 0.79
    endloop
  endfacet
  facet normal 0 0 -1
    outer loop
      vertex 81.1392 3.7 0.79
      vertex 81.9187 3.25 0.79
      vertex 81.766 3.0216 0.79
    endloop
  endfacet
  facet normal 0 0 -1
    outer loop
      vertex 81.2591 4.61058 0.79
      vertex 82.1284 4.84352 0.79
      vertex 81.2897 4.45663 0.79
    endloop
  endfacet
  facet normal 0 0 -1
    outer loop
      vertex 81.052 3.56949 0.79
      vertex 81.766 3.0216 0.79
      vertex 81.5849 2.81507 0.79
    endloop
  endfacet
  facet normal -0 0 -1
    outer loop
      vertex 82.1284 4.84352 0.79
      vertex 81.2591 4.61058 0.79
      vertex 82.0401 5.10363 0.79
    endloop
  endfacet
  facet normal 0 0 -1
    outer loop
      vertex 80.9485 3.45147 0.79
      vertex 81.5849 2.81507 0.79
      vertex 81.3784 2.63396 0.79
    endloop
  endfacet
  facet normal 0 0 -1
    outer loop
      vertex 81.2087 4.75922 0.79
      vertex 82.0401 5.10363 0.79
      vertex 81.2591 4.61058 0.79
    endloop
  endfacet
  facet normal -0 0 -1
    outer loop
      vertex 82.0401 5.10363 0.79
      vertex 81.2087 4.75922 0.79
      vertex 81.9187 5.35 0.79
    endloop
  endfacet
  facet normal 0 0 -1
    outer loop
      vertex 82.182 4.02589 0.79
      vertex 81.2897 4.14337 0.79
      vertex 81.3 4.3 0.79
    endloop
  endfacet
  facet normal 0 0 -1
    outer loop
      vertex 82.1284 3.75648 0.79
      vertex 81.2591 3.98942 0.79
      vertex 81.2897 4.14337 0.79
    endloop
  endfacet
  facet normal 0 0 -1
    outer loop
      vertex 82.0401 3.49636 0.79
      vertex 81.2087 3.84078 0.79
      vertex 81.2591 3.98942 0.79
    endloop
  endfacet
  facet normal 0 0 -1
    outer loop
      vertex 80.8305 3.34798 0.79
      vertex 81.3784 2.63396 0.79
      vertex 81.15 2.48135 0.79
    endloop
  endfacet
  facet normal 0 0 -1
    outer loop
      vertex 81.9187 3.25 0.79
      vertex 81.1392 3.7 0.79
      vertex 81.2087 3.84078 0.79
    endloop
  endfacet
  facet normal 0 0 -1
    outer loop
      vertex 81.766 3.0216 0.79
      vertex 81.052 3.56949 0.79
      vertex 81.1392 3.7 0.79
    endloop
  endfacet
  facet normal 0 0 -1
    outer loop
      vertex 81.5849 2.81507 0.79
      vertex 80.9485 3.45147 0.79
      vertex 81.052 3.56949 0.79
    endloop
  endfacet
  facet normal 0 0 -1
    outer loop
      vertex 80.7 3.26077 0.79
      vertex 81.15 2.48135 0.79
      vertex 80.9036 2.35985 0.79
    endloop
  endfacet
  facet normal 0 0 -1
    outer loop
      vertex 81.3784 2.63396 0.79
      vertex 80.8305 3.34798 0.79
      vertex 80.9485 3.45147 0.79
    endloop
  endfacet
  facet normal 0 0 -1
    outer loop
      vertex 81.15 2.48135 0.79
      vertex 80.7 3.26077 0.79
      vertex 80.8305 3.34798 0.79
    endloop
  endfacet
  facet normal 0 0 -1
    outer loop
      vertex 80.5592 3.19134 0.79
      vertex 80.9036 2.35985 0.79
      vertex 80.6435 2.27155 0.79
    endloop
  endfacet
  facet normal 0 0 -1
    outer loop
      vertex 80.9036 2.35985 0.79
      vertex 80.5592 3.19134 0.79
      vertex 80.7 3.26077 0.79
    endloop
  endfacet
  facet normal 0 0 -1
    outer loop
      vertex 80.6435 2.27155 0.79
      vertex 80.4106 3.14089 0.79
      vertex 80.5592 3.19134 0.79
    endloop
  endfacet
  facet normal 0 0 -1
    outer loop
      vertex 80.3741 2.21797 0.79
      vertex 80.4106 3.14089 0.79
      vertex 80.6435 2.27155 0.79
    endloop
  endfacet
  facet normal 0 0 -1
    outer loop
      vertex 80.3741 2.21797 0.79
      vertex 80.2566 3.11027 0.79
      vertex 80.4106 3.14089 0.79
    endloop
  endfacet
  facet normal 0 0 -1
    outer loop
      vertex 80.1 2.2 0.79
      vertex 80.2566 3.11027 0.79
      vertex 80.3741 2.21797 0.79
    endloop
  endfacet
  facet normal 0 0 -1
    outer loop
      vertex 80.1 2.2 0.79
      vertex 80.1 3.1 0.79
      vertex 80.2566 3.11027 0.79
    endloop
  endfacet
  facet normal 0 0 -1
    outer loop
      vertex 80.1 2.2 0.79
      vertex 79.9434 3.11027 0.79
      vertex 80.1 3.1 0.79
    endloop
  endfacet
  facet normal 0 0 -1
    outer loop
      vertex 79.8259 2.21797 0.79
      vertex 79.9434 3.11027 0.79
      vertex 80.1 2.2 0.79
    endloop
  endfacet
  facet normal 0 0 -1
    outer loop
      vertex 79.8259 2.21797 0.79
      vertex 79.7894 3.14089 0.79
      vertex 79.9434 3.11027 0.79
    endloop
  endfacet
  facet normal 0 0 -1
    outer loop
      vertex 79.5565 2.27155 0.79
      vertex 79.7894 3.14089 0.79
      vertex 79.8259 2.21797 0.79
    endloop
  endfacet
  facet normal -0 0 -1
    outer loop
      vertex 79.7894 3.14089 0.79
      vertex 79.5565 2.27155 0.79
      vertex 79.6408 3.19134 0.79
    endloop
  endfacet
  facet normal 0 0 -1
    outer loop
      vertex 79.2964 2.35985 0.79
      vertex 79.6408 3.19134 0.79
      vertex 79.5565 2.27155 0.79
    endloop
  endfacet
  facet normal -0 0 -1
    outer loop
      vertex 79.6408 3.19134 0.79
      vertex 79.2964 2.35985 0.79
      vertex 79.5 3.26077 0.79
    endloop
  endfacet
  facet normal 0 0 -1
    outer loop
      vertex 79.05 2.48135 0.79
      vertex 79.5 3.26077 0.79
      vertex 79.2964 2.35985 0.79
    endloop
  endfacet
  facet normal -0 0 -1
    outer loop
      vertex 79.5 3.26077 0.79
      vertex 79.05 2.48135 0.79
      vertex 79.3695 3.34798 0.79
    endloop
  endfacet
  facet normal 0 0 -1
    outer loop
      vertex 78.8216 2.63396 0.79
      vertex 79.3695 3.34798 0.79
      vertex 79.05 2.48135 0.79
    endloop
  endfacet
  facet normal -0 0 -1
    outer loop
      vertex 79.3695 3.34798 0.79
      vertex 78.8216 2.63396 0.79
      vertex 79.2515 3.45147 0.79
    endloop
  endfacet
  facet normal 0 0 -1
    outer loop
      vertex 78.6151 2.81507 0.79
      vertex 79.2515 3.45147 0.79
      vertex 78.8216 2.63396 0.79
    endloop
  endfacet
  facet normal -0 0 -1
    outer loop
      vertex 79.2515 3.45147 0.79
      vertex 78.6151 2.81507 0.79
      vertex 79.148 3.56949 0.79
    endloop
  endfacet
  facet normal 0 0 -1
    outer loop
      vertex 78.434 3.0216 0.79
      vertex 79.148 3.56949 0.79
      vertex 78.6151 2.81507 0.79
    endloop
  endfacet
  facet normal -0 0 -1
    outer loop
      vertex 79.148 3.56949 0.79
      vertex 78.434 3.0216 0.79
      vertex 79.0608 3.7 0.79
    endloop
  endfacet
  facet normal -0 0 -1
    outer loop
      vertex 79.0608 3.7 0.79
      vertex 78.2813 3.25 0.79
      vertex 78.9913 3.84078 0.79
    endloop
  endfacet
  facet normal 0 0 -1
    outer loop
      vertex 78.2813 3.25 0.79
      vertex 79.0608 3.7 0.79
      vertex 78.434 3.0216 0.79
    endloop
  endfacet
  facet normal 0 0 -1
    outer loop
      vertex 81.1392 4.9 0.79
      vertex 81.9187 5.35 0.79
      vertex 81.2087 4.75922 0.79
    endloop
  endfacet
  facet normal -0 0 -1
    outer loop
      vertex 81.9187 5.35 0.79
      vertex 81.1392 4.9 0.79
      vertex 81.766 5.5784 0.79
    endloop
  endfacet
  facet normal 0 0 -1
    outer loop
      vertex 81.052 5.03051 0.79
      vertex 81.766 5.5784 0.79
      vertex 81.1392 4.9 0.79
    endloop
  endfacet
  facet normal -0 0 -1
    outer loop
      vertex 81.766 5.5784 0.79
      vertex 81.052 5.03051 0.79
      vertex 81.5849 5.78492 0.79
    endloop
  endfacet
  facet normal 0 0 -1
    outer loop
      vertex 80.9485 5.14853 0.79
      vertex 81.5849 5.78492 0.79
      vertex 81.052 5.03051 0.79
    endloop
  endfacet
  facet normal -0 0 -1
    outer loop
      vertex 81.5849 5.78492 0.79
      vertex 80.9485 5.14853 0.79
      vertex 81.3784 5.96604 0.79
    endloop
  endfacet
  facet normal 0 0 -1
    outer loop
      vertex 80.8305 5.25202 0.79
      vertex 81.3784 5.96604 0.79
      vertex 80.9485 5.14853 0.79
    endloop
  endfacet
  facet normal -0 0 -1
    outer loop
      vertex 81.3784 5.96604 0.79
      vertex 80.8305 5.25202 0.79
      vertex 81.15 6.11865 0.79
    endloop
  endfacet
  facet normal 0 0 -1
    outer loop
      vertex 80.7 5.33923 0.79
      vertex 81.15 6.11865 0.79
      vertex 80.8305 5.25202 0.79
    endloop
  endfacet
  facet normal -0 0 -1
    outer loop
      vertex 81.15 6.11865 0.79
      vertex 80.7 5.33923 0.79
      vertex 80.9036 6.24015 0.79
    endloop
  endfacet
  facet normal 0 0 -1
    outer loop
      vertex 80.5592 5.40866 0.79
      vertex 80.9036 6.24015 0.79
      vertex 80.7 5.33923 0.79
    endloop
  endfacet
  facet normal -0 0 -1
    outer loop
      vertex 80.9036 6.24015 0.79
      vertex 80.5592 5.40866 0.79
      vertex 80.6435 6.32844 0.79
    endloop
  endfacet
  facet normal 0 0 -1
    outer loop
      vertex 80.4106 5.45911 0.79
      vertex 80.6435 6.32844 0.79
      vertex 80.5592 5.40866 0.79
    endloop
  endfacet
  facet normal 0 0 -1
    outer loop
      vertex 80.4106 5.45911 0.79
      vertex 80.3741 6.38203 0.79
      vertex 80.6435 6.32844 0.79
    endloop
  endfacet
  facet normal 0 0 -1
    outer loop
      vertex 80.2566 5.48973 0.79
      vertex 80.3741 6.38203 0.79
      vertex 80.4106 5.45911 0.79
    endloop
  endfacet
  facet normal 0 0 -1
    outer loop
      vertex 80.1 5.5 0.79
      vertex 80.3741 6.38203 0.79
      vertex 80.2566 5.48973 0.79
    endloop
  endfacet
  facet normal 0 0 -1
    outer loop
      vertex 80.1 5.5 0.79
      vertex 80.1 6.4 0.79
      vertex 80.3741 6.38203 0.79
    endloop
  endfacet
  facet normal 0 0 -1
    outer loop
      vertex 79.9434 5.48973 0.79
      vertex 80.1 6.4 0.79
      vertex 80.1 5.5 0.79
    endloop
  endfacet
  facet normal 0 0 -1
    outer loop
      vertex 79.9434 5.48973 0.79
      vertex 79.8259 6.38203 0.79
      vertex 80.1 6.4 0.79
    endloop
  endfacet
  facet normal 0 0 -1
    outer loop
      vertex 79.7894 5.45911 0.79
      vertex 79.8259 6.38203 0.79
      vertex 79.9434 5.48973 0.79
    endloop
  endfacet
  facet normal 0 0 -1
    outer loop
      vertex 79.5565 6.32844 0.79
      vertex 79.7894 5.45911 0.79
      vertex 79.6408 5.40866 0.79
    endloop
  endfacet
  facet normal 0 0 -1
    outer loop
      vertex 79.7894 5.45911 0.79
      vertex 79.5565 6.32844 0.79
      vertex 79.8259 6.38203 0.79
    endloop
  endfacet
  facet normal 0 0 -1
    outer loop
      vertex 79.2964 6.24015 0.79
      vertex 79.6408 5.40866 0.79
      vertex 79.5 5.33923 0.79
    endloop
  endfacet
  facet normal 0 0 -1
    outer loop
      vertex 79.05 6.11865 0.79
      vertex 79.5 5.33923 0.79
      vertex 79.3695 5.25202 0.79
    endloop
  endfacet
  facet normal 0 0 -1
    outer loop
      vertex 79.6408 5.40866 0.79
      vertex 79.2964 6.24015 0.79
      vertex 79.5565 6.32844 0.79
    endloop
  endfacet
  facet normal 0 0 -1
    outer loop
      vertex 78.8216 5.96604 0.79
      vertex 79.3695 5.25202 0.79
      vertex 79.2515 5.14853 0.79
    endloop
  endfacet
  facet normal 0 0 -1
    outer loop
      vertex 78.6151 5.78492 0.79
      vertex 79.2515 5.14853 0.79
      vertex 79.148 5.03051 0.79
    endloop
  endfacet
  facet normal 0 0 -1
    outer loop
      vertex 78.434 5.5784 0.79
      vertex 79.148 5.03051 0.79
      vertex 79.0608 4.9 0.79
    endloop
  endfacet
  facet normal 0 0 -1
    outer loop
      vertex 79.5 5.33923 0.79
      vertex 79.05 6.11865 0.79
      vertex 79.2964 6.24015 0.79
    endloop
  endfacet
  facet normal 0 0 -1
    outer loop
      vertex 78.2813 5.35 0.79
      vertex 79.0608 4.9 0.79
      vertex 78.9913 4.75922 0.79
    endloop
  endfacet
  facet normal 0 0 -1
    outer loop
      vertex 78.1599 5.10363 0.79
      vertex 78.9913 4.75922 0.79
      vertex 78.9409 4.61058 0.79
    endloop
  endfacet
  facet normal 0 0 -1
    outer loop
      vertex 78.0716 4.84352 0.79
      vertex 78.9409 4.61058 0.79
      vertex 78.9103 4.45663 0.79
    endloop
  endfacet
  facet normal 0 0 -1
    outer loop
      vertex 79.3695 5.25202 0.79
      vertex 78.8216 5.96604 0.79
      vertex 79.05 6.11865 0.79
    endloop
  endfacet
  facet normal 0 0 -1
    outer loop
      vertex 78.018 4.5741 0.79
      vertex 78.9103 4.45663 0.79
      vertex 78.9 4.3 0.79
    endloop
  endfacet
  facet normal 0 0 -1
    outer loop
      vertex 78.1599 3.49636 0.79
      vertex 78.9913 3.84078 0.79
      vertex 78.2813 3.25 0.79
    endloop
  endfacet
  facet normal -0 0 -1
    outer loop
      vertex 78.9913 3.84078 0.79
      vertex 78.1599 3.49636 0.79
      vertex 78.9409 3.98942 0.79
    endloop
  endfacet
  facet normal 0 0 -1
    outer loop
      vertex 79.2515 5.14853 0.79
      vertex 78.6151 5.78492 0.79
      vertex 78.8216 5.96604 0.79
    endloop
  endfacet
  facet normal 0 0 -1
    outer loop
      vertex 78.0716 3.75648 0.79
      vertex 78.9409 3.98942 0.79
      vertex 78.1599 3.49636 0.79
    endloop
  endfacet
  facet normal 0 0 -1
    outer loop
      vertex 79.148 5.03051 0.79
      vertex 78.434 5.5784 0.79
      vertex 78.6151 5.78492 0.79
    endloop
  endfacet
  facet normal -0 0 -1
    outer loop
      vertex 78.9409 3.98942 0.79
      vertex 78.0716 3.75648 0.79
      vertex 78.9103 4.14337 0.79
    endloop
  endfacet
  facet normal 0 0 -1
    outer loop
      vertex 79.0608 4.9 0.79
      vertex 78.2813 5.35 0.79
      vertex 78.434 5.5784 0.79
    endloop
  endfacet
  facet normal 0 0 -1
    outer loop
      vertex 78.018 4.02589 0.79
      vertex 78.9103 4.14337 0.79
      vertex 78.0716 3.75648 0.79
    endloop
  endfacet
  facet normal 0 0 -1
    outer loop
      vertex 78.9913 4.75922 0.79
      vertex 78.1599 5.10363 0.79
      vertex 78.2813 5.35 0.79
    endloop
  endfacet
  facet normal -0 0 -1
    outer loop
      vertex 78.9103 4.14337 0.79
      vertex 78.018 4.02589 0.79
      vertex 78.9 4.3 0.79
    endloop
  endfacet
  facet normal 0 0 -1
    outer loop
      vertex 78.9409 4.61058 0.79
      vertex 78.0716 4.84352 0.79
      vertex 78.1599 5.10363 0.79
    endloop
  endfacet
  facet normal 0 0 -1
    outer loop
      vertex 78 4.3 0.79
      vertex 78.9 4.3 0.79
      vertex 78.018 4.02589 0.79
    endloop
  endfacet
  facet normal 0 0 -1
    outer loop
      vertex 78.9103 4.45663 0.79
      vertex 78.018 4.5741 0.79
      vertex 78.0716 4.84352 0.79
    endloop
  endfacet
  facet normal 0 0 -1
    outer loop
      vertex 78.9 4.3 0.79
      vertex 78 4.3 0.79
      vertex 78.018 4.5741 0.79
    endloop
  endfacet
  facet normal 0.555565 -0.831473 0
    outer loop
      vertex 78.8216 5.96604 0
      vertex 79.05 6.11865 0.79
      vertex 78.8216 5.96604 0.79
    endloop
  endfacet
  facet normal 0.555565 -0.831473 0
    outer loop
      vertex 79.05 6.11865 0.79
      vertex 78.8216 5.96604 0
      vertex 79.05 6.11865 0
    endloop
  endfacet
  facet normal 0.659396 -0.751796 0
    outer loop
      vertex 78.6151 5.78492 0
      vertex 78.8216 5.96604 0.79
      vertex 78.6151 5.78492 0.79
    endloop
  endfacet
  facet normal 0.659396 -0.751796 0
    outer loop
      vertex 78.8216 5.96604 0.79
      vertex 78.6151 5.78492 0
      vertex 78.8216 5.96604 0
    endloop
  endfacet
  facet normal 0.321433 -0.946932 0
    outer loop
      vertex 79.2964 6.24015 0
      vertex 79.5565 6.32844 0.79
      vertex 79.2964 6.24015 0.79
    endloop
  endfacet
  facet normal 0.321433 -0.946932 0
    outer loop
      vertex 79.5565 6.32844 0.79
      vertex 79.2964 6.24015 0
      vertex 79.5565 6.32844 0
    endloop
  endfacet
  facet normal -0.321465 0.946921 0
    outer loop
      vertex 80.9036 2.35985 0
      vertex 80.6435 2.27155 0.79
      vertex 80.9036 2.35985 0.79
    endloop
  endfacet
  facet normal -0.321465 0.946921 0
    outer loop
      vertex 80.6435 2.27155 0.79
      vertex 80.9036 2.35985 0
      vertex 80.6435 2.27155 0
    endloop
  endfacet
  facet normal -0.751879 0.659301 0
    outer loop
      vertex 81.5849 2.81507 0
      vertex 81.766 3.0216 0.79
      vertex 81.766 3.0216 0
    endloop
  endfacet
  facet normal -0.751879 0.659301 0
    outer loop
      vertex 81.766 3.0216 0.79
      vertex 81.5849 2.81507 0
      vertex 81.5849 2.81507 0.79
    endloop
  endfacet
  facet normal -0.555565 0.831473 0
    outer loop
      vertex 81.3784 2.63396 0
      vertex 81.15 2.48135 0.79
      vertex 81.3784 2.63396 0.79
    endloop
  endfacet
  facet normal -0.555565 0.831473 0
    outer loop
      vertex 81.15 2.48135 0.79
      vertex 81.3784 2.63396 0
      vertex 81.15 2.48135 0
    endloop
  endfacet
  facet normal -0.946929 0.321443 0
    outer loop
      vertex 82.0401 3.49636 0
      vertex 82.1284 3.75648 0.79
      vertex 82.1284 3.75648 0
    endloop
  endfacet
  facet normal -0.946929 0.321443 0
    outer loop
      vertex 82.1284 3.75648 0.79
      vertex 82.0401 3.49636 0
      vertex 82.0401 3.49636 0.79
    endloop
  endfacet
  facet normal -0.831322 0.555792 0
    outer loop
      vertex 81.766 3.0216 0
      vertex 81.9187 3.25 0.79
      vertex 81.9187 3.25 0
    endloop
  endfacet
  facet normal -0.831322 0.555792 0
    outer loop
      vertex 81.9187 3.25 0.79
      vertex 81.766 3.0216 0
      vertex 81.766 3.0216 0.79
    endloop
  endfacet
  facet normal 0.442256 0.896889 -0
    outer loop
      vertex 79.2964 2.35985 0
      vertex 79.05 2.48135 0.79
      vertex 79.2964 2.35985 0.79
    endloop
  endfacet
  facet normal 0.442256 0.896889 0
    outer loop
      vertex 79.05 2.48135 0.79
      vertex 79.2964 2.35985 0
      vertex 79.05 2.48135 0
    endloop
  endfacet
  facet normal 0.0654196 0.997858 -0
    outer loop
      vertex 80.1 2.2 0
      vertex 79.8259 2.21797 0.79
      vertex 80.1 2.2 0.79
    endloop
  endfacet
  facet normal 0.0654196 0.997858 0
    outer loop
      vertex 79.8259 2.21797 0.79
      vertex 80.1 2.2 0
      vertex 79.8259 2.21797 0
    endloop
  endfacet
  facet normal 0.831322 0.555792 0
    outer loop
      vertex 78.434 3.0216 0.79
      vertex 78.2813 3.25 0
      vertex 78.2813 3.25 0.79
    endloop
  endfacet
  facet normal 0.831322 0.555792 0
    outer loop
      vertex 78.2813 3.25 0
      vertex 78.434 3.0216 0.79
      vertex 78.434 3.0216 0
    endloop
  endfacet
  facet normal 0.659375 0.751814 -0
    outer loop
      vertex 78.8216 2.63396 0
      vertex 78.6151 2.81507 0.79
      vertex 78.8216 2.63396 0.79
    endloop
  endfacet
  facet normal 0.659375 0.751814 0
    outer loop
      vertex 78.6151 2.81507 0.79
      vertex 78.8216 2.63396 0
      vertex 78.6151 2.81507 0
    endloop
  endfacet
  facet normal 0.946929 0.321443 0
    outer loop
      vertex 78.1599 3.49636 0.79
      vertex 78.0716 3.75648 0
      vertex 78.0716 3.75648 0.79
    endloop
  endfacet
  facet normal 0.946929 0.321443 0
    outer loop
      vertex 78.0716 3.75648 0
      vertex 78.1599 3.49636 0.79
      vertex 78.1599 3.49636 0
    endloop
  endfacet
  facet normal 0.997851 0.0655259 0
    outer loop
      vertex 78.018 4.02589 0.79
      vertex 78 4.3 0
      vertex 78 4.3 0.79
    endloop
  endfacet
  facet normal 0.997851 0.0655259 0
    outer loop
      vertex 78 4.3 0
      vertex 78.018 4.02589 0.79
      vertex 78.018 4.02589 0
    endloop
  endfacet
  facet normal -0.442256 0.896889 0
    outer loop
      vertex 81.15 2.48135 0
      vertex 80.9036 2.35985 0.79
      vertex 81.15 2.48135 0.79
    endloop
  endfacet
  facet normal -0.442256 0.896889 0
    outer loop
      vertex 80.9036 2.35985 0.79
      vertex 81.15 2.48135 0
      vertex 80.9036 2.35985 0
    endloop
  endfacet
  facet normal -0.659375 0.751814 0
    outer loop
      vertex 81.5849 2.81507 0
      vertex 81.3784 2.63396 0.79
      vertex 81.5849 2.81507 0.79
    endloop
  endfacet
  facet normal -0.659375 0.751814 0
    outer loop
      vertex 81.3784 2.63396 0.79
      vertex 81.5849 2.81507 0
      vertex 81.3784 2.63396 0
    endloop
  endfacet
  facet normal -0.980778 0.195129 0
    outer loop
      vertex 82.1284 3.75648 0
      vertex 82.182 4.02589 0.79
      vertex 82.182 4.02589 0
    endloop
  endfacet
  facet normal -0.980778 0.195129 0
    outer loop
      vertex 82.182 4.02589 0.79
      vertex 82.1284 3.75648 0
      vertex 82.1284 3.75648 0.79
    endloop
  endfacet
  facet normal -0.897005 0.442021 0
    outer loop
      vertex 81.9187 3.25 0
      vertex 82.0401 3.49636 0.79
      vertex 82.0401 3.49636 0
    endloop
  endfacet
  facet normal -0.897005 0.442021 0
    outer loop
      vertex 82.0401 3.49636 0.79
      vertex 81.9187 3.25 0
      vertex 81.9187 3.25 0.79
    endloop
  endfacet
  facet normal 0.751879 0.659301 0
    outer loop
      vertex 78.6151 2.81507 0.79
      vertex 78.434 3.0216 0
      vertex 78.434 3.0216 0.79
    endloop
  endfacet
  facet normal 0.751879 0.659301 0
    outer loop
      vertex 78.434 3.0216 0
      vertex 78.6151 2.81507 0.79
      vertex 78.6151 2.81507 0
    endloop
  endfacet
  facet normal 0.897005 0.442021 0
    outer loop
      vertex 78.2813 3.25 0.79
      vertex 78.1599 3.49636 0
      vertex 78.1599 3.49636 0.79
    endloop
  endfacet
  facet normal 0.897005 0.442021 0
    outer loop
      vertex 78.1599 3.49636 0
      vertex 78.2813 3.25 0.79
      vertex 78.2813 3.25 0
    endloop
  endfacet
  facet normal -0.997851 0.0655259 0
    outer loop
      vertex 82.182 4.02589 0
      vertex 82.2 4.3 0.79
      vertex 82.2 4.3 0
    endloop
  endfacet
  facet normal -0.997851 0.0655259 0
    outer loop
      vertex 82.2 4.3 0.79
      vertex 82.182 4.02589 0
      vertex 82.182 4.02589 0.79
    endloop
  endfacet
  facet normal -0.980815 -0.19494 0
    outer loop
      vertex 38.6914 22.0305 0
      vertex 38.6659 22.1588 1
      vertex 38.6659 22.1588 0
    endloop
  endfacet
  facet normal -0.980815 -0.19494 0
    outer loop
      vertex 38.6659 22.1588 1
      vertex 38.6914 22.0305 0
      vertex 38.6914 22.0305 1
    endloop
  endfacet
  facet normal 0.442621 -0.896709 0
    outer loop
      vertex 15.2 22.766 0
      vertex 15.3173 22.8239 1
      vertex 15.2 22.766 1
    endloop
  endfacet
  facet normal 0.442621 -0.896709 0
    outer loop
      vertex 15.3173 22.8239 1
      vertex 15.2 22.766 0
      vertex 15.3173 22.8239 0
    endloop
  endfacet
  facet normal 0.997836 0.0657577 0
    outer loop
      vertex 14.7086 10.6695 1
      vertex 14.7 10.8 0
      vertex 14.7 10.8 1
    endloop
  endfacet
  facet normal 0.997836 0.0657577 0
    outer loop
      vertex 14.7 10.8 0
      vertex 14.7086 10.6695 1
      vertex 14.7086 10.6695 0
    endloop
  endfacet
  facet normal 1 -0 0
    outer loop
      vertex 14.7 10.8 1
      vertex 14.7 21.9 0
      vertex 14.7 21.9 1
    endloop
  endfacet
  facet normal 1 0 0
    outer loop
      vertex 14.7 21.9 0
      vertex 14.7 10.8 1
      vertex 14.7 10.8 0
    endloop
  endfacet
  facet normal 0 -1 0
    outer loop
      vertex 15.7 22.9 0
      vertex 37.7 22.9 1
      vertex 15.7 22.9 1
    endloop
  endfacet
  facet normal 0 -1 -0
    outer loop
      vertex 37.7 22.9 1
      vertex 15.7 22.9 0
      vertex 37.7 22.9 0
    endloop
  endfacet
  facet normal 0 1 -0
    outer loop
      vertex 37.7 9.8 0
      vertex 15.7 9.8 1
      vertex 37.7 9.8 1
    endloop
  endfacet
  facet normal 0 1 0
    outer loop
      vertex 15.7 9.8 1
      vertex 37.7 9.8 0
      vertex 15.7 9.8 0
    endloop
  endfacet
  facet normal 0.831815 0.555053 0
    outer loop
      vertex 14.9066 10.1912 1
      vertex 14.834 10.3 0
      vertex 14.834 10.3 1
    endloop
  endfacet
  facet normal 0.831815 0.555053 0
    outer loop
      vertex 14.834 10.3 0
      vertex 14.9066 10.1912 1
      vertex 14.9066 10.1912 0
    endloop
  endfacet
  facet normal 0.751486 0.659749 0
    outer loop
      vertex 14.9929 10.0929 1
      vertex 14.9066 10.1912 0
      vertex 14.9066 10.1912 1
    endloop
  endfacet
  facet normal 0.751486 0.659749 0
    outer loop
      vertex 14.9066 10.1912 0
      vertex 14.9929 10.0929 1
      vertex 14.9929 10.0929 0
    endloop
  endfacet
  facet normal -0.442314 0.89686 0
    outer loop
      vertex 38.2 9.93397 0
      vertex 38.0827 9.87612 1
      vertex 38.2 9.93397 1
    endloop
  endfacet
  facet normal -0.442314 0.89686 0
    outer loop
      vertex 38.0827 9.87612 1
      vertex 38.2 9.93397 0
      vertex 38.0827 9.87612 0
    endloop
  endfacet
  facet normal 0.751486 -0.659749 0
    outer loop
      vertex 14.9066 22.5088 1
      vertex 14.9929 22.6071 0
      vertex 14.9929 22.6071 1
    endloop
  endfacet
  facet normal 0.751486 -0.659749 0
    outer loop
      vertex 14.9929 22.6071 0
      vertex 14.9066 22.5088 1
      vertex 14.9066 22.5088 0
    endloop
  endfacet
  facet normal 0.980815 0.19494 0
    outer loop
      vertex 14.7341 10.5412 1
      vertex 14.7086 10.6695 0
      vertex 14.7086 10.6695 1
    endloop
  endfacet
  facet normal 0.980815 0.19494 0
    outer loop
      vertex 14.7086 10.6695 0
      vertex 14.7341 10.5412 1
      vertex 14.7341 10.5412 0
    endloop
  endfacet
  facet normal -0.442621 -0.896709 0
    outer loop
      vertex 38.0827 22.8239 0
      vertex 38.2 22.766 1
      vertex 38.0827 22.8239 1
    endloop
  endfacet
  facet normal -0.442621 -0.896709 -0
    outer loop
      vertex 38.2 22.766 1
      vertex 38.0827 22.8239 0
      vertex 38.2 22.766 0
    endloop
  endfacet
  facet normal 0.555212 0.831709 -0
    outer loop
      vertex 15.2 9.93397 0
      vertex 15.0912 10.0066 1
      vertex 15.2 9.93397 1
    endloop
  endfacet
  facet normal 0.555212 0.831709 0
    outer loop
      vertex 15.0912 10.0066 1
      vertex 15.2 9.93397 0
      vertex 15.0912 10.0066 0
    endloop
  endfacet
  facet normal 0.659749 0.751486 -0
    outer loop
      vertex 15.0912 10.0066 0
      vertex 14.9929 10.0929 1
      vertex 15.0912 10.0066 1
    endloop
  endfacet
  facet normal 0.659749 0.751486 0
    outer loop
      vertex 14.9929 10.0929 1
      vertex 15.0912 10.0066 0
      vertex 14.9929 10.0929 0
    endloop
  endfacet
  facet normal -1 0 0
    outer loop
      vertex 38.7 10.8 0
      vertex 38.7 21.9 1
      vertex 38.7 21.9 0
    endloop
  endfacet
  facet normal -1 -0 0
    outer loop
      vertex 38.7 21.9 1
      vertex 38.7 10.8 0
      vertex 38.7 10.8 1
    endloop
  endfacet
  facet normal -0.195087 0.980786 0
    outer loop
      vertex 37.9588 9.83407 0
      vertex 37.8305 9.80855 1
      vertex 37.9588 9.83407 1
    endloop
  endfacet
  facet normal -0.195087 0.980786 0
    outer loop
      vertex 37.8305 9.80855 1
      vertex 37.9588 9.83407 0
      vertex 37.8305 9.80855 0
    endloop
  endfacet
  facet normal -0.0653771 0.997861 0
    outer loop
      vertex 37.8305 9.80855 0
      vertex 37.7 9.8 1
      vertex 37.8305 9.80855 1
    endloop
  endfacet
  facet normal -0.0653771 0.997861 0
    outer loop
      vertex 37.7 9.8 1
      vertex 37.8305 9.80855 0
      vertex 37.7 9.8 0
    endloop
  endfacet
  facet normal -0.321382 0.94695 0
    outer loop
      vertex 38.0827 9.87612 0
      vertex 37.9588 9.83407 1
      vertex 38.0827 9.87612 1
    endloop
  endfacet
  facet normal -0.321382 0.94695 0
    outer loop
      vertex 37.9588 9.83407 1
      vertex 38.0827 9.87612 0
      vertex 37.9588 9.83407 0
    endloop
  endfacet
  facet normal 0.997836 -0.0657577 0
    outer loop
      vertex 14.7 21.9 1
      vertex 14.7086 22.0305 0
      vertex 14.7086 22.0305 1
    endloop
  endfacet
  facet normal 0.997836 -0.0657577 0
    outer loop
      vertex 14.7086 22.0305 0
      vertex 14.7 21.9 1
      vertex 14.7 21.9 0
    endloop
  endfacet
  facet normal 0.947066 0.321039 0
    outer loop
      vertex 14.7761 10.4173 1
      vertex 14.7341 10.5412 0
      vertex 14.7341 10.5412 1
    endloop
  endfacet
  facet normal 0.947066 0.321039 0
    outer loop
      vertex 14.7341 10.5412 0
      vertex 14.7761 10.4173 1
      vertex 14.7761 10.4173 0
    endloop
  endfacet
  facet normal -0.751486 -0.659749 0
    outer loop
      vertex 38.4934 22.5088 0
      vertex 38.4071 22.6071 1
      vertex 38.4071 22.6071 0
    endloop
  endfacet
  facet normal -0.751486 -0.659749 0
    outer loop
      vertex 38.4071 22.6071 1
      vertex 38.4934 22.5088 0
      vertex 38.4934 22.5088 1
    endloop
  endfacet
  facet normal 0.555053 -0.831815 0
    outer loop
      vertex 15.0912 22.6934 0
      vertex 15.2 22.766 1
      vertex 15.0912 22.6934 1
    endloop
  endfacet
  facet normal 0.555053 -0.831815 0
    outer loop
      vertex 15.2 22.766 1
      vertex 15.0912 22.6934 0
      vertex 15.2 22.766 0
    endloop
  endfacet
  facet normal 0.19494 -0.980815 0
    outer loop
      vertex 15.4412 22.8659 0
      vertex 15.5695 22.8914 1
      vertex 15.4412 22.8659 1
    endloop
  endfacet
  facet normal 0.19494 -0.980815 0
    outer loop
      vertex 15.5695 22.8914 1
      vertex 15.4412 22.8659 0
      vertex 15.5695 22.8914 0
    endloop
  endfacet
  facet normal 0.442314 0.89686 -0
    outer loop
      vertex 15.3173 9.87612 0
      vertex 15.2 9.93397 1
      vertex 15.3173 9.87612 1
    endloop
  endfacet
  facet normal 0.442314 0.89686 0
    outer loop
      vertex 15.2 9.93397 1
      vertex 15.3173 9.87612 0
      vertex 15.2 9.93397 0
    endloop
  endfacet
  facet normal 0.321382 0.94695 -0
    outer loop
      vertex 15.4412 9.83407 0
      vertex 15.3173 9.87612 1
      vertex 15.4412 9.83407 1
    endloop
  endfacet
  facet normal 0.321382 0.94695 0
    outer loop
      vertex 15.3173 9.87612 1
      vertex 15.4412 9.83407 0
      vertex 15.3173 9.87612 0
    endloop
  endfacet
  facet normal 0.195087 0.980786 -0
    outer loop
      vertex 15.5695 9.80855 0
      vertex 15.4412 9.83407 1
      vertex 15.5695 9.80855 1
    endloop
  endfacet
  facet normal 0.195087 0.980786 0
    outer loop
      vertex 15.4412 9.83407 1
      vertex 15.5695 9.80855 0
      vertex 15.4412 9.83407 0
    endloop
  endfacet
  facet normal 0.0653771 0.997861 -0
    outer loop
      vertex 15.7 9.8 0
      vertex 15.5695 9.80855 1
      vertex 15.7 9.8 1
    endloop
  endfacet
  facet normal 0.0653771 0.997861 0
    outer loop
      vertex 15.5695 9.80855 1
      vertex 15.7 9.8 0
      vertex 15.5695 9.80855 0
    endloop
  endfacet
  facet normal -0.997836 -0.0657577 0
    outer loop
      vertex 38.7 21.9 0
      vertex 38.6914 22.0305 1
      vertex 38.6914 22.0305 0
    endloop
  endfacet
  facet normal -0.997836 -0.0657577 0
    outer loop
      vertex 38.6914 22.0305 1
      vertex 38.7 21.9 0
      vertex 38.7 21.9 1
    endloop
  endfacet
  facet normal 0.980815 -0.19494 0
    outer loop
      vertex 14.7086 22.0305 1
      vertex 14.7341 22.1588 0
      vertex 14.7341 22.1588 1
    endloop
  endfacet
  facet normal 0.980815 -0.19494 0
    outer loop
      vertex 14.7341 22.1588 0
      vertex 14.7086 22.0305 1
      vertex 14.7086 22.0305 0
    endloop
  endfacet
  facet normal 0.831815 -0.555053 0
    outer loop
      vertex 14.834 22.4 1
      vertex 14.9066 22.5088 0
      vertex 14.9066 22.5088 1
    endloop
  endfacet
  facet normal 0.831815 -0.555053 0
    outer loop
      vertex 14.9066 22.5088 0
      vertex 14.834 22.4 1
      vertex 14.834 22.4 0
    endloop
  endfacet
  facet normal 0.896709 0.442621 0
    outer loop
      vertex 14.834 10.3 1
      vertex 14.7761 10.4173 0
      vertex 14.7761 10.4173 1
    endloop
  endfacet
  facet normal 0.896709 0.442621 0
    outer loop
      vertex 14.7761 10.4173 0
      vertex 14.834 10.3 1
      vertex 14.834 10.3 0
    endloop
  endfacet
  facet normal -0.0657577 -0.997836 0
    outer loop
      vertex 37.7 22.9 0
      vertex 37.8305 22.8914 1
      vertex 37.7 22.9 1
    endloop
  endfacet
  facet normal -0.0657577 -0.997836 -0
    outer loop
      vertex 37.8305 22.8914 1
      vertex 37.7 22.9 0
      vertex 37.8305 22.8914 0
    endloop
  endfacet
  facet normal -0.321039 -0.947066 0
    outer loop
      vertex 37.9588 22.8659 0
      vertex 38.0827 22.8239 1
      vertex 37.9588 22.8659 1
    endloop
  endfacet
  facet normal -0.321039 -0.947066 -0
    outer loop
      vertex 38.0827 22.8239 1
      vertex 37.9588 22.8659 0
      vertex 38.0827 22.8239 0
    endloop
  endfacet
  facet normal -0.555053 -0.831815 0
    outer loop
      vertex 38.2 22.766 0
      vertex 38.3088 22.6934 1
      vertex 38.2 22.766 1
    endloop
  endfacet
  facet normal -0.555053 -0.831815 -0
    outer loop
      vertex 38.3088 22.6934 1
      vertex 38.2 22.766 0
      vertex 38.3088 22.6934 0
    endloop
  endfacet
  facet normal 0.659749 -0.751486 0
    outer loop
      vertex 14.9929 22.6071 0
      vertex 15.0912 22.6934 1
      vertex 14.9929 22.6071 1
    endloop
  endfacet
  facet normal 0.659749 -0.751486 0
    outer loop
      vertex 15.0912 22.6934 1
      vertex 14.9929 22.6071 0
      vertex 15.0912 22.6934 0
    endloop
  endfacet
  facet normal 0.0657577 -0.997836 0
    outer loop
      vertex 15.5695 22.8914 0
      vertex 15.7 22.9 1
      vertex 15.5695 22.8914 1
    endloop
  endfacet
  facet normal 0.0657577 -0.997836 0
    outer loop
      vertex 15.7 22.9 1
      vertex 15.5695 22.8914 0
      vertex 15.7 22.9 0
    endloop
  endfacet
  facet normal 0.321039 -0.947066 0
    outer loop
      vertex 15.3173 22.8239 0
      vertex 15.4412 22.8659 1
      vertex 15.3173 22.8239 1
    endloop
  endfacet
  facet normal 0.321039 -0.947066 0
    outer loop
      vertex 15.4412 22.8659 1
      vertex 15.3173 22.8239 0
      vertex 15.4412 22.8659 0
    endloop
  endfacet
  facet normal -0.555212 0.831709 0
    outer loop
      vertex 38.3088 10.0066 0
      vertex 38.2 9.93397 1
      vertex 38.3088 10.0066 1
    endloop
  endfacet
  facet normal -0.555212 0.831709 0
    outer loop
      vertex 38.2 9.93397 1
      vertex 38.3088 10.0066 0
      vertex 38.2 9.93397 0
    endloop
  endfacet
  facet normal -0.980815 0.19494 0
    outer loop
      vertex 38.6659 10.5412 0
      vertex 38.6914 10.6695 1
      vertex 38.6914 10.6695 0
    endloop
  endfacet
  facet normal -0.980815 0.19494 0
    outer loop
      vertex 38.6914 10.6695 1
      vertex 38.6659 10.5412 0
      vertex 38.6659 10.5412 1
    endloop
  endfacet
  facet normal -0.997836 0.0657577 0
    outer loop
      vertex 38.6914 10.6695 0
      vertex 38.7 10.8 1
      vertex 38.7 10.8 0
    endloop
  endfacet
  facet normal -0.997836 0.0657577 0
    outer loop
      vertex 38.7 10.8 1
      vertex 38.6914 10.6695 0
      vertex 38.6914 10.6695 1
    endloop
  endfacet
  facet normal -0.947066 -0.321039 0
    outer loop
      vertex 38.6659 22.1588 0
      vertex 38.6239 22.2827 1
      vertex 38.6239 22.2827 0
    endloop
  endfacet
  facet normal -0.947066 -0.321039 0
    outer loop
      vertex 38.6239 22.2827 1
      vertex 38.6659 22.1588 0
      vertex 38.6659 22.1588 1
    endloop
  endfacet
  facet normal -0.831815 -0.555053 0
    outer loop
      vertex 38.566 22.4 0
      vertex 38.4934 22.5088 1
      vertex 38.4934 22.5088 0
    endloop
  endfacet
  facet normal -0.831815 -0.555053 0
    outer loop
      vertex 38.4934 22.5088 1
      vertex 38.566 22.4 0
      vertex 38.566 22.4 1
    endloop
  endfacet
  facet normal 0.947066 -0.321039 0
    outer loop
      vertex 14.7341 22.1588 1
      vertex 14.7761 22.2827 0
      vertex 14.7761 22.2827 1
    endloop
  endfacet
  facet normal 0.947066 -0.321039 0
    outer loop
      vertex 14.7761 22.2827 0
      vertex 14.7341 22.1588 1
      vertex 14.7341 22.1588 0
    endloop
  endfacet
  facet normal 0.896709 -0.442621 0
    outer loop
      vertex 14.7761 22.2827 1
      vertex 14.834 22.4 0
      vertex 14.834 22.4 1
    endloop
  endfacet
  facet normal 0.896709 -0.442621 0
    outer loop
      vertex 14.834 22.4 0
      vertex 14.7761 22.2827 1
      vertex 14.7761 22.2827 0
    endloop
  endfacet
  facet normal -0.19494 -0.980815 0
    outer loop
      vertex 37.8305 22.8914 0
      vertex 37.9588 22.8659 1
      vertex 37.8305 22.8914 1
    endloop
  endfacet
  facet normal -0.19494 -0.980815 -0
    outer loop
      vertex 37.9588 22.8659 1
      vertex 37.8305 22.8914 0
      vertex 37.9588 22.8659 0
    endloop
  endfacet
  facet normal -0.659749 -0.751486 0
    outer loop
      vertex 38.3088 22.6934 0
      vertex 38.4071 22.6071 1
      vertex 38.3088 22.6934 1
    endloop
  endfacet
  facet normal -0.659749 -0.751486 -0
    outer loop
      vertex 38.4071 22.6071 1
      vertex 38.3088 22.6934 0
      vertex 38.4071 22.6071 0
    endloop
  endfacet
  facet normal -0.831815 0.555053 0
    outer loop
      vertex 38.4934 10.1912 0
      vertex 38.566 10.3 1
      vertex 38.566 10.3 0
    endloop
  endfacet
  facet normal -0.831815 0.555053 0
    outer loop
      vertex 38.566 10.3 1
      vertex 38.4934 10.1912 0
      vertex 38.4934 10.1912 1
    endloop
  endfacet
  facet normal -0.751486 0.659749 0
    outer loop
      vertex 38.4071 10.0929 0
      vertex 38.4934 10.1912 1
      vertex 38.4934 10.1912 0
    endloop
  endfacet
  facet normal -0.751486 0.659749 0
    outer loop
      vertex 38.4934 10.1912 1
      vertex 38.4071 10.0929 0
      vertex 38.4071 10.0929 1
    endloop
  endfacet
  facet normal -0.947066 0.321039 0
    outer loop
      vertex 38.6239 10.4173 0
      vertex 38.6659 10.5412 1
      vertex 38.6659 10.5412 0
    endloop
  endfacet
  facet normal -0.947066 0.321039 0
    outer loop
      vertex 38.6659 10.5412 1
      vertex 38.6239 10.4173 0
      vertex 38.6239 10.4173 1
    endloop
  endfacet
  facet normal -0.896709 0.442621 0
    outer loop
      vertex 38.566 10.3 0
      vertex 38.6239 10.4173 1
      vertex 38.6239 10.4173 0
    endloop
  endfacet
  facet normal -0.896709 0.442621 0
    outer loop
      vertex 38.6239 10.4173 1
      vertex 38.566 10.3 0
      vertex 38.566 10.3 1
    endloop
  endfacet
  facet normal -0.896709 -0.442621 0
    outer loop
      vertex 38.6239 22.2827 0
      vertex 38.566 22.4 1
      vertex 38.566 22.4 0
    endloop
  endfacet
  facet normal -0.896709 -0.442621 0
    outer loop
      vertex 38.566 22.4 1
      vertex 38.6239 22.2827 0
      vertex 38.6239 22.2827 1
    endloop
  endfacet
  facet normal -0.659749 0.751486 0
    outer loop
      vertex 38.4071 10.0929 0
      vertex 38.3088 10.0066 1
      vertex 38.4071 10.0929 1
    endloop
  endfacet
  facet normal -0.659749 0.751486 0
    outer loop
      vertex 38.3088 10.0066 1
      vertex 38.4071 10.0929 0
      vertex 38.3088 10.0066 0
    endloop
  endfacet
  facet normal 0 -1 0
    outer loop
      vertex 14.4 24.9 1
      vertex 44.9 24.9 1.6
      vertex 14.4 24.9 1.6
    endloop
  endfacet
  facet normal 0 -1 -0
    outer loop
      vertex 44.9 24.9 1.6
      vertex 14.4 24.9 1
      vertex 44.9 24.9 1
    endloop
  endfacet
  facet normal -1 0 0
    outer loop
      vertex 46.4 9.3 1
      vertex 46.4 23.4 1.6
      vertex 46.4 23.4 1
    endloop
  endfacet
  facet normal -1 -0 0
    outer loop
      vertex 46.4 23.4 1.6
      vertex 46.4 9.3 1
      vertex 46.4 9.3 1.6
    endloop
  endfacet
  facet normal -0.89683 0.442376 0
    outer loop
      vertex 46.199 8.55 1
      vertex 46.2858 8.72597 1.6
      vertex 46.2858 8.72597 1
    endloop
  endfacet
  facet normal -0.89683 0.442376 0
    outer loop
      vertex 46.2858 8.72597 1.6
      vertex 46.199 8.55 1
      vertex 46.199 8.55 1.6
    endloop
  endfacet
  facet normal 1 -0 0
    outer loop
      vertex 12.9 9.3 1.6
      vertex 12.9 23.4 1
      vertex 12.9 23.4 1.6
    endloop
  endfacet
  facet normal 1 0 0
    outer loop
      vertex 12.9 23.4 1
      vertex 12.9 9.3 1.6
      vertex 12.9 9.3 1
    endloop
  endfacet
  facet normal 0.946885 -0.321574 0
    outer loop
      vertex 12.9511 23.7882 1.6
      vertex 13.0142 23.974 1
      vertex 13.0142 23.974 1.6
    endloop
  endfacet
  facet normal 0.946885 -0.321574 0
    outer loop
      vertex 13.0142 23.974 1
      vertex 12.9511 23.7882 1.6
      vertex 12.9511 23.7882 1
    endloop
  endfacet
  facet normal -0.442233 0.8969 0
    outer loop
      vertex 45.65 8.00096 1
      vertex 45.474 7.91418 1.6
      vertex 45.65 8.00096 1.6
    endloop
  endfacet
  facet normal -0.442233 0.8969 0
    outer loop
      vertex 45.474 7.91418 1.6
      vertex 45.65 8.00096 1
      vertex 45.474 7.91418 1
    endloop
  endfacet
  facet normal 0 1 -0
    outer loop
      vertex 44.9 7.8 1
      vertex 14.4 7.8 1.6
      vertex 44.9 7.8 1.6
    endloop
  endfacet
  facet normal 0 1 0
    outer loop
      vertex 14.4 7.8 1.6
      vertex 44.9 7.8 1
      vertex 14.4 7.8 1
    endloop
  endfacet
  facet normal -0.0652336 -0.99787 0
    outer loop
      vertex 44.9 24.9 1
      vertex 45.0958 24.8872 1.6
      vertex 44.9 24.9 1.6
    endloop
  endfacet
  facet normal -0.0652336 -0.99787 -0
    outer loop
      vertex 45.0958 24.8872 1.6
      vertex 44.9 24.9 1
      vertex 45.0958 24.8872 1
    endloop
  endfacet
  facet normal -0.195234 -0.980757 0
    outer loop
      vertex 45.0958 24.8872 1
      vertex 45.2882 24.8489 1.6
      vertex 45.0958 24.8872 1.6
    endloop
  endfacet
  facet normal -0.195234 -0.980757 -0
    outer loop
      vertex 45.2882 24.8489 1.6
      vertex 45.0958 24.8872 1
      vertex 45.2882 24.8489 1
    endloop
  endfacet
  facet normal -0.555641 -0.831422 0
    outer loop
      vertex 45.65 24.699 1
      vertex 45.8131 24.59 1.6
      vertex 45.65 24.699 1.6
    endloop
  endfacet
  facet normal -0.555641 -0.831422 -0
    outer loop
      vertex 45.8131 24.59 1.6
      vertex 45.65 24.699 1
      vertex 45.8131 24.59 1
    endloop
  endfacet
  facet normal -0.321574 -0.946885 0
    outer loop
      vertex 45.2882 24.8489 1
      vertex 45.474 24.7858 1.6
      vertex 45.2882 24.8489 1.6
    endloop
  endfacet
  facet normal -0.321574 -0.946885 -0
    outer loop
      vertex 45.474 24.7858 1.6
      vertex 45.2882 24.8489 1
      vertex 45.474 24.7858 1
    endloop
  endfacet
  facet normal -0.89686 -0.442315 0
    outer loop
      vertex 46.2858 23.974 1
      vertex 46.199 24.15 1.6
      vertex 46.199 24.15 1
    endloop
  endfacet
  facet normal -0.89686 -0.442315 0
    outer loop
      vertex 46.199 24.15 1.6
      vertex 46.2858 23.974 1
      vertex 46.2858 23.974 1.6
    endloop
  endfacet
  facet normal -0.658937 -0.752198 0
    outer loop
      vertex 45.8131 24.59 1
      vertex 45.9607 24.4607 1.6
      vertex 45.8131 24.59 1.6
    endloop
  endfacet
  facet normal -0.658937 -0.752198 -0
    outer loop
      vertex 45.9607 24.4607 1.6
      vertex 45.8131 24.59 1
      vertex 45.9607 24.4607 1
    endloop
  endfacet
  facet normal -0.0653858 0.99786 0
    outer loop
      vertex 45.0958 7.81283 1
      vertex 44.9 7.8 1.6
      vertex 45.0958 7.81283 1.6
    endloop
  endfacet
  facet normal -0.0653858 0.99786 0
    outer loop
      vertex 44.9 7.8 1.6
      vertex 45.0958 7.81283 1
      vertex 44.9 7.8 1
    endloop
  endfacet
  facet normal -0.321437 0.946931 0
    outer loop
      vertex 45.474 7.91418 1
      vertex 45.2882 7.85111 1.6
      vertex 45.474 7.91418 1.6
    endloop
  endfacet
  facet normal -0.321437 0.946931 0
    outer loop
      vertex 45.2882 7.85111 1.6
      vertex 45.474 7.91418 1
      vertex 45.2882 7.85111 1
    endloop
  endfacet
  facet normal 0.831422 -0.555641 0
    outer loop
      vertex 13.101 24.15 1.6
      vertex 13.21 24.3131 1
      vertex 13.21 24.3131 1.6
    endloop
  endfacet
  facet normal 0.831422 -0.555641 0
    outer loop
      vertex 13.21 24.3131 1
      vertex 13.101 24.15 1.6
      vertex 13.101 24.15 1
    endloop
  endfacet
  facet normal 0.831485 0.555547 0
    outer loop
      vertex 13.21 8.38686 1.6
      vertex 13.101 8.55 1
      vertex 13.101 8.55 1.6
    endloop
  endfacet
  facet normal 0.831485 0.555547 0
    outer loop
      vertex 13.101 8.55 1
      vertex 13.21 8.38686 1.6
      vertex 13.21 8.38686 1
    endloop
  endfacet
  facet normal 0.195234 -0.980757 0
    outer loop
      vertex 14.0118 24.8489 1
      vertex 14.2042 24.8872 1.6
      vertex 14.0118 24.8489 1.6
    endloop
  endfacet
  facet normal 0.195234 -0.980757 0
    outer loop
      vertex 14.2042 24.8872 1.6
      vertex 14.0118 24.8489 1
      vertex 14.2042 24.8872 1
    endloop
  endfacet
  facet normal 0.0652336 -0.99787 0
    outer loop
      vertex 14.2042 24.8872 1
      vertex 14.4 24.9 1.6
      vertex 14.2042 24.8872 1.6
    endloop
  endfacet
  facet normal 0.0652336 -0.99787 0
    outer loop
      vertex 14.4 24.9 1.6
      vertex 14.2042 24.8872 1
      vertex 14.4 24.9 1
    endloop
  endfacet
  facet normal 0.442315 -0.89686 0
    outer loop
      vertex 13.65 24.699 1
      vertex 13.826 24.7858 1.6
      vertex 13.65 24.699 1.6
    endloop
  endfacet
  facet normal 0.442315 -0.89686 0
    outer loop
      vertex 13.826 24.7858 1.6
      vertex 13.65 24.699 1
      vertex 13.826 24.7858 1
    endloop
  endfacet
  facet normal 0.321574 -0.946885 0
    outer loop
      vertex 13.826 24.7858 1
      vertex 14.0118 24.8489 1.6
      vertex 13.826 24.7858 1.6
    endloop
  endfacet
  facet normal 0.321574 -0.946885 0
    outer loop
      vertex 14.0118 24.8489 1.6
      vertex 13.826 24.7858 1
      vertex 14.0118 24.8489 1
    endloop
  endfacet
  facet normal -0.442315 -0.89686 0
    outer loop
      vertex 45.474 24.7858 1
      vertex 45.65 24.699 1.6
      vertex 45.474 24.7858 1.6
    endloop
  endfacet
  facet normal -0.442315 -0.89686 -0
    outer loop
      vertex 45.65 24.699 1.6
      vertex 45.474 24.7858 1
      vertex 45.65 24.699 1
    endloop
  endfacet
  facet normal -0.946885 -0.321574 0
    outer loop
      vertex 46.3489 23.7882 1
      vertex 46.2858 23.974 1.6
      vertex 46.2858 23.974 1
    endloop
  endfacet
  facet normal -0.946885 -0.321574 0
    outer loop
      vertex 46.2858 23.974 1.6
      vertex 46.3489 23.7882 1
      vertex 46.3489 23.7882 1.6
    endloop
  endfacet
  facet normal -0.980757 -0.195234 0
    outer loop
      vertex 46.3872 23.5958 1
      vertex 46.3489 23.7882 1.6
      vertex 46.3489 23.7882 1
    endloop
  endfacet
  facet normal -0.980757 -0.195234 0
    outer loop
      vertex 46.3489 23.7882 1.6
      vertex 46.3872 23.5958 1
      vertex 46.3872 23.5958 1.6
    endloop
  endfacet
  facet normal -0.99787 -0.0652336 0
    outer loop
      vertex 46.4 23.4 1
      vertex 46.3872 23.5958 1.6
      vertex 46.3872 23.5958 1
    endloop
  endfacet
  facet normal -0.99787 -0.0652336 0
    outer loop
      vertex 46.3872 23.5958 1.6
      vertex 46.4 23.4 1
      vertex 46.4 23.4 1.6
    endloop
  endfacet
  facet normal -0.752198 -0.658937 0
    outer loop
      vertex 46.09 24.3131 1
      vertex 45.9607 24.4607 1.6
      vertex 45.9607 24.4607 1
    endloop
  endfacet
  facet normal -0.752198 -0.658937 0
    outer loop
      vertex 45.9607 24.4607 1.6
      vertex 46.09 24.3131 1
      vertex 46.09 24.3131 1.6
    endloop
  endfacet
  facet normal -0.831422 -0.555641 0
    outer loop
      vertex 46.199 24.15 1
      vertex 46.09 24.3131 1.6
      vertex 46.09 24.3131 1
    endloop
  endfacet
  facet normal -0.831422 -0.555641 0
    outer loop
      vertex 46.09 24.3131 1.6
      vertex 46.199 24.15 1
      vertex 46.199 24.15 1.6
    endloop
  endfacet
  facet normal -0.555676 0.831399 0
    outer loop
      vertex 45.8131 8.10997 1
      vertex 45.65 8.00096 1.6
      vertex 45.8131 8.10997 1.6
    endloop
  endfacet
  facet normal -0.555676 0.831399 0
    outer loop
      vertex 45.65 8.00096 1.6
      vertex 45.8131 8.10997 1
      vertex 45.65 8.00096 1
    endloop
  endfacet
  facet normal -0.659139 0.752021 0
    outer loop
      vertex 45.9607 8.23934 1
      vertex 45.8131 8.10997 1.6
      vertex 45.9607 8.23934 1.6
    endloop
  endfacet
  facet normal -0.659139 0.752021 0
    outer loop
      vertex 45.8131 8.10997 1.6
      vertex 45.9607 8.23934 1
      vertex 45.8131 8.10997 1
    endloop
  endfacet
  facet normal 0.195136 0.980776 -0
    outer loop
      vertex 14.2042 7.81283 1
      vertex 14.0118 7.85111 1.6
      vertex 14.2042 7.81283 1.6
    endloop
  endfacet
  facet normal 0.195136 0.980776 0
    outer loop
      vertex 14.0118 7.85111 1.6
      vertex 14.2042 7.81283 1
      vertex 14.0118 7.85111 1
    endloop
  endfacet
  facet normal 0.0653858 0.99786 -0
    outer loop
      vertex 14.4 7.8 1
      vertex 14.2042 7.81283 1.6
      vertex 14.4 7.8 1.6
    endloop
  endfacet
  facet normal 0.0653858 0.99786 0
    outer loop
      vertex 14.2042 7.81283 1.6
      vertex 14.4 7.8 1
      vertex 14.2042 7.81283 1
    endloop
  endfacet
  facet normal 0.555676 0.831399 -0
    outer loop
      vertex 13.65 8.00096 1
      vertex 13.4869 8.10997 1.6
      vertex 13.65 8.00096 1.6
    endloop
  endfacet
  facet normal 0.555676 0.831399 0
    outer loop
      vertex 13.4869 8.10997 1.6
      vertex 13.65 8.00096 1
      vertex 13.4869 8.10997 1
    endloop
  endfacet
  facet normal 0.658937 -0.752198 0
    outer loop
      vertex 13.3393 24.4607 1
      vertex 13.4869 24.59 1.6
      vertex 13.3393 24.4607 1.6
    endloop
  endfacet
  facet normal 0.658937 -0.752198 0
    outer loop
      vertex 13.4869 24.59 1.6
      vertex 13.3393 24.4607 1
      vertex 13.4869 24.59 1
    endloop
  endfacet
  facet normal 0.752198 -0.658937 0
    outer loop
      vertex 13.21 24.3131 1.6
      vertex 13.3393 24.4607 1
      vertex 13.3393 24.4607 1.6
    endloop
  endfacet
  facet normal 0.752198 -0.658937 0
    outer loop
      vertex 13.3393 24.4607 1
      vertex 13.21 24.3131 1.6
      vertex 13.21 24.3131 1
    endloop
  endfacet
  facet normal 0.99787 -0.0652336 0
    outer loop
      vertex 12.9 23.4 1.6
      vertex 12.9128 23.5958 1
      vertex 12.9128 23.5958 1.6
    endloop
  endfacet
  facet normal 0.99787 -0.0652336 0
    outer loop
      vertex 12.9128 23.5958 1
      vertex 12.9 23.4 1.6
      vertex 12.9 23.4 1
    endloop
  endfacet
  facet normal 0.980757 -0.195234 0
    outer loop
      vertex 12.9128 23.5958 1.6
      vertex 12.9511 23.7882 1
      vertex 12.9511 23.7882 1.6
    endloop
  endfacet
  facet normal 0.980757 -0.195234 0
    outer loop
      vertex 12.9511 23.7882 1
      vertex 12.9128 23.5958 1.6
      vertex 12.9128 23.5958 1
    endloop
  endfacet
  facet normal 0.89686 -0.442315 0
    outer loop
      vertex 13.0142 23.974 1.6
      vertex 13.101 24.15 1
      vertex 13.101 24.15 1.6
    endloop
  endfacet
  facet normal 0.89686 -0.442315 0
    outer loop
      vertex 13.101 24.15 1
      vertex 13.0142 23.974 1.6
      vertex 13.0142 23.974 1
    endloop
  endfacet
  facet normal 0.659139 0.752021 -0
    outer loop
      vertex 13.4869 8.10997 1
      vertex 13.3393 8.23934 1.6
      vertex 13.4869 8.10997 1.6
    endloop
  endfacet
  facet normal 0.659139 0.752021 0
    outer loop
      vertex 13.3393 8.23934 1.6
      vertex 13.4869 8.10997 1
      vertex 13.3393 8.23934 1
    endloop
  endfacet
  facet normal 0.946885 0.321574 0
    outer loop
      vertex 13.0142 8.72597 1.6
      vertex 12.9511 8.91177 1
      vertex 12.9511 8.91177 1.6
    endloop
  endfacet
  facet normal 0.946885 0.321574 0
    outer loop
      vertex 12.9511 8.91177 1
      vertex 13.0142 8.72597 1.6
      vertex 13.0142 8.72597 1
    endloop
  endfacet
  facet normal 0 0 1
    outer loop
      vertex 44.9 24.9 1
      vertex 46.4 23.4 1
      vertex 46.3872 23.5958 1
    endloop
  endfacet
  facet normal 0 0 1
    outer loop
      vertex 46.4 23.4 1
      vertex 38.7 21.9 1
      vertex 46.4 9.3 1
    endloop
  endfacet
  facet normal 0 0 1
    outer loop
      vertex 44.9 24.9 1
      vertex 46.3872 23.5958 1
      vertex 46.3489 23.7882 1
    endloop
  endfacet
  facet normal -0 0 1
    outer loop
      vertex 38.7 10.8 1
      vertex 46.4 9.3 1
      vertex 38.7 21.9 1
    endloop
  endfacet
  facet normal 0 0 1
    outer loop
      vertex 44.9 24.9 1
      vertex 46.3489 23.7882 1
      vertex 46.2858 23.974 1
    endloop
  endfacet
  facet normal 0 -0 1
    outer loop
      vertex 44.9 7.8 1
      vertex 46.4 9.3 1
      vertex 38.7 10.8 1
    endloop
  endfacet
  facet normal 0 0 1
    outer loop
      vertex 44.9 24.9 1
      vertex 46.2858 23.974 1
      vertex 46.199 24.15 1
    endloop
  endfacet
  facet normal 0 0 1
    outer loop
      vertex 46.4 9.3 1
      vertex 44.9 7.8 1
      vertex 46.3872 9.10421 1
    endloop
  endfacet
  facet normal 0 0 1
    outer loop
      vertex 44.9 24.9 1
      vertex 46.199 24.15 1
      vertex 46.09 24.3131 1
    endloop
  endfacet
  facet normal 0 0 1
    outer loop
      vertex 46.3872 9.10421 1
      vertex 44.9 7.8 1
      vertex 46.3489 8.91177 1
    endloop
  endfacet
  facet normal 0 0 1
    outer loop
      vertex 44.9 24.9 1
      vertex 46.09 24.3131 1
      vertex 45.9607 24.4607 1
    endloop
  endfacet
  facet normal 0 0 1
    outer loop
      vertex 46.3489 8.91177 1
      vertex 44.9 7.8 1
      vertex 46.2858 8.72597 1
    endloop
  endfacet
  facet normal 0 0 1
    outer loop
      vertex 44.9 24.9 1
      vertex 45.9607 24.4607 1
      vertex 45.8131 24.59 1
    endloop
  endfacet
  facet normal 0 0 1
    outer loop
      vertex 46.2858 8.72597 1
      vertex 44.9 7.8 1
      vertex 46.199 8.55 1
    endloop
  endfacet
  facet normal 0 0 1
    outer loop
      vertex 44.9 24.9 1
      vertex 45.8131 24.59 1
      vertex 45.65 24.699 1
    endloop
  endfacet
  facet normal 0 0 1
    outer loop
      vertex 46.199 8.55 1
      vertex 44.9 7.8 1
      vertex 46.09 8.38686 1
    endloop
  endfacet
  facet normal 0 0 1
    outer loop
      vertex 44.9 24.9 1
      vertex 45.65 24.699 1
      vertex 45.474 24.7858 1
    endloop
  endfacet
  facet normal 0 0 1
    outer loop
      vertex 46.09 8.38686 1
      vertex 44.9 7.8 1
      vertex 45.9607 8.23934 1
    endloop
  endfacet
  facet normal 0 0 1
    outer loop
      vertex 44.9 24.9 1
      vertex 45.474 24.7858 1
      vertex 45.2882 24.8489 1
    endloop
  endfacet
  facet normal 0 0 1
    outer loop
      vertex 45.9607 8.23934 1
      vertex 44.9 7.8 1
      vertex 45.8131 8.10997 1
    endloop
  endfacet
  facet normal 0 0 1
    outer loop
      vertex 44.9 24.9 1
      vertex 45.2882 24.8489 1
      vertex 45.0958 24.8872 1
    endloop
  endfacet
  facet normal 0 0 1
    outer loop
      vertex 45.8131 8.10997 1
      vertex 44.9 7.8 1
      vertex 45.65 8.00096 1
    endloop
  endfacet
  facet normal 0 0 1
    outer loop
      vertex 46.4 23.4 1
      vertex 44.9 24.9 1
      vertex 38.7 21.9 1
    endloop
  endfacet
  facet normal 0 0 1
    outer loop
      vertex 45.65 8.00096 1
      vertex 44.9 7.8 1
      vertex 45.474 7.91418 1
    endloop
  endfacet
  facet normal 0 0 1
    outer loop
      vertex 45.474 7.91418 1
      vertex 44.9 7.8 1
      vertex 45.2882 7.85111 1
    endloop
  endfacet
  facet normal 0 0 1
    outer loop
      vertex 44.9 24.9 1
      vertex 38.6914 22.0305 1
      vertex 38.7 21.9 1
    endloop
  endfacet
  facet normal 0 0 1
    outer loop
      vertex 44.9 24.9 1
      vertex 38.6659 22.1588 1
      vertex 38.6914 22.0305 1
    endloop
  endfacet
  facet normal 0 0 1
    outer loop
      vertex 44.9 24.9 1
      vertex 38.6239 22.2827 1
      vertex 38.6659 22.1588 1
    endloop
  endfacet
  facet normal 0 0 1
    outer loop
      vertex 44.9 24.9 1
      vertex 38.566 22.4 1
      vertex 38.6239 22.2827 1
    endloop
  endfacet
  facet normal 0 0 1
    outer loop
      vertex 44.9 24.9 1
      vertex 38.4934 22.5088 1
      vertex 38.566 22.4 1
    endloop
  endfacet
  facet normal 0 0 1
    outer loop
      vertex 44.9 24.9 1
      vertex 38.4071 22.6071 1
      vertex 38.4934 22.5088 1
    endloop
  endfacet
  facet normal 0 0 1
    outer loop
      vertex 44.9 24.9 1
      vertex 38.3088 22.6934 1
      vertex 38.4071 22.6071 1
    endloop
  endfacet
  facet normal 0 0 1
    outer loop
      vertex 44.9 24.9 1
      vertex 38.2 22.766 1
      vertex 38.3088 22.6934 1
    endloop
  endfacet
  facet normal 0 0 1
    outer loop
      vertex 44.9 24.9 1
      vertex 38.0827 22.8239 1
      vertex 38.2 22.766 1
    endloop
  endfacet
  facet normal 0 0 1
    outer loop
      vertex 44.9 24.9 1
      vertex 37.9588 22.8659 1
      vertex 38.0827 22.8239 1
    endloop
  endfacet
  facet normal 0 0 1
    outer loop
      vertex 44.9 24.9 1
      vertex 37.8305 22.8914 1
      vertex 37.9588 22.8659 1
    endloop
  endfacet
  facet normal 0 0 1
    outer loop
      vertex 44.9 24.9 1
      vertex 37.7 22.9 1
      vertex 37.8305 22.8914 1
    endloop
  endfacet
  facet normal -0 0 1
    outer loop
      vertex 14.4 24.9 1
      vertex 37.7 22.9 1
      vertex 44.9 24.9 1
    endloop
  endfacet
  facet normal 0 0 1
    outer loop
      vertex 37.7 22.9 1
      vertex 14.4 24.9 1
      vertex 15.7 22.9 1
    endloop
  endfacet
  facet normal 0 0 1
    outer loop
      vertex 14.7086 22.0305 1
      vertex 12.9 23.4 1
      vertex 14.7 21.9 1
    endloop
  endfacet
  facet normal 0 0 1
    outer loop
      vertex 14.7341 22.1588 1
      vertex 12.9 23.4 1
      vertex 14.7086 22.0305 1
    endloop
  endfacet
  facet normal 0 0 1
    outer loop
      vertex 14.7761 22.2827 1
      vertex 12.9 23.4 1
      vertex 14.7341 22.1588 1
    endloop
  endfacet
  facet normal 0 0 1
    outer loop
      vertex 14.834 22.4 1
      vertex 12.9 23.4 1
      vertex 14.7761 22.2827 1
    endloop
  endfacet
  facet normal 0 0 1
    outer loop
      vertex 14.9066 22.5088 1
      vertex 12.9 23.4 1
      vertex 14.834 22.4 1
    endloop
  endfacet
  facet normal 0 0 1
    outer loop
      vertex 14.9929 22.6071 1
      vertex 12.9 23.4 1
      vertex 14.9066 22.5088 1
    endloop
  endfacet
  facet normal -0 0 1
    outer loop
      vertex 12.9 23.4 1
      vertex 14.9929 22.6071 1
      vertex 14.4 24.9 1
    endloop
  endfacet
  facet normal 0 0 1
    outer loop
      vertex 15.0912 22.6934 1
      vertex 14.4 24.9 1
      vertex 14.9929 22.6071 1
    endloop
  endfacet
  facet normal 0 0 1
    outer loop
      vertex 15.2 22.766 1
      vertex 14.4 24.9 1
      vertex 15.0912 22.6934 1
    endloop
  endfacet
  facet normal 0 0 1
    outer loop
      vertex 15.3173 22.8239 1
      vertex 14.4 24.9 1
      vertex 15.2 22.766 1
    endloop
  endfacet
  facet normal 0 0 1
    outer loop
      vertex 15.4412 22.8659 1
      vertex 14.4 24.9 1
      vertex 15.3173 22.8239 1
    endloop
  endfacet
  facet normal 0 0 1
    outer loop
      vertex 15.5695 22.8914 1
      vertex 14.4 24.9 1
      vertex 15.4412 22.8659 1
    endloop
  endfacet
  facet normal 0 0 1
    outer loop
      vertex 15.7 22.9 1
      vertex 14.4 24.9 1
      vertex 15.5695 22.8914 1
    endloop
  endfacet
  facet normal 0 0 1
    outer loop
      vertex 45.2882 7.85111 1
      vertex 44.9 7.8 1
      vertex 45.0958 7.81283 1
    endloop
  endfacet
  facet normal -0 0 1
    outer loop
      vertex 38.6914 10.6695 1
      vertex 44.9 7.8 1
      vertex 38.7 10.8 1
    endloop
  endfacet
  facet normal -0 0 1
    outer loop
      vertex 38.6659 10.5412 1
      vertex 44.9 7.8 1
      vertex 38.6914 10.6695 1
    endloop
  endfacet
  facet normal -0 0 1
    outer loop
      vertex 38.6239 10.4173 1
      vertex 44.9 7.8 1
      vertex 38.6659 10.5412 1
    endloop
  endfacet
  facet normal -0 0 1
    outer loop
      vertex 38.566 10.3 1
      vertex 44.9 7.8 1
      vertex 38.6239 10.4173 1
    endloop
  endfacet
  facet normal -0 0 1
    outer loop
      vertex 38.4934 10.1912 1
      vertex 44.9 7.8 1
      vertex 38.566 10.3 1
    endloop
  endfacet
  facet normal -0 0 1
    outer loop
      vertex 38.4071 10.0929 1
      vertex 44.9 7.8 1
      vertex 38.4934 10.1912 1
    endloop
  endfacet
  facet normal -0 0 1
    outer loop
      vertex 38.3088 10.0066 1
      vertex 44.9 7.8 1
      vertex 38.4071 10.0929 1
    endloop
  endfacet
  facet normal -0 0 1
    outer loop
      vertex 38.2 9.93397 1
      vertex 44.9 7.8 1
      vertex 38.3088 10.0066 1
    endloop
  endfacet
  facet normal -0 0 1
    outer loop
      vertex 38.0827 9.87612 1
      vertex 44.9 7.8 1
      vertex 38.2 9.93397 1
    endloop
  endfacet
  facet normal -0 0 1
    outer loop
      vertex 37.9588 9.83407 1
      vertex 44.9 7.8 1
      vertex 38.0827 9.87612 1
    endloop
  endfacet
  facet normal -0 0 1
    outer loop
      vertex 37.8305 9.80855 1
      vertex 44.9 7.8 1
      vertex 37.9588 9.83407 1
    endloop
  endfacet
  facet normal -0 0 1
    outer loop
      vertex 37.7 9.8 1
      vertex 44.9 7.8 1
      vertex 37.8305 9.80855 1
    endloop
  endfacet
  facet normal 0 0 1
    outer loop
      vertex 14.4 7.8 1
      vertex 37.7 9.8 1
      vertex 15.7 9.8 1
    endloop
  endfacet
  facet normal 0 0 1
    outer loop
      vertex 14.4 7.8 1
      vertex 15.7 9.8 1
      vertex 15.5695 9.80855 1
    endloop
  endfacet
  facet normal 0 0 1
    outer loop
      vertex 37.7 9.8 1
      vertex 14.4 7.8 1
      vertex 44.9 7.8 1
    endloop
  endfacet
  facet normal 0 0 1
    outer loop
      vertex 15.4412 9.83407 1
      vertex 14.4 7.8 1
      vertex 15.5695 9.80855 1
    endloop
  endfacet
  facet normal 0 0 1
    outer loop
      vertex 15.3173 9.87612 1
      vertex 14.4 7.8 1
      vertex 15.4412 9.83407 1
    endloop
  endfacet
  facet normal 0 0 1
    outer loop
      vertex 15.2 9.93397 1
      vertex 14.4 7.8 1
      vertex 15.3173 9.87612 1
    endloop
  endfacet
  facet normal 0 0 1
    outer loop
      vertex 15.0912 10.0066 1
      vertex 14.4 7.8 1
      vertex 15.2 9.93397 1
    endloop
  endfacet
  facet normal 0 0 1
    outer loop
      vertex 13.4869 8.10997 1
      vertex 15.0912 10.0066 1
      vertex 14.9929 10.0929 1
    endloop
  endfacet
  facet normal 0 0 1
    outer loop
      vertex 12.9 9.3 1
      vertex 14.9929 10.0929 1
      vertex 14.9066 10.1912 1
    endloop
  endfacet
  facet normal 0 0 1
    outer loop
      vertex 12.9 9.3 1
      vertex 14.9066 10.1912 1
      vertex 14.834 10.3 1
    endloop
  endfacet
  facet normal 0 0 1
    outer loop
      vertex 12.9 9.3 1
      vertex 14.834 10.3 1
      vertex 14.7761 10.4173 1
    endloop
  endfacet
  facet normal 0 0 1
    outer loop
      vertex 12.9 9.3 1
      vertex 14.7761 10.4173 1
      vertex 14.7341 10.5412 1
    endloop
  endfacet
  facet normal 0 0 1
    outer loop
      vertex 12.9 9.3 1
      vertex 14.7341 10.5412 1
      vertex 14.7086 10.6695 1
    endloop
  endfacet
  facet normal 0 0 1
    outer loop
      vertex 12.9 9.3 1
      vertex 14.7086 10.6695 1
      vertex 14.7 10.8 1
    endloop
  endfacet
  facet normal 0 0 1
    outer loop
      vertex 14.7 21.9 1
      vertex 12.9 23.4 1
      vertex 14.7 10.8 1
    endloop
  endfacet
  facet normal 0 0 1
    outer loop
      vertex 12.9 23.4 1
      vertex 14.4 24.9 1
      vertex 14.2042 24.8872 1
    endloop
  endfacet
  facet normal 0 0 1
    outer loop
      vertex 12.9 9.3 1
      vertex 14.7 10.8 1
      vertex 12.9 23.4 1
    endloop
  endfacet
  facet normal 0 0 1
    outer loop
      vertex 12.9 23.4 1
      vertex 14.2042 24.8872 1
      vertex 14.0118 24.8489 1
    endloop
  endfacet
  facet normal 0 0 1
    outer loop
      vertex 14.9929 10.0929 1
      vertex 12.9 9.3 1
      vertex 12.9128 9.10421 1
    endloop
  endfacet
  facet normal 0 0 1
    outer loop
      vertex 12.9 23.4 1
      vertex 14.0118 24.8489 1
      vertex 13.826 24.7858 1
    endloop
  endfacet
  facet normal 0 0 1
    outer loop
      vertex 15.0912 10.0066 1
      vertex 14.2042 7.81283 1
      vertex 14.4 7.8 1
    endloop
  endfacet
  facet normal 0 0 1
    outer loop
      vertex 12.9 23.4 1
      vertex 13.826 24.7858 1
      vertex 13.65 24.699 1
    endloop
  endfacet
  facet normal 0 0 1
    outer loop
      vertex 15.0912 10.0066 1
      vertex 14.0118 7.85111 1
      vertex 14.2042 7.81283 1
    endloop
  endfacet
  facet normal 0 0 1
    outer loop
      vertex 12.9 23.4 1
      vertex 13.65 24.699 1
      vertex 13.4869 24.59 1
    endloop
  endfacet
  facet normal 0 0 1
    outer loop
      vertex 15.0912 10.0066 1
      vertex 13.826 7.91418 1
      vertex 14.0118 7.85111 1
    endloop
  endfacet
  facet normal 0 0 1
    outer loop
      vertex 12.9 23.4 1
      vertex 13.4869 24.59 1
      vertex 13.3393 24.4607 1
    endloop
  endfacet
  facet normal 0 0 1
    outer loop
      vertex 15.0912 10.0066 1
      vertex 13.65 8.00096 1
      vertex 13.826 7.91418 1
    endloop
  endfacet
  facet normal 0 0 1
    outer loop
      vertex 12.9 23.4 1
      vertex 13.3393 24.4607 1
      vertex 13.21 24.3131 1
    endloop
  endfacet
  facet normal 0 0 1
    outer loop
      vertex 15.0912 10.0066 1
      vertex 13.4869 8.10997 1
      vertex 13.65 8.00096 1
    endloop
  endfacet
  facet normal 0 0 1
    outer loop
      vertex 12.9 23.4 1
      vertex 13.21 24.3131 1
      vertex 13.101 24.15 1
    endloop
  endfacet
  facet normal 0 0 1
    outer loop
      vertex 14.9929 10.0929 1
      vertex 13.3393 8.23934 1
      vertex 13.4869 8.10997 1
    endloop
  endfacet
  facet normal 0 0 1
    outer loop
      vertex 12.9 23.4 1
      vertex 13.101 24.15 1
      vertex 13.0142 23.974 1
    endloop
  endfacet
  facet normal 0 0 1
    outer loop
      vertex 14.9929 10.0929 1
      vertex 13.21 8.38686 1
      vertex 13.3393 8.23934 1
    endloop
  endfacet
  facet normal 0 0 1
    outer loop
      vertex 12.9 23.4 1
      vertex 13.0142 23.974 1
      vertex 12.9511 23.7882 1
    endloop
  endfacet
  facet normal 0 0 1
    outer loop
      vertex 14.9929 10.0929 1
      vertex 13.101 8.55 1
      vertex 13.21 8.38686 1
    endloop
  endfacet
  facet normal 0 0 1
    outer loop
      vertex 12.9 23.4 1
      vertex 12.9511 23.7882 1
      vertex 12.9128 23.5958 1
    endloop
  endfacet
  facet normal 0 0 1
    outer loop
      vertex 14.9929 10.0929 1
      vertex 13.0142 8.72597 1
      vertex 13.101 8.55 1
    endloop
  endfacet
  facet normal 0 0 1
    outer loop
      vertex 14.9929 10.0929 1
      vertex 12.9511 8.91177 1
      vertex 13.0142 8.72597 1
    endloop
  endfacet
  facet normal 0 0 1
    outer loop
      vertex 14.9929 10.0929 1
      vertex 12.9128 9.10421 1
      vertex 12.9511 8.91177 1
    endloop
  endfacet
  facet normal 0.89683 0.442376 0
    outer loop
      vertex 13.101 8.55 1.6
      vertex 13.0142 8.72597 1
      vertex 13.0142 8.72597 1.6
    endloop
  endfacet
  facet normal 0.89683 0.442376 0
    outer loop
      vertex 13.0142 8.72597 1
      vertex 13.101 8.55 1.6
      vertex 13.101 8.55 1
    endloop
  endfacet
  facet normal -0.980764 0.195195 0
    outer loop
      vertex 46.3489 8.91177 1
      vertex 46.3872 9.10421 1.6
      vertex 46.3872 9.10421 1
    endloop
  endfacet
  facet normal -0.980764 0.195195 0
    outer loop
      vertex 46.3872 9.10421 1.6
      vertex 46.3489 8.91177 1
      vertex 46.3489 8.91177 1.6
    endloop
  endfacet
  facet normal -0.946885 0.321574 0
    outer loop
      vertex 46.2858 8.72597 1
      vertex 46.3489 8.91177 1.6
      vertex 46.3489 8.91177 1
    endloop
  endfacet
  facet normal -0.946885 0.321574 0
    outer loop
      vertex 46.3489 8.91177 1.6
      vertex 46.2858 8.72597 1
      vertex 46.2858 8.72597 1.6
    endloop
  endfacet
  facet normal -0.99787 0.0652369 0
    outer loop
      vertex 46.3872 9.10421 1
      vertex 46.4 9.3 1.6
      vertex 46.4 9.3 1
    endloop
  endfacet
  facet normal -0.99787 0.0652369 0
    outer loop
      vertex 46.4 9.3 1.6
      vertex 46.3872 9.10421 1
      vertex 46.3872 9.10421 1.6
    endloop
  endfacet
  facet normal -0.831485 0.555547 0
    outer loop
      vertex 46.09 8.38686 1
      vertex 46.199 8.55 1.6
      vertex 46.199 8.55 1
    endloop
  endfacet
  facet normal -0.831485 0.555547 0
    outer loop
      vertex 46.199 8.55 1.6
      vertex 46.09 8.38686 1
      vertex 46.09 8.38686 1.6
    endloop
  endfacet
  facet normal -0.752021 0.65914 0
    outer loop
      vertex 45.9607 8.23934 1
      vertex 46.09 8.38686 1.6
      vertex 46.09 8.38686 1
    endloop
  endfacet
  facet normal -0.752021 0.65914 0
    outer loop
      vertex 46.09 8.38686 1.6
      vertex 45.9607 8.23934 1
      vertex 45.9607 8.23934 1.6
    endloop
  endfacet
  facet normal 0.442233 0.8969 -0
    outer loop
      vertex 13.826 7.91418 1
      vertex 13.65 8.00096 1.6
      vertex 13.826 7.91418 1.6
    endloop
  endfacet
  facet normal 0.442233 0.8969 0
    outer loop
      vertex 13.65 8.00096 1.6
      vertex 13.826 7.91418 1
      vertex 13.65 8.00096 1
    endloop
  endfacet
  facet normal 0.321437 0.946931 -0
    outer loop
      vertex 14.0118 7.85111 1
      vertex 13.826 7.91418 1.6
      vertex 14.0118 7.85111 1.6
    endloop
  endfacet
  facet normal 0.321437 0.946931 0
    outer loop
      vertex 13.826 7.91418 1.6
      vertex 14.0118 7.85111 1
      vertex 13.826 7.91418 1
    endloop
  endfacet
  facet normal -0.195136 0.980776 0
    outer loop
      vertex 45.2882 7.85111 1
      vertex 45.0958 7.81283 1.6
      vertex 45.2882 7.85111 1.6
    endloop
  endfacet
  facet normal -0.195136 0.980776 0
    outer loop
      vertex 45.0958 7.81283 1.6
      vertex 45.2882 7.85111 1
      vertex 45.0958 7.81283 1
    endloop
  endfacet
  facet normal 0.555641 -0.831422 0
    outer loop
      vertex 13.4869 24.59 1
      vertex 13.65 24.699 1.6
      vertex 13.4869 24.59 1.6
    endloop
  endfacet
  facet normal 0.555641 -0.831422 0
    outer loop
      vertex 13.65 24.699 1.6
      vertex 13.4869 24.59 1
      vertex 13.65 24.699 1
    endloop
  endfacet
  facet normal 0.752021 0.65914 0
    outer loop
      vertex 13.3393 8.23934 1.6
      vertex 13.21 8.38686 1
      vertex 13.21 8.38686 1.6
    endloop
  endfacet
  facet normal 0.752021 0.65914 0
    outer loop
      vertex 13.21 8.38686 1
      vertex 13.3393 8.23934 1.6
      vertex 13.3393 8.23934 1
    endloop
  endfacet
  facet normal 0.980764 0.195195 0
    outer loop
      vertex 12.9511 8.91177 1.6
      vertex 12.9128 9.10421 1
      vertex 12.9128 9.10421 1.6
    endloop
  endfacet
  facet normal 0.980764 0.195195 0
    outer loop
      vertex 12.9128 9.10421 1
      vertex 12.9511 8.91177 1.6
      vertex 12.9511 8.91177 1
    endloop
  endfacet
  facet normal 0.99787 0.0652369 0
    outer loop
      vertex 12.9128 9.10421 1.6
      vertex 12.9 9.3 1
      vertex 12.9 9.3 1.6
    endloop
  endfacet
  facet normal 0.99787 0.0652369 0
    outer loop
      vertex 12.9 9.3 1
      vertex 12.9128 9.10421 1.6
      vertex 12.9128 9.10421 1
    endloop
  endfacet
  facet normal -0.99786 -0.0653902 0
    outer loop
      vertex 8.62 24.1 0
      vertex 8.60289 24.3611 1.6
      vertex 8.60289 24.3611 0
    endloop
  endfacet
  facet normal -0.99786 -0.0653902 0
    outer loop
      vertex 8.60289 24.3611 1.6
      vertex 8.62 24.1 0
      vertex 8.62 24.1 1.6
    endloop
  endfacet
  facet normal 0.0653646 -0.997861 0
    outer loop
      vertex 6.35895 26.0829 0
      vertex 6.62 26.1 1.6
      vertex 6.35895 26.0829 1.6
    endloop
  endfacet
  facet normal 0.0653646 -0.997861 0
    outer loop
      vertex 6.62 26.1 1.6
      vertex 6.35895 26.0829 0
      vertex 6.62 26.1 0
    endloop
  endfacet
  facet normal -0.659362 -0.751826 0
    outer loop
      vertex 7.83752 25.6867 0
      vertex 8.03421 25.5142 1.6
      vertex 7.83752 25.6867 1.6
    endloop
  endfacet
  facet normal -0.659362 -0.751826 -0
    outer loop
      vertex 8.03421 25.5142 1.6
      vertex 7.83752 25.6867 0
      vertex 8.03421 25.5142 0
    endloop
  endfacet
  facet normal 0.751842 -0.659343 0
    outer loop
      vertex 5.03329 25.3175 1.6
      vertex 5.20579 25.5142 0
      vertex 5.20579 25.5142 1.6
    endloop
  endfacet
  facet normal 0.751842 -0.659343 0
    outer loop
      vertex 5.20579 25.5142 0
      vertex 5.03329 25.3175 1.6
      vertex 5.03329 25.3175 0
    endloop
  endfacet
  facet normal 0.442268 -0.896883 0
    outer loop
      vertex 5.62 25.8321 0
      vertex 5.85463 25.9478 1.6
      vertex 5.62 25.8321 1.6
    endloop
  endfacet
  facet normal 0.442268 -0.896883 0
    outer loop
      vertex 5.85463 25.9478 1.6
      vertex 5.62 25.8321 0
      vertex 5.85463 25.9478 0
    endloop
  endfacet
  facet normal -0.896845 -0.442344 0
    outer loop
      vertex 8.46776 24.8654 0
      vertex 8.35205 25.1 1.6
      vertex 8.35205 25.1 0
    endloop
  endfacet
  facet normal -0.896845 -0.442344 0
    outer loop
      vertex 8.35205 25.1 1.6
      vertex 8.46776 24.8654 0
      vertex 8.46776 24.8654 1.6
    endloop
  endfacet
  facet normal -0.980771 -0.19516 0
    outer loop
      vertex 8.60289 24.3611 0
      vertex 8.55185 24.6176 1.6
      vertex 8.55185 24.6176 0
    endloop
  endfacet
  facet normal -0.980771 -0.19516 0
    outer loop
      vertex 8.55185 24.6176 1.6
      vertex 8.60289 24.3611 0
      vertex 8.60289 24.3611 1.6
    endloop
  endfacet
  facet normal -0.321463 -0.946922 0
    outer loop
      vertex 7.13764 26.0319 0
      vertex 7.38537 25.9478 1.6
      vertex 7.13764 26.0319 1.6
    endloop
  endfacet
  facet normal -0.321463 -0.946922 -0
    outer loop
      vertex 7.38537 25.9478 1.6
      vertex 7.13764 26.0319 0
      vertex 7.38537 25.9478 0
    endloop
  endfacet
  facet normal -0.194947 -0.980814 0
    outer loop
      vertex 6.88105 26.0829 0
      vertex 7.13764 26.0319 1.6
      vertex 6.88105 26.0829 1.6
    endloop
  endfacet
  facet normal -0.194947 -0.980814 -0
    outer loop
      vertex 7.13764 26.0319 1.6
      vertex 6.88105 26.0829 0
      vertex 7.13764 26.0319 0
    endloop
  endfacet
  facet normal -0.555723 -0.831368 0
    outer loop
      vertex 7.62 25.8321 0
      vertex 7.83752 25.6867 1.6
      vertex 7.62 25.8321 1.6
    endloop
  endfacet
  facet normal -0.555723 -0.831368 -0
    outer loop
      vertex 7.83752 25.6867 1.6
      vertex 7.62 25.8321 0
      vertex 7.83752 25.6867 0
    endloop
  endfacet
  facet normal 0.896845 -0.442344 0
    outer loop
      vertex 4.77224 24.8654 1.6
      vertex 4.88795 25.1 0
      vertex 4.88795 25.1 1.6
    endloop
  endfacet
  facet normal 0.896845 -0.442344 0
    outer loop
      vertex 4.88795 25.1 0
      vertex 4.77224 24.8654 1.6
      vertex 4.77224 24.8654 0
    endloop
  endfacet
  facet normal 0.83145 -0.5556 0
    outer loop
      vertex 4.88795 25.1 1.6
      vertex 5.03329 25.3175 0
      vertex 5.03329 25.3175 1.6
    endloop
  endfacet
  facet normal 0.83145 -0.5556 0
    outer loop
      vertex 5.03329 25.3175 0
      vertex 4.88795 25.1 1.6
      vertex 4.88795 25.1 0
    endloop
  endfacet
  facet normal 0.980771 -0.19516 0
    outer loop
      vertex 4.63711 24.3611 1.6
      vertex 4.68815 24.6176 0
      vertex 4.68815 24.6176 1.6
    endloop
  endfacet
  facet normal 0.980771 -0.19516 0
    outer loop
      vertex 4.68815 24.6176 0
      vertex 4.63711 24.3611 1.6
      vertex 4.63711 24.3611 0
    endloop
  endfacet
  facet normal 0.99786 0.0653902 0
    outer loop
      vertex 4.63711 23.8389 1.6
      vertex 4.62 24.1 0
      vertex 4.62 24.1 1.6
    endloop
  endfacet
  facet normal 0.99786 0.0653902 0
    outer loop
      vertex 4.62 24.1 0
      vertex 4.63711 23.8389 1.6
      vertex 4.63711 23.8389 0
    endloop
  endfacet
  facet normal 0.555723 -0.831368 0
    outer loop
      vertex 5.40248 25.6867 0
      vertex 5.62 25.8321 1.6
      vertex 5.40248 25.6867 1.6
    endloop
  endfacet
  facet normal 0.555723 -0.831368 0
    outer loop
      vertex 5.62 25.8321 1.6
      vertex 5.40248 25.6867 0
      vertex 5.62 25.8321 0
    endloop
  endfacet
  facet normal 0.194947 -0.980814 0
    outer loop
      vertex 6.10236 26.0319 0
      vertex 6.35895 26.0829 1.6
      vertex 6.10236 26.0319 1.6
    endloop
  endfacet
  facet normal 0.194947 -0.980814 0
    outer loop
      vertex 6.35895 26.0829 1.6
      vertex 6.10236 26.0319 0
      vertex 6.35895 26.0829 0
    endloop
  endfacet
  facet normal -0.99786 0.0653902 0
    outer loop
      vertex 8.60289 23.8389 0
      vertex 8.62 24.1 1.6
      vertex 8.62 24.1 0
    endloop
  endfacet
  facet normal -0.99786 0.0653902 0
    outer loop
      vertex 8.62 24.1 1.6
      vertex 8.60289 23.8389 0
      vertex 8.60289 23.8389 1.6
    endloop
  endfacet
  facet normal 0.194947 0.980814 -0
    outer loop
      vertex 6.35895 22.1171 0
      vertex 6.10236 22.1681 1.6
      vertex 6.35895 22.1171 1.6
    endloop
  endfacet
  facet normal 0.194947 0.980814 0
    outer loop
      vertex 6.10236 22.1681 1.6
      vertex 6.35895 22.1171 0
      vertex 6.10236 22.1681 0
    endloop
  endfacet
  facet normal -0.194947 0.980814 0
    outer loop
      vertex 7.13764 22.1681 0
      vertex 6.88105 22.1171 1.6
      vertex 7.13764 22.1681 1.6
    endloop
  endfacet
  facet normal -0.194947 0.980814 0
    outer loop
      vertex 6.88105 22.1171 1.6
      vertex 7.13764 22.1681 0
      vertex 6.88105 22.1171 0
    endloop
  endfacet
  facet normal -0.946961 -0.321348 0
    outer loop
      vertex 8.55185 24.6176 0
      vertex 8.46776 24.8654 1.6
      vertex 8.46776 24.8654 0
    endloop
  endfacet
  facet normal -0.946961 -0.321348 0
    outer loop
      vertex 8.46776 24.8654 1.6
      vertex 8.55185 24.6176 0
      vertex 8.55185 24.6176 1.6
    endloop
  endfacet
  facet normal -0.751842 -0.659343 0
    outer loop
      vertex 8.20671 25.3175 0
      vertex 8.03421 25.5142 1.6
      vertex 8.03421 25.5142 0
    endloop
  endfacet
  facet normal -0.751842 -0.659343 0
    outer loop
      vertex 8.03421 25.5142 1.6
      vertex 8.20671 25.3175 0
      vertex 8.20671 25.3175 1.6
    endloop
  endfacet
  facet normal -0.83145 -0.5556 0
    outer loop
      vertex 8.35205 25.1 0
      vertex 8.20671 25.3175 1.6
      vertex 8.20671 25.3175 0
    endloop
  endfacet
  facet normal -0.83145 -0.5556 0
    outer loop
      vertex 8.20671 25.3175 1.6
      vertex 8.35205 25.1 0
      vertex 8.35205 25.1 1.6
    endloop
  endfacet
  facet normal -0.0653646 -0.997861 0
    outer loop
      vertex 6.62 26.1 0
      vertex 6.88105 26.0829 1.6
      vertex 6.62 26.1 1.6
    endloop
  endfacet
  facet normal -0.0653646 -0.997861 -0
    outer loop
      vertex 6.88105 26.0829 1.6
      vertex 6.62 26.1 0
      vertex 6.88105 26.0829 0
    endloop
  endfacet
  facet normal -0.442268 -0.896883 0
    outer loop
      vertex 7.38537 25.9478 0
      vertex 7.62 25.8321 1.6
      vertex 7.38537 25.9478 1.6
    endloop
  endfacet
  facet normal -0.442268 -0.896883 -0
    outer loop
      vertex 7.62 25.8321 1.6
      vertex 7.38537 25.9478 0
      vertex 7.62 25.8321 0
    endloop
  endfacet
  facet normal 0.946961 -0.321348 0
    outer loop
      vertex 4.68815 24.6176 1.6
      vertex 4.77224 24.8654 0
      vertex 4.77224 24.8654 1.6
    endloop
  endfacet
  facet normal 0.946961 -0.321348 0
    outer loop
      vertex 4.77224 24.8654 0
      vertex 4.68815 24.6176 1.6
      vertex 4.68815 24.6176 0
    endloop
  endfacet
  facet normal 0.321463 -0.946922 0
    outer loop
      vertex 5.85463 25.9478 0
      vertex 6.10236 26.0319 1.6
      vertex 5.85463 25.9478 1.6
    endloop
  endfacet
  facet normal 0.321463 -0.946922 0
    outer loop
      vertex 6.10236 26.0319 1.6
      vertex 5.85463 25.9478 0
      vertex 6.10236 26.0319 0
    endloop
  endfacet
  facet normal -0.946961 0.321348 0
    outer loop
      vertex 8.46776 23.3346 0
      vertex 8.55185 23.5824 1.6
      vertex 8.55185 23.5824 0
    endloop
  endfacet
  facet normal -0.946961 0.321348 0
    outer loop
      vertex 8.55185 23.5824 1.6
      vertex 8.46776 23.3346 0
      vertex 8.46776 23.3346 1.6
    endloop
  endfacet
  facet normal -0.980771 0.19516 0
    outer loop
      vertex 8.55185 23.5824 0
      vertex 8.60289 23.8389 1.6
      vertex 8.60289 23.8389 0
    endloop
  endfacet
  facet normal -0.980771 0.19516 0
    outer loop
      vertex 8.60289 23.8389 1.6
      vertex 8.55185 23.5824 0
      vertex 8.55185 23.5824 1.6
    endloop
  endfacet
  facet normal 0.83145 0.5556 0
    outer loop
      vertex 5.03329 22.8825 1.6
      vertex 4.88795 23.1 0
      vertex 4.88795 23.1 1.6
    endloop
  endfacet
  facet normal 0.83145 0.5556 0
    outer loop
      vertex 4.88795 23.1 0
      vertex 5.03329 22.8825 1.6
      vertex 5.03329 22.8825 0
    endloop
  endfacet
  facet normal 0.980771 0.19516 0
    outer loop
      vertex 4.68815 23.5824 1.6
      vertex 4.63711 23.8389 0
      vertex 4.63711 23.8389 1.6
    endloop
  endfacet
  facet normal 0.980771 0.19516 0
    outer loop
      vertex 4.63711 23.8389 0
      vertex 4.68815 23.5824 1.6
      vertex 4.68815 23.5824 0
    endloop
  endfacet
  facet normal 0.896845 0.442344 0
    outer loop
      vertex 4.88795 23.1 1.6
      vertex 4.77224 23.3346 0
      vertex 4.77224 23.3346 1.6
    endloop
  endfacet
  facet normal 0.896845 0.442344 0
    outer loop
      vertex 4.77224 23.3346 0
      vertex 4.88795 23.1 1.6
      vertex 4.88795 23.1 0
    endloop
  endfacet
  facet normal -0.442268 0.896883 0
    outer loop
      vertex 7.62 22.3679 0
      vertex 7.38537 22.2522 1.6
      vertex 7.62 22.3679 1.6
    endloop
  endfacet
  facet normal -0.442268 0.896883 0
    outer loop
      vertex 7.38537 22.2522 1.6
      vertex 7.62 22.3679 0
      vertex 7.38537 22.2522 0
    endloop
  endfacet
  facet normal -0.321463 0.946922 0
    outer loop
      vertex 7.38537 22.2522 0
      vertex 7.13764 22.1681 1.6
      vertex 7.38537 22.2522 1.6
    endloop
  endfacet
  facet normal -0.321463 0.946922 0
    outer loop
      vertex 7.13764 22.1681 1.6
      vertex 7.38537 22.2522 0
      vertex 7.13764 22.1681 0
    endloop
  endfacet
  facet normal 0.99786 -0.0653902 0
    outer loop
      vertex 4.62 24.1 1.6
      vertex 4.63711 24.3611 0
      vertex 4.63711 24.3611 1.6
    endloop
  endfacet
  facet normal 0.99786 -0.0653902 0
    outer loop
      vertex 4.63711 24.3611 0
      vertex 4.62 24.1 1.6
      vertex 4.62 24.1 0
    endloop
  endfacet
  facet normal 0.659362 -0.751826 0
    outer loop
      vertex 5.20579 25.5142 0
      vertex 5.40248 25.6867 1.6
      vertex 5.20579 25.5142 1.6
    endloop
  endfacet
  facet normal 0.659362 -0.751826 0
    outer loop
      vertex 5.40248 25.6867 1.6
      vertex 5.20579 25.5142 0
      vertex 5.40248 25.6867 0
    endloop
  endfacet
  facet normal -0.83145 0.5556 0
    outer loop
      vertex 8.20671 22.8825 0
      vertex 8.35205 23.1 1.6
      vertex 8.35205 23.1 0
    endloop
  endfacet
  facet normal -0.83145 0.5556 0
    outer loop
      vertex 8.35205 23.1 1.6
      vertex 8.20671 22.8825 0
      vertex 8.20671 22.8825 1.6
    endloop
  endfacet
  facet normal -0.555723 0.831368 0
    outer loop
      vertex 7.83752 22.5133 0
      vertex 7.62 22.3679 1.6
      vertex 7.83752 22.5133 1.6
    endloop
  endfacet
  facet normal -0.555723 0.831368 0
    outer loop
      vertex 7.62 22.3679 1.6
      vertex 7.83752 22.5133 0
      vertex 7.62 22.3679 0
    endloop
  endfacet
  facet normal -0.751842 0.659343 0
    outer loop
      vertex 8.03421 22.6858 0
      vertex 8.20671 22.8825 1.6
      vertex 8.20671 22.8825 0
    endloop
  endfacet
  facet normal -0.751842 0.659343 0
    outer loop
      vertex 8.20671 22.8825 1.6
      vertex 8.03421 22.6858 0
      vertex 8.03421 22.6858 1.6
    endloop
  endfacet
  facet normal -0.896845 0.442344 0
    outer loop
      vertex 8.35205 23.1 0
      vertex 8.46776 23.3346 1.6
      vertex 8.46776 23.3346 0
    endloop
  endfacet
  facet normal -0.896845 0.442344 0
    outer loop
      vertex 8.46776 23.3346 1.6
      vertex 8.35205 23.1 0
      vertex 8.35205 23.1 1.6
    endloop
  endfacet
  facet normal -0.0653646 0.997861 0
    outer loop
      vertex 6.88105 22.1171 0
      vertex 6.62 22.1 1.6
      vertex 6.88105 22.1171 1.6
    endloop
  endfacet
  facet normal -0.0653646 0.997861 0
    outer loop
      vertex 6.62 22.1 1.6
      vertex 6.88105 22.1171 0
      vertex 6.62 22.1 0
    endloop
  endfacet
  facet normal 0.321463 0.946922 -0
    outer loop
      vertex 6.10236 22.1681 0
      vertex 5.85463 22.2522 1.6
      vertex 6.10236 22.1681 1.6
    endloop
  endfacet
  facet normal 0.321463 0.946922 0
    outer loop
      vertex 5.85463 22.2522 1.6
      vertex 6.10236 22.1681 0
      vertex 5.85463 22.2522 0
    endloop
  endfacet
  facet normal 0.946961 0.321348 0
    outer loop
      vertex 4.77224 23.3346 1.6
      vertex 4.68815 23.5824 0
      vertex 4.68815 23.5824 1.6
    endloop
  endfacet
  facet normal 0.946961 0.321348 0
    outer loop
      vertex 4.68815 23.5824 0
      vertex 4.77224 23.3346 1.6
      vertex 4.77224 23.3346 0
    endloop
  endfacet
  facet normal -0.659362 0.751826 0
    outer loop
      vertex 8.03421 22.6858 0
      vertex 7.83752 22.5133 1.6
      vertex 8.03421 22.6858 1.6
    endloop
  endfacet
  facet normal -0.659362 0.751826 0
    outer loop
      vertex 7.83752 22.5133 1.6
      vertex 8.03421 22.6858 0
      vertex 7.83752 22.5133 0
    endloop
  endfacet
  facet normal 0.0653646 0.997861 -0
    outer loop
      vertex 6.62 22.1 0
      vertex 6.35895 22.1171 1.6
      vertex 6.62 22.1 1.6
    endloop
  endfacet
  facet normal 0.0653646 0.997861 0
    outer loop
      vertex 6.35895 22.1171 1.6
      vertex 6.62 22.1 0
      vertex 6.35895 22.1171 0
    endloop
  endfacet
  facet normal 0.555723 0.831368 -0
    outer loop
      vertex 5.62 22.3679 0
      vertex 5.40248 22.5133 1.6
      vertex 5.62 22.3679 1.6
    endloop
  endfacet
  facet normal 0.555723 0.831368 0
    outer loop
      vertex 5.40248 22.5133 1.6
      vertex 5.62 22.3679 0
      vertex 5.40248 22.5133 0
    endloop
  endfacet
  facet normal 0.659362 0.751826 -0
    outer loop
      vertex 5.40248 22.5133 0
      vertex 5.20579 22.6858 1.6
      vertex 5.40248 22.5133 1.6
    endloop
  endfacet
  facet normal 0.659362 0.751826 0
    outer loop
      vertex 5.20579 22.6858 1.6
      vertex 5.40248 22.5133 0
      vertex 5.20579 22.6858 0
    endloop
  endfacet
  facet normal 0.751842 0.659343 0
    outer loop
      vertex 5.20579 22.6858 1.6
      vertex 5.03329 22.8825 0
      vertex 5.03329 22.8825 1.6
    endloop
  endfacet
  facet normal 0.751842 0.659343 0
    outer loop
      vertex 5.03329 22.8825 0
      vertex 5.20579 22.6858 1.6
      vertex 5.20579 22.6858 0
    endloop
  endfacet
  facet normal 0.442268 0.896883 -0
    outer loop
      vertex 5.85463 22.2522 0
      vertex 5.62 22.3679 1.6
      vertex 5.85463 22.2522 1.6
    endloop
  endfacet
  facet normal 0.442268 0.896883 0
    outer loop
      vertex 5.62 22.3679 1.6
      vertex 5.85463 22.2522 0
      vertex 5.62 22.3679 0
    endloop
  endfacet
  facet normal -0.997859 -0.0654027 0
    outer loop
      vertex 8.62 8.6 0
      vertex 8.60289 8.86105 1.6
      vertex 8.60289 8.86105 0
    endloop
  endfacet
  facet normal -0.997859 -0.0654027 0
    outer loop
      vertex 8.60289 8.86105 1.6
      vertex 8.62 8.6 0
      vertex 8.62 8.6 1.6
    endloop
  endfacet
  facet normal 0.0653646 -0.997861 0
    outer loop
      vertex 6.35895 10.5829 0
      vertex 6.62 10.6 1.6
      vertex 6.35895 10.5829 1.6
    endloop
  endfacet
  facet normal 0.0653646 -0.997861 0
    outer loop
      vertex 6.62 10.6 1.6
      vertex 6.35895 10.5829 0
      vertex 6.62 10.6 0
    endloop
  endfacet
  facet normal -0.0654027 0.997859 0
    outer loop
      vertex 6.88105 6.61711 0
      vertex 6.62 6.6 1.6
      vertex 6.88105 6.61711 1.6
    endloop
  endfacet
  facet normal -0.0654027 0.997859 0
    outer loop
      vertex 6.62 6.6 1.6
      vertex 6.88105 6.61711 0
      vertex 6.62 6.6 0
    endloop
  endfacet
  facet normal -0.659362 -0.751826 0
    outer loop
      vertex 7.83752 10.1867 0
      vertex 8.03421 10.0142 1.6
      vertex 7.83752 10.1867 1.6
    endloop
  endfacet
  facet normal -0.659362 -0.751826 -0
    outer loop
      vertex 8.03421 10.0142 1.6
      vertex 7.83752 10.1867 0
      vertex 8.03421 10.0142 0
    endloop
  endfacet
  facet normal 0.751809 -0.659381 0
    outer loop
      vertex 5.03329 9.81752 1.6
      vertex 5.20579 10.0142 0
      vertex 5.20579 10.0142 1.6
    endloop
  endfacet
  facet normal 0.751809 -0.659381 0
    outer loop
      vertex 5.20579 10.0142 0
      vertex 5.03329 9.81752 1.6
      vertex 5.03329 9.81752 0
    endloop
  endfacet
  facet normal 0.442268 -0.896883 0
    outer loop
      vertex 5.62 10.3321 0
      vertex 5.85463 10.4478 1.6
      vertex 5.62 10.3321 1.6
    endloop
  endfacet
  facet normal 0.442268 -0.896883 0
    outer loop
      vertex 5.85463 10.4478 1.6
      vertex 5.62 10.3321 0
      vertex 5.85463 10.4478 0
    endloop
  endfacet
  facet normal -0.831474 0.555564 0
    outer loop
      vertex 8.20671 7.38248 0
      vertex 8.35205 7.6 1.6
      vertex 8.35205 7.6 0
    endloop
  endfacet
  facet normal -0.831474 0.555564 0
    outer loop
      vertex 8.35205 7.6 1.6
      vertex 8.20671 7.38248 0
      vertex 8.20671 7.38248 1.6
    endloop
  endfacet
  facet normal -0.896868 -0.442299 0
    outer loop
      vertex 8.46776 9.36537 0
      vertex 8.35205 9.6 1.6
      vertex 8.35205 9.6 0
    endloop
  endfacet
  facet normal -0.896868 -0.442299 0
    outer loop
      vertex 8.35205 9.6 1.6
      vertex 8.46776 9.36537 0
      vertex 8.46776 9.36537 1.6
    endloop
  endfacet
  facet normal -0.980784 -0.195094 0
    outer loop
      vertex 8.60289 8.86105 0
      vertex 8.55185 9.11764 1.6
      vertex 8.55185 9.11764 0
    endloop
  endfacet
  facet normal -0.980784 -0.195094 0
    outer loop
      vertex 8.55185 9.11764 1.6
      vertex 8.60289 8.86105 0
      vertex 8.60289 8.86105 1.6
    endloop
  endfacet
  facet normal -0.321463 -0.946922 0
    outer loop
      vertex 7.13764 10.5319 0
      vertex 7.38537 10.4478 1.6
      vertex 7.13764 10.5319 1.6
    endloop
  endfacet
  facet normal -0.321463 -0.946922 -0
    outer loop
      vertex 7.38537 10.4478 1.6
      vertex 7.13764 10.5319 0
      vertex 7.38537 10.4478 0
    endloop
  endfacet
  facet normal -0.194947 -0.980814 0
    outer loop
      vertex 6.88105 10.5829 0
      vertex 7.13764 10.5319 1.6
      vertex 6.88105 10.5829 1.6
    endloop
  endfacet
  facet normal -0.194947 -0.980814 -0
    outer loop
      vertex 7.13764 10.5319 1.6
      vertex 6.88105 10.5829 0
      vertex 7.13764 10.5319 0
    endloop
  endfacet
  facet normal -0.442268 -0.896883 0
    outer loop
      vertex 7.38537 10.4478 0
      vertex 7.62 10.3321 1.6
      vertex 7.38537 10.4478 1.6
    endloop
  endfacet
  facet normal -0.442268 -0.896883 -0
    outer loop
      vertex 7.62 10.3321 1.6
      vertex 7.38537 10.4478 0
      vertex 7.62 10.3321 0
    endloop
  endfacet
  facet normal 0.896868 -0.442299 0
    outer loop
      vertex 4.77224 9.36537 1.6
      vertex 4.88795 9.6 0
      vertex 4.88795 9.6 1.6
    endloop
  endfacet
  facet normal 0.896868 -0.442299 0
    outer loop
      vertex 4.88795 9.6 0
      vertex 4.77224 9.36537 1.6
      vertex 4.77224 9.36537 0
    endloop
  endfacet
  facet normal 0.831474 -0.555564 0
    outer loop
      vertex 4.88795 9.6 1.6
      vertex 5.03329 9.81752 0
      vertex 5.03329 9.81752 1.6
    endloop
  endfacet
  facet normal 0.831474 -0.555564 0
    outer loop
      vertex 5.03329 9.81752 0
      vertex 4.88795 9.6 1.6
      vertex 4.88795 9.6 0
    endloop
  endfacet
  facet normal 0.980784 -0.195094 0
    outer loop
      vertex 4.63711 8.86105 1.6
      vertex 4.68815 9.11764 0
      vertex 4.68815 9.11764 1.6
    endloop
  endfacet
  facet normal 0.980784 -0.195094 0
    outer loop
      vertex 4.68815 9.11764 0
      vertex 4.63711 8.86105 1.6
      vertex 4.63711 8.86105 0
    endloop
  endfacet
  facet normal 0.555723 -0.831368 0
    outer loop
      vertex 5.40248 10.1867 0
      vertex 5.62 10.3321 1.6
      vertex 5.40248 10.1867 1.6
    endloop
  endfacet
  facet normal 0.555723 -0.831368 0
    outer loop
      vertex 5.62 10.3321 1.6
      vertex 5.40248 10.1867 0
      vertex 5.62 10.3321 0
    endloop
  endfacet
  facet normal 0.321463 -0.946922 0
    outer loop
      vertex 5.85463 10.4478 0
      vertex 6.10236 10.5319 1.6
      vertex 5.85463 10.4478 1.6
    endloop
  endfacet
  facet normal 0.321463 -0.946922 0
    outer loop
      vertex 6.10236 10.5319 1.6
      vertex 5.85463 10.4478 0
      vertex 6.10236 10.5319 0
    endloop
  endfacet
  facet normal -0.946934 0.321429 0
    outer loop
      vertex 8.46776 7.83463 0
      vertex 8.55185 8.08236 1.6
      vertex 8.55185 8.08236 0
    endloop
  endfacet
  facet normal -0.946934 0.321429 0
    outer loop
      vertex 8.55185 8.08236 1.6
      vertex 8.46776 7.83463 0
      vertex 8.46776 7.83463 1.6
    endloop
  endfacet
  facet normal -0.946934 -0.321429 0
    outer loop
      vertex 8.55185 9.11764 0
      vertex 8.46776 9.36537 1.6
      vertex 8.46776 9.36537 0
    endloop
  endfacet
  facet normal -0.946934 -0.321429 0
    outer loop
      vertex 8.46776 9.36537 1.6
      vertex 8.55185 9.11764 0
      vertex 8.55185 9.11764 1.6
    endloop
  endfacet
  facet normal -0.751809 -0.659381 0
    outer loop
      vertex 8.20671 9.81752 0
      vertex 8.03421 10.0142 1.6
      vertex 8.03421 10.0142 0
    endloop
  endfacet
  facet normal -0.751809 -0.659381 0
    outer loop
      vertex 8.03421 10.0142 1.6
      vertex 8.20671 9.81752 0
      vertex 8.20671 9.81752 1.6
    endloop
  endfacet
  facet normal -0.831474 -0.555564 0
    outer loop
      vertex 8.35205 9.6 0
      vertex 8.20671 9.81752 1.6
      vertex 8.20671 9.81752 0
    endloop
  endfacet
  facet normal -0.831474 -0.555564 0
    outer loop
      vertex 8.20671 9.81752 1.6
      vertex 8.35205 9.6 0
      vertex 8.35205 9.6 1.6
    endloop
  endfacet
  facet normal -0.0653646 -0.997861 0
    outer loop
      vertex 6.62 10.6 0
      vertex 6.88105 10.5829 1.6
      vertex 6.62 10.6 1.6
    endloop
  endfacet
  facet normal -0.0653646 -0.997861 -0
    outer loop
      vertex 6.88105 10.5829 1.6
      vertex 6.62 10.6 0
      vertex 6.88105 10.5829 0
    endloop
  endfacet
  facet normal -0.555723 -0.831368 0
    outer loop
      vertex 7.62 10.3321 0
      vertex 7.83752 10.1867 1.6
      vertex 7.62 10.3321 1.6
    endloop
  endfacet
  facet normal -0.555723 -0.831368 -0
    outer loop
      vertex 7.83752 10.1867 1.6
      vertex 7.62 10.3321 0
      vertex 7.83752 10.1867 0
    endloop
  endfacet
  facet normal 0.946934 -0.321429 0
    outer loop
      vertex 4.68815 9.11764 1.6
      vertex 4.77224 9.36537 0
      vertex 4.77224 9.36537 1.6
    endloop
  endfacet
  facet normal 0.946934 -0.321429 0
    outer loop
      vertex 4.77224 9.36537 0
      vertex 4.68815 9.11764 1.6
      vertex 4.68815 9.11764 0
    endloop
  endfacet
  facet normal 0.997859 -0.0654027 0
    outer loop
      vertex 4.62 8.6 1.6
      vertex 4.63711 8.86105 0
      vertex 4.63711 8.86105 1.6
    endloop
  endfacet
  facet normal 0.997859 -0.0654027 0
    outer loop
      vertex 4.63711 8.86105 0
      vertex 4.62 8.6 1.6
      vertex 4.62 8.6 0
    endloop
  endfacet
  facet normal 0.194947 -0.980814 0
    outer loop
      vertex 6.10236 10.5319 0
      vertex 6.35895 10.5829 1.6
      vertex 6.10236 10.5319 1.6
    endloop
  endfacet
  facet normal 0.194947 -0.980814 0
    outer loop
      vertex 6.35895 10.5829 1.6
      vertex 6.10236 10.5319 0
      vertex 6.35895 10.5829 0
    endloop
  endfacet
  facet normal -0.997859 0.0654027 0
    outer loop
      vertex 8.60289 8.33895 0
      vertex 8.62 8.6 1.6
      vertex 8.62 8.6 0
    endloop
  endfacet
  facet normal -0.997859 0.0654027 0
    outer loop
      vertex 8.62 8.6 1.6
      vertex 8.60289 8.33895 0
      vertex 8.60289 8.33895 1.6
    endloop
  endfacet
  facet normal -0.751826 0.659362 0
    outer loop
      vertex 8.03421 7.18579 0
      vertex 8.20671 7.38248 1.6
      vertex 8.20671 7.38248 0
    endloop
  endfacet
  facet normal -0.751826 0.659362 0
    outer loop
      vertex 8.20671 7.38248 1.6
      vertex 8.03421 7.18579 0
      vertex 8.03421 7.18579 1.6
    endloop
  endfacet
  facet normal -0.980784 0.195094 0
    outer loop
      vertex 8.55185 8.08236 0
      vertex 8.60289 8.33895 1.6
      vertex 8.60289 8.33895 0
    endloop
  endfacet
  facet normal -0.980784 0.195094 0
    outer loop
      vertex 8.60289 8.33895 1.6
      vertex 8.55185 8.08236 0
      vertex 8.55185 8.08236 1.6
    endloop
  endfacet
  facet normal 0.831474 0.555564 0
    outer loop
      vertex 5.03329 7.38248 1.6
      vertex 4.88795 7.6 0
      vertex 4.88795 7.6 1.6
    endloop
  endfacet
  facet normal 0.831474 0.555564 0
    outer loop
      vertex 4.88795 7.6 0
      vertex 5.03329 7.38248 1.6
      vertex 5.03329 7.38248 0
    endloop
  endfacet
  facet normal -0.442299 0.896868 0
    outer loop
      vertex 7.62 6.86795 0
      vertex 7.38537 6.75224 1.6
      vertex 7.62 6.86795 1.6
    endloop
  endfacet
  facet normal -0.442299 0.896868 0
    outer loop
      vertex 7.38537 6.75224 1.6
      vertex 7.62 6.86795 0
      vertex 7.38537 6.75224 0
    endloop
  endfacet
  facet normal 0.997859 0.0654027 0
    outer loop
      vertex 4.63711 8.33895 1.6
      vertex 4.62 8.6 0
      vertex 4.62 8.6 1.6
    endloop
  endfacet
  facet normal 0.997859 0.0654027 0
    outer loop
      vertex 4.62 8.6 0
      vertex 4.63711 8.33895 1.6
      vertex 4.63711 8.33895 0
    endloop
  endfacet
  facet normal 0.659362 -0.751826 0
    outer loop
      vertex 5.20579 10.0142 0
      vertex 5.40248 10.1867 1.6
      vertex 5.20579 10.0142 1.6
    endloop
  endfacet
  facet normal 0.659362 -0.751826 0
    outer loop
      vertex 5.40248 10.1867 1.6
      vertex 5.20579 10.0142 0
      vertex 5.40248 10.1867 0
    endloop
  endfacet
  facet normal -0.555564 0.831474 0
    outer loop
      vertex 7.83752 7.01329 0
      vertex 7.62 6.86795 1.6
      vertex 7.83752 7.01329 1.6
    endloop
  endfacet
  facet normal -0.555564 0.831474 0
    outer loop
      vertex 7.62 6.86795 1.6
      vertex 7.83752 7.01329 0
      vertex 7.62 6.86795 0
    endloop
  endfacet
  facet normal -0.896868 0.442299 0
    outer loop
      vertex 8.35205 7.6 0
      vertex 8.46776 7.83463 1.6
      vertex 8.46776 7.83463 0
    endloop
  endfacet
  facet normal -0.896868 0.442299 0
    outer loop
      vertex 8.46776 7.83463 1.6
      vertex 8.35205 7.6 0
      vertex 8.35205 7.6 1.6
    endloop
  endfacet
  facet normal 0.321429 0.946934 -0
    outer loop
      vertex 6.10236 6.66815 0
      vertex 5.85463 6.75224 1.6
      vertex 6.10236 6.66815 1.6
    endloop
  endfacet
  facet normal 0.321429 0.946934 0
    outer loop
      vertex 5.85463 6.75224 1.6
      vertex 6.10236 6.66815 0
      vertex 5.85463 6.75224 0
    endloop
  endfacet
  facet normal 0.980784 0.195094 0
    outer loop
      vertex 4.68815 8.08236 1.6
      vertex 4.63711 8.33895 0
      vertex 4.63711 8.33895 1.6
    endloop
  endfacet
  facet normal 0.980784 0.195094 0
    outer loop
      vertex 4.63711 8.33895 0
      vertex 4.68815 8.08236 1.6
      vertex 4.68815 8.08236 0
    endloop
  endfacet
  facet normal 0.946934 0.321429 0
    outer loop
      vertex 4.77224 7.83463 1.6
      vertex 4.68815 8.08236 0
      vertex 4.68815 8.08236 1.6
    endloop
  endfacet
  facet normal 0.946934 0.321429 0
    outer loop
      vertex 4.68815 8.08236 0
      vertex 4.77224 7.83463 1.6
      vertex 4.77224 7.83463 0
    endloop
  endfacet
  facet normal 0.896868 0.442299 0
    outer loop
      vertex 4.88795 7.6 1.6
      vertex 4.77224 7.83463 0
      vertex 4.77224 7.83463 1.6
    endloop
  endfacet
  facet normal 0.896868 0.442299 0
    outer loop
      vertex 4.77224 7.83463 0
      vertex 4.88795 7.6 1.6
      vertex 4.88795 7.6 0
    endloop
  endfacet
  facet normal -0.321429 0.946934 0
    outer loop
      vertex 7.38537 6.75224 0
      vertex 7.13764 6.66815 1.6
      vertex 7.38537 6.75224 1.6
    endloop
  endfacet
  facet normal -0.321429 0.946934 0
    outer loop
      vertex 7.13764 6.66815 1.6
      vertex 7.38537 6.75224 0
      vertex 7.13764 6.66815 0
    endloop
  endfacet
  facet normal -0.195094 0.980784 0
    outer loop
      vertex 7.13764 6.66815 0
      vertex 6.88105 6.61711 1.6
      vertex 7.13764 6.66815 1.6
    endloop
  endfacet
  facet normal -0.195094 0.980784 0
    outer loop
      vertex 6.88105 6.61711 1.6
      vertex 7.13764 6.66815 0
      vertex 6.88105 6.61711 0
    endloop
  endfacet
  facet normal -0.659362 0.751826 0
    outer loop
      vertex 8.03421 7.18579 0
      vertex 7.83752 7.01329 1.6
      vertex 8.03421 7.18579 1.6
    endloop
  endfacet
  facet normal -0.659362 0.751826 0
    outer loop
      vertex 7.83752 7.01329 1.6
      vertex 8.03421 7.18579 0
      vertex 7.83752 7.01329 0
    endloop
  endfacet
  facet normal 0.0654027 0.997859 -0
    outer loop
      vertex 6.62 6.6 0
      vertex 6.35895 6.61711 1.6
      vertex 6.62 6.6 1.6
    endloop
  endfacet
  facet normal 0.0654027 0.997859 0
    outer loop
      vertex 6.35895 6.61711 1.6
      vertex 6.62 6.6 0
      vertex 6.35895 6.61711 0
    endloop
  endfacet
  facet normal 0.555564 0.831474 -0
    outer loop
      vertex 5.62 6.86795 0
      vertex 5.40248 7.01329 1.6
      vertex 5.62 6.86795 1.6
    endloop
  endfacet
  facet normal 0.555564 0.831474 0
    outer loop
      vertex 5.40248 7.01329 1.6
      vertex 5.62 6.86795 0
      vertex 5.40248 7.01329 0
    endloop
  endfacet
  facet normal 0.195094 0.980784 -0
    outer loop
      vertex 6.35895 6.61711 0
      vertex 6.10236 6.66815 1.6
      vertex 6.35895 6.61711 1.6
    endloop
  endfacet
  facet normal 0.195094 0.980784 0
    outer loop
      vertex 6.10236 6.66815 1.6
      vertex 6.35895 6.61711 0
      vertex 6.10236 6.66815 0
    endloop
  endfacet
  facet normal 0.659362 0.751826 -0
    outer loop
      vertex 5.40248 7.01329 0
      vertex 5.20579 7.18579 1.6
      vertex 5.40248 7.01329 1.6
    endloop
  endfacet
  facet normal 0.659362 0.751826 0
    outer loop
      vertex 5.20579 7.18579 1.6
      vertex 5.40248 7.01329 0
      vertex 5.20579 7.18579 0
    endloop
  endfacet
  facet normal 0.751826 0.659362 0
    outer loop
      vertex 5.20579 7.18579 1.6
      vertex 5.03329 7.38248 0
      vertex 5.03329 7.38248 1.6
    endloop
  endfacet
  facet normal 0.751826 0.659362 0
    outer loop
      vertex 5.03329 7.38248 0
      vertex 5.20579 7.18579 1.6
      vertex 5.20579 7.18579 0
    endloop
  endfacet
  facet normal 0.442299 0.896868 -0
    outer loop
      vertex 5.85463 6.75224 0
      vertex 5.62 6.86795 1.6
      vertex 5.85463 6.75224 1.6
    endloop
  endfacet
  facet normal 0.442299 0.896868 0
    outer loop
      vertex 5.62 6.86795 1.6
      vertex 5.85463 6.75224 0
      vertex 5.62 6.86795 0
    endloop
  endfacet
endsolid OpenSCAD_Model
